lemma,crossword_form,length,pos,date,first_year,band,formation,definition,evidence,url
altogether,ALTOGETHER,10,"adjective, noun, adverb",Old English-,1000,6,compound,"In all respects, in every particular; entirely…",printed date range,http://www.oed.com/dictionary/altogether_adj
bearer,BEARER,6,noun,Old English-,1000,5,derivative,"A person who, or animal which, carries, brings…",printed date range,http://www.oed.com/dictionary/bearer_n
bed,BED,3,verb,Old English-,1000,5,inherited,transitive. To provide (a person) with a place to…,printed date range,http://www.oed.com/dictionary/bed_v
break,BREAK,5,verb,Old English-,1000,7,inherited,transitive. To separate or sever (an object) into…,printed date range,http://www.oed.com/dictionary/break_v
breath,BREATH,6,noun,Old English-,1000,6,inherited,The air inhaled into and exhaled from the lungs…,printed date range,http://www.oed.com/dictionary/breath_n
broadway,BROADWAY,8,"noun, adjective",Old English-,1000,3,compound,"A wide, open road or highway, as opposed to a…",printed date range,http://www.oed.com/dictionary/broadway_n1
by,BY,2,"preposition, adverb, conjunction, interjection",Old English-,1000,8,inherited,Indicating the agent after a… With nouns denoting…,printed date range,http://www.oed.com/dictionary/by_prep
do,DO,2,verb,Old English-,1000,8,inherited,transitive. As periphrastic… In interrogative…,printed date range,http://www.oed.com/dictionary/do_v
dog,DOG,3,noun,Old English-,1000,6,unknown,"A domesticated carnivorous mammal, Canis…",printed date range,http://www.oed.com/dictionary/dog_n1
earthly,EARTHLY,7,"adjective, noun",Old English-,1000,5,inherited,"Of or relating to the earth, terrestrial…",printed date range,http://www.oed.com/dictionary/earthly_adj
edge,EDGE,4,noun,Old English-,1000,6,inherited,The line which forms the boundary of any object…,printed date range,http://www.oed.com/dictionary/edge_n
float,FLOAT,5,verb,Old English-,1000,6,inherited,To rest on the surface of any liquid; to be…,printed date range,http://www.oed.com/dictionary/float_v
foam,FOAM,4,verb,Old English-,1000,5,inherited,"Of water or other liquid: To froth, gather foam…",printed date range,http://www.oed.com/dictionary/foam_v
font,FONT,4,noun,Old English-,1000,5,borrowing,Christian Church. A receptacle in a church for…,printed date range,http://www.oed.com/dictionary/font_n1
fork,FORK,4,noun,Old English-,1000,5,borrowing,"An instrument with two, three, or four prongs…",printed date range,http://www.oed.com/dictionary/fork_n
forthward,FORTHWARD,9,"adverb, adjective",Old English-,1000,1,derivative,"Of motion: towards a place in front, onward…",printed date range,http://www.oed.com/dictionary/forthward_adv
fosse,FOSSE,5,noun,Old English-,1000,4,borrowing,"Usually with capital initial. = Fosse Way, n. In…",printed date range,http://www.oed.com/dictionary/fosse_n1
gather,GATHER,6,verb,Old English-,1000,6,inherited,"To bring (persons, or occasionally animals)…",printed date range,http://www.oed.com/dictionary/gather_v
glow,GLOW,4,verb,Old English-,1000,5,inherited,To burn with bodily heat; usually with the…,printed date range,http://www.oed.com/dictionary/glow_v1
grave,GRAVE,5,verb,Old English-,1000,4,inherited,"To engrave (an inscription, figures, etc.) upon a…",printed date range,http://www.oed.com/dictionary/grave_v1
grin,GRIN,4,verb,Old English-,1000,6,inherited,intransitive. Of persons or… By way of a forced…,printed date range,http://www.oed.com/dictionary/grin_v2
handed,HANDED,6,adjective,Old English-,1000,4,derivative,Having a hand or hands of a specified kind; esp…,printed date range,http://www.oed.com/dictionary/handed_adj
head,HEAD,4,verb,Old English-,1000,6,conversion,transitive. To go in front or at the head of; to…,printed date range,http://www.oed.com/dictionary/head_v
hide,HIDE,4,noun,Old English-,1000,4,inherited,"A measure of land in Old English times, continued…",printed date range,http://www.oed.com/dictionary/hide_n2
hireling,HIRELING,8,"noun, adjective",Old English-,1000,4,inherited,One who serves for hire or wages; a hired…,printed date range,http://www.oed.com/dictionary/hireling_n
hope,HOPE,4,verb,Old English-,1000,6,inherited,intransitive. To entertain expectation of…,printed date range,http://www.oed.com/dictionary/hope_v
how,HOW,3,"adverb, interjection, noun",Old English-,1000,7,inherited,In what way or manner; by what means. In direct…,printed date range,http://www.oed.com/dictionary/how_adv
idol,IDOL,4,noun,Old English-,1000,5,borrowing,"A person who is highly revered, admired, beloved…",printed date range,http://www.oed.com/dictionary/idol_n
imp,IMP,3,verb,Old English-,1000,3,inherited,Falconry. To engraft feathers in… To imp a wing…,printed date range,http://www.oed.com/dictionary/imp_v
inner,INNER,5,"adjective, noun",Old English-,1000,6,inherited,"Situated more within; more or… literal, of…",printed date range,http://www.oed.com/dictionary/inner_adj
lame,LAME,4,"adjective, adverb",Old English-,1000,5,inherited,Of a person or animal. Experiencing physical…,printed date range,http://www.oed.com/dictionary/lame_adj
leathern,LEATHERN,8,adjective,Old English-,1000,4,derivative,Consisting or made of leather. leathern…,printed date range,http://www.oed.com/dictionary/leathern_adj
life,LIFE,4,noun,Old English-,1000,7,inherited,"The condition, quality, or fact of being a living…",printed date range,http://www.oed.com/dictionary/life_n
marker,MARKER,6,noun,Old English-,1000,6,derivative,An object or indicator that acts as a guide to…,printed date range,http://www.oed.com/dictionary/marker_n
milk,MILK,4,verb,Old English-,1000,5,inherited,transitive. To draw milk from (a cow or other…,printed date range,http://www.oed.com/dictionary/milk_v
miss,MISS,4,noun,Old English-,1000,4,borrowing,"Disadvantage or regret caused by loss, absence…",printed date range,http://www.oed.com/dictionary/miss_n1
monk,MONK,4,verb,Old English-,1000,3,conversion,"intransitive, and transitive with it as object…",printed date range,http://www.oed.com/dictionary/monk_v
otherwise,OTHERWISE,9,"noun, adverb, adjective",Old English-,1000,6,compound,In another case; in other circumstances; if not; else.,printed date range,http://www.oed.com/dictionary/otherwise_n
overhear,OVERHEAR,8,verb,Old English-,1000,5,inherited,"transitive. To hear (words spoken, a person…",printed date range,http://www.oed.com/dictionary/overhear_v
pound,POUND,5,noun,Old English-,1000,6,inherited,A unit of weight and mass originally derived from…,printed date range,http://www.oed.com/dictionary/pound_n1
pull,PULL,4,verb,Old English-,1000,6,uncertain,transitive. To exert upon (something) a force…,printed date range,http://www.oed.com/dictionary/pull_v
rear,REAR,4,verb,Old English-,1000,5,inherited,transitive. To bring up (a child) to maturity; to…,printed date range,http://www.oed.com/dictionary/rear_v1
red,RED,3,"adjective, noun",Old English-,1000,6,inherited,"Designating the colour of blood, a ruby, a ripe…",printed date range,http://www.oed.com/dictionary/red_adj
row,ROW,3,verb,Old English-,1000,5,inherited,transitive. To propel (a boat or other vessel) by…,printed date range,http://www.oed.com/dictionary/row_v1
sake,SAKE,4,noun,Old English-,1000,6,inherited,Out of consideration for; on account of one's…,printed date range,http://www.oed.com/dictionary/sake_n1
seam,SEAM,4,noun,Old English-,1000,5,inherited,The junction made by sewing together the edges of…,printed date range,http://www.oed.com/dictionary/seam_n1
sedge,SEDGE,5,noun,Old English-,1000,4,inherited,A name for various coarse grassy… As the name of…,printed date range,http://www.oed.com/dictionary/sedge_n1
see,SEE,3,verb,Old English-,1000,8,inherited,To perceive with the eyes (a… transitive. With…,printed date range,http://www.oed.com/dictionary/see_v
set,SET,3,verb,Old English-,1000,7,inherited,"To put or place, cause to be, lie, rest, or…",printed date range,http://www.oed.com/dictionary/set_v1
sevenfold,SEVENFOLD,9,"adjective, noun, adverb",Old English-,1000,4,inherited,Seven times as great or numerous; grown or…,printed date range,http://www.oed.com/dictionary/sevenfold_adj
sew,SEW,3,verb,Old English-,1000,5,inherited,"transitive. To fasten, attach, or join (pieces of…",printed date range,http://www.oed.com/dictionary/sew_v1
shade,SHADE,5,noun,Old English-,1000,6,variant,Cover afforded by the interposition of some…,printed date range,http://www.oed.com/dictionary/shade_n
shielded,SHIELDED,8,adjective,Old English-,1000,4,derivative,technical. Protected by a ‘shield’.,printed date range,http://www.oed.com/dictionary/shielded_adj
shot,SHOT,4,noun,Old English-,1000,6,inherited,"An act of shooting, an individual discharge of a…",printed date range,http://www.oed.com/dictionary/shot_n1
shove,SHOVE,5,verb,Old English-,1000,5,inherited,transitive. To push (a person) with one's body or…,printed date range,http://www.oed.com/dictionary/shove_v1
sick,SICK,4,verb,Old English-,1000,3,conversion,intransitive. To act as a sick-nurse.,printed date range,http://www.oed.com/dictionary/sick_v1
so,SO,2,"adverb, conjunction, adjective",Old English-,1000,8,inherited,With forward reference: in this way; thus; as follows.,printed date range,http://www.oed.com/dictionary/so_adv
soul,SOUL,4,verb,Old English-,1000,4,conversion,intransitive. English regional (chiefly northern…,printed date range,http://www.oed.com/dictionary/soul_v
stand,STAND,5,noun,Old English-,1000,6,conversion,A base or elevated surface on which something…,printed date range,http://www.oed.com/dictionary/stand_n1
standing,STANDING,8,"adjective, noun",Old English-,1000,6,derivative,"Of a person, animal, etc.: that is in an upright…",printed date range,http://www.oed.com/dictionary/standing_adj
starred,STARRED,7,adjective,Old English-,1000,5,derivative,Marked by a star (in various senses). Of a horse…,printed date range,http://www.oed.com/dictionary/starred_adj
steal,STEAL,5,verb,Old English-,1000,6,inherited,transitive. To take away dishonestly (portable…,printed date range,http://www.oed.com/dictionary/steal_v1
steeled,STEELED,7,adjective,Old English-,1000,4,derivative,"Made of steel, or with the outer surface, edge or…",printed date range,http://www.oed.com/dictionary/steeled_adj
sting,STING,5,verb,Old English-,1000,5,inherited,"‘To pierce or wound with a point darted out, as…",printed date range,http://www.oed.com/dictionary/sting_v1
stirrup,STIRRUP,7,noun,Old English-,1000,5,compound,Either of a pair of supports for a rider's foot…,printed date range,http://www.oed.com/dictionary/stirrup_n
stride,STRIDE,6,noun,Old English-,1000,5,inherited,An act of striding; a long step in walking…,printed date range,http://www.oed.com/dictionary/stride_n
stride,STRIDE,6,verb,Old English-,1000,5,inherited,To walk with long or extended steps; to stalk.,printed date range,http://www.oed.com/dictionary/stride_v
sward,SWARD,5,noun,Old English-,1000,4,inherited,Without qualification: = 2b.,printed date range,http://www.oed.com/dictionary/sward_n
thaw,THAW,4,verb,Old English-,1000,5,inherited,"intransitive. Of ice, snow, or other substance…",printed date range,http://www.oed.com/dictionary/thaw_v
thereby,THEREBY,7,adverb,Old English-,1000,6,compound,"By that; by means of, or because of, that…",printed date range,http://www.oed.com/dictionary/thereby_adv
title,TITLE,5,verb,Old English-,1000,5,borrowing,"transitive. To give a title to (a book, poem…",printed date range,http://www.oed.com/dictionary/title_v
together,TOGETHER,8,"adverb, preposition, noun, adjective",Old English-,1000,7,inherited,"Into one gathering, company, mass, or body.",printed date range,http://www.oed.com/dictionary/together_adv
township,TOWNSHIP,8,noun,Old English-,1000,5,derivative,In South Africa: an urban or peri-urban area…,printed date range,http://www.oed.com/dictionary/township_n
unwisdom,UNWISDOM,8,noun,Old English-,1000,3,inherited,"Lack or absence of wisdom; ignorance, folly, stupidity.",printed date range,http://www.oed.com/dictionary/unwisdom_n
wade,WADE,4,verb,Old English-,1000,5,inherited,To walk through water or any liquid or soft…,printed date range,http://www.oed.com/dictionary/wade_v
wane,WANE,4,verb,Old English-,1000,5,inherited,Of the moon: To undergo the periodical decrease…,printed date range,http://www.oed.com/dictionary/wane_v
warlock,WARLOCK,7,"noun, adjective",Old English-,1000,4,inherited,Originally Scottish and English regional…,printed date range,http://www.oed.com/dictionary/warlock_n1
warp,WARP,4,noun,Old English-,1000,5,inherited,"A twist or bending, esp. in wood not properly…",printed date range,http://www.oed.com/dictionary/warp_n1
watch,WATCH,5,noun,Old English-,1000,6,inherited,"A timepiece, usually portable and worn on the…",printed date range,http://www.oed.com/dictionary/watch_n
waterway,WATERWAY,8,noun,Old English-,1000,5,compound,A route for travel or transport by water; a…,printed date range,http://www.oed.com/dictionary/waterway_n
wax,WAX,3,noun,Old English-,1000,5,inherited,A substance (also distinctively called beeswax…,printed date range,http://www.oed.com/dictionary/wax_n1
waxen,WAXEN,5,adjective,Old English-,1000,4,derivative,transferred and figurative. As if… With reference…,printed date range,http://www.oed.com/dictionary/waxen_adj1
weed,WEED,4,verb,Old English-,1000,5,inherited,"transitive. To clear (land, a crop, etc.) of…",printed date range,http://www.oed.com/dictionary/weed_v
welcome,WELCOME,7,"noun, adjective, interjection",Old English-,1000,6,inherited,"Of a person: Acceptable as a visitor, companion…",printed date range,http://www.oed.com/dictionary/welcome_n1
which,WHICH,5,"adjective, pronoun",Old English-,1000,8,inherited,"In predicative use: of what kind, quality, or…",printed date range,http://www.oed.com/dictionary/which_adj
whom,WHOM,4,pronoun,Old English-,1000,7,inherited,As indirect object (in Old English… In direct…,printed date range,http://www.oed.com/dictionary/whom_pron
will,WILL,4,noun,Old English-,1000,6,inherited,The faculty by which a person exercises his or…,printed date range,http://www.oed.com/dictionary/will_n1
wind,WIND,4,verb,Old English-,1000,6,inherited,"Of a road, river, etc.: to follow… intransitive.",printed date range,http://www.oed.com/dictionary/wind_v1
wonder,WONDER,6,verb,Old English-,1000,6,inherited,Usually with clause: To ask oneself in…,printed date range,http://www.oed.com/dictionary/wonder_v
word,WORD,4,verb,Old English-,1000,5,conversion,To express in or put into words… transitive. With…,printed date range,http://www.oed.com/dictionary/word_v
wile,WILE,4,noun,1154-,1154,4,borrowing,"A crafty, cunning, or deceitful trick; a sly…",printed date range,http://www.oed.com/dictionary/wile_n
standard,STANDARD,8,"noun, adjective, interjection",?a1160-,1160,7,borrowing,"A rule, principle, criterion, or measure by which…",printed date range,http://www.oed.com/dictionary/standard_n
stone,STONE,5,verb,c1175-,1175,5,conversion,"transitive. To throw stones at, pelt with stones…",printed date range,http://www.oed.com/dictionary/stone_v
virgin,VIRGIN,6,"noun, adjective",c1175-,1175,5,borrowing,"Not yet touched or handled, or used for any…",printed date range,http://www.oed.com/dictionary/virgin_n
want,WANT,4,verb,c1175-,1175,7,borrowing,transitive. With infinitive as object. To wish or…,printed date range,http://www.oed.com/dictionary/want_v
warmth,WARMTH,6,noun,c1175-,1175,6,inherited,A moderately hot or pleasantly heated state of…,printed date range,http://www.oed.com/dictionary/warmth_n
tenfold,TENFOLD,7,"adjective, adverb",c1200-,1200,4,inherited,Ten times as great or as much; ten times…,printed date range,http://www.oed.com/dictionary/tenfold_adj
wilderness,WILDERNESS,10,noun,c1200-,1200,5,derivative,(With article or other defining word) A wild or…,printed date range,http://www.oed.com/dictionary/wilderness_n
chapel,CHAPEL,6,noun,c1225-,1225,5,borrowing,Originally: any place for Christian worship other…,printed date range,http://www.oed.com/dictionary/chapel_n
chapter,CHAPTER,7,noun,?c1225-,1225,7,borrowing,A main division or section of a book or (later) a…,printed date range,http://www.oed.com/dictionary/chapter_n
cross,CROSS,5,noun,c1225-,1225,6,borrowing,"Any object, figure, or mark formed by two or more…",printed date range,http://www.oed.com/dictionary/cross_n
figure,FIGURE,6,noun,?c1225-,1225,7,borrowing,A numerical character or symbol; esp. any of the…,printed date range,http://www.oed.com/dictionary/figure_n
hardy,HARDY,5,verb,c1225-,1225,2,conversion,transitive. To make hardy or robust; (also) to…,printed date range,http://www.oed.com/dictionary/hardy_v
ladyship,LADYSHIP,8,noun,c1225-,1225,4,derivative,Chiefly with possessive adjective: a title of…,printed date range,http://www.oed.com/dictionary/ladyship_n
lusty,LUSTY,5,adjective,a1225-,1225,4,derivative,Full of healthy vigour. Of persons and animals…,printed date range,http://www.oed.com/dictionary/lusty_adj
matter,MATTER,6,noun,?c1225-,1225,7,borrowing,"An event, circumstance, fact, question, state or…",printed date range,http://www.oed.com/dictionary/matter_n1
meekship,MEEKSHIP,8,noun,c1225-,1225,0,derivative,As a mock title for a (supposedly) meek person…,printed date range,http://www.oed.com/dictionary/meekship_n
standing,STANDING,8,noun,?c1225-,1225,5,derivative,"High esteem, rank, or status. Later (also) more…",printed date range,http://www.oed.com/dictionary/standing_n1
windmill,WINDMILL,8,"noun, adjective",c1230-,1230,5,compound,A structure that harnesses the power of the wind…,printed date range,http://www.oed.com/dictionary/windmill_n
bush,BUSH,4,"noun, adjective",?c1250-,1250,6,inherited,A perennial woody plant that is smaller than a…,printed date range,http://www.oed.com/dictionary/bush_n1
stump,STUMP,5,verb,c1250-,1250,4,conversion,(Originally U.S.) To cause to be at a loss; to…,printed date range,http://www.oed.com/dictionary/stump_v1
truth,TRUTH,5,verb,?c1250-,1250,3,conversion,intransitive. U.S. colloquial and regional. To…,printed date range,http://www.oed.com/dictionary/truth_v
joy,JOY,3,verb,c1260-,1260,4,borrowing,intransitive. To feel or manifest joy; to be…,printed date range,http://www.oed.com/dictionary/joy_v
wire-drawer,WIREDRAWER,10,noun,1265-,1265,2,compound,A person whose job is to draw metal into wire…,printed date range,http://www.oed.com/dictionary/wire-drawer_n
dote,DOTE,4,noun,a1275-,1275,3,conversion,"A foolish, incompetent, or slow-witted person.",printed date range,http://www.oed.com/dictionary/dote_n1
flock,FLOCK,5,verb,c1275-,1275,5,conversion,intransitive (rarely †reflexive). To gather in a…,printed date range,http://www.oed.com/dictionary/flock_v1
murdrum,MURDRUM,7,noun,1290-,1290,2,borrowing,From the 11th to the 15th cent.: a fine imposed…,printed date range,http://www.oed.com/dictionary/murdrum_n
entice,ENTICE,6,verb,1297-,1297,5,borrowing,"To allure, attract by the offer of pleasure or…",printed date range,http://www.oed.com/dictionary/entice_v
woodwork,WOODWORK,8,noun,1297-,1297,4,compound,"Wood that has been worked, carved, shaped, etc…",printed date range,http://www.oed.com/dictionary/woodwork_n
chair,CHAIR,5,noun,c1300-,1300,6,borrowing,"A seat for one person, typically movable…",printed date range,http://www.oed.com/dictionary/chair_n1
chaser,CHASER,6,noun,a1300-,1300,4,borrowing,One who pursues (esp. with hostile intent).,printed date range,http://www.oed.com/dictionary/chaser_n1
course,COURSE,6,"noun, adverb",c1300-,1300,7,borrowing,"A series of lectures, lessons, or instructional…",printed date range,http://www.oed.com/dictionary/course_n1
engine,ENGINE,6,verb,c1300-,1300,4,borrowing,transitive. To equip (a vessel) with an engine or…,printed date range,http://www.oed.com/dictionary/engine_v
land,LAND,4,verb,a1300-,1300,6,conversion,To bring to land; to set on shore; to disembark.,printed date range,http://www.oed.com/dictionary/land_v
mercurial,MERCURIAL,9,"noun, adjective",a1300-,1300,4,borrowing,"Of a person: having a lively, volatile, or…",printed date range,http://www.oed.com/dictionary/mercurial_n
milch,MILCH,5,adjective,c1300-,1300,4,uncertain,"Of an animal, originally and… Bred or kept to…",printed date range,http://www.oed.com/dictionary/milch_adj
mount,MOUNT,5,verb,c1300-,1300,6,borrowing,"transitive. To raise in honour, estimation…",printed date range,http://www.oed.com/dictionary/mount_v
out and out,OUTANDOUT,9,"adverb, adjective, noun",c1300-,1300,4,compound,"Thoroughly, completely, entirely; downright.",printed date range,http://www.oed.com/dictionary/out-and-out_adv
subtle,SUBTLE,6,verb,c1300-,1300,3,borrowing,transitive. Chiefly U.S. To make more faint…,printed date range,http://www.oed.com/dictionary/subtle_v
Templar,TEMPLAR,7,noun,c1300-,1300,5,borrowing,A member of a military and religious order…,printed date range,http://www.oed.com/dictionary/templar_n
vicar,VICAR,5,noun,a1300-,1300,5,borrowing,Originally: a person ministering to a parish in…,printed date range,http://www.oed.com/dictionary/vicar_n
whence,WHENCE,6,"adverb, conjunction",a1300-,1300,5,derivative,From what place? In a direct question.,printed date range,http://www.oed.com/dictionary/whence_adv
fame,FAME,4,verb,1303-,1303,5,borrowing,"To report (a person or thing) as, for, to be (so…",printed date range,http://www.oed.com/dictionary/fame_v1
flourishing,FLOURISHING,11,noun,1303-,1303,4,derivative,"The action of flourish, v. in various senses.",printed date range,http://www.oed.com/dictionary/flourishing_n
trail,TRAIL,5,verb,1303-,1303,5,inherited,To draw behind one; to drag along upon the ground…,printed date range,http://www.oed.com/dictionary/trail_v1
birder,BIRDER,6,noun,1308-,1308,4,derivative,Originally U.S. A birdwatcher.,printed date range,http://www.oed.com/dictionary/birder_n
increase,INCREASE,8,verb,c1315-,1315,7,borrowing,"To become greater in size, amount, duration, or…",printed date range,http://www.oed.com/dictionary/increase_v
citizen,CITIZEN,7,"noun, adjective",a1325-,1325,6,borrowing,A legally recognized subject or national of a…,printed date range,http://www.oed.com/dictionary/citizen_n
colour,COLOUR,6,verb,a1325-,1325,6,borrowing,transitive. To impart colour to; to impregnate…,printed date range,http://www.oed.com/dictionary/colour_v
favourable,FAVOURABLE,10,adjective,a1325-,1325,6,borrowing,"Advantageous, helpful; beneficial for one's…",printed date range,http://www.oed.com/dictionary/favourable_adj
lard,LARD,4,verb,a1325-,1325,4,borrowing,transitive. Cookery. To prepare (lean meat…,printed date range,http://www.oed.com/dictionary/lard_v
Martinmas,MARTINMAS,9,noun,c1325-,1325,3,proper name,"(The date of) the feast of St Martin, 11 November.",printed date range,http://www.oed.com/dictionary/martinmas_n
reasonable,REASONABLE,10,"adjective, noun, adverb",a1325-,1325,6,borrowing,"Of a person: sensible, sane; having sound…",printed date range,http://www.oed.com/dictionary/reasonable_adj
rocker,ROCKER,6,noun,a1325-,1325,5,derivative,A person who performs rock music; (esp. in early…,printed date range,http://www.oed.com/dictionary/rocker_n1
valiant,VALIANT,7,"adjective, noun",a1325-,1325,5,borrowing,"Of an action, deed, etc.: characterized by or…",printed date range,http://www.oed.com/dictionary/valiant_adj
mort,MORT,4,noun,c1330-,1330,4,borrowing,"Death, slaughter. Obsolete.",printed date range,http://www.oed.com/dictionary/mort_n1
pour,POUR,4,verb,c1330-,1330,6,borrowing,"intransitive. To gush out, flow steadily or…",printed date range,http://www.oed.com/dictionary/pour_v
Turk,TURK,4,noun,c1330-,1330,6,borrowing,"Originally: a Seljuk (Seljuk, n.) or Ottoman…",printed date range,http://www.oed.com/dictionary/turk_n1
diligence,DILIGENCE,9,noun,1340-,1340,5,borrowing,Constant and earnest effort to accomplish what is…,printed date range,http://www.oed.com/dictionary/diligence_n1
faitour,FAITOUR,7,noun,a1340-,1340,2,borrowing,"An impostor, cheat; esp. a vagrant who shams…",printed date range,http://www.oed.com/dictionary/faitour_n
glory,GLORY,5,noun,c1340-,1340,6,borrowing,"objectively. Exalted (and, in modern use…",printed date range,http://www.oed.com/dictionary/glory_n
God's penny,GODSPENNY,9,noun,1340-,1340,0,compound,A small sum paid as an initial instalment on…,printed date range,http://www.oed.com/dictionary/gods-penny_n
insuperable,INSUPERABLE,11,"adjective, noun",c1340-,1340,4,borrowing,"figurative (from A.1, A.2). Of difficulties…",printed date range,http://www.oed.com/dictionary/insuperable_adj
tumbler,TUMBLER,7,noun,a1340-,1340,4,derivative,"A drinking cup, originally having a rounded or…",printed date range,http://www.oed.com/dictionary/tumbler_n
screen,SCREEN,6,noun,1348-,1348,6,borrowing,A movable piece of furniture consisting of an…,printed date range,http://www.oed.com/dictionary/screen_n1
firstborn,FIRSTBORN,9,"noun, adjective",c1350-,1350,5,compound,With the or possessive adjective. A person who is…,printed date range,http://www.oed.com/dictionary/firstborn_n
frontal,FRONTAL,7,noun,a1350-,1350,4,borrowing,A decorative covering for the front of an altar…,printed date range,http://www.oed.com/dictionary/frontal_n1
principality,PRINCIPALITY,12,noun,c1350-,1350,5,borrowing,The territory held or governed by a prince.,printed date range,http://www.oed.com/dictionary/principality_n
divine,DIVINE,6,verb,1362-,1362,5,borrowing,To figure out or understand (something) by…,printed date range,http://www.oed.com/dictionary/divine_v
desk,DESK,4,noun,1363-,1363,6,borrowing,A piece of furniture with a surface used for…,printed date range,http://www.oed.com/dictionary/desk_n
pounce,POUNCE,6,noun,1367-,1367,3,shortening,A claw or talon of a bird of prey. Also…,printed date range,http://www.oed.com/dictionary/pounce_n1
galosh,GALOSH,6,noun,1373-,1373,4,borrowing,In later use: An over-shoe (now usually made of…,printed date range,http://www.oed.com/dictionary/galosh_n
faint,FAINT,5,verb,a1375-,1375,5,conversion,To fall into a swoon. Also with away.,printed date range,http://www.oed.com/dictionary/faint_v
engrain,ENGRAIN,7,verb,1377-,1377,4,derivative,To cause (a dye) to sink into the texture of a…,printed date range,http://www.oed.com/dictionary/engrain_v1
humble,HUMBLE,6,verb,c1380-,1380,5,conversion,transitive. To render humble or meek in spirit…,printed date range,http://www.oed.com/dictionary/humble_v1
kick,KICK,4,verb,c1380-,1380,6,unknown,intransitive. To strike out with the foot.,printed date range,http://www.oed.com/dictionary/kick_v1
mate,MATE,4,noun,c1380-,1380,6,borrowing,"A companion, fellow, comrade, friend; a fellow…",printed date range,http://www.oed.com/dictionary/mate_n2
safety,SAFETY,6,noun,c1380-,1380,6,borrowing,The state of being protected from or guarded…,printed date range,http://www.oed.com/dictionary/safety_n
commonty,COMMONTY,8,noun,a1382-,1382,2,derivative,Law (chiefly Scottish). Joint use or possession…,printed date range,http://www.oed.com/dictionary/commonty_n
desirable,DESIRABLE,9,"adjective, noun",a1382-,1382,6,borrowing,That may be desired or wanted; that is to be…,printed date range,http://www.oed.com/dictionary/desirable_adj
hand in hand,HANDINHAND,10,"adverb, noun, adjective",a1382-,1382,5,compound,"Of two people: with the hands clasped, esp. as a…",printed date range,http://www.oed.com/dictionary/hand-in-hand_adv
heady,HEADY,5,adjective,a1382-,1382,5,derivative,"Originally: (of drink) intoxicating, potent…",printed date range,http://www.oed.com/dictionary/heady_adj
providence,PROVIDENCE,10,noun,a1382-,1382,5,borrowing,"In full providence of God (also nature, etc.)…",printed date range,http://www.oed.com/dictionary/providence_n
repeat,REPEAT,6,verb,a1382-,1382,6,borrowing,transitive. To say again (something which one has…,printed date range,http://www.oed.com/dictionary/repeat_v
solemnize,SOLEMNIZE,9,verb,a1382-,1382,4,borrowing,To celebrate (a marriage) with proper ceremonies…,printed date range,http://www.oed.com/dictionary/solemnize_v
tonguey,TONGUEY,7,adjective,a1382-,1382,2,derivative,"Full of ‘tongue’ or talk; talkative, loquacious…",printed date range,http://www.oed.com/dictionary/tonguey_adj
unreverence,UNREVERENCE,11,noun,a1382-,1382,1,derivative,Lack of reverence or due respect; irreverence.,printed date range,http://www.oed.com/dictionary/unreverence_n
immunity,IMMUNITY,8,noun,c1384-,1384,6,borrowing,Medicine. The state of being insusceptible or…,printed date range,http://www.oed.com/dictionary/immunity_n
middleman,MIDDLEMAN,9,noun,c1384-,1384,5,compound,"A trader, company, etc., that handles a commodity…",printed date range,http://www.oed.com/dictionary/middleman_n
overabound,OVERABOUND,10,verb,c1384-,1384,1,derivative,intransitive. To abound too much with or in…,printed date range,http://www.oed.com/dictionary/overabound_v
salutation,SALUTATION,10,noun,c1384-,1384,5,borrowing,"The action, or an act, of saluting; a manner of…",printed date range,http://www.oed.com/dictionary/salutation_n
syllable,SYLLABLE,8,noun,c1384-,1384,5,borrowing,A vocal sound or set of sounds uttered with a…,printed date range,http://www.oed.com/dictionary/syllable_n
eternal,ETERNAL,7,"adjective, noun",c1386-,1386,6,borrowing,Infinite in future duration; that always will…,printed date range,http://www.oed.com/dictionary/eternal_adj
hostelry,HOSTELRY,8,noun,c1386-,1386,4,borrowing,A house where lodging and entertainment are…,printed date range,http://www.oed.com/dictionary/hostelry_n
carriage,CARRIAGE,8,noun,a1387-,1387,6,borrowing,Any of the separate sections of a train in which…,printed date range,http://www.oed.com/dictionary/carriage_n
embolism,EMBOLISM,8,noun,a1387-,1387,5,borrowing,Pathology. (See quot.),printed date range,http://www.oed.com/dictionary/embolism_n
gutter,GUTTER,6,verb,1387-,1387,4,conversion,intransitive. Of a candle: To melt away rapidly…,printed date range,http://www.oed.com/dictionary/gutter_v
angerness,ANGERNESS,9,noun,c1390-,1390,0,derivative,The quality or state of being angry; anger. Cf…,printed date range,http://www.oed.com/dictionary/angerness_n
exploit,EXPLOIT,7,verb,c1390-,1390,6,borrowing,transitive. To make full use of; to derive…,printed date range,http://www.oed.com/dictionary/exploit_v
gorge,GORGE,5,noun,c1390-,1390,5,borrowing,A narrow opening between hills; a ravine with…,printed date range,http://www.oed.com/dictionary/gorge_n1
mortise,MORTISE,7,noun,c1390-,1390,4,borrowing,"Woodworking and Joinery. A cavity, hole, or…",printed date range,http://www.oed.com/dictionary/mortise_n
specious,SPECIOUS,8,"adjective, noun",c1390-,1390,4,borrowing,"Of reasoning, an argument, etc.: apparently sound…",printed date range,http://www.oed.com/dictionary/specious_adj
trap,TRAP,4,verb,1390-,1390,6,conversion,"To catch in or as in a trap, entrap, ensnare.",printed date range,http://www.oed.com/dictionary/trap_v1
whoop,WHOOP,5,verb,c1390-,1390,4,borrowing,intransitive. To utter a ‘whoop!’ or a cry or…,printed date range,http://www.oed.com/dictionary/whoop_v
chip,CHIP,4,noun,a1393-,1393,6,conversion,A small piece or fragment of any relatively hard…,printed date range,http://www.oed.com/dictionary/chip_n2
discoloured,DISCOLOURED,11,adjective,a1393-,1393,4,derivative,Altered from the usual or natural colour; changed…,printed date range,http://www.oed.com/dictionary/discoloured_adj
embroidery,EMBROIDERY,10,noun,1393-,1393,5,borrowing,The art of ornamenting cloth and other fabrics…,printed date range,http://www.oed.com/dictionary/embroidery_n
shade,SHADE,5,verb,1393-,1393,5,conversion,"transitive. To screen from light or heat, to…",printed date range,http://www.oed.com/dictionary/shade_v1
striker,STRIKER,7,noun,1393-,1393,5,derivative,A workman who is ‘on strike’.,printed date range,http://www.oed.com/dictionary/striker_n
traverse,TRAVERSE,8,noun,a1393-,1393,4,borrowing,An act of travelling or journeying right through…,printed date range,http://www.oed.com/dictionary/traverse_n
causal,CAUSAL,6,"noun, adjective",a1398-,1398,6,borrowing,Of the nature of cause and effect.,printed date range,http://www.oed.com/dictionary/causal_n
clog,CLOG,4,verb,a1398-,1398,5,conversion,transitive. To fill (something) up with anything…,printed date range,http://www.oed.com/dictionary/clog_v
forked,FORKED,6,adjective,1398-,1398,4,derivative,Having a fork or fork-like end; shaped like a…,printed date range,http://www.oed.com/dictionary/forked_adj
freshness,FRESHNESS,9,noun,a1398-,1398,5,derivative,The quality or condition of being fresh (in…,printed date range,http://www.oed.com/dictionary/freshness_n
litter,LITTER,6,verb,a1398-,1398,5,conversion,"To cover as with litter, to strew with objects…",printed date range,http://www.oed.com/dictionary/litter_v
moderator,MODERATOR,9,noun,a1398-,1398,5,borrowing,A person who acts as an arbitrator between…,printed date range,http://www.oed.com/dictionary/moderator_n
Ostrogoth,OSTROGOTH,9,"noun, adjective",a1398-,1398,4,borrowing,An East Goth; spec. a member of the eastern…,printed date range,http://www.oed.com/dictionary/ostrogoth_n
rarefy,RAREFY,6,verb,a1398-,1398,4,borrowing,"transitive. To make (esp. air) thin, usually by…",printed date range,http://www.oed.com/dictionary/rarefy_v
seminal,SEMINAL,7,"adjective, noun",1398-,1398,5,borrowing,figurative. Having the properties of seed…,printed date range,http://www.oed.com/dictionary/seminal_adj
buttress,BUTTRESS,8,verb,c1400-,1400,5,conversion,"transitive. To furnish, strengthen, or stabilize…",printed date range,http://www.oed.com/dictionary/buttress_v
commonweal,COMMONWEAL,10,noun,?a1400-,1400,4,compound,Common well-being; esp. the general good…,printed date range,http://www.oed.com/dictionary/commonweal_n
courser,COURSER,7,noun,a1400-,1400,3,borrowing,A person who uses dogs (esp. greyhounds or other…,printed date range,http://www.oed.com/dictionary/courser_n2
engross,ENGROSS,7,verb,a1400-,1400,5,borrowing,To absorb or engage the whole attention or all…,printed date range,http://www.oed.com/dictionary/engross_v
exalt,EXALT,5,verb,?a1400-,1400,5,borrowing,"In various figurative or… To praise, extol…",printed date range,http://www.oed.com/dictionary/exalt_v
extension,EXTENSION,9,noun,a1400-,1400,6,borrowing,The action or process of widening in scope or…,printed date range,http://www.oed.com/dictionary/extension_n
ignorant,IGNORANT,8,"adjective, noun",?c1400-,1400,5,borrowing,Of a person: lacking knowledge or awareness…,printed date range,http://www.oed.com/dictionary/ignorant_adj
marigold,MARIGOLD,8,"noun, adjective",a1400-,1400,4,proper name,A plant of the genus Calendula (family Asteraceae…,printed date range,http://www.oed.com/dictionary/marigold_n
meridian,MERIDIAN,8,adjective,c1400-,1400,4,borrowing,Of or relating to midday or noon; occuring or…,printed date range,http://www.oed.com/dictionary/meridian_adj
mouth,MOUTH,5,verb,a1400-,1400,5,conversion,"transitive. To articulate (a word, etc.) silently…",printed date range,http://www.oed.com/dictionary/mouth_v
overlook,OVERLOOK,8,verb,a1400-,1400,6,derivative,transitive. To fail to see or observe; to pass…,printed date range,http://www.oed.com/dictionary/overlook_v
ray,RAY,3,noun,c1400-,1400,6,borrowing,A single line or narrow beam of light; each of…,printed date range,http://www.oed.com/dictionary/ray_n5
reason,REASON,6,verb,a1400-,1400,6,borrowing,To think in a connected or logical… intransitive…,printed date range,http://www.oed.com/dictionary/reason_v
riotry,RIOTRY,6,noun,?a1400-,1400,1,derivative,"Riotousness, esp. unruly or riotous behaviour.",printed date range,http://www.oed.com/dictionary/riotry_n
sacramental,SACRAMENTAL,11,"adjective, noun",c1400-,1400,5,borrowing,"Pertaining to, or of the nature of, a sacrament…",printed date range,http://www.oed.com/dictionary/sacramental_adj
suffrage,SUFFRAGE,8,noun,a1400-,1400,5,borrowing,The right to vote as a member of a particular…,printed date range,http://www.oed.com/dictionary/suffrage_n
virulent,VIRULENT,8,adjective,c1400-,1400,5,borrowing,"Medicine. Of diseases, etc.: Characterized by…",printed date range,http://www.oed.com/dictionary/virulent_adj
wardenship,WARDENSHIP,10,noun,a1400-,1400,3,derivative,"The office or position of a warden, in various…",printed date range,http://www.oed.com/dictionary/wardenship_n
pregnant,PREGNANT,8,"adjective, noun",1402-,1402,6,borrowing,Of a woman or other female mammal: having…,printed date range,http://www.oed.com/dictionary/pregnant_adj1
chinchery,CHINCHERY,9,noun,c1405-,1405,0,derivative,"Miserliness, stinginess.",printed date range,http://www.oed.com/dictionary/chinchery_n
licentiate,LICENTIATE,10,noun,c1405-,1405,4,borrowing,One who has obtained a licence or… One who has…,printed date range,http://www.oed.com/dictionary/licentiate_n
royalty,ROYALTY,7,noun,c1405-,1405,5,borrowing,As a mass noun: royal persons collectively.,printed date range,http://www.oed.com/dictionary/royalty_n
tuft,TUFT,4,noun,c1405-,1405,5,borrowing,A bunch (natural or artificial) of small things…,printed date range,http://www.oed.com/dictionary/tuft_n
misrule,MISRULE,7,noun,?1406-,1406,4,derivative,The condition of being misruled; disorder…,printed date range,http://www.oed.com/dictionary/misrule_n
diseasy,DISEASY,7,adjective,c1410-,1410,0,derivative,Characterized by or causing discomfort or…,printed date range,http://www.oed.com/dictionary/diseasy_adj
manure,MANURE,6,verb,1416-,1416,4,borrowing,transitive. To enrich (land) with manure; to…,printed date range,http://www.oed.com/dictionary/manure_v
convention,CONVENTION,10,noun,1419-,1419,6,borrowing,A meeting of people for a particular purpose…,printed date range,http://www.oed.com/dictionary/convention_n
deject,DEJECT,6,verb,c1420-,1420,4,borrowing,"To depress in spirits; to cast down, dispirit…",printed date range,http://www.oed.com/dictionary/deject_v
mental,MENTAL,6,"adjective, noun",?c1422-,1422,6,borrowing,Of or relating to the mind.,printed date range,http://www.oed.com/dictionary/mental_adj1
pectoral,PECTORAL,8,"noun, adjective",1422-,1422,5,borrowing,"Short for pectoral muscle, n. Usually in plural.",printed date range,http://www.oed.com/dictionary/pectoral_n
water pump,WATERPUMP,9,noun,1422-,1422,4,compound,A pump for raising or moving water (or other fluid).,printed date range,http://www.oed.com/dictionary/water-pump_n
boxing,BOXING,6,noun,?c1425-,1425,5,derivative,"The action or process of box, v.² (in various…",printed date range,http://www.oed.com/dictionary/boxing_n1
domestic,DOMESTIC,8,"adjective, noun",?a1425-,1425,6,borrowing,"Of or belonging to the home, house, or household…",printed date range,http://www.oed.com/dictionary/domestic_adj
eligible,ELIGIBLE,8,"adjective, noun",?a1425-,1425,6,borrowing,Fit or deserving to be chosen; worthy of pursuing…,printed date range,http://www.oed.com/dictionary/eligible_adj
expression,EXPRESSION,10,noun,?a1425-,1425,7,borrowing,The action or process of conveying or showing…,printed date range,http://www.oed.com/dictionary/expression_n
half moon,HALFMOON,8,"noun, adjective",a1425-,1425,4,compound,The moon when half (or approximately half) of its…,printed date range,http://www.oed.com/dictionary/half-moon_n
incumbent,INCUMBENT,9,noun,1425-,1425,5,borrowing,In general sense: The holder of any office.,printed date range,http://www.oed.com/dictionary/incumbent_n
king,KING,4,verb,?c1425-,1425,2,conversion,transitive with it as object. To act as or be a…,printed date range,http://www.oed.com/dictionary/king_v
martial,MARTIAL,7,"adjective, noun",a1425-,1425,5,borrowing,Of or relating to battle or war; military.,printed date range,http://www.oed.com/dictionary/martial_adj
mastership,MASTERSHIP,10,noun,?a1425-,1425,4,derivative,Mastery or thorough knowledge of a subject…,printed date range,http://www.oed.com/dictionary/mastership_n
mediciner,MEDICINER,9,noun,?a1425-,1425,2,derivative,"A physician, a healer; a practitioner or teacher…",printed date range,http://www.oed.com/dictionary/mediciner_n
mollify,MOLLIFY,7,verb,?a1425-,1425,4,borrowing,transitive. To soften in temper or disposition…,printed date range,http://www.oed.com/dictionary/mollify_v
moonshine,MOONSHINE,9,"noun, adjective",c1425-,1425,4,compound,Appearance without substance; something…,printed date range,http://www.oed.com/dictionary/moonshine_n
mow,MOW,3,verb,c1425-,1425,3,conversion,"intransitive. To make a face, to grimace…",printed date range,http://www.oed.com/dictionary/mow_v3
oblong,OBLONG,6,"adjective, noun",?a1425-,1425,5,borrowing,Elongated (usually as a deviation from an exact…,printed date range,http://www.oed.com/dictionary/oblong_adj
peacock's feather,PEACOCKSFEATHER,15,noun,?a1425-,1425,0,compound,Any of the feathers of a peacock; spec. one of…,printed date range,http://www.oed.com/dictionary/peacocks-feather_n
plenitude,PLENITUDE,9,noun,c1425-,1425,4,borrowing,"Comparative fullness; abundance, amplitude, or…",printed date range,http://www.oed.com/dictionary/plenitude_n
possessory,POSSESSORY,10,adjective,1425-,1425,4,borrowing,Chiefly Law. Relating to a possessor; relating to…,printed date range,http://www.oed.com/dictionary/possessory_adj
rump,RUMP,4,noun,c1425-,1425,5,borrowing,The part of an animal's body to which the tail is…,printed date range,http://www.oed.com/dictionary/rump_n1
sensitive,SENSITIVE,9,"adjective, noun",?a1425-,1425,6,borrowing,"Of a person, animal, part or organ of the body…",printed date range,http://www.oed.com/dictionary/sensitive_adj
ventilate,VENTILATE,9,verb,c1425-,1425,5,borrowing,"transitive. To supply (a room, building, mine…",printed date range,http://www.oed.com/dictionary/ventilate_v
crotchet,CROTCHET,8,"noun, adverb",1426-,1426,4,borrowing,Music. A note having a duration equal to half…,printed date range,http://www.oed.com/dictionary/crotchet_n1
enact,ENACT,5,verb,1430-,1430,6,derivative,Of a legislative authority: To make into an act…,printed date range,http://www.oed.com/dictionary/enact_v
Moorish,MOORISH,7,adjective,1434-,1434,5,derivative,Of or relating to the Moors; esp. designating or…,printed date range,http://www.oed.com/dictionary/moorish_adj2
wineless,WINELESS,8,adjective,1436-,1436,2,derivative,Lacking or destitute of wine.,printed date range,http://www.oed.com/dictionary/wineless_adj
venerable,VENERABLE,9,"adjective, noun",1437-,1437,5,borrowing,Of persons: Worthy of being… As an epithet of…,printed date range,http://www.oed.com/dictionary/venerable_adj
mussel shell,MUSSELSHELL,11,noun,?a1439-,1439,3,compound,The shell of a mussel.,printed date range,http://www.oed.com/dictionary/mussel-shell_n
obsidional,OBSIDIONAL,10,adjective,?a1439-,1439,2,borrowing,Of or relating to a siege; spec. designating a…,printed date range,http://www.oed.com/dictionary/obsidional_adj
chequer,CHEQUER,7,verb,c1440-,1440,4,conversion,transitive. To give (something) an appearance…,printed date range,http://www.oed.com/dictionary/chequer_v
cockleshell,COCKLESHELL,11,noun,?1440-,1440,3,compound,"The shell of a cockle (cockle, n.² 1a), esp. a…",printed date range,http://www.oed.com/dictionary/cockleshell_n
cream,CREAM,5,verb,c1440-,1440,4,conversion,"To work (butter and sugar, yolk of eggs and…",printed date range,http://www.oed.com/dictionary/cream_v
frangible,FRANGIBLE,9,adjective,c1440-,1440,3,borrowing,"Capable of being broken, breakable.",printed date range,http://www.oed.com/dictionary/frangible_adj
mediate,MEDIATE,7,adjective,?1440-,1440,5,borrowing,Intermediate; intervening or interposed in…,printed date range,http://www.oed.com/dictionary/mediate_adj
overthrow,OVERTHROW,9,noun,c1440-,1440,4,conversion,The action of overthrowing something; the fact of…,printed date range,http://www.oed.com/dictionary/overthrow_n1
sallet,SALLET,6,noun,c1440-,1440,3,borrowing,"In medieval armour, a light globular headpiece…",printed date range,http://www.oed.com/dictionary/sallet_n
checky,CHECKY,6,"adjective, noun",1443-,1443,2,borrowing,Somewhat colloquial. In general use: checked…,printed date range,http://www.oed.com/dictionary/checky_adj
churchwarden,CHURCHWARDEN,12,noun,1443-,1443,4,compound,"In the pre-reformation Church in England, and…",printed date range,http://www.oed.com/dictionary/churchwarden_n
commonwealth,COMMONWEALTH,12,noun,1445-,1445,5,compound,"The people of a nation, state, etc., as a whole…",printed date range,http://www.oed.com/dictionary/commonwealth_n
cognition,COGNITION,9,noun,1447-,1447,5,borrowing,Philosophy. The action or faculty of knowing…,printed date range,http://www.oed.com/dictionary/cognition_n
office,OFFICE,6,verb,c1449-,1449,2,conversion,intransitive. North American. To have or work in…,printed date range,http://www.oed.com/dictionary/office_v
parabolic,PARABOLIC,9,"adjective, noun",c1449-,1449,5,borrowing,Geometry. Of the form of or resembling a…,printed date range,http://www.oed.com/dictionary/parabolic_adj
upsetting,UPSETTING,9,noun,c1449-,1449,4,derivative,"The action of overturning, or fact of being overturned.",printed date range,http://www.oed.com/dictionary/upsetting_n
cityless,CITYLESS,8,adjective,c1450-,1450,2,derivative,Without a city or cities; having no cities. Also…,printed date range,http://www.oed.com/dictionary/cityless_adj
gunshot,GUNSHOT,7,noun,a1450-,1450,3,compound,An act of firing a gun; an individual shot so…,printed date range,http://www.oed.com/dictionary/gunshot_n
maidenly,MAIDENLY,8,"adjective, adverb",a1450-,1450,4,derivative,"Of a quality, action, etc.: proper to or…",printed date range,http://www.oed.com/dictionary/maidenly_adj
marshal,MARSHAL,7,verb,c1450-,1450,5,conversion,"transitive. To arrange or set (things, material…",printed date range,http://www.oed.com/dictionary/marshal_v
persuade,PERSUADE,8,verb,c1450-,1450,6,borrowing,transitive. To urge successfully to do something…,printed date range,http://www.oed.com/dictionary/persuade_v
progenity,PROGENITY,9,noun,c1450-,1450,1,borrowing,"= progeny, n. (in various senses).",printed date range,http://www.oed.com/dictionary/progenity_n
range,RANGE,5,verb,c1450-,1450,6,borrowing,intransitive. To vary within certain limits; to…,printed date range,http://www.oed.com/dictionary/range_v1
rivet,RIVET,5,verb,a1450-,1450,5,conversion,To secure or fasten with or as… transitive…,printed date range,http://www.oed.com/dictionary/rivet_v
selion,SELION,6,noun,c1450-,1450,3,borrowing,A portion of land of indeterminate area…,printed date range,http://www.oed.com/dictionary/selion_n
manumission,MANUMISSION,11,noun,1452-,1452,4,borrowing,The action of manumitting a slave; the fact of…,printed date range,http://www.oed.com/dictionary/manumission_n
correspondent,CORRESPONDENT,13,"adjective, noun",c1460-,1460,5,borrowing,Answering to or agreeing with something else in…,printed date range,http://www.oed.com/dictionary/correspondent_adj
orthography,ORTHOGRAPHY,11,noun,a1460-,1460,4,borrowing,Correct or proper spelling; spelling according to…,printed date range,http://www.oed.com/dictionary/orthography_n
perquisition,PERQUISITION,12,noun,1461-,1461,2,borrowing,"A thorough or diligent search, esp. one made…",printed date range,http://www.oed.com/dictionary/perquisition_n
hooping,HOOPING,7,noun,1463-,1463,3,derivative,concrete. Hoop-iron.,printed date range,http://www.oed.com/dictionary/hooping_n
coessential,COESSENTIAL,11,adjective,1471-,1471,2,derivative,"One in essence, having the same essence; esp. in…",printed date range,http://www.oed.com/dictionary/coessential_adj
microcosm,MICROCOSM,9,noun,a1475-,1475,5,borrowing,"More generally: a place, situation, etc…",printed date range,http://www.oed.com/dictionary/microcosm_n
mingle,MINGLE,6,verb,a1475-,1475,5,derivative,"transitive. To bring together, intersperse, or…",printed date range,http://www.oed.com/dictionary/mingle_v
sentential,SENTENTIAL,10,adjective,a1475-,1475,4,borrowing,Pertaining to a sentence or series of words in…,printed date range,http://www.oed.com/dictionary/sentential_adj
sinistral,SINISTRAL,9,"adjective, noun",?a1475-,1475,4,borrowing,Situated on the left side; of or relating to the…,printed date range,http://www.oed.com/dictionary/sinistral_adj
syllable,SYLLABLE,8,verb,c1475-,1475,4,conversion,To utter or express in (or as in) syllables or…,printed date range,http://www.oed.com/dictionary/syllable_v
synonym,SYNONYM,7,noun,?a1475-,1475,5,borrowing,"Strictly, a word having the same… Plural.",printed date range,http://www.oed.com/dictionary/synonym_n
term,TERM,4,verb,a1475-,1475,6,conversion,transitive. To bring to an end or conclusion; to…,printed date range,http://www.oed.com/dictionary/term_v
unjustice,UNJUSTICE,9,noun,a1475-,1475,2,derivative,Injustice; unfairness; unjust action or…,printed date range,http://www.oed.com/dictionary/unjustice_n
corpulence,CORPULENCE,10,noun,1477-,1477,3,borrowing,"Bulk of body; over-bulkiness, obesity.",printed date range,http://www.oed.com/dictionary/corpulence_n
wintering,WINTERING,9,noun,1477-,1477,4,derivative,"The keeping or tending of cattle, sheep, etc…",printed date range,http://www.oed.com/dictionary/wintering_n
whinyard,WHINYARD,8,noun,1478-,1478,1,unknown,"A short-sword, a hanger.",printed date range,http://www.oed.com/dictionary/whinyard_n
stone-blind,STONEBLIND,10,adjective,c1480-,1480,3,compound,Blind as a stone; completely blind. literal.,printed date range,http://www.oed.com/dictionary/stone-blind_adj
burl,BURL,4,verb,1483-,1483,3,conversion,"transitive. To dress (cloth), esp. by removing…",printed date range,http://www.oed.com/dictionary/burl_v1
septenary,SEPTENARY,9,"adjective, noun",c1484-,1484,3,borrowing,A group or set of seven.,printed date range,http://www.oed.com/dictionary/septenary_adj
momentary,MOMENTARY,9,"adjective, adverb",c1485-,1485,5,borrowing,Lasting only a moment; of only a moment's…,printed date range,http://www.oed.com/dictionary/momentary_adj
scupper,SCUPPER,7,noun,1485-,1485,3,derivative,Nautical. Chiefly plural. An opening in a ship's…,printed date range,http://www.oed.com/dictionary/scupper_n
wing,WING,4,verb,1486-,1486,5,conversion,intransitive (†occasionally reflexive). To use…,printed date range,http://www.oed.com/dictionary/wing_v
stab,STAB,4,verb,1487-,1487,5,variant,transitive. To wound (often to kill) with a…,printed date range,http://www.oed.com/dictionary/stab_v
countable,COUNTABLE,9,adjective,1495-,1495,4,borrowing,Capable or proper to be counted or numbered; numerable.,printed date range,http://www.oed.com/dictionary/countable_adj
snap,SNAP,4,noun,1495-,1495,5,conversion,"A quick, sharp sound or report.",printed date range,http://www.oed.com/dictionary/snap_n
annex,ANNEX,5,noun,1499-,1499,4,borrowing,A subsidiary building joined to or associated…,printed date range,http://www.oed.com/dictionary/annex_n
glum,GLUM,4,noun,?1499-,1499,4,conversion,"Glumness, sullenness.",printed date range,http://www.oed.com/dictionary/glum_n
course,COURSE,6,verb,c1500-,1500,5,conversion,"intransitive. Of fluid, a current, etc.: to move…",printed date range,http://www.oed.com/dictionary/course_v
earmark,EARMARK,7,noun,a1500-,1500,4,compound,figurative. An identifying mark or feature. Also…,printed date range,http://www.oed.com/dictionary/earmark_n
fontal,FONTAL,6,"adjective, noun",a1500-,1500,2,borrowing,That is the source or origin of other things…,printed date range,http://www.oed.com/dictionary/fontal_adj
heavenliness,HEAVENLINESS,12,noun,a1500-,1500,2,derivative,The state or quality of being heavenly in origin…,printed date range,http://www.oed.com/dictionary/heavenliness_n
sunburnt,SUNBURNT,8,adjective,a1500-,1500,4,compound,"Of a person or a person's face, limbs, etc…",printed date range,http://www.oed.com/dictionary/sunburnt_adj
traversable,TRAVERSABLE,11,adjective,a1500-,1500,3,derivative,That may be traversed or crossed. Also figurative.,printed date range,http://www.oed.com/dictionary/traversable_adj
type,TYPE,4,noun,?a1500-,1500,7,borrowing,That by which something is symbolized or figured…,printed date range,http://www.oed.com/dictionary/type_n
whist,WHIST,5,adjective,a1500-,1500,3,conversion,"Silent, quiet, still, hushed; making no sound…",printed date range,http://www.oed.com/dictionary/whist_adj1
fin,FIN,3,verb,1508-,1508,4,conversion,"intransitive. To swim, as a fish; hence used of…",printed date range,http://www.oed.com/dictionary/fin_v
blandiment,BLANDIMENT,10,noun,?1510-,1510,0,borrowing,"A statement or action that uses charm, flattery…",printed date range,http://www.oed.com/dictionary/blandiment_n
flake,FLAKE,5,verb,1513-,1513,5,conversion,To break or rub away or off in flakes; to take…,printed date range,http://www.oed.com/dictionary/flake_v1
scaling,SCALING,7,noun,a1513-,1513,4,derivative,"Climbing, mounting; escalade.",printed date range,http://www.oed.com/dictionary/scaling_n1
dog,DOG,3,verb,1519-,1519,5,conversion,transitive. To follow like a dog on the heels of…,printed date range,http://www.oed.com/dictionary/dog_v1
heart of grace,HEARTOFGRACE,12,noun,c1520-,1520,3,uncertain,to take heart of grace (and variants): to pluck…,printed date range,http://www.oed.com/dictionary/heart-of-grace_n
evade,EVADE,5,verb,a1522-,1522,5,borrowing,"transitive. To escape or avoid (attack, pursuit…",printed date range,http://www.oed.com/dictionary/evade_v
pollard,POLLARD,7,"adjective, noun",?1523-,1523,3,derivative,Of a tree: that is a pollard (see B.4)…,printed date range,http://www.oed.com/dictionary/pollard_adj
bosom,BOSOM,5,verb,a1525-,1525,4,conversion,"transitive. To take to the bosom, embrace…",printed date range,http://www.oed.com/dictionary/bosom_v
syllogistical,SYLLOGISTICAL,13,adjective,1528-,1528,2,borrowing,"= syllogistic, adj.",printed date range,http://www.oed.com/dictionary/syllogistical_adj
crafter,CRAFTER,7,noun,a1529-,1529,3,derivative,"A person who practises, or is employed in, a…",printed date range,http://www.oed.com/dictionary/crafter_n
key-cold,KEYCOLD,7,"adjective, noun",1529-,1529,2,compound,Extremely cold; devoid of heat (sometimes with…,printed date range,http://www.oed.com/dictionary/key-cold_adj
bias,BIAS,4,"noun, adjective, adverb",1530-,1530,6,borrowing,Tendency to favour or dislike a person or thing…,printed date range,http://www.oed.com/dictionary/bias_n
grapple,GRAPPLE,7,noun,1530-,1530,4,borrowing,"The action of grappling, or grappling with; the…",printed date range,http://www.oed.com/dictionary/grapple_n
imburse,IMBURSE,7,verb,c1530-,1530,3,borrowing,transitive. To put into one's (or a) purse; to…,printed date range,http://www.oed.com/dictionary/imburse_v
sanctification,SANCTIFICATION,14,noun,a1530-,1530,5,borrowing,Theology. The action of the Holy Spirit in…,printed date range,http://www.oed.com/dictionary/sanctification_n
subsistent,SUBSISTENT,10,"adjective, noun",a1530-,1530,4,borrowing,Providing a means of subsistence; adequate to…,printed date range,http://www.oed.com/dictionary/subsistent_adj
explore,EXPLORE,7,verb,1531-,1531,6,borrowing,transitive. To travel to or around (an uncharted…,printed date range,http://www.oed.com/dictionary/explore_v
moulder,MOULDER,7,verb,1531-,1531,4,derivative,intransitive. To decay to dust; to rot; to…,printed date range,http://www.oed.com/dictionary/moulder_v
prejudge,PREJUDGE,8,verb,1531-,1531,4,derivative,transitive. To pass judgement or pronounce…,printed date range,http://www.oed.com/dictionary/prejudge_v
turnagain,TURNAGAIN,9,"adjective, noun",1531-,1531,1,conversion,A component of a bobbin-net machine that reverses…,printed date range,http://www.oed.com/dictionary/turnagain_adj
cruciate,CRUCIATE,8,verb,1532-,1532,4,borrowing,transitive. To afflict with grievous pain or…,printed date range,http://www.oed.com/dictionary/cruciate_v
prescript,PRESCRIPT,9,noun,1532-,1532,3,borrowing,A thing which is prescribed or laid down as a…,printed date range,http://www.oed.com/dictionary/prescript_n
adulterine,ADULTERINE,10,"adjective, noun",?1533-,1533,3,borrowing,Conceived or born as the result of an adulterous…,printed date range,http://www.oed.com/dictionary/adulterine_adj
unpaved,UNPAVED,7,adjective,a1533-,1533,4,derivative,Not paved. Also figurative.,printed date range,http://www.oed.com/dictionary/unpaved_adj
craze,CRAZE,5,noun,1534-,1534,4,conversion,"A personal obsession, compulsion, or obsessive…",printed date range,http://www.oed.com/dictionary/craze_n1
all round,ALLROUND,8,"adverb, adjective, preposition, noun",a1535-,1535,5,compound,"Everywhere around, completely around; in all…",printed date range,http://www.oed.com/dictionary/all-round_adv
cancellation,CANCELLATION,12,noun,1535-,1535,5,borrowing,"The action of cancel, v.: the crossing out or…",printed date range,http://www.oed.com/dictionary/cancellation_n
impropriation,IMPROPRIATION,13,noun,?1535-,1535,3,derivative,"An impropriated benefice; a living, tithes, etc…",printed date range,http://www.oed.com/dictionary/impropriation_n
Levitical,LEVITICAL,9,adjective,1535-,1535,4,borrowing,Pertaining to the Levites or the tribe of Levi.,printed date range,http://www.oed.com/dictionary/levitical_adj
deaconess,DEACONESS,9,noun,a1536-,1536,4,derivative,Ecclesiastical. The name of an order of women in…,printed date range,http://www.oed.com/dictionary/deaconess_n
up,UP,2,noun,1536-,1536,5,conversion,A rise in life; a spell of prosperity; a success…,printed date range,http://www.oed.com/dictionary/up_n
insanie,INSANIE,7,noun,a1538-,1538,0,borrowing,Insanity.,printed date range,http://www.oed.com/dictionary/insanie_n
ladyness,LADYNESS,8,noun,1538-,1538,1,derivative,The quality or state of being a lady…,printed date range,http://www.oed.com/dictionary/ladyness_n
polity,POLITY,6,noun,a1538-,1538,5,borrowing,A particular form of government or political…,printed date range,http://www.oed.com/dictionary/polity_n1
messieurs,MESSIEURS,9,noun,1539-,1539,3,borrowing,"The regular French plural of monsieur, n., used…",printed date range,http://www.oed.com/dictionary/messieurs_n
glass,GLASS,5,verb,1540-,1540,4,conversion,"To protect by a covering of glass, to enclose or…",printed date range,http://www.oed.com/dictionary/glass_v
chirurgical,CHIRURGICAL,11,adjective,?1541-,1541,3,borrowing,Of or pertaining to surgery; skilled in…,printed date range,http://www.oed.com/dictionary/chirurgical_adj
Dominical,DOMINICAL,9,"adjective, noun",1541-,1541,3,borrowing,Of or relating to the Lord (Jesus Christ)…,printed date range,http://www.oed.com/dictionary/dominical_adj
tipstaff,TIPSTAFF,8,noun,1541-,1541,3,compound,An official carrying a tipped staff; spec. (a) a…,printed date range,http://www.oed.com/dictionary/tipstaff_n
owling,OWLING,6,noun,1542-,1542,2,derivative,U.S. regional. The action of imitating the…,printed date range,http://www.oed.com/dictionary/owling_n
termless,TERMLESS,8,adjective,a1542-,1542,2,derivative,Originally and chiefly poetic. Having no limit in…,printed date range,http://www.oed.com/dictionary/termless_adj
homicide,HOMICIDE,8,verb,1543-,1543,3,conversion,transitive. To kill or murder (a person).,printed date range,http://www.oed.com/dictionary/homicide_v
meninx,MENINX,6,noun,1545-,1545,3,borrowing,Each of the three membranes enveloping the brain…,printed date range,http://www.oed.com/dictionary/meninx_n
neddy,NEDDY,5,noun,1545-,1545,2,proper name,A donkey; an ass.,printed date range,http://www.oed.com/dictionary/neddy_n1
fetch,FETCH,5,noun,a1547-,1547,4,conversion,Nautical. (See quots.) More generally: the…,printed date range,http://www.oed.com/dictionary/fetch_n1
mother-of-pearl,MOTHEROFPEARL,13,"noun, interjection, adjective",1547-,1547,4,compound,"A smooth, shining, iridescent substance forming…",printed date range,http://www.oed.com/dictionary/mother-of-pearl_n
figurer,FIGURER,7,noun,1548-,1548,3,derivative,A person who uses or deals with figures; esp. one…,printed date range,http://www.oed.com/dictionary/figurer_n
herbary,HERBARY,7,noun,1548-,1548,2,borrowing,A treatise on herbs; a herbal.,printed date range,http://www.oed.com/dictionary/herbary_n
miracle,MIRACLE,7,verb,1548-,1548,3,conversion,"transitive. To transform, produce, etc., as if by…",printed date range,http://www.oed.com/dictionary/miracle_v
severe,SEVERE,6,adjective,1548-,1548,6,borrowing,"Of pain, suffering, loss, or the like: Grievous…",printed date range,http://www.oed.com/dictionary/severe_adj
buffoon,BUFFOON,7,noun,c1550-,1550,4,borrowing,A person who acts or behaves like a jester or…,printed date range,http://www.oed.com/dictionary/buffoon_n
massively,MASSIVELY,9,adverb,1550-,1550,4,derivative,In a massive manner or form. Later also in…,printed date range,http://www.oed.com/dictionary/massively_adv
chorist,CHORIST,7,noun,a1552-,1552,2,borrowing,Ancient Greek History. A member of the chorus in…,printed date range,http://www.oed.com/dictionary/chorist_n
expatiate,EXPATIATE,9,verb,a1552-,1552,4,borrowing,To speak or write at some length; to enlarge; to…,printed date range,http://www.oed.com/dictionary/expatiate_v
parle,PARLE,5,noun,1552-,1552,4,conversion,A debate or conference; discussion; negotiation…,printed date range,http://www.oed.com/dictionary/parle_n
encompass,ENCOMPASS,9,verb,1553-,1553,6,derivative,"To surround entirely, overlay as with an envelope…",printed date range,http://www.oed.com/dictionary/encompass_v
snatchery,SNATCHERY,9,noun,?1553-,1553,0,derivative,Snatching.,printed date range,http://www.oed.com/dictionary/snatchery_n
disround,DISROUND,8,verb,1555-,1555,0,derivative,transitive. To deprive of roundness or rotundity…,printed date range,http://www.oed.com/dictionary/disround_v
tang,TANG,4,verb,1556-,1556,3,imitative,transitive. To strike (a bell or the like) so as…,printed date range,http://www.oed.com/dictionary/tang_v2
eldership,ELDERSHIP,9,noun,1557-,1557,3,derivative,The collective body of (ecclesiastical) elders; a…,printed date range,http://www.oed.com/dictionary/eldership_n
muck pot,MUCKPOT,7,noun,1557-,1557,0,compound,†a. A chamber pot (obsolete); b. a degraded or…,printed date range,http://www.oed.com/dictionary/muck-pot_n
womb,WOMB,4,verb,1557-,1557,3,conversion,transitive. To enclose as in the womb; to incubate.,printed date range,http://www.oed.com/dictionary/womb_v
boxy,BOXY,4,adjective,1558-,1558,4,derivative,Resembling a box in shape; comparable to a box…,printed date range,http://www.oed.com/dictionary/boxy_adj2
honourless,HONOURLESS,10,adjective,a1560-,1560,2,derivative,Without honour; unworthy of honour; not honoured…,printed date range,http://www.oed.com/dictionary/honourless_adj
treatment,TREATMENT,9,noun,c1560-,1560,7,derivative,"Conduct, behaviour; action or behaviour towards a…",printed date range,http://www.oed.com/dictionary/treatment_n
foolery,FOOLERY,7,noun,1562-,1562,4,derivative,Foolishness; foolish or silly behaviour.,printed date range,http://www.oed.com/dictionary/foolery_n
Lutheranancer,LUTHERANANCER,13,noun,?a1562-,1562,0,derivative,"= Lutheran, adj. B.",printed date range,http://www.oed.com/dictionary/lutheranancer_n
shiftless,SHIFTLESS,9,"adjective, noun",1562-,1562,4,derivative,Not capable or resourceful; lacking the ability…,printed date range,http://www.oed.com/dictionary/shiftless_adj
exploded,EXPLODED,8,adjective,1563-,1563,5,derivative,"Of an error: exposed. Of a theory, opinion, or…",printed date range,http://www.oed.com/dictionary/exploded_adj
levity,LEVITY,6,noun,1564-,1564,4,borrowing,"As a moral or mental quality, in… Want of serious…",printed date range,http://www.oed.com/dictionary/levity_n1
mumbudget,MUMBUDGET,9,"noun, interjection, adjective",a1564-,1564,1,compound,to play (at) mumbudget: to keep silent. Now archaic.,printed date range,http://www.oed.com/dictionary/mumbudget_n
superintendentship,SUPERINTENDENTSHIP,18,noun,1565-,1565,2,derivative,"The office, position, or role of superintendent…",printed date range,http://www.oed.com/dictionary/superintendentship_n
Trinitarian,TRINITARIAN,11,"adjective, noun",1565-,1565,4,borrowing,Theology. Relating to the Trinity; holding the…,printed date range,http://www.oed.com/dictionary/trinitarian_adj
surly,SURLY,5,adjective,1566-,1566,4,variant,Churlishly ill-humoured; rude and cross…,printed date range,http://www.oed.com/dictionary/surly_adj
entreated,ENTREATED,9,"adjective, noun",1567-,1567,2,derivative,Of a person: that is or has been entreated…,printed date range,http://www.oed.com/dictionary/entreated_adj
select,SELECT,6,verb,1567-,1567,6,borrowing,transitive. To choose or pick out in preference…,printed date range,http://www.oed.com/dictionary/select_v
snaky,SNAKY,5,adjective,1567-,1567,3,derivative,Formed or composed of snakes.,printed date range,http://www.oed.com/dictionary/snaky_adj
trafficking,TRAFFICKING,11,noun,1567-,1567,5,derivative,"The action of traffic, v. in various other…",printed date range,http://www.oed.com/dictionary/trafficking_n
transnatural,TRANSNATURAL,12,adjective,1569-,1569,2,derivative,Of which the nature is transmuted.,printed date range,http://www.oed.com/dictionary/transnatural_adj
calvish,CALVISH,7,adjective,1570-,1570,1,derivative,"Resembling a calf, calf-like; doltish, stupid.",printed date range,http://www.oed.com/dictionary/calvish_adj
dinner,DINNER,6,verb,?c1570-,1570,4,conversion,intransitive. To eat dinner; to dine. Also…,printed date range,http://www.oed.com/dictionary/dinner_v
firkin,FIRKIN,6,verb,1570-,1570,1,conversion,(transitive) to store up in firkins.,printed date range,http://www.oed.com/dictionary/firkin_v
harmonic,HARMONIC,8,"adjective, noun",1570-,1570,5,borrowing,Music. Relating to harmony (as distinct from…,printed date range,http://www.oed.com/dictionary/harmonic_adj
share,SHARE,5,verb,1570-,1570,6,conversion,transitive. To have a part or portion of…,printed date range,http://www.oed.com/dictionary/share_v2
statical,STATICAL,8,adjective,1570-,1570,4,borrowing,Originally: †relating to weight or the…,printed date range,http://www.oed.com/dictionary/statical_adj
ubiquitary,UBIQUITARY,10,"noun, adjective",?1570-,1570,2,borrowing,"Present, appearing, or found… Of a class or type…",printed date range,http://www.oed.com/dictionary/ubiquitary_n
vulgarity,VULGARITY,9,noun,?1570-,1570,5,borrowing,The character or condition of ordinary or common…,printed date range,http://www.oed.com/dictionary/vulgarity_n
wolfish,WOLFISH,7,adjective,1570-,1570,4,derivative,"Characteristic of, befitting, or resembling that…",printed date range,http://www.oed.com/dictionary/wolfish_adj
heave,HEAVE,5,noun,a1571-,1571,4,conversion,"An act of heaving, in various senses; a lift; an…",printed date range,http://www.oed.com/dictionary/heave_n
lodging-room,LODGINGROOM,11,noun,1571-,1571,2,compound,"A sleeping apartment, bedroom. (Now local.)",printed date range,http://www.oed.com/dictionary/lodging-room_n
sprigged,SPRIGGED,8,adjective,1572-,1572,3,derivative,Embellished or ornamented with a… Bearing a…,printed date range,http://www.oed.com/dictionary/sprigged_adj1
muskmelon,MUSKMELON,9,noun,1573-,1573,3,compound,The edible fruit of the melon (Cucumis melo…,printed date range,http://www.oed.com/dictionary/muskmelon_n
consistency,CONSISTENCY,11,noun,1574-,1574,6,borrowing,"The degree to which a substance, (now) esp. a…",printed date range,http://www.oed.com/dictionary/consistency_n
monstrousness,MONSTROUSNESS,13,noun,1574-,1574,3,derivative,The quality of being monstrous (in various senses…,printed date range,http://www.oed.com/dictionary/monstrousness_n
subscriber,SUBSCRIBER,10,noun,1574-,1574,5,derivative,A person who makes a regular payment in return…,printed date range,http://www.oed.com/dictionary/subscriber_n
hobbler,HOBBLER,7,noun,1575-,1575,2,derivative,A person who hobbles or limps; a person who walks…,printed date range,http://www.oed.com/dictionary/hobbler_n2
licentiate,LICENTIATE,10,verb,1575-,1575,2,borrowing,"transitive. To give liberty to; to allow, permit…",printed date range,http://www.oed.com/dictionary/licentiate_v
onomastic,ONOMASTIC,9,"noun, adjective",1576-,1576,3,borrowing,"Of, relating to, or connected with names or…",printed date range,http://www.oed.com/dictionary/onomastic_n
quarrelsome,QUARRELSOME,11,adjective,1576-,1576,4,derivative,Inclined to quarrel; given to or characterized by…,printed date range,http://www.oed.com/dictionary/quarrelsome_adj
clogging,CLOGGING,8,noun,1577-,1577,4,derivative,"The action of clog, v. (in various senses of…",printed date range,http://www.oed.com/dictionary/clogging_n
mutterance,MUTTERANCE,10,noun,?1577-,1577,0,derivative,Muttering; a muttered utterance.,printed date range,http://www.oed.com/dictionary/mutterance_n
Platonize,PLATONIZE,9,verb,1577-,1577,3,borrowing,intransitive. To follow the doctrine of Plato; to…,printed date range,http://www.oed.com/dictionary/platonize_v
scribble,SCRIBBLE,8,noun,1577-,1577,4,conversion,A quickly or carelessly composed piece of…,printed date range,http://www.oed.com/dictionary/scribble_n
syllepsis,SYLLEPSIS,9,noun,1577-,1577,3,borrowing,Grammar and Rhetoric. A figure by which a word…,printed date range,http://www.oed.com/dictionary/syllepsis_n
bulbous,BULBOUS,7,adjective,1578-,1578,4,derivative,Shaped like a bulb; rounded or spherical in…,printed date range,http://www.oed.com/dictionary/bulbous_adj
distance,DISTANCE,8,verb,1578-,1578,5,conversion,transitive (reflexive). To keep one's distance…,printed date range,http://www.oed.com/dictionary/distance_v
macrocephalus,MACROCEPHALUS,13,noun,1578-,1578,3,borrowing,Medicine. A fetus with macrocephaly (now rare…,printed date range,http://www.oed.com/dictionary/macrocephalus_n
pipe,PIPE,4,verb,?1578-,1578,4,conversion,"transitive. To convey (water, gas, oil, etc.)…",printed date range,http://www.oed.com/dictionary/pipe_v3
topless,TOPLESS,7,adjective,1578-,1578,4,derivative,Of a woman: naked from the waist up; having…,printed date range,http://www.oed.com/dictionary/topless_adj
epithet,EPITHET,7,noun,1579-,1579,5,borrowing,An adjective indicating some quality or attribute…,printed date range,http://www.oed.com/dictionary/epithet_n
shady,SHADY,5,adjective,1579-,1579,5,derivative,"Shaded, protected by shade.",printed date range,http://www.oed.com/dictionary/shady_adj
ninepins,NINEPINS,8,noun,1580-,1580,3,compound,A game in which nine skittles are set up to be…,printed date range,http://www.oed.com/dictionary/ninepins_n
remover,REMOVER,7,noun,1580-,1580,4,derivative,A person or a thing that removes or takes…,printed date range,http://www.oed.com/dictionary/remover_n1
empeople,EMPEOPLE,8,verb,1582-,1582,1,derivative,transitive. To fill with people; to populate…,printed date range,http://www.oed.com/dictionary/empeople_v
Jesuitry,JESUITRY,8,noun,1582-,1582,2,derivative,"The doctrines, principles, or practices followed…",printed date range,http://www.oed.com/dictionary/jesuitry_n
martialize,MARTIALIZE,10,verb,1582-,1582,1,derivative,transitive. To make martial; to provide with…,printed date range,http://www.oed.com/dictionary/martialize_v
snar-noise,SNARNOISE,9,noun,1582-,1582,0,compound,A snarling or angry noise.,printed date range,http://www.oed.com/dictionary/snar-noise_n
towelling,TOWELLING,9,noun,1582-,1582,3,derivative,Linen cloth to be made into towels; material for…,printed date range,http://www.oed.com/dictionary/towelling_n
wind instrument,WINDINSTRUMENT,14,noun,1582-,1582,3,compound,Any musical instrument whose sound is made by…,printed date range,http://www.oed.com/dictionary/wind-instrument_n
cannonry,CANNONRY,8,noun,a1583-,1583,2,derivative,Discharge of cannon; cannonading.,printed date range,http://www.oed.com/dictionary/cannonry_n
quatrain,QUATRAIN,8,noun,1584-,1584,4,borrowing,"A stanza of four lines, esp. one having alternate…",printed date range,http://www.oed.com/dictionary/quatrain_n
disbishop,DISBISHOP,9,verb,1585-,1585,0,derivative,transitive. To deprive of episcopal office or dignity.,printed date range,http://www.oed.com/dictionary/disbishop_v
money man,MONEYMAN,8,noun,1585-,1585,4,compound,†a. A lover of money; b. a financier or backer; a…,printed date range,http://www.oed.com/dictionary/money-man_n
loneliness,LONELINESS,10,noun,a1586-,1586,5,derivative,The feeling of being alone; the sense of…,printed date range,http://www.oed.com/dictionary/loneliness_n
panic,PANIC,5,"adjective, noun",a1586-,1586,6,borrowing,"Of the nature of, resulting from, or exhibiting a…",printed date range,http://www.oed.com/dictionary/panic_adj
cracknut,CRACKNUT,8,"adjective, noun",1587-,1587,0,compound,Chiefly Scottish and English regional. A nut in…,printed date range,http://www.oed.com/dictionary/cracknut_adj
elderberriness,ELDERBERRINESS,14,noun,1589-,1589,0,derivative,"Used as a mock title, after highness, etc.",printed date range,http://www.oed.com/dictionary/elderberriness_n
fluent,FLUENT,6,"adjective, noun",1589-,1589,5,borrowing,"Of a speaker, etc.: Ready in the use of words…",printed date range,http://www.oed.com/dictionary/fluent_adj
overreacher,OVERREACHER,11,noun,1589-,1589,3,derivative,A person who attempts to pass beyond the limit of…,printed date range,http://www.oed.com/dictionary/overreacher_n
sunless,SUNLESS,7,adjective,1589-,1589,4,derivative,"Without any sunshine; not sunny; dark, overcast…",printed date range,http://www.oed.com/dictionary/sunless_adj
surnamer,SURNAMER,8,noun,1589-,1589,0,derivative,"Puttenham's englishing of antonomasia, n.",printed date range,http://www.oed.com/dictionary/surnamer_n
windabout,WINDABOUT,9,"noun, adjective",1589-,1589,0,compound,That winds about; meandering.,printed date range,http://www.oed.com/dictionary/windabout_n
concise,CONCISE,7,adjective,c1590-,1590,5,borrowing,Of speech or writing: Expressed in few words…,printed date range,http://www.oed.com/dictionary/concise_adj
counterfort,COUNTERFORT,11,noun,1590-,1590,3,borrowing,A buttress or projecting piece of… In Architecture.,printed date range,http://www.oed.com/dictionary/counterfort_n
finny,FINNY,5,adjective,1590-,1590,3,derivative,Provided with or having fins; finned.,printed date range,http://www.oed.com/dictionary/finny_adj
scribble-scrabble,SCRIBBLESCRABBLE,16,"adverb, noun, adjective",1590-,1590,1,compound,"A scribbled or scrawled message, drawing, etc…",printed date range,http://www.oed.com/dictionary/scribble-scrabble_adv
state,STATE,5,verb,a1590-,1590,7,conversion,To express in speech or writing… transitive. With…,printed date range,http://www.oed.com/dictionary/state_v
crackle,CRACKLE,7,noun,1591-,1591,4,conversion,A sound made up of a rapid succession of short…,printed date range,http://www.oed.com/dictionary/crackle_n
de-leave,DELEAVE,7,verb,1591-,1591,0,derivative,transitive (in passive). Of a tree or plant: to…,printed date range,http://www.oed.com/dictionary/de-leave_v
filibuster,FILIBUSTER,10,noun,1591-,1591,4,borrowing,An act of obstruction in a legislative assembly…,printed date range,http://www.oed.com/dictionary/filibuster_n
interprater,INTERPRATER,11,noun,1591-,1591,0,derivative,One who prates at intervals.,printed date range,http://www.oed.com/dictionary/interprater_n
leaguer,LEAGUER,7,noun,1591-,1591,3,derivative,A member of a league; in reference to French…,printed date range,http://www.oed.com/dictionary/leaguer_n2
columniation,COLUMNIATION,12,noun,1592-,1592,2,variant,Architecture. ‘The employment of columns in a…,printed date range,http://www.oed.com/dictionary/columniation_n
cosmographize,COSMOGRAPHIZE,13,verb,1592-,1592,0,derivative,transitive. To describe the world in a map or…,printed date range,http://www.oed.com/dictionary/cosmographize_v
idolatrize,IDOLATRIZE,10,verb,1592-,1592,2,derivative,transitive. figurative. To demonstrate intense or…,printed date range,http://www.oed.com/dictionary/idolatrize_v
ingle,INGLE,5,noun,1592-,1592,3,conversion,"A lover, a sexual partner; esp. a boy or young…",printed date range,http://www.oed.com/dictionary/ingle_n2
lecture,LECTURE,7,verb,a1592-,1592,5,conversion,intransitive. To deliver a lecture or lectures…,printed date range,http://www.oed.com/dictionary/lecture_v
roguery,ROGUERY,7,noun,1592-,1592,3,derivative,An action or practice characteristic of a rogue…,printed date range,http://www.oed.com/dictionary/roguery_n
ass,ASS,3,verb,1593-,1593,4,conversion,intransitive. to ass around (or about): to fool…,printed date range,http://www.oed.com/dictionary/ass_v
beatifical,BEATIFICAL,10,"adjective, noun",1593-,1593,2,borrowing,"Of, relating to, or of the nature of divine or…",printed date range,http://www.oed.com/dictionary/beatifical_adj
Christmas,CHRISTMAS,9,verb,1594-,1594,3,conversion,intransitive. To celebrate Christmas; to spend…,printed date range,http://www.oed.com/dictionary/christmas_v
hot-livered,HOTLIVERED,10,adjective,1594-,1594,1,compound,"Excitable, irascible; cf. hot-tempered, adj. (b)…",printed date range,http://www.oed.com/dictionary/hot-livered_adj
tangent,TANGENT,7,"adjective, noun",1594-,1594,5,borrowing,Geometry. Of a line or surface in relation to…,printed date range,http://www.oed.com/dictionary/tangent_adj
waggle,WAGGLE,6,verb,1594-,1594,4,derivative,transitive. To move (anything held or fixed at…,printed date range,http://www.oed.com/dictionary/waggle_v
finger man,FINGERMAN,9,noun,1596-,1596,2,compound,†a. (Perhaps) a recipient or object of something…,printed date range,http://www.oed.com/dictionary/finger-man_n
flintful,FLINTFUL,8,adjective,1596-,1596,0,derivative,"= flinty, adj.",printed date range,http://www.oed.com/dictionary/flintful_adj
orthographize,ORTHOGRAPHIZE,13,verb,1596-,1596,1,derivative,intransitive. To follow or apply the rules of…,printed date range,http://www.oed.com/dictionary/orthographize_v
patience,PATIENCE,8,verb,1596-,1596,2,conversion,intransitive. To have or exercise patience.,printed date range,http://www.oed.com/dictionary/patience_v
shepherdhood,SHEPHERDHOOD,12,noun,1596-,1596,1,derivative,"(In quot.), the personality of a shepherd.",printed date range,http://www.oed.com/dictionary/shepherdhood_n
stagy,STAGY,5,adjective,1596-,1596,3,derivative,Characteristic or reminiscent of theatrical…,printed date range,http://www.oed.com/dictionary/stagy_adj
stigma,STIGMA,6,noun,1596-,1596,5,borrowing,figurative. A mark of disgrace or infamy; a sign…,printed date range,http://www.oed.com/dictionary/stigma_n
billable,BILLABLE,8,adjective,1597-,1597,4,derivative,Originally and chiefly North American. Esp. of…,printed date range,http://www.oed.com/dictionary/billable_adj
essay,ESSAY,5,noun,1597-,1597,6,borrowing,A composition of moderate length on any…,printed date range,http://www.oed.com/dictionary/essay_n
screw,SCREW,5,verb,?1597-,1597,5,conversion,transitive. To attach or fix with an inserted…,printed date range,http://www.oed.com/dictionary/screw_v
chuckle,CHUCKLE,7,verb,1598-,1598,5,derivative,To laugh in a suppressed manner; to laugh to…,printed date range,http://www.oed.com/dictionary/chuckle_v
enregistrate,ENREGISTRATE,12,adjective,c1598-,1598,0,derivative,Placed on permanent record.,printed date range,http://www.oed.com/dictionary/enregistrate_adj
expiscate,EXPISCATE,9,verb,1598-,1598,1,borrowing,"transitive. To ‘fish out’; hence, to find out by…",printed date range,http://www.oed.com/dictionary/expiscate_v
griever,GRIEVER,7,noun,1598-,1598,3,derivative,One who feels or shows grief.,printed date range,http://www.oed.com/dictionary/griever_n
heel,HEEL,4,verb,1598-,1598,4,conversion,"transitive. To provide (a stocking, shoe, etc.)…",printed date range,http://www.oed.com/dictionary/heel_v3
jure,JURE,4,verb,1598-,1598,4,backformation,"Used contextually with reference to juror, as if…",printed date range,http://www.oed.com/dictionary/jure_v
pistol,PISTOL,6,verb,1598-,1598,4,conversion,"transitive. To shoot (a person, etc.) with a…",printed date range,http://www.oed.com/dictionary/pistol_v
stroke,STROKE,6,verb,1598-,1598,4,conversion,transitive. To mark with streaks or stripes…,printed date range,http://www.oed.com/dictionary/stroke_v2
talkful,TALKFUL,7,"noun, adjective",1598-,1598,0,derivative,"Talkative, garrulous. colloquial or nonstandard…",printed date range,http://www.oed.com/dictionary/talkful_n
trenchmore,TRENCHMORE,10,verb,1598-,1598,1,conversion,(intransitive) to dance the trenchmore.,printed date range,http://www.oed.com/dictionary/trenchmore_v
eyelet hole,EYELETHOLE,10,noun,1599-,1599,2,compound,"= eyelet, n. 1a.",printed date range,http://www.oed.com/dictionary/eyelet-hole_n
thieve-friend,THIEVEFRIEND,12,noun,1599-,1599,0,compound,A friend of thieves.,printed date range,http://www.oed.com/dictionary/thieve-friend_n
Turkize,TURKIZE,7,verb,1599-,1599,1,derivative,transitive. To make Turkish in character or form…,printed date range,http://www.oed.com/dictionary/turkize_v
bellyship,BELLYSHIP,9,noun,1600-,1600,0,derivative,"The personality of the belly; cf. lordship, n…",printed date range,http://www.oed.com/dictionary/bellyship_n
defrock,DEFROCK,7,verb,1600-,1600,3,borrowing,transitive. To deprive (a person in holy orders)…,printed date range,http://www.oed.com/dictionary/defrock_v
Endymiony,ENDYMIONY,9,noun,1600-,1600,0,proper name,Sleepiness like that of Endymion.,printed date range,http://www.oed.com/dictionary/endymiony_n
extravagate,EXTRAVAGATE,11,verb,1600-,1600,2,borrowing,"intransitive. To wander away, stray, from, into…",printed date range,http://www.oed.com/dictionary/extravagate_v
frutify,FRUTIFY,7,verb,1600-,1600,1,variant,A comic blunder attributed to an illiterate…,printed date range,http://www.oed.com/dictionary/frutify_v
Israelize,ISRAELIZE,9,verb,1600-,1600,0,derivative,transitive. To make (a person or thing) Israeli…,printed date range,http://www.oed.com/dictionary/israelize_v
mulish,MULISH,6,adjective,1600-,1600,3,derivative,Characteristic of a mule; resembling a mule…,printed date range,http://www.oed.com/dictionary/mulish_adj
road,ROAD,4,verb,1600-,1600,3,conversion,transitive. Originally New Zealand. To provide…,printed date range,http://www.oed.com/dictionary/road_v1
white boy,WHITEBOY,8,noun,c1600-,1600,4,compound,Originally and chiefly in African American usage…,printed date range,http://www.oed.com/dictionary/white-boy_n
equivocal,EQUIVOCAL,9,"adjective, noun",1601-,1601,5,borrowing,"Of words, phrases, etc.: Having different…",printed date range,http://www.oed.com/dictionary/equivocal_adj
groundling,GROUNDLING,10,noun,1601-,1601,3,derivative,A frequenter of the ‘ground’ or pit of a theatre…,printed date range,http://www.oed.com/dictionary/groundling_n
illocal,ILLOCAL,7,adjective,1601-,1601,1,borrowing,"Not local, having no place or location in space.",printed date range,http://www.oed.com/dictionary/illocal_adj
independency,INDEPENDENCY,12,noun,a1601-,1601,4,derivative,The state or fact of being independent; =…,printed date range,http://www.oed.com/dictionary/independency_n
moon,MOON,4,verb,1601-,1601,4,conversion,colloquial. intransitive. To move or behave…,printed date range,http://www.oed.com/dictionary/moon_v
connive,CONNIVE,7,verb,1602-,1602,4,borrowing,To shut one's eyes to an action that one ought to…,printed date range,http://www.oed.com/dictionary/connive_v
Flushingize,FLUSHINGIZE,11,verb,1602-,1602,0,proper name,transitive. To make like an inhabitant of Flushing.,printed date range,http://www.oed.com/dictionary/flushingize_v
touchy,TOUCHY,6,adjective,1602-,1602,4,derivative,Highly sensitive in temper or disposition; easily…,printed date range,http://www.oed.com/dictionary/touchy_adj
dutiless,DUTILESS,8,adjective,a1603-,1603,2,derivative,Wanting in the performance of duty; undutiful…,printed date range,http://www.oed.com/dictionary/dutiless_adj
multitudinous,MULTITUDINOUS,13,adjective,1603-,1603,4,borrowing,With plural noun: existing in multitudes or great…,printed date range,http://www.oed.com/dictionary/multitudinous_adj
startle,STARTLE,7,noun,1603-,1603,3,conversion,A start of surprise or alarm; an experience of…,printed date range,http://www.oed.com/dictionary/startle_n
wiseacred,WISEACRED,9,adjective,1603-,1603,0,derivative,Having the character of a wiseacre (in quot. 1848…,printed date range,http://www.oed.com/dictionary/wiseacred_adj
galled,GALLED,6,adjective,1604-,1604,1,derivative,"Mixed with gall, made bitter.",printed date range,http://www.oed.com/dictionary/galled_adj1
cosmetic,COSMETIC,8,"adjective, noun",1605-,1605,5,borrowing,Of surgery: improving or modifying the…,printed date range,http://www.oed.com/dictionary/cosmetic_adj
frog,FROG,4,verb,1605-,1605,3,conversion,"intransitive, and transitive with it as object…",printed date range,http://www.oed.com/dictionary/frog_v
gallant,GALLANT,7,verb,1605-,1605,3,conversion,transitive. Of a man: to be charmingly attentive…,printed date range,http://www.oed.com/dictionary/gallant_v
kaily,KAILY,5,adjective,a1605-,1605,1,derivative,Having the characteristics of the ‘kailyard…,printed date range,http://www.oed.com/dictionary/kaily_adj
royalist,ROYALIST,8,"noun, adjective",1605-,1605,5,derivative,A supporter or adherent of a monarch or a…,printed date range,http://www.oed.com/dictionary/royalist_n
stercoration,STERCORATION,12,noun,1605-,1605,1,borrowing,The action or an act of manuring with dung.,printed date range,http://www.oed.com/dictionary/stercoration_n
stringent,STRINGENT,9,adjective,1605-,1605,5,borrowing,"Of regulations, procedure, requirements…",printed date range,http://www.oed.com/dictionary/stringent_adj
thirstless,THIRSTLESS,10,adjective,1605-,1605,2,derivative,Having no thirst; not thirsty.,printed date range,http://www.oed.com/dictionary/thirstless_adj
compend,COMPEND,7,verb,1606-,1606,2,conversion,To narrate briefly.,printed date range,http://www.oed.com/dictionary/compend_v
foreshorten,FORESHORTEN,11,verb,1606-,1606,4,derivative,transitive. Of the effect of visual perspective…,printed date range,http://www.oed.com/dictionary/foreshorten_v
individuity,INDIVIDUITY,11,noun,1606-,1606,1,borrowing,The fact or condition of being an individual…,printed date range,http://www.oed.com/dictionary/individuity_n
infernalship,INFERNALSHIP,12,noun,1606-,1606,0,derivative,The personality of an ‘infernal’.,printed date range,http://www.oed.com/dictionary/infernalship_n
first,FIRST,5,verb,1607-,1607,3,conversion,"transitive. To propose (a resolution), to be the…",printed date range,http://www.oed.com/dictionary/first_v
gnostic,GNOSTIC,7,"adjective, noun",1607-,1607,4,borrowing,Relating to knowledge; cognitive; intellectual.,printed date range,http://www.oed.com/dictionary/gnostic_adj
maritorious,MARITORIOUS,11,adjective,1607-,1607,1,borrowing,Displaying or characterized by such fondness.,printed date range,http://www.oed.com/dictionary/maritorious_adj
peeper,PEEPER,6,noun,1607-,1607,3,derivative,A person who peeps or peers; esp. one who pries…,printed date range,http://www.oed.com/dictionary/peeper_n2
seed crown,SEEDCROWN,9,noun,1607-,1607,1,compound,Botany. Originally: the pappus on a fruit or…,printed date range,http://www.oed.com/dictionary/seed-crown_n
buff,BUFF,4,verb,1608-,1608,3,shortening,In phrase to buff it. To play blind man's buff…,printed date range,http://www.oed.com/dictionary/buff_v5
monster,MONSTER,7,verb,1608-,1608,3,conversion,colloquial (originally Australian). transitive…,printed date range,http://www.oed.com/dictionary/monster_v
separatist,SEPARATIST,10,"noun, adjective",1608-,1608,5,derivative,One who advocates political separation; applied…,printed date range,http://www.oed.com/dictionary/separatist_n
sharking,SHARKING,8,adjective,1608-,1608,3,derivative,That ‘sharks’; †that oppresses by extortion…,printed date range,http://www.oed.com/dictionary/sharking_adj
trunk,TRUNK,5,verb,1608-,1608,3,conversion,To cover or enclose as with a casing; see quots.,printed date range,http://www.oed.com/dictionary/trunk_v2
caged,CAGED,5,adjective,1609-,1609,4,derivative,"Confined in, or as in, a cage. Also with in.",printed date range,http://www.oed.com/dictionary/caged_adj
mealiness,MEALINESS,9,noun,1609-,1609,3,derivative,The quality or condition of being mealy. Also in…,printed date range,http://www.oed.com/dictionary/mealiness_n
anti-Judaism,ANTIJUDAISM,11,noun,1610-,1610,0,derivative,"Opposition, hostility, or prejudice towards…",printed date range,http://www.oed.com/dictionary/anti-judaism_n
conterminant,CONTERMINANT,12,"adjective, noun",1610-,1610,1,borrowing,Terminating together (in time).,printed date range,http://www.oed.com/dictionary/conterminant_adj
drinkable,DRINKABLE,9,"adjective, noun",1611-,1611,4,derivative,"That may be drunk, suitable for drinking, potable.",printed date range,http://www.oed.com/dictionary/drinkable_adj
Gothic,GOTHIC,6,"adjective, noun",1611-,1611,5,borrowing,"Of, pertaining to, or concerned with the Goths or…",printed date range,http://www.oed.com/dictionary/gothic_adj
hayey,HAYEY,5,adjective,1611-,1611,1,derivative,Of the nature of or resembling hay.,printed date range,http://www.oed.com/dictionary/hayey_adj
synonymize,SYNONYMIZE,10,verb,1611-,1611,3,borrowing,To use synonyms; to express the same meaning by…,printed date range,http://www.oed.com/dictionary/synonymize_v
tremulous,TREMULOUS,9,adjective,1611-,1611,4,borrowing,"Of persons, their limbs, etc.: Characterized or…",printed date range,http://www.oed.com/dictionary/tremulous_adj
wafty,WAFTY,5,adjective,1611-,1611,2,derivative,Of the wind: That wafts a perfume.,printed date range,http://www.oed.com/dictionary/wafty_adj
whatness,WHATNESS,8,noun,1611-,1611,3,derivative,That which makes a thing what it is; essential…,printed date range,http://www.oed.com/dictionary/whatness_n
woodcockize,WOODCOCKIZE,11,verb,1611-,1611,0,derivative,"(transitive) to make a ‘woodcock’ of, to befool.",printed date range,http://www.oed.com/dictionary/woodcockize_v
meteoric,METEORIC,8,adjective,?1612-,1612,4,derivative,"Astronomy. Of, relating to, derived from, or…",printed date range,http://www.oed.com/dictionary/meteoric_adj
smockage,SMOCKAGE,8,noun,1612-,1612,0,derivative,(See quot. 1612.),printed date range,http://www.oed.com/dictionary/smockage_n
tavernly,TAVERNLY,8,adjective,1612-,1612,0,derivative,Smacking of the tavern.,printed date range,http://www.oed.com/dictionary/tavernly_adj
harbingership,HARBINGERSHIP,13,noun,1613-,1613,0,derivative,The office or position of a harbinger.,printed date range,http://www.oed.com/dictionary/harbingership_n
shelly,SHELLY,6,noun,1613-,1613,1,derivative,A shell.,printed date range,http://www.oed.com/dictionary/shelly_n
specialize,SPECIALIZE,10,verb,1613-,1613,6,derivative,"transitive. To make special, specific, or…",printed date range,http://www.oed.com/dictionary/specialize_v
stiletto,STILETTO,8,verb,1613-,1613,2,conversion,"transitive. To stab, esp. mortally, with a stiletto.",printed date range,http://www.oed.com/dictionary/stiletto_v
taurine,TAURINE,7,"adjective, noun",1613-,1613,4,borrowing,"Of, pertaining to, of the nature of, or…",printed date range,http://www.oed.com/dictionary/taurine_adj
Dagonals,DAGONALS,8,noun,1614-,1614,0,,(plural) rites or orgies in honour of Dagon.,printed date range,http://www.oed.com/dictionary/dagonals_n
contraband,CONTRABAND,10,verb,1615-,1615,2,conversion,intransitive. To smuggle.,printed date range,http://www.oed.com/dictionary/contraband_v1
dive-dopping,DIVEDOPPING,11,adjective,1615-,1615,0,,Diving or ducking like a dabchick.,printed date range,http://www.oed.com/dictionary/dive-dopping_adj
sancticolist,SANCTICOLIST,12,noun,1615-,1615,0,borrowing,A worshipper of saints.,printed date range,http://www.oed.com/dictionary/sancticolist_n
shapeful,SHAPEFUL,8,adjective,?1615-,1615,1,derivative,Shapely.,printed date range,http://www.oed.com/dictionary/shapeful_adj
bass,BASS,4,verb,a1616-,1616,3,conversion,To utter or proclaim with bass voice or sound.,printed date range,http://www.oed.com/dictionary/bass_v2
five-finger-tied,FIVEFINGERTIED,14,adjective,a1616-,1616,0,compound,? tied with all the fingers of the hand.,printed date range,http://www.oed.com/dictionary/five-finger-tied_adj
fleer,FLEER,5,noun,a1616-,1616,2,conversion,"A mocking look or speech; a sneer, a gibe…",printed date range,http://www.oed.com/dictionary/fleer_n2
fortune-tell,FORTUNETELL,11,verb,a1616-,1616,2,,"A back-formation from fortune-teller, n.",printed date range,http://www.oed.com/dictionary/fortune-tell_v
hipparchy,HIPPARCHY,9,noun,1616-,1616,2,borrowing,"Ancient Greek History. A unit of cavalry, spec…",printed date range,http://www.oed.com/dictionary/hipparchy_n
hobnob,HOBNOB,6,"adverb, interjection, adjective",a1616-,1616,2,variant,to drink hobnob and variants: to drink a toast…,printed date range,http://www.oed.com/dictionary/hobnob_adv
incidental,INCIDENTAL,10,"adjective, noun",1616-,1616,5,derivative,Occurring or liable to occur in fortuitous or…,printed date range,http://www.oed.com/dictionary/incidental_adj
kitchen,KITCHEN,7,verb,a1616-,1616,5,conversion,"intransitive and transitive. To prepare food, a…",printed date range,http://www.oed.com/dictionary/kitchen_v
lapse,LAPSE,5,verb,a1616-,1616,5,borrowing,"Law. Of a benefice, an estate, a right, etc.: To…",printed date range,http://www.oed.com/dictionary/lapse_v
mentalist,MENTALIST,9,"noun, adjective",1616-,1616,3,derivative,A person characterized by regard… A magician who…,printed date range,http://www.oed.com/dictionary/mentalist_n
pignut,PIGNUT,6,noun,a1616-,1616,3,compound,"The sweetish edible tuber of Conopodium majus, a…",printed date range,http://www.oed.com/dictionary/pignut_n
sacrificial,SACRIFICIAL,11,adjective,a1616-,1616,5,borrowing,Relating to or connected with sacrifice.,printed date range,http://www.oed.com/dictionary/sacrificial_adj
topping,TOPPING,7,"adjective, adverb",1616-,1616,3,derivative,colloquial (chiefly British). Of high quality…,printed date range,http://www.oed.com/dictionary/topping_adj
virgin,VIRGIN,6,verb,a1616-,1616,0,conversion,transitive with it as object. To be or behave…,printed date range,http://www.oed.com/dictionary/virgin_v
wailing robes,WAILINGROBES,12,noun,a1616-,1616,1,compound,Mourning garments.,printed date range,http://www.oed.com/dictionary/wailing-robes_n
Brownism,BROWNISM,8,noun,a1617-,1617,3,proper name,The system of church-government advocated 1581 by…,printed date range,http://www.oed.com/dictionary/brownism_n
dulically,DULICALLY,9,adverb,1617-,1617,0,derivative,By way of dulia.,printed date range,http://www.oed.com/dictionary/dulically_adv
Frederize,FREDERIZE,9,verb,1618-,1618,0,proper name,intransitive. To take the part of the Emperor…,printed date range,http://www.oed.com/dictionary/frederize_v
pipe playing,PIPEPLAYING,11,noun,a1618-,1618,2,compound,†a. The action of playing with a tobacco pipe…,printed date range,http://www.oed.com/dictionary/pipe-playing_n
punctuality,PUNCTUALITY,11,noun,1618-,1618,4,derivative,Exact observance of appointed times; the fact or…,printed date range,http://www.oed.com/dictionary/punctuality_n
stonage,STONAGE,7,noun,1618-,1618,1,derivative,Weight measured in stones.,printed date range,http://www.oed.com/dictionary/stonage_n
cardialgic,CARDIALGIC,10,adjective,1620-,1620,1,borrowing,"Of, relating to, or characterized by cardialgia…",printed date range,http://www.oed.com/dictionary/cardialgic_adj
plasm,PLASM,5,noun,1620-,1620,4,borrowing,"Biology. Protoplasm; cytoplasm; = plasma, n. 5.",printed date range,http://www.oed.com/dictionary/plasm_n
Leviticality,LEVITICALITY,12,noun,1621-,1621,0,derivative,Levitical character or obligation.,printed date range,http://www.oed.com/dictionary/leviticality_n
plant-animal,PLANTANIMAL,11,noun,1621-,1621,3,compound,An organism which has characteristics of both an…,printed date range,http://www.oed.com/dictionary/plant-animal_n
insulet,INSULET,7,noun,1622-,1622,0,borrowing,An islet.,printed date range,http://www.oed.com/dictionary/insulet_n
shanker,SHANKER,7,noun,1622-,1622,2,derivative,"One who makes, forms or finishes the shanks of…",printed date range,http://www.oed.com/dictionary/shanker_n
torturing-stock,TORTURINGSTOCK,14,noun,1622-,1622,0,compound,A person upon whom torture is inflicted.,printed date range,http://www.oed.com/dictionary/torturing-stock_n
compotant,COMPOTANT,9,noun,a1624-,1624,0,borrowing,"= compotator, n.",printed date range,http://www.oed.com/dictionary/compotant_n
gaggership,GAGGERSHIP,10,noun,1624-,1624,0,derivative,A mock title of address.,printed date range,http://www.oed.com/dictionary/gaggership_n
indistinction,INDISTINCTION,13,noun,1624-,1624,3,derivative,The fact of not distinguishing or making…,printed date range,http://www.oed.com/dictionary/indistinction_n
wine,WINE,4,verb,?1624-,1624,4,conversion,transitive. colloquial. To entertain (a person)…,printed date range,http://www.oed.com/dictionary/wine_v1
overpower,OVERPOWER,9,noun,1625-,1625,2,derivative,A superior or supreme power.,printed date range,http://www.oed.com/dictionary/overpower_n
port,PORT,4,verb,a1625-,1625,3,conversion,transitive. To bring (a ship or boat) to a port…,printed date range,http://www.oed.com/dictionary/port_v4
waistcoateer,WAISTCOATEER,12,noun,a1625-,1625,1,derivative,A person wearing a waistcoat of a specified fashion.,printed date range,http://www.oed.com/dictionary/waistcoateer_n
divelination,DIVELINATION,12,noun,a1626-,1626,0,blend,Divination by aid of the devil.,printed date range,http://www.oed.com/dictionary/divelination_n
vanquash,VANQUASH,8,verb,c1626-,1626,0,compound,transitive. To smash.,printed date range,http://www.oed.com/dictionary/vanquash_v
freshwoman,FRESHWOMAN,10,noun,a1627-,1627,2,compound,A female student in her first year at a…,printed date range,http://www.oed.com/dictionary/freshwoman_n
ganderous,GANDEROUS,9,adjective,1630-,1630,0,derivative,Pertaining to a gander.,printed date range,http://www.oed.com/dictionary/ganderous_adj
derelict,DERELICT,8,verb,a1631-,1631,3,borrowing,figurative. To fail to keep or observe; to fall…,printed date range,http://www.oed.com/dictionary/derelict_v
metatheology,METATHEOLOGY,12,noun,a1631-,1631,2,derivative,The philosophical study of the nature and methods…,printed date range,http://www.oed.com/dictionary/metatheology_n
moon time,MOONTIME,8,noun,1632-,1632,0,compound,The time at which menstruation occurs; a…,printed date range,http://www.oed.com/dictionary/moon-time_n
tremendous,TREMENDOUS,10,adjective,1632-,1632,6,borrowing,"Hyperbolically, or as a mere intensive: Such as…",printed date range,http://www.oed.com/dictionary/tremendous_adj
dumple,DUMPLE,6,verb,1633-,1633,2,backformation,To bend or compress into a dumpy shape.,printed date range,http://www.oed.com/dictionary/dumple_v
vandyking,VANDYKING,9,noun,1633-,1633,1,derivative,concrete. Vandyked material; work shaped in…,printed date range,http://www.oed.com/dictionary/vandyking_n
skunk,SKUNK,5,noun,1634-,1634,4,borrowing,"A weasel-like mammal of North America, Mephitis…",printed date range,http://www.oed.com/dictionary/skunk_n
dulian,DULIAN,6,adjective,1635-,1635,0,derivative,Pertaining to dulia.,printed date range,http://www.oed.com/dictionary/dulian_adj
essence,ESSENCE,7,verb,1635-,1635,3,conversion,transitive. To compress the essence of (a book) into.,printed date range,http://www.oed.com/dictionary/essence_v
hobby-horse,HOBBYHORSE,10,verb,1636-,1636,0,conversion,intransitive. To move in a way which is…,printed date range,http://www.oed.com/dictionary/hobby-horse_v
shameface,SHAMEFACE,9,noun,1636-,1636,1,compound,A bashful aspect.,printed date range,http://www.oed.com/dictionary/shameface_n
flameship,FLAMESHIP,9,noun,a1637-,1637,0,derivative,The personality or dignity of (the god of) flame.,printed date range,http://www.oed.com/dictionary/flameship_n
destruct,DESTRUCT,8,verb,a1638-,1638,4,borrowing,"= destroy, v. Also as n. attributive.",printed date range,http://www.oed.com/dictionary/destruct_v
extraneous,EXTRANEOUS,10,adjective,1638-,1638,5,borrowing,"External to, not comprised in or forming part of…",printed date range,http://www.oed.com/dictionary/extraneous_adj
pillarist,PILLARIST,9,noun,a1638-,1638,0,derivative,An ascetic who lives on a pillar; a stylite. Now rare.,printed date range,http://www.oed.com/dictionary/pillarist_n
concernable,CONCERNABLE,11,adjective,1639-,1639,1,derivative,Of concern; important. rare in later use.,printed date range,http://www.oed.com/dictionary/concernable_adj
evocate,EVOCATE,7,verb,1639-,1639,2,borrowing,"To call up (spirits) from the dead, (events) from…",printed date range,http://www.oed.com/dictionary/evocate_v
federally,FEDERALLY,9,adverb,1639-,1639,5,derivative,After the manner of a federation; by means of a…,printed date range,http://www.oed.com/dictionary/federally_adv
French,FRENCH,6,verb,1639-,1639,5,conversion,transitive. Cookery (now chiefly U.S.). To…,printed date range,http://www.oed.com/dictionary/french_v
hear-so,HEARSO,6,noun,1639-,1639,0,compound,One who has heard so: one who knows by hearsay.,printed date range,http://www.oed.com/dictionary/hear-so_n
fibulate,FIBULATE,8,verb,1640-,1640,1,borrowing,transitive. To put a button on (a foil).,printed date range,http://www.oed.com/dictionary/fibulate_v
gainless,GAINLESS,8,adjective,1640-,1640,2,derivative,Producing no gain; unprofitable; useless.,printed date range,http://www.oed.com/dictionary/gainless_adj2
see-saw,SEESAW,6,"interjection, noun, adjective",1640-,1640,4,compound,A piece of play equipment consisting of a long…,printed date range,http://www.oed.com/dictionary/see-saw_int
sword,SWORD,5,verb,a1640-,1640,4,conversion,"To strike, slash, or kill with a sword. Also…",printed date range,http://www.oed.com/dictionary/sword_v
incendiaryship,INCENDIARYSHIP,14,noun,1641-,1641,0,derivative,The office or personality of an incendiary.,printed date range,http://www.oed.com/dictionary/incendiaryship_n
literator,LITERATOR,9,noun,a1641-,1641,2,borrowing,A person engaged in literary pursuits; a writer…,printed date range,http://www.oed.com/dictionary/literator_n
shop club,SHOPCLUB,8,noun,a1641-,1641,2,compound,†a. (Probably) a club or cudgel regarded as the…,printed date range,http://www.oed.com/dictionary/shop-club_n
succenturiate,SUCCENTURIATE,13,adjective,1641-,1641,2,borrowing,Anatomy and Zoology. Of various anatomical…,printed date range,http://www.oed.com/dictionary/succenturiate_adj
unplunge,UNPLUNGE,8,verb,a1641-,1641,1,derivative,transitive. To raise from a plunged position or state.,printed date range,http://www.oed.com/dictionary/unplunge_v
councilist,COUNCILIST,10,noun,1642-,1642,0,derivative,A supporter or advocate of a council or councils…,printed date range,http://www.oed.com/dictionary/councilist_n
viraginian,VIRAGINIAN,10,"adjective, noun",1642-,1642,1,borrowing,"Designating a violent, overbearing, or…",printed date range,http://www.oed.com/dictionary/viraginian_adj
elapse,ELAPSE,6,verb,a1644-,1644,5,borrowing,"intransitive. Of time, a period of time: To slip…",printed date range,http://www.oed.com/dictionary/elapse_v
thesmophilist,THESMOPHILIST,13,noun,1644-,1644,0,borrowing,A lover of law.,printed date range,http://www.oed.com/dictionary/thesmophilist_n
biasing,BIASING,7,noun,1645-,1645,3,derivative,The action or fact of exerting an influence on a…,printed date range,http://www.oed.com/dictionary/biasing_n
cabal,CABAL,5,verb,1645-,1645,3,borrowing,intransitive. To join together or meet with…,printed date range,http://www.oed.com/dictionary/cabal_v
cored,CORED,5,adjective,1645-,1645,4,derivative,"Having a core, esp. of a specified kind…",printed date range,http://www.oed.com/dictionary/cored_adj
elusory,ELUSORY,7,adjective,1646-,1646,2,borrowing,"Tending to elude (a danger, argument, law, etc.)…",printed date range,http://www.oed.com/dictionary/elusory_adj
writing dust,WRITINGDUST,11,noun,1646-,1646,0,compound,"Sand, pounce (pounce, n.³ 1) or another powdery…",printed date range,http://www.oed.com/dictionary/writing-dust_n
ear guard,EARGUARD,8,noun,1647-,1647,2,compound,A protector for the ear. Chiefly in plural.,printed date range,http://www.oed.com/dictionary/ear-guard_n
gnat-sin,GNATSIN,7,noun,1647-,1647,0,compound,A trivial sin (in reference to Matthew 23: 24).,printed date range,http://www.oed.com/dictionary/gnat-sin_n
counter-band,COUNTERBAND,11,verb,1648-,1648,0,derivative,transitive. To band or form again (a disbanded army).,printed date range,http://www.oed.com/dictionary/counter-band_v
navarchy,NAVARCHY,8,noun,1648-,1648,1,borrowing,Ancient Greek History. The office or position of…,printed date range,http://www.oed.com/dictionary/navarchy_n
prance,PRANCE,6,noun,1648-,1648,3,conversion,The action of prancing; an instance of this; a…,printed date range,http://www.oed.com/dictionary/prance_n
scouress,SCOURESS,8,noun,1648-,1648,0,derivative,A female scourer.,printed date range,http://www.oed.com/dictionary/scouress_n
fiction,FICTION,7,verb,a1649-,1649,0,conversion,"transitive. To imagine, hypothesize, or invent…",printed date range,http://www.oed.com/dictionary/fiction_v
linguister,LINGUISTER,10,noun,a1649-,1649,2,variant,"An interpreter, a translator. Cf. linguist, n. 5.",printed date range,http://www.oed.com/dictionary/linguister_n
superannuate,SUPERANNUATE,12,verb,1649-,1649,3,borrowing,transitive. To make (something) antiquated or…,printed date range,http://www.oed.com/dictionary/superannuate_v
tavernry,TAVERNRY,8,noun,c1650-,1650,0,derivative,Tavern-expenses.,printed date range,http://www.oed.com/dictionary/tavernry_n
theosophy,THEOSOPHY,9,noun,1650-,1650,4,borrowing,"Applied to a system of recent origin, resembling…",printed date range,http://www.oed.com/dictionary/theosophy_n
breathable,BREATHABLE,10,"adjective, noun",1651-,1651,3,derivative,Fit or pleasant to breathe; suitable for breathing.,printed date range,http://www.oed.com/dictionary/breathable_adj
heterodogmatize,HETERODOGMATIZE,15,verb,1651-,1651,0,compound,intransitive to hold or pronounce an opinion…,printed date range,http://www.oed.com/dictionary/heterodogmatize_v
champkin,CHAMPKIN,8,noun,a1652-,1652,0,derivative,"(Cf. bumpkin, n.¹ 1.)",printed date range,http://www.oed.com/dictionary/champkin_n
fob,FOB,3,noun,a1652-,1652,4,unknown,A small pocket formerly made in the waistband of…,printed date range,http://www.oed.com/dictionary/fob_n2
Israelitize,ISRAELITIZE,11,verb,1652-,1652,0,derivative,transitive. To make (someone or something)…,printed date range,http://www.oed.com/dictionary/israelitize_v
jack coat,JACKCOAT,8,noun,1652-,1652,0,compound,"†a. Profession, class; cf. coat, n. I.3…",printed date range,http://www.oed.com/dictionary/jack-coat_n
logofascinated,LOGOFASCINATED,14,adjective,1652-,1652,1,borrowing,Fascinated by words.,printed date range,http://www.oed.com/dictionary/logofascinated_adj
logopandocie,LOGOPANDOCIE,12,noun,1652-,1652,0,borrowing,Readiness to admit words of all kinds.,printed date range,http://www.oed.com/dictionary/logopandocie_n
modish,MODISH,6,"adjective, noun",1652-,1652,4,derivative,Of a person: attentive to or following the mode…,printed date range,http://www.oed.com/dictionary/modish_adj
schematologetically,SCHEMATOLOGETICALLY,19,adverb,1652-,1652,0,borrowing,By means of figured language.,printed date range,http://www.oed.com/dictionary/schematologetically_adv
thalassometrician,THALASSOMETRICIAN,17,noun,1652-,1652,0,compound,One who measures the sea.,printed date range,http://www.oed.com/dictionary/thalassometrician_n
traitorling,TRAITORLING,11,noun,a1652-,1652,0,derivative,A petty or contemptible traitor.,printed date range,http://www.oed.com/dictionary/traitorling_n
tunicled,TUNICLED,8,adjective,1652-,1652,0,derivative,Enclosed in or as in a tunicle.,printed date range,http://www.oed.com/dictionary/tunicled_adj
whippant,WHIPPANT,8,adjective,1652-,1652,0,derivative,That is frequently whipped.,printed date range,http://www.oed.com/dictionary/whippant_adj
bollocking,BOLLOCKING,10,noun,1653-,1653,2,derivative,"slang. A severe reprimand, a scolding. Cf…",printed date range,http://www.oed.com/dictionary/bollocking_n
bounced,BOUNCED,7,adjective,1653-,1653,0,derivative,That has bounced or been bounced (in various…,printed date range,http://www.oed.com/dictionary/bounced_adj
cidentine,CIDENTINE,9,adjective,1653-,1653,0,borrowing,(See quot. 1653.),printed date range,http://www.oed.com/dictionary/cidentine_adj
gum-didder,GUMDIDDER,9,noun,1653-,1653,0,compound,The quivering or shivering of the gums (cf…,printed date range,http://www.oed.com/dictionary/gum-didder_n
kingfish,KINGFISH,8,noun,1653-,1653,3,compound,A name given to various fishes… Chiefly U.S…,printed date range,http://www.oed.com/dictionary/kingfish_n
lambdoidal,LAMBDOIDAL,10,adjective,1653-,1653,3,derivative,"Anatomy. lambdoidal suture (†commissure), the…",printed date range,http://www.oed.com/dictionary/lambdoidal_adj
pipe vein,PIPEVEIN,8,noun,1653-,1653,1,compound,†a. A vein of the body (obsolete (apparently an…,printed date range,http://www.oed.com/dictionary/pipe-vein_n
disrump,DISRUMP,7,verb,1654-,1654,0,derivative,transitive. To deprive of the rump.,printed date range,http://www.oed.com/dictionary/disrump_v2
como-graphy,COMOGRAPHY,10,noun,1655-,1655,0,borrowing,(See quot. 1655.),printed date range,http://www.oed.com/dictionary/como-graphy_n
handmaid,HANDMAID,8,verb,1655-,1655,2,conversion,transitive. To act as a handmaid to (a person or…,printed date range,http://www.oed.com/dictionary/handmaid_v
polyphone,POLYPHONE,9,noun,1655-,1655,2,borrowing,Phonetics. A written character having more than…,printed date range,http://www.oed.com/dictionary/polyphone_n
dissynagogue,DISSYNAGOGUE,12,verb,1656-,1656,0,derivative,transitive. To punish by casting out of the synagogue.,printed date range,http://www.oed.com/dictionary/dissynagogue_v
drollerical,DROLLERICAL,11,adjective,1656-,1656,0,derivative,Comical.,printed date range,http://www.oed.com/dictionary/drollerical_adj
elliptical,ELLIPTICAL,10,adjective,1656-,1656,5,derivative,Grammar. Of sentences and phrases: Defective…,printed date range,http://www.oed.com/dictionary/elliptical_adj
excutifidian,EXCUTIFIDIAN,12,noun,a1656-,1656,0,borrowing,‘One who believes that saving faith or grace can…,printed date range,http://www.oed.com/dictionary/excutifidian_n
Infanto-mastix,INFANTOMASTIX,13,noun,1656-,1656,0,compound,"A name given to St Augustine, in allusion to his…",printed date range,http://www.oed.com/dictionary/infanto-mastix_n
infinite,INFINITE,8,verb,1656-,1656,3,conversion,transitive. To render infinite; to infinitate.,printed date range,http://www.oed.com/dictionary/infinite_v
owl,OWL,3,verb,1656-,1656,3,conversion,intransitive. U.S. regional. To imitate the…,printed date range,http://www.oed.com/dictionary/owl_v
stratiote,STRATIOTE,9,noun,1656-,1656,3,borrowing,Chiefly Ancient History. A Greek soldier. rare.,printed date range,http://www.oed.com/dictionary/stratiote_n
syllabize,SYLLABIZE,9,verb,1656-,1656,2,borrowing,transitive. To form or divide into syllables; to…,printed date range,http://www.oed.com/dictionary/syllabize_v
Whig,WHIG,4,"noun, adjective",1657-,1657,5,shortening,"A member, supporter, or representative of the…",printed date range,http://www.oed.com/dictionary/whig_n2
experiential,EXPERIENTIAL,12,adjective,1658-,1658,5,borrowing,Of or relating to experience; (also) involving or…,printed date range,http://www.oed.com/dictionary/experiential_adj
water-wit,WATERWIT,8,noun,1658-,1658,1,compound,†a. (Perhaps) a person with only water for wits…,printed date range,http://www.oed.com/dictionary/water-wit_n
buzzardism,BUZZARDISM,10,noun,1659-,1659,0,derivative,Conduct resembling that of the buzzard; cowardice.,printed date range,http://www.oed.com/dictionary/buzzardism_n
celibate,CELIBATE,8,verb,1659-,1659,3,conversion,"transitive. To restrain from marriage, compel to…",printed date range,http://www.oed.com/dictionary/celibate_v
sing-sing,SINGSING,8,noun,1659-,1659,2,imitative,A singing or ringing sound.,printed date range,http://www.oed.com/dictionary/sing-sing_n1
uncritical,UNCRITICAL,10,"adjective, noun",1659-,1659,5,derivative,Lacking good judgement; undiscriminating…,printed date range,http://www.oed.com/dictionary/uncritical_adj
clericality,CLERICALITY,11,noun,1660-,1660,1,derivative,"The characteristics, position, or status of…",printed date range,http://www.oed.com/dictionary/clericality_n
collectable,COLLECTABLE,11,"adjective, noun",1660-,1660,3,derivative,"Of an object, work of art, etc.: worth…",printed date range,http://www.oed.com/dictionary/collectable_adj
coronated,CORONATED,9,adjective,1660-,1660,3,borrowing,Conchology. Of (part of) the spiral shell of a…,printed date range,http://www.oed.com/dictionary/coronated_adj
earmarking,EARMARKING,10,noun,1660-,1660,3,derivative,The practice of marking a sheep or other animal…,printed date range,http://www.oed.com/dictionary/earmarking_n
episcopomastix,EPISCOPOMASTIX,14,noun,1660-,1660,0,borrowing,A person who attacks the system of episcopal…,printed date range,http://www.oed.com/dictionary/episcopomastix_n
tactility,TACTILITY,9,noun,1660-,1660,3,derivative,The quality or condition of being tactile.,printed date range,http://www.oed.com/dictionary/tactility_n
talpify,TALPIFY,7,verb,1660-,1660,0,compound,(transitive) to make mole-like (in allusive use).,printed date range,http://www.oed.com/dictionary/talpify_v
earth hunger,EARTHHUNGER,11,noun,a1661-,1661,2,compound,Desire to possess land; greed for territory.,printed date range,http://www.oed.com/dictionary/earth-hunger_n
flip-flop,FLIPFLOP,8,"noun, adjective, adverb",1661-,1661,4,compound,Any of various informal backless shoes; now esp…,printed date range,http://www.oed.com/dictionary/flip-flop_n
fountainlet,FOUNTAINLET,11,noun,a1661-,1661,0,derivative,A little fountain.,printed date range,http://www.oed.com/dictionary/fountainlet_n
Turkic,TURKIC,6,"adjective, noun",1661-,1661,4,borrowing,Designating a large group of closely related…,printed date range,http://www.oed.com/dictionary/turkic_adj
cynarctomachy,CYNARCTOMACHY,13,noun,1663-,1663,1,borrowing,Fighting of dogs and bears; bear-baiting.,printed date range,http://www.oed.com/dictionary/cynarctomachy_n
discriminator,DISCRIMINATOR,13,noun,1663-,1663,4,borrowing,A person who perceives or notes distinctions or…,printed date range,http://www.oed.com/dictionary/discriminator_n
inobligality,INOBLIGALITY,12,noun,a1663-,1663,0,derivative,The quality of not being obligatory.,printed date range,http://www.oed.com/dictionary/inobligality_n
jingo,JINGO,5,"interjection, noun, adjective",1663-,1663,3,arbitrary,colloquial. by jingo: used to emphasize an…,printed date range,http://www.oed.com/dictionary/jingo_int
tory-rory,TORYRORY,8,"adjective, adverb, interjection, noun",1663-,1663,0,variant,Originally: that is a supporter of Charles II and…,printed date range,http://www.oed.com/dictionary/tory-rory_adj
arse,ARSE,4,verb,1664-,1664,3,conversion,to arse about. intransitive. To turn around so…,printed date range,http://www.oed.com/dictionary/arse_v
Israelism,ISRAELISM,9,noun,1664-,1664,0,derivative,Belief in or advocacy of any theory that a…,printed date range,http://www.oed.com/dictionary/israelism_n
shrowardly,SHROWARDLY,10,adverb,1664-,1664,0,compound,"= shrewdly, adv.",printed date range,http://www.oed.com/dictionary/shrowardly_adv
worthship,WORTHSHIP,9,noun,1664-,1664,2,derivative,The condition of being worthy or deserving; worthiness.,printed date range,http://www.oed.com/dictionary/worthship_n
fine-draw,FINEDRAW,8,verb,1665-,1665,1,compound,transitive. To draw or sew together (two pieces…,printed date range,http://www.oed.com/dictionary/fine-draw_v
syncopated,SYNCOPATED,10,adjective,1665-,1665,4,borrowing,Music. Characterized by syncopation.,printed date range,http://www.oed.com/dictionary/syncopated_adj
Trojanry,TROJANRY,8,noun,1665-,1665,0,derivative,Body or company of Trojans.,printed date range,http://www.oed.com/dictionary/trojanry_n
futurality,FUTURALITY,10,noun,1666-,1666,0,derivative,The quality or condition of being in or of the…,printed date range,http://www.oed.com/dictionary/futurality_n
expressionist,EXPRESSIONIST,13,"noun, adjective",1667-,1667,4,derivative,"An artist, composer, writer, etc., whose work…",printed date range,http://www.oed.com/dictionary/expressionist_n
disdeserve,DISDESERVE,10,verb,1668-,1668,0,derivative,transitive. To do the reverse of deserving; to…,printed date range,http://www.oed.com/dictionary/disdeserve_v
deputator,DEPUTATOR,9,noun,1669-,1669,1,borrowing,One who deputes another to act for him or her.,printed date range,http://www.oed.com/dictionary/deputator_n
flatus,FLATUS,6,noun,1669-,1669,4,borrowing,Pathology. An accumulation or development of wind…,printed date range,http://www.oed.com/dictionary/flatus_n
laityship,LAITYSHIP,9,noun,1670-,1670,0,derivative,The position or personality of one of the laity…,printed date range,http://www.oed.com/dictionary/laityship_n
pregustator,PREGUSTATOR,11,noun,1670-,1670,0,borrowing,Esp. in ancient Rome: a person whose function is…,printed date range,http://www.oed.com/dictionary/pregustator_n
text divider,TEXTDIVIDER,11,noun,1670-,1670,0,compound,"A mark, symbol, typographical feature, etc., used…",printed date range,http://www.oed.com/dictionary/text-divider_n
chicane,CHICANE,7,verb,1671-,1671,2,borrowing,intransitive. To use deception or subterfuge to…,printed date range,http://www.oed.com/dictionary/chicane_v
turnpike,TURNPIKE,8,verb,1672-,1672,0,conversion,transitive. To erect turnpikes on (a road); to…,printed date range,http://www.oed.com/dictionary/turnpike_v
cabinetwork,CABINETWORK,11,noun,1673-,1673,0,compound,Cabinets collectively; a collection of cabinets…,printed date range,http://www.oed.com/dictionary/cabinetwork_n
threnothriambics,THRENOTHRIAMBICS,16,noun,1673-,1673,0,borrowing,Verses in which lamentation and triumph are combined.,printed date range,http://www.oed.com/dictionary/threnothriambics_n
twenty-four,TWENTYFOUR,10,noun,1673-,1673,5,compound,A sheet folded into 24 leaves; a form of type for…,printed date range,http://www.oed.com/dictionary/twenty-four_n
we-ship,WESHIP,6,noun,1673-,1673,0,derivative,"his we-ship, a mock title applied to a writer who…",printed date range,http://www.oed.com/dictionary/we-ship_n
inmostness,INMOSTNESS,10,noun,1674-,1674,0,derivative,"The inmost essence or nature (cf. inwardness, n.).",printed date range,http://www.oed.com/dictionary/inmostness_n
half-boarder,HALFBOARDER,11,noun,1675-,1675,2,compound,"A person who receives half-board (half-board, n…",printed date range,http://www.oed.com/dictionary/half-boarder_n
mechanize,MECHANIZE,9,verb,1675-,1675,5,derivative,transitive. To introduce machinery in or into (a…,printed date range,http://www.oed.com/dictionary/mechanize_v
right-eye,RIGHTEYE,8,adjective,1675-,1675,3,compound,Of or relating to the right eye of a person or…,printed date range,http://www.oed.com/dictionary/right-eye_adj
Caiaphat,CAIAPHAT,8,noun,1676-,1676,2,proper name,A high-priesthood like that of Caiaphas (see John…,printed date range,http://www.oed.com/dictionary/caiaphat_n
candle,CANDLE,6,verb,1676-,1676,3,conversion,To test by allowing the light of a candle to…,printed date range,http://www.oed.com/dictionary/candle_v
dragman,DRAGMAN,7,noun,a1676-,1676,0,compound,U.S. A cattle herder who drives the slow-moving…,printed date range,http://www.oed.com/dictionary/dragman_n
experimentalist,EXPERIMENTALIST,15,"noun, adjective",1677-,1677,4,derivative,A person who tries out or advocates new and…,printed date range,http://www.oed.com/dictionary/experimentalist_n
subaqueous,SUBAQUEOUS,10,adjective,1677-,1677,4,borrowing,"Existing, formed, or constructed underwater.",printed date range,http://www.oed.com/dictionary/subaqueous_adj
bestialist,BESTIALIST,10,noun,1678-,1678,1,derivative,A person who has sexual intercourse with an animal.,printed date range,http://www.oed.com/dictionary/bestialist_n
thematizing,THEMATIZING,11,noun,1678-,1678,0,derivative,"The action or fact of selecting, presenting, or…",printed date range,http://www.oed.com/dictionary/thematizing_n
bone charcoal,BONECHARCOAL,12,noun,1679-,1679,2,compound,†a. A blackened tooth (obsolete); b. a form of…,printed date range,http://www.oed.com/dictionary/bone-charcoal_n
fictioner,FICTIONER,9,noun,a1680-,1680,1,derivative,A writer of fiction; a novelist. Also: a person…,printed date range,http://www.oed.com/dictionary/fictioner_n
towser,TOWSER,6,verb,c1680-,1680,1,conversion,(transitive) to worry as a dog does.,printed date range,http://www.oed.com/dictionary/towser_v
centuriation,CENTURIATION,12,noun,1681-,1681,3,borrowing,"Roman History. The method, process, or practice…",printed date range,http://www.oed.com/dictionary/centuriation_n
knightify,KNIGHTIFY,9,verb,1682-,1682,0,derivative,"transitive. = knight, v.",printed date range,http://www.oed.com/dictionary/knightify_v
texter,TEXTER,6,noun,1682-,1682,2,derivative,A person who sends an electronic text message…,printed date range,http://www.oed.com/dictionary/texter_n
tranquillify,TRANQUILLIFY,12,verb,1683-,1683,0,borrowing,"transitive. = tranquillize, v. 1.",printed date range,http://www.oed.com/dictionary/tranquillify_v
iconistically,ICONISTICALLY,13,adverb,1684-,1684,0,derivative,"In the manner of an icon, image, or figure; as an…",printed date range,http://www.oed.com/dictionary/iconistically_adv
epochate,EPOCHATE,8,noun,1685-,1685,0,derivative,The position of being the ‘epoch’ of a computation.,printed date range,http://www.oed.com/dictionary/epochate_n
polypetalous,POLYPETALOUS,12,adjective,1687-,1687,2,compound,Botany. Originally: †having many petals…,printed date range,http://www.oed.com/dictionary/polypetalous_adj
floggation,FLOGGATION,10,noun,1688-,1688,0,derivative,"Flogging, a punishment by flogging.",printed date range,http://www.oed.com/dictionary/floggation_n
fobbery,FOBBERY,7,noun,1688-,1688,0,derivative,Something of the nature of a pretence; a sham.,printed date range,http://www.oed.com/dictionary/fobbery_n
incoexistence,INCOEXISTENCE,13,noun,1690-,1690,0,derivative,Absence of coexistence; the fact of not existing…,printed date range,http://www.oed.com/dictionary/incoexistence_n
campaign,CAMPAIGN,8,verb,1692-,1692,5,conversion,intransitive. Originally U.S. To engage in…,printed date range,http://www.oed.com/dictionary/campaign_v
windmill,WINDMILL,8,verb,1694-,1694,3,conversion,transitive. To move (something) rapidly around in…,printed date range,http://www.oed.com/dictionary/windmill_v
providentialist,PROVIDENTIALIST,15,"noun, adjective",1695-,1695,3,derivative,"A believer in the predestination of events, esp…",printed date range,http://www.oed.com/dictionary/providentialist_n
sweep-all,SWEEPALL,8,noun,1695-,1695,0,compound,"One who ‘sweeps up’ or appropriates all, =…",printed date range,http://www.oed.com/dictionary/sweep-all_n
infiniteth,INFINITETH,10,adjective,1696-,1696,0,derivative,Used as the ordinal numeral corresponding to…,printed date range,http://www.oed.com/dictionary/infiniteth_adj
mob,MOB,3,verb,1696-,1696,4,conversion,"transitive. To attack or surround in, or as in, a…",printed date range,http://www.oed.com/dictionary/mob_v2
conventionally,CONVENTIONALLY,14,adverb,1697-,1697,5,derivative,"In a way which follows practice, custom, or…",printed date range,http://www.oed.com/dictionary/conventionally_adv
convolute,CONVOLUTE,9,verb,1698-,1698,4,borrowing,"To coil up, form into a coiled or twisted shape…",printed date range,http://www.oed.com/dictionary/convolute_v
hyperbole,HYPERBOLE,9,verb,1698-,1698,3,conversion,"(intransitive) to use hyperbole, to exaggerate.",printed date range,http://www.oed.com/dictionary/hyperbole_v
eupeptic,EUPEPTIC,8,"adjective, noun",1699-,1699,2,borrowing,Having a good digestion.,printed date range,http://www.oed.com/dictionary/eupeptic_adj
cascade,CASCADE,7,verb,1702-,1702,5,conversion,intransitive. To fall or pour in a cascade.,printed date range,http://www.oed.com/dictionary/cascade_v
secede,SECEDE,6,verb,1702-,1702,5,borrowing,"To withdraw formally from an alliance, an…",printed date range,http://www.oed.com/dictionary/secede_v
Tophetize,TOPHETIZE,9,verb,1702-,1702,0,derivative,(transitive) to make a Tophet or hell of.,printed date range,http://www.oed.com/dictionary/tophetize_v
flirtship,FLIRTSHIP,9,noun,1703-,1703,0,derivative,A period of repeated flirtatious behaviour…,printed date range,http://www.oed.com/dictionary/flirtship_n
negative,NEGATIVE,8,verb,1706-,1706,4,conversion,transitive. U.S. To reject (a person proposed for…,printed date range,http://www.oed.com/dictionary/negative_v
suctionist,SUCTIONIST,10,noun,1707-,1707,0,derivative,A person who favours a theory of suction.,printed date range,http://www.oed.com/dictionary/suctionist_n
friarship,FRIARSHIP,9,noun,1708-,1708,1,derivative,A mock title applied to a friar or monk.,printed date range,http://www.oed.com/dictionary/friarship_n
incuba,INCUBA,6,noun,1708-,1708,2,variant,"A female incubus (see incubus, n. 1).",printed date range,http://www.oed.com/dictionary/incuba_n
invincibleship,INVINCIBLESHIP,14,noun,1708-,1708,0,derivative,Used as a mock title for one said to be invincible.,printed date range,http://www.oed.com/dictionary/invincibleship_n
whenness,WHENNESS,8,noun,1710-,1710,1,derivative,Condition in respect of time.,printed date range,http://www.oed.com/dictionary/whenness_n
whisperation,WHISPERATION,12,noun,1710-,1710,0,derivative,Whispering.,printed date range,http://www.oed.com/dictionary/whisperation_n
whisperhood,WHISPERHOOD,11,noun,1710-,1710,1,derivative,"The condition of being a whisper (in whisper, n. 2).",printed date range,http://www.oed.com/dictionary/whisperhood_n
heteroptics,HETEROPTICS,11,noun,1711-,1711,0,compound,(See quot. 1711).,printed date range,http://www.oed.com/dictionary/heteroptics_n
Alemannian,ALEMANNIAN,10,"adjective, noun",1712-,1712,2,borrowing,A member of the Alemanni (historical). Also…,printed date range,http://www.oed.com/dictionary/alemannian_adj
Daedalist,DAEDALIST,9,noun,1713-,1713,0,proper name,An imitator of Dædalus.,printed date range,http://www.oed.com/dictionary/daedalist_n
dimpler,DIMPLER,7,noun,1713-,1713,1,derivative,A person who has dimples on their cheeks when…,printed date range,http://www.oed.com/dictionary/dimpler_n
eternitize,ETERNITIZE,10,verb,a1713-,1713,0,derivative,"= eternalize, v.",printed date range,http://www.oed.com/dictionary/eternitize_v
breast-beater,BREASTBEATER,12,noun,1715-,1715,2,compound,A person who is given to exaggerated…,printed date range,http://www.oed.com/dictionary/breast-beater_n
syncopist,SYNCOPIST,9,noun,1715-,1715,0,derivative,One who syncopates a word; spec. one who omits…,printed date range,http://www.oed.com/dictionary/syncopist_n
hypocycle,HYPOCYCLE,9,noun,1716-,1716,0,derivative,"(See quot. 1716, and cf. epicycle, n.).",printed date range,http://www.oed.com/dictionary/hypocycle_n
secularist,SECULARIST,10,noun,1716-,1716,4,derivative,An adherent of secularism.,printed date range,http://www.oed.com/dictionary/secularist_n
whiskerer,WHISKERER,9,noun,1717-,1717,0,derivative,A man who wears whiskers.,printed date range,http://www.oed.com/dictionary/whiskerer_n
constability,CONSTABILITY,12,noun,1719-,1719,0,borrowing,The office of constable; constableship.,printed date range,http://www.oed.com/dictionary/constability_n
what-like,WHATLIKE,8,adjective,1719-,1719,0,,interrogative. Of what appearance or aspect; of…,printed date range,http://www.oed.com/dictionary/what-like_adj
infinituple,INFINITUPLE,11,adjective,1722-,1722,0,borrowing,Infinitely as much or many; an infinite number of…,printed date range,http://www.oed.com/dictionary/infinituple_adj
cantata,CANTATA,7,noun,1724-,1724,4,borrowing,"Originally, a narrative in verse set to…",printed date range,http://www.oed.com/dictionary/cantata_n
septime,SEPTIME,7,noun,1725-,1725,2,borrowing,"A seventh (seventh, n. C.3). Also as a modifier…",printed date range,http://www.oed.com/dictionary/septime_n1
syllabic,SYLLABIC,8,"adjective, noun",1728-,1728,4,borrowing,"Of, pertaining or relating to, a syllable or syllables.",printed date range,http://www.oed.com/dictionary/syllabic_adj
detonate,DETONATE,8,verb,1729-,1729,4,borrowing,intransitive. To produce a loud noise by the…,printed date range,http://www.oed.com/dictionary/detonate_v
half-jack,HALFJACK,8,noun,1729-,1729,1,compound,South African. A half-bottle (now 375…,printed date range,http://www.oed.com/dictionary/half-jack_n2
carnivoracity,CARNIVORACITY,13,noun,1730-,1730,1,borrowing,Appetite for flesh.,printed date range,http://www.oed.com/dictionary/carnivoracity_n
Thomisticate,THOMISTICATE,12,verb,1730-,1730,0,derivative,(intransitive) to argue or discourse in the…,printed date range,http://www.oed.com/dictionary/thomisticate_v
tip-top-gallant,TIPTOPGALLANT,13,adjective,1730-,1730,0,compound,Of superlatively high rank or quality.,printed date range,http://www.oed.com/dictionary/tip-top-gallant_adj
topscript,TOPSCRIPT,9,noun,1731-,1731,0,compound,Something written at the top of a letter.,printed date range,http://www.oed.com/dictionary/topscript_n
memorandum head,MEMORANDUMHEAD,14,noun,1732-,1732,0,compound,†a. A good head for making mental notes; b…,printed date range,http://www.oed.com/dictionary/memorandum-head_n
bethel,BETHEL,6,verb,a1734-,1734,1,proper name,(See quot. 1734.),printed date range,http://www.oed.com/dictionary/bethel_v
declinant,DECLINANT,9,"adjective, noun",a1734-,1734,2,borrowing,Declining.,printed date range,http://www.oed.com/dictionary/declinant_adj
latifundian,LATIFUNDIAN,11,adjective,a1734-,1734,2,derivative,Possessing large estates.,printed date range,http://www.oed.com/dictionary/latifundian_adj
vox pop,VOXPOP,6,noun,1735-,1735,3,shortening,The voice of the people; esp. (a) the views or…,printed date range,http://www.oed.com/dictionary/vox-pop_n
aleing,ALEING,6,noun,c1736-,1736,1,derivative,English regional (south-eastern). A social…,printed date range,http://www.oed.com/dictionary/aleing_n
meist,MEIST,5,noun,1737-,1737,4,derivative,An egotist.,printed date range,http://www.oed.com/dictionary/meist_n
shallop,SHALLOP,7,verb,1737-,1737,1,conversion,intransitive. To sail or row in a shallop.,printed date range,http://www.oed.com/dictionary/shallop_v
shellery,SHELLERY,8,noun,1737-,1737,0,derivative,A depreciatory name for: A grotto.,printed date range,http://www.oed.com/dictionary/shellery_n
snob,SNOB,4,"noun, adjective",1737-,1737,4,unknown,A person who strives to be recognized as having…,printed date range,http://www.oed.com/dictionary/snob_n1
engineer,ENGINEER,8,verb,1738-,1738,6,conversion,transitive. To use specialized knowledge or…,printed date range,http://www.oed.com/dictionary/engineer_v
glue stick,GLUESTICK,9,noun,1738-,1738,3,compound,"A stick of solid glue, designed to be rubbed…",printed date range,http://www.oed.com/dictionary/glue-stick_n
inferencer,INFERENCER,10,noun,1738-,1738,2,derivative,One who draws an inference.,printed date range,http://www.oed.com/dictionary/inferencer_n
couplet,COUPLET,7,verb,a1739-,1739,3,conversion,to couplet it: to compose couplets.,printed date range,http://www.oed.com/dictionary/couplet_v
dramatize,DRAMATIZE,9,verb,1741-,1741,5,borrowing,transitive. To convert (a literary work) into a…,printed date range,http://www.oed.com/dictionary/dramatize_v
first sight,FIRSTSIGHT,10,noun,1741-,1741,5,compound,"a. See at first sight at sight, n.¹ II.6a, love…",printed date range,http://www.oed.com/dictionary/first-sight_n
flatterable,FLATTERABLE,11,adjective,1742-,1742,1,derivative,"That may be flattered, susceptible to flattery.",printed date range,http://www.oed.com/dictionary/flatterable_adj
leucocholy,LEUCOCHOLY,10,noun,1742-,1742,1,,(See quot.).,printed date range,http://www.oed.com/dictionary/leucocholy_n
wittified,WITTIFIED,9,adjective,1742-,1742,0,derivative,Possessed of wit.,printed date range,http://www.oed.com/dictionary/wittified_adj
parsoned,PARSONED,8,adjective,1743-,1743,1,derivative,"Of a parish, etc.: provided with a parson. rare.",printed date range,http://www.oed.com/dictionary/parsoned_adj
lobster-night,LOBSTERNIGHT,12,noun,a1744-,1744,1,compound,? a night celebrated by a lobster supper.,printed date range,http://www.oed.com/dictionary/lobster-night_n
Caligulism,CALIGULISM,10,noun,1745-,1745,0,proper name,A mad extravagance such as Caligula committed.,printed date range,http://www.oed.com/dictionary/caligulism_n
lozenge-coach,LOZENGECOACH,12,noun,1746-,1746,0,compound,A coach with the owner's coat of arms emblazoned…,printed date range,http://www.oed.com/dictionary/lozenge-coach_n
mistressly,MISTRESSLY,10,adjective,1747-,1747,1,derivative,Resembling or characteristic of a woman…,printed date range,http://www.oed.com/dictionary/mistressly_adj
mushroom,MUSHROOM,8,verb,1747-,1747,4,conversion,"intransitive. To increase, develop, or spread rapidly.",printed date range,http://www.oed.com/dictionary/mushroom_v
scramblement,SCRAMBLEMENT,12,noun,1747-,1747,0,derivative,The action or an act of scrambling.,printed date range,http://www.oed.com/dictionary/scramblement_n
stop-short,STOPSHORT,9,adjective,1747-,1747,1,compound,That stops short of its proper object.,printed date range,http://www.oed.com/dictionary/stop-short_adj
indifferenced,INDIFFERENCED,13,adjective,1748-,1748,1,derivative,"Covered over with indifference, having an outward…",printed date range,http://www.oed.com/dictionary/indifferenced_adj
parade,PARADE,6,verb,1748-,1748,5,conversion,"intransitive. Of troops, etc.: to assemble for…",printed date range,http://www.oed.com/dictionary/parade_v
surmisant,SURMISANT,9,noun,1748-,1748,0,derivative,A surmiser.,printed date range,http://www.oed.com/dictionary/surmisant_n
knick-knackically,KNICKKNACKICALLY,16,adverb,1749-,1749,0,derivative,"In a knick-knackish way, frivolously.",printed date range,http://www.oed.com/dictionary/knick-knackically_adv
tarhood,TARHOOD,7,noun,1749-,1749,0,derivative,The general body of sailors; sailors collectively.,printed date range,http://www.oed.com/dictionary/tarhood_n
diamond,DIAMOND,7,verb,1751-,1751,2,conversion,To make glittering like a diamond.,printed date range,http://www.oed.com/dictionary/diamond_v
post-obit,POSTOBIT,8,"noun, adjective",1751-,1751,2,borrowing,Taking effect after someone's death. Esp. in…,printed date range,http://www.oed.com/dictionary/post-obit_n
trousered,TROUSERED,9,adjective,1752-,1752,0,derivative,Wearing or dressed in trousers (in various…,printed date range,http://www.oed.com/dictionary/trousered_adj
intermingledom,INTERMINGLEDOM,14,noun,1753-,1753,1,derivative,"= interminglement, n.",printed date range,http://www.oed.com/dictionary/intermingledom_n
reflectorial,REFLECTORIAL,12,adjective,1753-,1753,1,derivative,"Physiology. = reflex, adj. I.3. rare.",printed date range,http://www.oed.com/dictionary/reflectorial_adj
strangleable,STRANGLEABLE,12,adjective,1753-,1753,0,derivative,Capable of being strangled.,printed date range,http://www.oed.com/dictionary/strangleable_adj
extravaganza,EXTRAVAGANZA,12,noun,1754-,1754,4,borrowing,"A composition, literary, musical or dramatic, of…",printed date range,http://www.oed.com/dictionary/extravaganza_n
littered,LITTERED,8,adjective,1754-,1754,4,derivative,"Employed or strewn as litter; also, scattered in…",printed date range,http://www.oed.com/dictionary/littered_adj
parallelist,PARALLELIST,11,noun,1754-,1754,3,derivative,A person who draws parallels or comparisons. Also…,printed date range,http://www.oed.com/dictionary/parallelist_n
rusk,RUSK,4,verb,1754-,1754,2,conversion,transitive. To toast or crisp (bread or cake)…,printed date range,http://www.oed.com/dictionary/rusk_v2
scolding-stock,SCOLDINGSTOCK,13,noun,a1754-,1754,1,compound,An object for scolding.,printed date range,http://www.oed.com/dictionary/scolding-stock_n
throw-over,THROWOVER,9,"adjective, noun",1754-,1754,2,conversion,Of a piece of material: that can be draped or…,printed date range,http://www.oed.com/dictionary/throw-over_adj
visitment,VISITMENT,9,noun,1754-,1754,0,derivative,A visit or visitation.,printed date range,http://www.oed.com/dictionary/visitment_n
grimalkined,GRIMALKINED,11,adjective,1756-,1756,0,derivative,Vexed by a ‘grimalkin’.,printed date range,http://www.oed.com/dictionary/grimalkined_adj
mortar-man,MORTARMAN,9,noun,1756-,1756,3,compound,†a. An apothecary (obsolete); b. Military a…,printed date range,http://www.oed.com/dictionary/mortar-man_n
tariff,TARIFF,6,verb,1756-,1756,4,conversion,transitive. To subject to a tariff-duty; to fix…,printed date range,http://www.oed.com/dictionary/tariff_v
turtle,TURTLE,6,verb,a1756-,1756,3,conversion,intransitive. To catch or ‘fish’ for turtle.,printed date range,http://www.oed.com/dictionary/turtle_v2
exulting,EXULTING,8,adjective,1757-,1757,3,derivative,"That exults; exultant, triumphantly joyful.",printed date range,http://www.oed.com/dictionary/exulting_adj
criticality,CRITICALITY,11,noun,1758-,1758,4,derivative,Nuclear Physics. The state of a nuclear reactor…,printed date range,http://www.oed.com/dictionary/criticality_n
cup holder,CUPHOLDER,9,noun,1759-,1759,4,compound,A receptacle for holding a cup. Now: esp. a…,printed date range,http://www.oed.com/dictionary/cup-holder_n
box head,BOXHEAD,7,noun,1760-,1760,2,compound,Originally Printing. An indented heading in a…,printed date range,http://www.oed.com/dictionary/box-head_n
incumbentess,INCUMBENTESS,12,noun,1760-,1760,0,derivative,A female incumbent or occupant.,printed date range,http://www.oed.com/dictionary/incumbentess_n
squirtical,SQUIRTICAL,10,adjective,1761-,1761,0,derivative,Concerned with a squirt or syringe.,printed date range,http://www.oed.com/dictionary/squirtical_adj
lackeyed,LACKEYED,8,adjective,1762-,1762,1,derivative,Attended by lackeys.,printed date range,http://www.oed.com/dictionary/lackeyed_adj
stem-house,STEMHOUSE,9,noun,1762-,1762,0,compound,The ancestral mansion of a family.,printed date range,http://www.oed.com/dictionary/stem-house_n
horse-laugh,HORSELAUGH,10,verb,1763-,1763,2,conversion,(intransitive) to give vent to a horse-laugh or a…,printed date range,http://www.oed.com/dictionary/horse-laugh_v
sweetmeat,SWEETMEAT,9,verb,1764-,1764,3,conversion,transitive. To ornament or decorate (something)…,printed date range,http://www.oed.com/dictionary/sweetmeat_v
iracundulous,IRACUNDULOUS,12,adjective,1765-,1765,0,borrowing,Inclined to anger; irascible.,printed date range,http://www.oed.com/dictionary/iracundulous_adj
liberalize,LIBERALIZE,10,verb,1765-,1765,5,derivative,transitive. Economics. To remove or loosen…,printed date range,http://www.oed.com/dictionary/liberalize_v
lilac-tide,LILACTIDE,9,noun,1765-,1765,1,compound,The time when lilac is in bloom.,printed date range,http://www.oed.com/dictionary/lilac-tide_n
sweet sixteen,SWEETSIXTEEN,12,noun,?1765-,1765,2,compound,Originally and chiefly North American. A girl's…,printed date range,http://www.oed.com/dictionary/sweet-sixteen_n
tutorial,TUTORIAL,8,"adjective, noun",1766-,1766,5,borrowing,Of or pertaining to a teacher or instructor; esp…,printed date range,http://www.oed.com/dictionary/tutorial_adj
viricide,VIRICIDE,8,noun,1766-,1766,2,borrowing,The slaying of men or of husbands.,printed date range,http://www.oed.com/dictionary/viricide_n1
rapster,RAPSTER,7,noun,1767-,1767,1,derivative,"colloquial (originally U.S.). = rapper, n. II.6b.",printed date range,http://www.oed.com/dictionary/rapster_n
sniveldom,SNIVELDOM,9,noun,1767-,1767,0,derivative,A slight cold causing one to snivel.,printed date range,http://www.oed.com/dictionary/sniveldom_n
indifferencist,INDIFFERENCIST,14,noun,1768-,1768,0,derivative,One who maintains the indifference or…,printed date range,http://www.oed.com/dictionary/indifferencist_n
laddess,LADDESS,7,noun,1768-,1768,1,derivative,"A girl, lass.",printed date range,http://www.oed.com/dictionary/laddess_n
mothersickness,MOTHERSICKNESS,14,noun,1768-,1768,0,compound,"Hysteria. Cf. mothersick, adj. 1.",printed date range,http://www.oed.com/dictionary/mothersickness_n
benefactorate,BENEFACTORATE,13,verb,1769-,1769,0,derivative,To act the benefactor to; to benefaction.,printed date range,http://www.oed.com/dictionary/benefactorate_v
stealage,STEALAGE,8,noun,1769-,1769,1,derivative,Losses due to stealing.,printed date range,http://www.oed.com/dictionary/stealage_n
deorsum,DEORSUM,7,adverb,1770-,1770,3,borrowing,Downward.,printed date range,http://www.oed.com/dictionary/deorsum_adv
shackledom,SHACKLEDOM,10,noun,1771-,1771,0,derivative,The condition of being bound with shackles. (In…,printed date range,http://www.oed.com/dictionary/shackledom_n
colteity,COLTEITY,8,noun,a1774-,1774,0,derivative,Quality of being a colt.,printed date range,http://www.oed.com/dictionary/colteity_n
juntocracy,JUNTOCRACY,10,noun,1774-,1774,0,derivative,Government by a junto.,printed date range,http://www.oed.com/dictionary/juntocracy_n
poker,POKER,5,verb,1774-,1774,3,conversion,"transitive. To take a poker to; to poke, stir, or…",printed date range,http://www.oed.com/dictionary/poker_v
bee wine,BEEWINE,7,noun,1775-,1775,0,compound,An alcoholic beverage made using a culture of…,printed date range,http://www.oed.com/dictionary/bee-wine_n
Ethiopianism,ETHIOPIANISM,12,noun,1775-,1775,3,derivative,South African. The religious and political…,printed date range,http://www.oed.com/dictionary/ethiopianism_n
hieromancy,HIEROMANCY,10,noun,1775-,1775,1,borrowing,Divination from the observation of objects…,printed date range,http://www.oed.com/dictionary/hieromancy_n
swamper,SWAMPER,7,noun,1775-,1775,3,derivative,"U.S. An assistant to a driver of horses, mules…",printed date range,http://www.oed.com/dictionary/swamper_n
theophysical,THEOPHYSICAL,12,adjective,1775-,1775,0,compound,"Physical, but ordered by God.",printed date range,http://www.oed.com/dictionary/theophysical_adj
wind catcher,WINDCATCHER,11,noun,?1775-,1775,2,compound,Originally and chiefly in Middle Eastern…,printed date range,http://www.oed.com/dictionary/wind-catcher_n
enemyship,ENEMYSHIP,9,noun,1776-,1776,2,derivative,The position or relation of an enemy.,printed date range,http://www.oed.com/dictionary/enemyship_n
gropery,GROPERY,7,noun,1777-,1777,0,derivative,The action of groping (in the dark).,printed date range,http://www.oed.com/dictionary/gropery_n
aerialist,AERIALIST,9,noun,1778-,1778,3,derivative,An aerial performer; spec. a person who performs…,printed date range,http://www.oed.com/dictionary/aerialist_n
catwalk,CATWALK,7,noun,1778-,1778,4,compound,A platform or walkway along which models walk to…,printed date range,http://www.oed.com/dictionary/catwalk_n
Londonize,LONDONIZE,9,verb,1778-,1778,2,derivative,transitive. To make like London or its inhabitants.,printed date range,http://www.oed.com/dictionary/londonize_v
daintification,DAINTIFICATION,14,noun,1780-,1780,1,derivative,Daintified condition.,printed date range,http://www.oed.com/dictionary/daintification_n
daintify,DAINTIFY,8,verb,1780-,1780,0,derivative,transitive. To make dainty.,printed date range,http://www.oed.com/dictionary/daintify_v
archbishopess,ARCHBISHOPESS,13,noun,1781-,1781,0,derivative,The wife of an archbishop.,printed date range,http://www.oed.com/dictionary/archbishopess_n
groom,GROOM,5,verb,1781-,1781,5,conversion,"transitive. Originally: to feed, water, and take…",printed date range,http://www.oed.com/dictionary/groom_v
wit-ess,WITESS,6,noun,1781-,1781,0,derivative,A female wit.,printed date range,http://www.oed.com/dictionary/wit-ess_n
clipster,CLIPSTER,8,noun,1782-,1782,0,derivative,A female clipper.,printed date range,http://www.oed.com/dictionary/clipster_n
nostalgic,NOSTALGIC,9,"adjective, noun",1782-,1782,5,derivative,Of the nature of or caused by nostalgia…,printed date range,http://www.oed.com/dictionary/nostalgic_adj
refugeeship,REFUGEESHIP,11,noun,1782-,1782,1,derivative,a. The state or fact of being a refugee; †b. in…,printed date range,http://www.oed.com/dictionary/refugeeship_n
semiquaver,SEMIQUAVER,10,verb,1782-,1782,2,conversion,To drive away with playing semiquavers.,printed date range,http://www.oed.com/dictionary/semiquaver_v
shilly-shally,SHILLYSHALLY,12,verb,1782-,1782,3,conversion,"intransitive. To vacillate, be irresolute or undecided.",printed date range,http://www.oed.com/dictionary/shilly-shally_v
ceramean,CERAMEAN,8,adjective,1783-,1783,0,borrowing,Of or pertaining to a potter.,printed date range,http://www.oed.com/dictionary/ceramean_adj
literation,LITERATION,10,noun,1783-,1783,2,borrowing,The action or process of representing (sounds or…,printed date range,http://www.oed.com/dictionary/literation_n
syllable-monger,SYLLABLEMONGER,14,noun,1784-,1784,0,compound,One who makes verses (regarded merely as an…,printed date range,http://www.oed.com/dictionary/syllable-monger_n
escritorial,ESCRITORIAL,11,adjective,1785-,1785,1,,Of or pertaining to an escritoire.,printed date range,http://www.oed.com/dictionary/escritorial_adj
goose-capical,GOOSECAPICAL,12,adjective,c1785-,1785,0,derivative,Foolish.,printed date range,http://www.oed.com/dictionary/goose-capical_adj
heel-way,HEELWAY,7,noun,1785-,1785,1,compound,Hunting. With reference to a hound following a…,printed date range,http://www.oed.com/dictionary/heel-way_n
stumpling,STUMPLING,9,noun,1786-,1786,0,derivative,A little stump.,printed date range,http://www.oed.com/dictionary/stumpling_n
toilet service,TOILETSERVICE,13,noun,1786-,1786,2,compound,a. (Perhaps) service to ladies; b. a set of…,printed date range,http://www.oed.com/dictionary/toilet-service_n
glutless,GLUTLESS,8,adjective,1787-,1787,0,derivative,Insatiable.,printed date range,http://www.oed.com/dictionary/glutless_adj
blue bag,BLUEBAG,7,noun,1788-,1788,3,compound,A barrister's (originally a solicitor's) brief…,printed date range,http://www.oed.com/dictionary/blue-bag_n
carbonic,CARBONIC,8,"adjective, noun",1788-,1788,4,derivative,Chemistry. Of or relating to carbon or its…,printed date range,http://www.oed.com/dictionary/carbonic_adj
columnarish,COLUMNARISH,11,adjective,1788-,1788,0,derivative,‘Somewhat resembling a column. (A bad word)’…,printed date range,http://www.oed.com/dictionary/columnarish_adj
magnum,MAGNUM,6,noun,1788-,1788,4,shortening,"A bottle for wine, spirits, etc., twice the…",printed date range,http://www.oed.com/dictionary/magnum_n1
fire point,FIREPOINT,9,noun,1789-,1789,3,compound,Chiefly poetic. A point of light; esp. a star.,printed date range,http://www.oed.com/dictionary/fire-point_n
row,ROW,3,verb,1789-,1789,4,conversion,"intransitive. To make a row, commotion, or…",printed date range,http://www.oed.com/dictionary/row_v6
anaphoric,ANAPHORIC,9,"adjective, noun",1790-,1790,4,derivative,Grammar and Linguistics. Of or relating to…,printed date range,http://www.oed.com/dictionary/anaphoric_adj
hustler,HUSTLER,7,noun,1790-,1790,4,derivative,Originally and chiefly North American. A person…,printed date range,http://www.oed.com/dictionary/hustler_n
subhuman,SUBHUMAN,8,"adjective, noun",1790-,1790,4,derivative,Of a lower order of being than humans; belonging…,printed date range,http://www.oed.com/dictionary/subhuman_adj
cataloguish,CATALOGUISH,11,adjective,1791-,1791,0,derivative,Savouring of a catalogue.,printed date range,http://www.oed.com/dictionary/cataloguish_adj
liceling,LICELING,8,noun,1791-,1791,0,derivative,A little louse.,printed date range,http://www.oed.com/dictionary/liceling_n
skyscraper,SKYSCRAPER,10,noun,1791-,1791,5,compound,A very tall building of many floors or storeys.,printed date range,http://www.oed.com/dictionary/skyscraper_n
contraveer,CONTRAVEER,10,verb,1792-,1792,0,derivative,intransitive. To veer in a contrary direction.,printed date range,http://www.oed.com/dictionary/contraveer_v
echinate,ECHINATE,8,verb,1792-,1792,2,conversion,transitive. Of a sponge spicule: to project from…,printed date range,http://www.oed.com/dictionary/echinate_v
fathom-proof,FATHOMPROOF,11,noun,1792-,1792,0,compound,Unfathomable.,printed date range,http://www.oed.com/dictionary/fathom-proof_n
religioso,RELIGIOSO,9,"adjective, adverb, noun",1792-,1792,3,borrowing,"Music. Religious, devotional; played religioso.",printed date range,http://www.oed.com/dictionary/religioso_adj
comodrama,COMODRAMA,9,noun,1793-,1793,0,borrowing,A drama of comic character.,printed date range,http://www.oed.com/dictionary/comodrama_n
pandemoniac,PANDEMONIAC,11,"adjective, noun",1793-,1793,2,derivative,"Of, relating to, or characteristic of…",printed date range,http://www.oed.com/dictionary/pandemoniac_adj
exemplarist,EXEMPLARIST,11,"noun, adjective",1794-,1794,2,derivative,A person who believes in or advocates the…,printed date range,http://www.oed.com/dictionary/exemplarist_n
five-maled,FIVEMALED,9,adjective,a1794-,1794,0,compound,"Having five male organs or stamens, pentandrous.",printed date range,http://www.oed.com/dictionary/five-maled_adj
gratitudinarian,GRATITUDINARIAN,15,adjective,1794-,1794,0,borrowing,Making a show of gratitude.,printed date range,http://www.oed.com/dictionary/gratitudinarian_adj
sansculotted,SANSCULOTTED,12,adjective,1795-,1795,0,derivative,Unbreeched.,printed date range,http://www.oed.com/dictionary/sansculotted_adj
cataract,CATARACT,8,verb,1796-,1796,3,conversion,intransitive. To fall in a cataract.,printed date range,http://www.oed.com/dictionary/cataract_v
crucibled,CRUCIBLED,9,adjective,1796-,1796,1,derivative,(figurative in quot.).,printed date range,http://www.oed.com/dictionary/crucibled_adj
gregicide,GREGICIDE,9,adjective,1796-,1796,0,borrowing,Involving the slaughter of the common people.,printed date range,http://www.oed.com/dictionary/gregicide_adj
inexpression,INEXPRESSION,12,noun,1796-,1796,2,derivative,Want or absence of expression.,printed date range,http://www.oed.com/dictionary/inexpression_n
kennelled,KENNELLED,9,adjective,1796-,1796,1,derivative,Lying in the gutter.,printed date range,http://www.oed.com/dictionary/kennelled_adj
libraryize,LIBRARYIZE,10,verb,1796-,1796,0,derivative,(transitive) to place in a library.,printed date range,http://www.oed.com/dictionary/libraryize_v
stanza,STANZA,6,verb,1796-,1796,4,conversion,transitive to write stanzas upon.,printed date range,http://www.oed.com/dictionary/stanza_v
treasonist,TREASONIST,10,noun,1796-,1796,1,derivative,One who practises or is concerned in treason.,printed date range,http://www.oed.com/dictionary/treasonist_n
twinism,TWINISM,7,noun,1796-,1796,0,derivative,"= twinship, n.",printed date range,http://www.oed.com/dictionary/twinism_n
twinly,TWINLY,6,adjective,1796-,1796,1,derivative,Characteristic of or befitting a twin (brother or…,printed date range,http://www.oed.com/dictionary/twinly_adj
vocable,VOCABLE,7,adjective,1796-,1796,2,borrowing,Capable of being uttered or spoken.,printed date range,http://www.oed.com/dictionary/vocable_adj
overplot,OVERPLOT,8,noun,1797-,1797,2,derivative,A plot relating to a higher level than the…,printed date range,http://www.oed.com/dictionary/overplot_n
sexuality,SEXUALITY,9,noun,1797-,1797,6,derivative,"Sexual nature, instinct, or feelings; the…",printed date range,http://www.oed.com/dictionary/sexuality_n
sornee,SORNEE,6,noun,1797-,1797,0,derivative,One who is sorned upon; a victim of sorning.,printed date range,http://www.oed.com/dictionary/sornee_n
polytechnic,POLYTECHNIC,11,"adjective, noun",1798-,1798,4,compound,Of an educational institution: giving instruction…,printed date range,http://www.oed.com/dictionary/polytechnic_adj
thunder-fit,THUNDERFIT,10,noun,1798-,1798,2,compound,A shock or sound like thunder.,printed date range,http://www.oed.com/dictionary/thunder-fit_n
embreastment,EMBREASTMENT,12,noun,1799-,1799,0,derivative,A breast-like swelling of the ground.,printed date range,http://www.oed.com/dictionary/embreastment_n
fly-about,FLYABOUT,8,adjective,1799-,1799,0,compound,Of horses: skittish.,printed date range,http://www.oed.com/dictionary/fly-about_adj
kudos,KUDOS,5,verb,1799-,1799,2,conversion,"To praise, laud, glorify.",printed date range,http://www.oed.com/dictionary/kudos_v
secret-graph,SECRETGRAPH,11,noun,1799-,1799,0,compound,A code for communicating secrets.,printed date range,http://www.oed.com/dictionary/secret-graph_n
shallowist,SHALLOWIST,10,noun,1799-,1799,0,derivative,"= shallowling, n.",printed date range,http://www.oed.com/dictionary/shallowist_n
dastardling,DASTARDLING,11,noun,1800-,1800,0,derivative,A contemptible dastard.,printed date range,http://www.oed.com/dictionary/dastardling_n
epomania,EPOMANIA,8,noun,1800-,1800,0,borrowing,A rage for the writing of epics.,printed date range,http://www.oed.com/dictionary/epomania_n
lissom,LISSOM,6,adjective,a1800-,1800,3,variant,"Supple, limber; lithesome; lithe and agile.",printed date range,http://www.oed.com/dictionary/lissom_adj
tongue-hero,TONGUEHERO,10,noun,1800-,1800,1,compound,A braggart (translating German wortheld).,printed date range,http://www.oed.com/dictionary/tongue-hero_n
holoplexia,HOLOPLEXIA,10,noun,1801-,1801,1,compound,"General or total paralysis (cf. hemiplegia, n.).",printed date range,http://www.oed.com/dictionary/holoplexia_n
minus,MINUS,5,verb,1801-,1801,3,conversion,"transitive. colloquial. To subtract, remove…",printed date range,http://www.oed.com/dictionary/minus_v
eulogomania,EULOGOMANIA,11,noun,1802-,1802,1,compound,A mania for eulogy.,printed date range,http://www.oed.com/dictionary/eulogomania_n
grasp-all,GRASPALL,8,noun,1802-,1802,0,compound,"One who clutches at everything, a greedy person.",printed date range,http://www.oed.com/dictionary/grasp-all_n
grave-clad,GRAVECLAD,9,adjective,a1802-,1802,0,compound,Dressed in burial garments or clothes.,printed date range,http://www.oed.com/dictionary/grave-clad_adj
jackal,JACKAL,6,verb,1803-,1803,3,conversion,intransitive. Originally: to carry out menial…,printed date range,http://www.oed.com/dictionary/jackal_v
kennelly,KENNELLY,8,adjective,1803-,1803,1,derivative,Such as is found in a kennel or gutter.,printed date range,http://www.oed.com/dictionary/kennelly_adj
logonomy,LOGONOMY,8,noun,1803-,1803,0,borrowing,The science of language.,printed date range,http://www.oed.com/dictionary/logonomy_n
turtlize,TURTLIZE,8,verb,1803-,1803,0,derivative,transitive to turn into or make like a turtle-dove.,printed date range,http://www.oed.com/dictionary/turtlize_v
buckery,BUCKERY,7,noun,1804-,1804,0,derivative,"Bucks or swells, collectively or as a class.",printed date range,http://www.oed.com/dictionary/buckery_n
gruel,GRUEL,5,verb,1804-,1804,4,conversion,To feed with gruel.,printed date range,http://www.oed.com/dictionary/gruel_v
siress,SIRESS,6,noun,1804-,1804,2,derivative,A mother; a matron.,printed date range,http://www.oed.com/dictionary/siress_n
counteractive,COUNTERACTIVE,13,"adjective, noun",1805-,1805,3,derivative,Tending to counteract.,printed date range,http://www.oed.com/dictionary/counteractive_adj
cudgellee,CUDGELLEE,9,noun,1805-,1805,0,derivative,One who is cudgelled.,printed date range,http://www.oed.com/dictionary/cudgellee_n
warden-raid,WARDENRAID,10,noun,1805-,1805,0,compound,A raid commanded by the Warden of the Marches in…,printed date range,http://www.oed.com/dictionary/warden-raid_n
coterie,COTERIE,7,verb,1806-,1806,2,conversion,To associate in a coterie.,printed date range,http://www.oed.com/dictionary/coterie_v
ethereality,ETHEREALITY,11,noun,1806-,1806,3,derivative,The quality or state of being ethereal…,printed date range,http://www.oed.com/dictionary/ethereality_n
heildom,HEILDOM,7,noun,a1806-,1806,0,derivative,Health.,printed date range,http://www.oed.com/dictionary/heildom_n
hyaloclast,HYALOCLAST,10,noun,1806-,1806,0,compound,A glass-breaker.,printed date range,http://www.oed.com/dictionary/hyaloclast_n
monodynamic,MONODYNAMIC,11,"noun, adjective",c1806-,1806,1,compound,Music. Lacking in dynamic variety.,printed date range,http://www.oed.com/dictionary/monodynamic_n
tunnified,TUNNIFIED,9,adjective,1806-,1806,0,derivative,Grown as big as a tun; very corpulent. (Cf…,printed date range,http://www.oed.com/dictionary/tunnified_adj
condependent,CONDEPENDENT,12,adjective,1807-,1807,1,derivative,Mutually dependent.,printed date range,http://www.oed.com/dictionary/condependent_adj
cosmogyral,COSMOGYRAL,10,adjective,1807-,1807,0,compound,Whirling round the universe.,printed date range,http://www.oed.com/dictionary/cosmogyral_adj
delassitude,DELASSITUDE,11,verb,1807-,1807,0,derivative,transitive. To deliver or recover from lassitude.,printed date range,http://www.oed.com/dictionary/delassitude_v
errant,ERRANT,6,verb,1807-,1807,3,conversion,intransitive. To travel abroad (like a knight errant).,printed date range,http://www.oed.com/dictionary/errant_v
keel,KEEL,4,verb,1807-,1807,4,conversion,"transitive. To turn up the keel of, show the…",printed date range,http://www.oed.com/dictionary/keel_v2
mentalize,MENTALIZE,9,verb,1807-,1807,3,derivative,transitive. To construct or picture in the mind…,printed date range,http://www.oed.com/dictionary/mentalize_v
rattage,RATTAGE,7,noun,1807-,1807,1,derivative,"a. The percentage of people who ‘rat’ (rat, v.⁵…",printed date range,http://www.oed.com/dictionary/rattage_n
weather-wiseacre,WEATHERWISEACRE,15,noun,1807-,1807,0,compound,One who professes to be weather-wise.,printed date range,http://www.oed.com/dictionary/weather-wiseacre_n
Wesleyite,WESLEYITE,9,noun,1807-,1807,1,proper name,"= Wesleyan, n.",printed date range,http://www.oed.com/dictionary/wesleyite_n
depeditate,DEPEDITATE,10,verb,1808-,1808,0,borrowing,transitive. To deprive of one's feet (or the use…,printed date range,http://www.oed.com/dictionary/depeditate_v
humblefication,HUMBLEFICATION,14,noun,1808-,1808,0,derivative,A making (oneself) humble.,printed date range,http://www.oed.com/dictionary/humblefication_n
crescent,CRESCENT,8,verb,a1809-,1809,2,conversion,transitive. To form into a crescent: see…,printed date range,http://www.oed.com/dictionary/crescent_v
juspublicist,JUSPUBLICIST,12,noun,1809-,1809,0,borrowing,One who has to do with public law or rights.,printed date range,http://www.oed.com/dictionary/juspublicist_n
mellah,MELLAH,6,noun,1809-,1809,3,borrowing,A Jewish quarter in a Moroccan town or city. Also…,printed date range,http://www.oed.com/dictionary/mellah_n
simplicitarian,SIMPLICITARIAN,14,noun,1809-,1809,0,derivative,"A person who lives modestly, plainly, or…",printed date range,http://www.oed.com/dictionary/simplicitarian_n
grammaticalize,GRAMMATICALIZE,14,verb,1810-,1810,3,derivative,Linguistics. transitive (in passive) and…,printed date range,http://www.oed.com/dictionary/grammaticalize_v
iotal,IOTAL,5,adjective,1810-,1810,2,derivative,Existing with respect to every iota; absolute in…,printed date range,http://www.oed.com/dictionary/iotal_adj
sootiman,SOOTIMAN,8,noun,1810-,1810,0,compound,A chimney-sweep.,printed date range,http://www.oed.com/dictionary/sootiman_n
stone-drop,STONEDROP,9,noun,1810-,1810,1,compound,Poetic name for a stalactite.,printed date range,http://www.oed.com/dictionary/stone-drop_n
cherryry,CHERRYRY,8,noun,1811-,1811,0,derivative,A garden or collection of cherry-trees. Cf…,printed date range,http://www.oed.com/dictionary/cherryry_n
co-peer,COPEER,6,noun,1811-,1811,1,derivative,A fellow-peer.,printed date range,http://www.oed.com/dictionary/co-peer_n
typographize,TYPOGRAPHIZE,12,verb,1811-,1811,0,,"(transitive) to treat typographically, to…",printed date range,http://www.oed.com/dictionary/typographize_v
buckramize,BUCKRAMIZE,10,verb,1812-,1812,0,derivative,To buckram. figurative.,printed date range,http://www.oed.com/dictionary/buckramize_v
Cincinnatian,CINCINNATIAN,12,adjective,1812-,1812,2,proper name,Like that of Cincinnatus.,printed date range,http://www.oed.com/dictionary/cincinnatian_adj1
hodded,HODDED,6,adjective,1812-,1812,1,derivative,Bearing a hod.,printed date range,http://www.oed.com/dictionary/hodded_adj
perspective,PERSPECTIVE,11,verb,1812-,1812,3,conversion,transitive. To set or lay out in perspective…,printed date range,http://www.oed.com/dictionary/perspective_v
whisker,WHISKER,7,verb,1812-,1812,3,conversion,(transitive) to furnish with whiskers.,printed date range,http://www.oed.com/dictionary/whisker_v
airline,AIRLINE,7,noun,1813-,1813,5,compound,An air transport service; a regular succession of…,printed date range,http://www.oed.com/dictionary/airline_n
cosmopolicy,COSMOPOLICY,11,noun,1813-,1813,1,blend,"= cosmopolitism, n.",printed date range,http://www.oed.com/dictionary/cosmopolicy_n
making-as-if,MAKINGASIF,10,noun,1813-,1813,0,compound,"Pretence, make-believe.",printed date range,http://www.oed.com/dictionary/making-as-if_n
teetotumism,TEETOTUMISM,11,noun,1813-,1813,0,derivative,The condition of being ‘in a whirl’ like a teetotum.,printed date range,http://www.oed.com/dictionary/teetotumism_n
cloacinean,CLOACINEAN,10,adjective,1814-,1814,0,,"= cloacinal, adj.",printed date range,http://www.oed.com/dictionary/cloacinean_adj
connubiate,CONNUBIATE,10,verb,1814-,1814,1,borrowing,To get married.,printed date range,http://www.oed.com/dictionary/connubiate_v
cravat,CRAVAT,6,verb,1814-,1814,3,conversion,"transitive. To encircle (the neck, throat, etc.)…",printed date range,http://www.oed.com/dictionary/cravat_v
employee,EMPLOYEE,8,noun,1814-,1814,7,derivative,A person who works for an employer; spec. a…,printed date range,http://www.oed.com/dictionary/employee_n1
gastrophilanthropist,GASTROPHILANTHROPIST,20,noun,1814-,1814,0,compound,A benevolent purveyor for the appetites of others.,printed date range,http://www.oed.com/dictionary/gastrophilanthropist_n
gougee,GOUGEE,6,noun,1814-,1814,0,derivative,A victim of gouging.,printed date range,http://www.oed.com/dictionary/gougee_n
interlapidate,INTERLAPIDATE,13,verb,1814-,1814,0,borrowing,transitive. To fit in between each other like…,printed date range,http://www.oed.com/dictionary/interlapidate_v
rattlesnake,RATTLESNAKE,11,verb,1814-,1814,3,conversion,transitive. To deceive or trick.,printed date range,http://www.oed.com/dictionary/rattlesnake_v
surpliceman,SURPLICEMAN,11,noun,1814-,1814,0,compound,A clergyman.,printed date range,http://www.oed.com/dictionary/surpliceman_n
talismantic,TALISMANTIC,11,adjective,1814-,1814,0,blend,Talismanic.,printed date range,http://www.oed.com/dictionary/talismantic_adj
cataballitive,CATABALLITIVE,13,adjective,1816-,1816,0,borrowing,Tending to throw down.,printed date range,http://www.oed.com/dictionary/cataballitive_adj
curiology,CURIOLOGY,9,noun,1816-,1816,0,,Representation by curiologic symbols.,printed date range,http://www.oed.com/dictionary/curiology_n
deoculate,DEOCULATE,9,verb,1816-,1816,1,borrowing,"transitive. To deprive of eyes, or of eyesight.",printed date range,http://www.oed.com/dictionary/deoculate_v
hierophobia,HIEROPHOBIA,11,noun,1816-,1816,1,compound,Fear or horror of sacred things or persons.,printed date range,http://www.oed.com/dictionary/hierophobia_n
mastigophoric,MASTIGOPHORIC,13,adjective,1816-,1816,1,borrowing,"Biology. = mastigophoran, adj.",printed date range,http://www.oed.com/dictionary/mastigophoric_adj
teleologic,TELEOLOGIC,10,"adjective, noun",1816-,1816,3,derivative,"Relating to a goal, end, or final cause; of or…",printed date range,http://www.oed.com/dictionary/teleologic_adj
temperal,TEMPERAL,8,adjective,1816-,1816,2,derivative,"Of, pertaining to, or resulting from tempering.",printed date range,http://www.oed.com/dictionary/temperal_adj
contra-vote,CONTRAVOTE,10,verb,1817-,1817,0,derivative,To vote against or for the opposite side.,printed date range,http://www.oed.com/dictionary/contra-vote_v
habeas corpus,HABEASCORPUS,12,verb,1817-,1817,2,conversion,(transitive) to remove or transport as if by a…,printed date range,http://www.oed.com/dictionary/habeas-corpus_v
mono-sentence,MONOSENTENCE,12,noun,1817-,1817,0,compound,A brief or insufficient sentence.,printed date range,http://www.oed.com/dictionary/mono-sentence_n
second scent,SECONDSCENT,11,noun,1817-,1817,1,compound,"After second sight, n.: cf quot.",printed date range,http://www.oed.com/dictionary/second-scent_n
stentorship,STENTORSHIP,11,noun,1817-,1817,0,derivative,The function of a stentor.,printed date range,http://www.oed.com/dictionary/stentorship_n
whipship,WHIPSHIP,8,noun,1817-,1817,0,derivative,The post of a parliamentary ‘whip’.,printed date range,http://www.oed.com/dictionary/whipship_n
woodcock,WOODCOCK,8,verb,1817-,1817,1,conversion,(intransitive) to act like a woodcock (see quot…,printed date range,http://www.oed.com/dictionary/woodcock_v
Cacotopia,CACOTOPIA,9,noun,1818-,1818,1,compound,"(See quot. 1818, where Utopia ‘nowhere’ seems to…",printed date range,http://www.oed.com/dictionary/cacotopia_n
craniopolis,CRANIOPOLIS,11,noun,1818-,1818,0,,A city of skulls.,printed date range,http://www.oed.com/dictionary/craniopolis_n
crescented,CRESCENTED,10,adjective,1818-,1818,2,derivative,Formed as a crescent or new moon.,printed date range,http://www.oed.com/dictionary/crescented_adj
delatorian,DELATORIAN,10,adjective,1818-,1818,0,derivative,Of informers or spies.,printed date range,http://www.oed.com/dictionary/delatorian_adj
executioneering,EXECUTIONEERING,15,adjective,1818-,1818,1,derivative,That is employed in executions (of criminals).,printed date range,http://www.oed.com/dictionary/executioneering_adj
flatter-blind,FLATTERBLIND,12,verb,1818-,1818,0,compound,transitive. To flatter so as to make blind; to…,printed date range,http://www.oed.com/dictionary/flatter-blind_v
forest,FOREST,6,verb,1818-,1818,4,conversion,"transitive. To plant with trees, convert into a forest.",printed date range,http://www.oed.com/dictionary/forest_v
monitor,MONITOR,7,verb,1818-,1818,6,conversion,"transitive. gen. To observe, supervise, or keep…",printed date range,http://www.oed.com/dictionary/monitor_v
non-answer,NONANSWER,9,verb,1818-,1818,1,derivative,transitive. To utter as an inadequate answer.,printed date range,http://www.oed.com/dictionary/non-answer_v
practicalize,PRACTICALIZE,12,verb,1818-,1818,2,derivative,transitive. To render practical.,printed date range,http://www.oed.com/dictionary/practicalize_v
sans-pareilly,SANSPAREILLY,12,adjective,1818-,1818,0,compound,Unexampled.,printed date range,http://www.oed.com/dictionary/sans-pareilly_adj
sexual rights,SEXUALRIGHTS,12,noun,1818-,1818,3,compound,The rights of individuals to control and make…,printed date range,http://www.oed.com/dictionary/sexual-rights_n
theist,THEIST,6,noun,c1818-,1818,3,borrowing,A person given to immoderate tea-drinking.,printed date range,http://www.oed.com/dictionary/theist_n2
crepidarian,CREPIDARIAN,11,adjective,1819-,1819,1,borrowing,Of or pertaining to a shoemaker.,printed date range,http://www.oed.com/dictionary/crepidarian_adj
detonsure,DETONSURE,9,noun,1819-,1819,0,borrowing,"Shaving, polling. (affected or humorous.)",printed date range,http://www.oed.com/dictionary/detonsure_n
dictionary-proof,DICTIONARYPROOF,15,adjective,1819-,1819,0,compound,†a. (Apparently) of proven ability through having…,printed date range,http://www.oed.com/dictionary/dictionary-proof_adj
emicatious,EMICATIOUS,10,adjective,1819-,1819,0,derivative,That shines or glitters.,printed date range,http://www.oed.com/dictionary/emicatious_adj
fricatory,FRICATORY,9,adjective,1819-,1819,0,borrowing,figurative. That rubs or ‘rubs down’.,printed date range,http://www.oed.com/dictionary/fricatory_adj
lack-stock,LACKSTOCK,9,noun,1819-,1819,0,compound,One who has no money in stocks.,printed date range,http://www.oed.com/dictionary/lack-stock_n
monkey-man,MONKEYMAN,9,noun,1819-,1819,2,compound,Chiefly derogatory. A man likened to or supposed…,printed date range,http://www.oed.com/dictionary/monkey-man_n
quadrille,QUADRILLE,9,verb,1819-,1819,2,conversion,intransitive. To dance a quadrille. Also in…,printed date range,http://www.oed.com/dictionary/quadrille_v2
scutigeral,SCUTIGERAL,10,adjective,1819-,1819,1,derivative,Pertaining to a squire.,printed date range,http://www.oed.com/dictionary/scutigeral_adj
stumble-block,STUMBLEBLOCK,12,verb,1819-,1819,0,conversion,transitive. To put stumbling-blocks in the way of.,printed date range,http://www.oed.com/dictionary/stumble-block_v
transparish,TRANSPARISH,11,verb,1819-,1819,0,derivative,transitive. To transport beyond the parish.,printed date range,http://www.oed.com/dictionary/transparish_v
wart,WART,4,verb,1819-,1819,2,conversion,transitive. To form a wart-like excrescence on.,printed date range,http://www.oed.com/dictionary/wart_v
catamaran,CATAMARAN,9,verb,1820-,1820,2,conversion,To blow up with a catamaran. Also figurative.,printed date range,http://www.oed.com/dictionary/catamaran_v
cirque-couchant,CIRQUECOUCHANT,14,noun,1820-,1820,1,compound,Lying coiled up in circles.,printed date range,http://www.oed.com/dictionary/cirque-couchant_n
constitutioning,CONSTITUTIONING,15,noun,1820-,1820,1,derivative,Making of constitutions.,printed date range,http://www.oed.com/dictionary/constitutioning_n
creationist,CREATIONIST,11,"noun, adjective",1820-,1820,4,derivative,A believer in or advocate of creationism…,printed date range,http://www.oed.com/dictionary/creationist_n
delphinestrian,DELPHINESTRIAN,14,noun,1820-,1820,0,borrowing,A rider on a dolphin.,printed date range,http://www.oed.com/dictionary/delphinestrian_n
ising-star,ISINGSTAR,9,noun,a1820-,1820,1,compound,A shining piece of ‘isinglass’ or mica.,printed date range,http://www.oed.com/dictionary/ising-star_n
pitchering,PITCHERING,10,noun,1820-,1820,0,derivative,"English regional (northern, esp. Yorkshire)…",printed date range,http://www.oed.com/dictionary/pitchering_n
reskin,RESKIN,6,verb,1820-,1820,2,derivative,transitive. In vehicle repair or design: to…,printed date range,http://www.oed.com/dictionary/reskin_v
aeroscopic,AEROSCOPIC,10,"noun, adjective",1821-,1821,1,compound,Involving or relating to an aeroscope (aeroscope…,printed date range,http://www.oed.com/dictionary/aeroscopic_n
baggaged,BAGGAGED,8,adjective,1821-,1821,1,derivative,"Loaded with baggage, having or carrying baggage…",printed date range,http://www.oed.com/dictionary/baggaged_adj
bullmanship,BULLMANSHIP,11,noun,1821-,1821,0,compound,The art of fighting with bulls.,printed date range,http://www.oed.com/dictionary/bullmanship_n
carcerist,CARCERIST,9,noun,1821-,1821,0,borrowing,One who advocates or has to do with prisons.,printed date range,http://www.oed.com/dictionary/carcerist_n
decameter,DECAMETER,9,noun,1821-,1821,2,compound,A verse consisting of ten metrical feet.,printed date range,http://www.oed.com/dictionary/decameter_n
gumfiate,GUMFIATE,8,verb,1821-,1821,0,borrowing,"transitive. To puff up, cause to swell.",printed date range,http://www.oed.com/dictionary/gumfiate_v
jail-delivered,JAILDELIVERED,13,adjective,1821-,1821,0,compound,Of a prisoner or occupant of a jail: freed or…,printed date range,http://www.oed.com/dictionary/jail-delivered_adj
juvenescent,JUVENESCENT,11,adjective,1821-,1821,2,borrowing,Becoming young or youthful.,printed date range,http://www.oed.com/dictionary/juvenescent_adj
perukiership,PERUKIERSHIP,12,noun,1821-,1821,0,derivative,The art of wig-making.,printed date range,http://www.oed.com/dictionary/perukiership_n
sapidless,SAPIDLESS,9,adjective,1821-,1821,1,derivative,Flavourless.,printed date range,http://www.oed.com/dictionary/sapidless_adj
special correspondent,SPECIALCORRESPONDENT,20,noun,1821-,1821,4,compound,A journalist who writes for a newspaper on…,printed date range,http://www.oed.com/dictionary/special-correspondent_n
catarrh,CATARRH,7,verb,1822-,1822,2,conversion,To remove or take by catarrh.,printed date range,http://www.oed.com/dictionary/catarrh_v
dashy,DASHY,5,adjective,1822-,1822,2,derivative,"Showy, ostentatiously fashionable, stylish; =…",printed date range,http://www.oed.com/dictionary/dashy_adj
defiliation,DEFILIATION,11,noun,1822-,1822,1,borrowing,Deprivation of a son.,printed date range,http://www.oed.com/dictionary/defiliation_n
eleeson,ELEESON,7,noun,1822-,1822,1,borrowing,"= Kyrie eleison, n.",printed date range,http://www.oed.com/dictionary/eleeson_n
flurrification,FLURRIFICATION,14,noun,1822-,1822,0,derivative,The state of being flurried.,printed date range,http://www.oed.com/dictionary/flurrification_n
historicize,HISTORICIZE,11,verb,1822-,1822,4,derivative,transitive. To make (a person or thing)…,printed date range,http://www.oed.com/dictionary/historicize_v
inquirant,INQUIRANT,9,adjective,1822-,1822,2,derivative,Inquiring.,printed date range,http://www.oed.com/dictionary/inquirant_adj
salopian,SALOPIAN,8,adjective,1822-,1822,0,derivative,"Pertaining to the drink saloop (see saloop, n. 2a).",printed date range,http://www.oed.com/dictionary/salopian_adj2
sensist,SENSIST,7,"noun, adjective",1822-,1822,2,derivative,"Philosophy. = sensationalist, n. A.1.",printed date range,http://www.oed.com/dictionary/sensist_n
shammy,SHAMMY,6,noun,1822-,1822,1,derivative,A spurious imitation.,printed date range,http://www.oed.com/dictionary/shammy_n2
spectrey,SPECTREY,8,noun,1822-,1822,0,derivative,A place of spectres.,printed date range,http://www.oed.com/dictionary/spectrey_n
casein,CASEIN,6,noun,1823-,1823,5,borrowing,Biochemistry. Any of a group of closely related…,printed date range,http://www.oed.com/dictionary/casein_n
conjugalize,CONJUGALIZE,11,verb,1823-,1823,0,derivative,"intransitive. To become conjugal, to marry.",printed date range,http://www.oed.com/dictionary/conjugalize_v
dandyhood,DANDYHOOD,9,noun,1823-,1823,1,derivative,The state or style of a dandy.,printed date range,http://www.oed.com/dictionary/dandyhood_n
dorsoflexion,DORSOFLEXION,12,noun,1823-,1823,1,compound,"A bending of the back, a bow.",printed date range,http://www.oed.com/dictionary/dorsoflexion_n
effutiation,EFFUTIATION,11,noun,1823-,1823,0,borrowing,"Twaddle, balderdash.",printed date range,http://www.oed.com/dictionary/effutiation_n
epiphanous,EPIPHANOUS,10,adjective,1823-,1823,2,borrowing,Resplendent.,printed date range,http://www.oed.com/dictionary/epiphanous_adj
filiism,FILIISM,7,noun,1823-,1823,0,borrowing,Undue partiality for one's own son.,printed date range,http://www.oed.com/dictionary/filiism_n
gluttonism,GLUTTONISM,10,noun,1823-,1823,1,derivative,The practice of being a glutton (in quot. 1823…,printed date range,http://www.oed.com/dictionary/gluttonism_n
hippomanic,HIPPOMANIC,10,adjective,1823-,1823,0,compound,Full of or characterized by passionate enthusiasm…,printed date range,http://www.oed.com/dictionary/hippomanic_adj
initialist,INITIALIST,10,noun,1823-,1823,0,,One who signs his or her initials instead of his…,printed date range,http://www.oed.com/dictionary/initialist_n
pronghorn,PRONGHORN,9,noun,1823-,1823,4,compound,"A North American ruminant, Antilocapra americana…",printed date range,http://www.oed.com/dictionary/pronghorn_n
solemnific,SOLEMNIFIC,10,adjective,1823-,1823,0,compound,Affectedly solemn.,printed date range,http://www.oed.com/dictionary/solemnific_adj
squirina,SQUIRINA,8,noun,1823-,1823,0,derivative,The daughter of a squire.,printed date range,http://www.oed.com/dictionary/squirina_n
stop-mouth,STOPMOUTH,9,adjective,1823-,1823,0,compound,Intended to keep people silent.,printed date range,http://www.oed.com/dictionary/stop-mouth_adj
boozify,BOOZIFY,7,verb,1824-,1824,0,derivative,"intransitive. To take part in a boozing party, to…",printed date range,http://www.oed.com/dictionary/boozify_v
counter-ponderant,COUNTERPONDERANT,16,adjective,1824-,1824,0,derivative,"Counter-weighing, counter-balancing.",printed date range,http://www.oed.com/dictionary/counter-ponderant_adj
crabologist,CRABOLOGIST,11,noun,1824-,1824,0,compound,A student or collector of crabs.,printed date range,http://www.oed.com/dictionary/crabologist_n
encyclic,ENCYCLIC,8,"adjective, noun",1824-,1824,2,borrowing,"= encyclical, adj. A.1, A.2.",printed date range,http://www.oed.com/dictionary/encyclic_adj
fanfarrado,FANFARRADO,10,noun,1824-,1824,0,variant,"= fanfare, n.",printed date range,http://www.oed.com/dictionary/fanfarrado_n
fumivorous,FUMIVOROUS,10,adjective,1824-,1824,0,borrowing,Feeding or living on smoke.,printed date range,http://www.oed.com/dictionary/fumivorous_adj
hyperboreanism,HYPERBOREANISM,14,noun,1824-,1824,0,derivative,An extreme northernism.,printed date range,http://www.oed.com/dictionary/hyperboreanism_n
in and-outness,INANDOUTNESS,12,noun,1824-,1824,0,derivative,Irregularity of form or outline.,printed date range,http://www.oed.com/dictionary/in-and-outness_n
macadam,MACADAM,7,"adjective, noun",1824-,1824,4,proper name,Designating or relating to a kind of roadway or…,printed date range,http://www.oed.com/dictionary/macadam_adj
sell,SELL,4,noun,1824-,1824,5,conversion,Originally U.S. The action or an act of…,printed date range,http://www.oed.com/dictionary/sell_n
spoonery,SPOONERY,8,noun,1824-,1824,0,derivative,"Foolishness, silliness.",printed date range,http://www.oed.com/dictionary/spoonery_n
stockinet,STOCKINET,9,noun,1824-,1824,3,variant,A knitted textile fabric of considerable…,printed date range,http://www.oed.com/dictionary/stockinet_n
Tractarian,TRACTARIAN,10,"noun, adjective",1824-,1824,3,derivative,A member or follower of a High Church movement…,printed date range,http://www.oed.com/dictionary/tractarian_n
treasonette,TREASONETTE,11,noun,1824-,1824,0,derivative,A small or petty act of treason.,printed date range,http://www.oed.com/dictionary/treasonette_n
tuptow,TUPTOW,6,verb,1824-,1824,0,borrowing,intransitive. To conjugate τύπτω; ‘grinding’ at…,printed date range,http://www.oed.com/dictionary/tuptow_v
turretry,TURRETRY,8,noun,1824-,1824,0,derivative,Turrets collectively.,printed date range,http://www.oed.com/dictionary/turretry_n
waistcoatful,WAISTCOATFUL,12,noun,1824-,1824,0,derivative,"As much (of anything) as would fill, or cover…",printed date range,http://www.oed.com/dictionary/waistcoatful_n
concipiency,CONCIPIENCY,11,noun,1825-,1825,0,derivative,The quality or state of being concipient or…,printed date range,http://www.oed.com/dictionary/concipiency_n
crumenically,CRUMENICALLY,12,adverb,1825-,1825,0,borrowing,In relation to the purse.,printed date range,http://www.oed.com/dictionary/crumenically_adv
derb,DERB,4,adjective,1825-,1825,2,borrowing,"Rough, uncrystallized, massive.",printed date range,http://www.oed.com/dictionary/derb_adj
fissury,FISSURY,7,adjective,1825-,1825,0,derivative,"Having, or full of, fissures.",printed date range,http://www.oed.com/dictionary/fissury_adj
flim,FLIM,4,noun,1825-,1825,3,shortening,"= flam, n.¹ A.3.",printed date range,http://www.oed.com/dictionary/flim_n1
fuzzy,FUZZY,5,noun,1825-,1825,4,conversion,Now usually derogatory and offensive when used of…,printed date range,http://www.oed.com/dictionary/fuzzy_n
hornet,HORNET,6,noun,1825-,1825,2,derivative,A diminutive horn.,printed date range,http://www.oed.com/dictionary/hornet_n2
inexplicant,INEXPLICANT,11,adjective,1825-,1825,0,borrowing,Not explicating or explaining; giving no explanation.,printed date range,http://www.oed.com/dictionary/inexplicant_adj
monodistich,MONODISTICH,11,noun,1825-,1825,1,compound,A distich forming a complete poem.,printed date range,http://www.oed.com/dictionary/monodistich_n
riding lamp,RIDINGLAMP,10,noun,1825-,1825,1,compound,†a. A lamp attached to a stirrup (obsolete); b…,printed date range,http://www.oed.com/dictionary/riding-lamp_n
traylet,TRAYLET,7,noun,1825-,1825,0,derivative,A diminutive tray.,printed date range,http://www.oed.com/dictionary/traylet_n
tubber,TUBBER,6,noun,1825-,1825,2,derivative,"One who makes tubs, a cooper.",printed date range,http://www.oed.com/dictionary/tubber_n1
catacombish,CATACOMBISH,11,adjective,1826-,1826,1,derivative,Savouring of the catacombs.,printed date range,http://www.oed.com/dictionary/catacombish_adj
cigarer,CIGARER,7,noun,1826-,1826,0,derivative,A cigar-smoker.,printed date range,http://www.oed.com/dictionary/cigarer_n
disvenerate,DISVENERATE,11,verb,1826-,1826,0,derivative,transitive. To regard without veneration.,printed date range,http://www.oed.com/dictionary/disvenerate_v
forcepped,FORCEPPED,9,adjective,1826-,1826,0,derivative,Having or provided with forceps.,printed date range,http://www.oed.com/dictionary/forcepped_adj
sash-windowing,SASHWINDOWING,13,noun,1826-,1826,0,derivative,The action of furnishing with sash windows.,printed date range,http://www.oed.com/dictionary/sash-windowing_n
soli-ipsiism,SOLIIPSIISM,11,noun,1826-,1826,0,borrowing,Self-conceit.,printed date range,http://www.oed.com/dictionary/soli-ipsiism_n
tintinnabulism,TINTINNABULISM,14,noun,1826-,1826,0,borrowing,The art or practice of bell-ringing.,printed date range,http://www.oed.com/dictionary/tintinnabulism_n
tipsy-topsy,TIPSYTOPSY,10,adjective,1826-,1826,0,,Upset or in disorder as if tipsy.,printed date range,http://www.oed.com/dictionary/tipsy-topsy_adj
tutorify,TUTORIFY,8,verb,1826-,1826,0,derivative,transitive. To make or render tutorial.,printed date range,http://www.oed.com/dictionary/tutorify_v
brute-bastille,BRUTEBASTILLE,13,noun,1827-,1827,0,compound,A menagerie.,printed date range,http://www.oed.com/dictionary/brute-bastille_n
compackability,COMPACKABILITY,14,noun,1827-,1827,0,derivative,Capability of being packed close together.,printed date range,http://www.oed.com/dictionary/compackability_n
consortish,CONSORTISH,10,adjective,1827-,1827,0,derivative,Like consorts.,printed date range,http://www.oed.com/dictionary/consortish_adj
dislocatee,DISLOCATEE,10,noun,1827-,1827,2,derivative,One who is dislocated or displaced.,printed date range,http://www.oed.com/dictionary/dislocatee_n
Finnicize,FINNICIZE,9,verb,1827-,1827,2,derivative,To give a Finnish form to.,printed date range,http://www.oed.com/dictionary/finnicize_v
gravitate,GRAVITATE,9,adjective,1827-,1827,2,borrowing,Endowed with gravity.,printed date range,http://www.oed.com/dictionary/gravitate_adj
lukewarmish,LUKEWARMISH,11,adjective,1827-,1827,1,derivative,Rather lukewarm.,printed date range,http://www.oed.com/dictionary/lukewarmish_adj
stirrup-fast,STIRRUPFAST,11,adjective,1827-,1827,0,compound,Having the feet secure in the stirrups.,printed date range,http://www.oed.com/dictionary/stirrup-fast_adj
swimmy,SWIMMY,6,adjective,1827-,1827,2,derivative,Inclined to dizziness or giddiness. Also in…,printed date range,http://www.oed.com/dictionary/swimmy_adj
symphronistic,SYMPHRONISTIC,13,adjective,1827-,1827,1,,Involving coincidence or identity of thought…,printed date range,http://www.oed.com/dictionary/symphronistic_adj
confective,CONFECTIVE,10,adjective,1828-,1828,0,borrowing,Pertaining to the making of confections.,printed date range,http://www.oed.com/dictionary/confective_adj
conjecturist,CONJECTURIST,12,noun,1828-,1828,0,derivative,One who deals in conjectures.,printed date range,http://www.oed.com/dictionary/conjecturist_n
gelotometer,GELOTOMETER,11,noun,1828-,1828,0,borrowing,A gauge for measuring laughter.,printed date range,http://www.oed.com/dictionary/gelotometer_n
gimlet,GIMLET,6,verb,1828-,1828,2,conversion,transitive. To pierce with or as with a gimlet.,printed date range,http://www.oed.com/dictionary/gimlet_v
grazierdom,GRAZIERDOM,10,noun,1828-,1828,0,derivative,The realm or world of graziers.,printed date range,http://www.oed.com/dictionary/grazierdom_n
gular,GULAR,5,adjective,1828-,1828,3,derivative,"Of, pertaining to, or situated upon the gula.",printed date range,http://www.oed.com/dictionary/gular_adj
lithograph,LITHOGRAPH,10,noun,1828-,1828,4,compound,A lithographic print. Also attributive.,printed date range,http://www.oed.com/dictionary/lithograph_n
psychozoic,PSYCHOZOIC,10,adjective,1828-,1828,2,compound,†a. Involving both the mind and the living body…,printed date range,http://www.oed.com/dictionary/psychozoic_adj
autometry,AUTOMETRY,9,noun,1829-,1829,1,compound,Mathematics. An isometry of a metric space to itself.,printed date range,http://www.oed.com/dictionary/autometry_n
Christmasly,CHRISTMASLY,11,adverb,1829-,1829,1,derivative,"In a manner typical of, or appropriate to…",printed date range,http://www.oed.com/dictionary/christmasly_adv
coax,COAX,4,noun,1829-,1829,3,conversion,colloquial. One who coaxes.,printed date range,http://www.oed.com/dictionary/coax_n1
cursee,CURSEE,6,noun,1829-,1829,1,derivative,One who is cursed.,printed date range,http://www.oed.com/dictionary/cursee_n
extravolution,EXTRAVOLUTION,13,noun,1829-,1829,1,borrowing,A rolling outwards; opposed to intravolution.,printed date range,http://www.oed.com/dictionary/extravolution_n
foliophagous,FOLIOPHAGOUS,12,adjective,1829-,1829,0,borrowing,figurative. That devours folios.,printed date range,http://www.oed.com/dictionary/foliophagous_adj
inconsequentism,INCONSEQUENTISM,15,noun,1829-,1829,0,derivative,"= inconsequence, n. 3.",printed date range,http://www.oed.com/dictionary/inconsequentism_n
journalistic,JOURNALISTIC,12,"adjective, noun",1829-,1829,5,derivative,Of or pertaining to journalists or journalism…,printed date range,http://www.oed.com/dictionary/journalistic_adj
reheater,REHEATER,8,noun,1829-,1829,3,derivative,An apparatus or device for reheating.,printed date range,http://www.oed.com/dictionary/reheater_n
saltativeness,SALTATIVENESS,13,noun,1829-,1829,0,borrowing,The faculty of leaping or jumping.,printed date range,http://www.oed.com/dictionary/saltativeness_n
stabularian,STABULARIAN,11,adjective,1829-,1829,0,borrowing,Belonging to a stable.,printed date range,http://www.oed.com/dictionary/stabularian_adj
struttle,STRUTTLE,8,noun,1829-,1829,1,derivative,A petty strut or manner of strutting.,printed date range,http://www.oed.com/dictionary/struttle_n2
warping,WARPING,7,noun,1829-,1829,1,derivative,The mole's action of throwing up earth into mole-hills.,printed date range,http://www.oed.com/dictionary/warping_n2
animated film,ANIMATEDFILM,12,noun,1830-,1830,4,compound,Originally: †a film with live action (obsolete)…,printed date range,http://www.oed.com/dictionary/animated-film_n
bucolism,BUCOLISM,8,noun,1830-,1830,0,derivative,A rustic phrase or characteristic.,printed date range,http://www.oed.com/dictionary/bucolism_n
burschenism,BURSCHENISM,11,noun,1830-,1830,0,derivative,The manner and customs of the burschen.,printed date range,http://www.oed.com/dictionary/burschenism_n
cantitate,CANTITATE,9,verb,1830-,1830,1,borrowing,intransitive. To sing as a bird. (Used contemptuously.),printed date range,http://www.oed.com/dictionary/cantitate_v
cigared,CIGARED,7,adjective,1830-,1830,1,derivative,Furnished with a cigar.,printed date range,http://www.oed.com/dictionary/cigared_adj
cobble-text,COBBLETEXT,10,noun,1830-,1830,0,compound,A preacher who deals clumsily and unskilfully…,printed date range,http://www.oed.com/dictionary/cobble-text_n
conversation,CONVERSATION,12,verb,1830-,1830,2,conversion,"intransitive. To converse, talk, engage in…",printed date range,http://www.oed.com/dictionary/conversation_v
cotyledonous,COTYLEDONOUS,12,adjective,1830-,1830,2,derivative,Characterized by the presence of cotyledons.,printed date range,http://www.oed.com/dictionary/cotyledonous_adj
dapperism,DAPPERISM,9,noun,1830-,1830,0,derivative,"The style, manners, etc. of a dapper person.",printed date range,http://www.oed.com/dictionary/dapperism_n
double-ganger,DOUBLEGANGER,12,noun,1830-,1830,2,borrowing,"The apparition of a living person; a double, a wraith.",printed date range,http://www.oed.com/dictionary/double-ganger_n
farcy,FARCY,5,verb,1830-,1830,1,borrowing,transitive. To stuff.,printed date range,http://www.oed.com/dictionary/farcy_v
garlandy,GARLANDY,8,adjective,1830-,1830,0,derivative,Resembling garlands.,printed date range,http://www.oed.com/dictionary/garlandy_adj
garlic,GARLIC,6,verb,1830-,1830,3,conversion,To dose with garlic.,printed date range,http://www.oed.com/dictionary/garlic_v
gnosticity,GNOSTICITY,10,noun,1830-,1830,0,derivative,Knowingness; pretensions to knowledge.,printed date range,http://www.oed.com/dictionary/gnosticity_n
graocracy,GRAOCRACY,9,noun,1830-,1830,0,borrowing,Government by an old woman or old women.,printed date range,http://www.oed.com/dictionary/graocracy_n
inverminate,INVERMINATE,11,verb,1830-,1830,0,borrowing,transitive. To infest like worms; to swarm or…,printed date range,http://www.oed.com/dictionary/inverminate_v
luggee,LUGGEE,6,noun,1830-,1830,0,derivative,One who is lugged or pulled.,printed date range,http://www.oed.com/dictionary/luggee_n
taskage,TASKAGE,7,noun,1830-,1830,0,derivative,Tasking; imposed labour; tasks collectively.,printed date range,http://www.oed.com/dictionary/taskage_n
transuterine,TRANSUTERINE,12,adjective,1830-,1830,2,borrowing,Beyond or outside of the womb.,printed date range,http://www.oed.com/dictionary/transuterine_adj
whisperable,WHISPERABLE,11,adjective,1830-,1830,0,derivative,That can be whispered.,printed date range,http://www.oed.com/dictionary/whisperable_adj
convolant,CONVOLANT,9,adjective,1831-,1831,1,borrowing,Flying in company.,printed date range,http://www.oed.com/dictionary/convolant_adj
dandy-land,DANDYLAND,9,noun,1831-,1831,0,compound,The (imaginary) land of dandies.,printed date range,http://www.oed.com/dictionary/dandy-land_n
donkeyish,DONKEYISH,9,adjective,1831-,1831,1,derivative,"Like a donkey, asinine; stupid, foolish.",printed date range,http://www.oed.com/dictionary/donkeyish_adj
Egyptize,EGYPTIZE,8,verb,1831-,1831,1,proper name,intransitive. To refer things to Egyptian sources.,printed date range,http://www.oed.com/dictionary/egyptize_v
metabolize,METABOLIZE,10,verb,1831-,1831,5,borrowing,transitive. To process (a substance or food item)…,printed date range,http://www.oed.com/dictionary/metabolize_v
shark's head,SHARKSHEAD,10,noun,1831-,1831,2,compound,A jocular name for the elongated prow of a grab.,printed date range,http://www.oed.com/dictionary/sharks-head_n
theomisanthropist,THEOMISANTHROPIST,17,noun,1831-,1831,0,compound,One who hates God and man.,printed date range,http://www.oed.com/dictionary/theomisanthropist_n
venisonivorous,VENISONIVOROUS,14,adjective,1831-,1831,0,derivative,Given to eating venison.,printed date range,http://www.oed.com/dictionary/venisonivorous_adj
window plant,WINDOWPLANT,11,noun,1831-,1831,2,compound,A plant grown indoors on a windowsill or close to…,printed date range,http://www.oed.com/dictionary/window-plant_n
bloomery,BLOOMERY,8,noun,1832-,1832,2,derivative,A collection or place full of blooms.,printed date range,http://www.oed.com/dictionary/bloomery_n2
bus,BUS,3,noun,1832-,1832,6,shortening,A large public vehicle carrying passengers by…,printed date range,http://www.oed.com/dictionary/bus_n1
cathedrarian,CATHEDRARIAN,12,adjective,1832-,1832,0,borrowing,Of or belonging to a cathedra or chair (pedantic).,printed date range,http://www.oed.com/dictionary/cathedrarian_adj
dandyic,DANDYIC,7,adjective,1832-,1832,0,derivative,Dandyish.,printed date range,http://www.oed.com/dictionary/dandyic_adj
deericide,DEERICIDE,9,noun,1832-,1832,0,compound,The killing or killer of a deer.,printed date range,http://www.oed.com/dictionary/deericide_n
ex-aspirate,EXASPIRATE,10,verb,1832-,1832,0,derivative,transitive. To deprive of an aspirate or h.,printed date range,http://www.oed.com/dictionary/ex-aspirate_v
gutturize,GUTTURIZE,9,verb,1832-,1832,1,derivative,transitive. To enunciate gutturally.,printed date range,http://www.oed.com/dictionary/gutturize_v
hawkery,HAWKERY,7,noun,1832-,1832,1,derivative,A place where hawks are kept.,printed date range,http://www.oed.com/dictionary/hawkery_n
illeist,ILLEIST,7,noun,1832-,1832,0,,"One who makes much use of the pronoun he, or…",printed date range,http://www.oed.com/dictionary/illeist_n
symbol,SYMBOL,6,verb,1832-,1832,3,conversion,"transitive. = symbolize, v.¹ II.3.",printed date range,http://www.oed.com/dictionary/symbol_v
sympatetic,SYMPATETIC,10,noun,1832-,1832,0,,"A fellow-walker, a companion in a walk.",printed date range,http://www.oed.com/dictionary/sympatetic_n
cacogastric,CACOGASTRIC,11,adjective,1833-,1833,0,compound,Having a deranged stomach.,printed date range,http://www.oed.com/dictionary/cacogastric_adj
carbonometer,CARBONOMETER,12,noun,1833-,1833,0,compound,An instrument for detecting or measuring (excess)…,printed date range,http://www.oed.com/dictionary/carbonometer_n
conferencize,CONFERENCIZE,12,verb,1833-,1833,0,derivative,intransitive. To hold a conference.,printed date range,http://www.oed.com/dictionary/conferencize_v
jack,JACK,4,verb,1833-,1833,5,conversion,transitive. To raise or hoist by means of a jack…,printed date range,http://www.oed.com/dictionary/jack_v2
swabification,SWABIFICATION,13,noun,1833-,1833,0,derivative,Mopping.,printed date range,http://www.oed.com/dictionary/swabification_n
ununionized,UNUNIONIZED,11,adjective,1833-,1833,2,derivative,Not belonging to a trade union; characterized by…,printed date range,http://www.oed.com/dictionary/ununionized_adj
avicide,AVICIDE,7,noun,1834-,1834,2,borrowing,"The slaughter of birds, bird-shooting.",printed date range,http://www.oed.com/dictionary/avicide_n
bolero,BOLERO,6,verb,1834-,1834,2,conversion,To dance a bolero.,printed date range,http://www.oed.com/dictionary/bolero_v
chessite,CHESSITE,8,noun,1834-,1834,0,derivative,"A partizan of chess, n.¹",printed date range,http://www.oed.com/dictionary/chessite_n
con-actor,CONACTOR,8,noun,1834-,1834,0,derivative,A joint agent.,printed date range,http://www.oed.com/dictionary/con-actor_n
criterional,CRITERIONAL,11,adjective,a1834-,1834,2,derivative,Of or relating to a criterion.,printed date range,http://www.oed.com/dictionary/criterional_adj
demic,DEMIC,5,adjective,1834-,1834,3,borrowing,Belonging to or characteristic of the people.,printed date range,http://www.oed.com/dictionary/demic_adj
Dianize,DIANIZE,7,verb,1834-,1834,0,derivative,intransitive. To spend the night with the moon…,printed date range,http://www.oed.com/dictionary/dianize_v
drudgism,DRUDGISM,8,noun,1834-,1834,0,derivative,The practice of a drudge.,printed date range,http://www.oed.com/dictionary/drudgism_n
dysangelical,DYSANGELICAL,12,adjective,1834-,1834,0,derivative,Used in opposition to evangelical.,printed date range,http://www.oed.com/dictionary/dysangelical_adj
exforcipate,EXFORCIPATE,11,verb,a1834-,1834,0,borrowing,transitive. To extract with a forceps. In quot…,printed date range,http://www.oed.com/dictionary/exforcipate_v
exhibitionize,EXHIBITIONIZE,13,verb,1834-,1834,0,derivative,(intransitive) to frequent exhibitions.,printed date range,http://www.oed.com/dictionary/exhibitionize_v
fancyette,FANCYETTE,9,noun,a1834-,1834,0,derivative,A little fancy.,printed date range,http://www.oed.com/dictionary/fancyette_n
fandango,FANDANGO,8,verb,1834-,1834,2,conversion,To dance a fandango.,printed date range,http://www.oed.com/dictionary/fandango_v
fenhood,FENHOOD,7,noun,1834-,1834,0,derivative,Fens collectively.,printed date range,http://www.oed.com/dictionary/fenhood_n
flounder-flat,FLOUNDERFLAT,12,verb,a1834-,1834,0,compound,transitive. To make ‘as flat as a flounder’.,printed date range,http://www.oed.com/dictionary/flounder-flat_v
gnathonism,GNATHONISM,10,noun,a1834-,1834,0,borrowing,Sycophancy.,printed date range,http://www.oed.com/dictionary/gnathonism_n
impossibilification,IMPOSSIBILIFICATION,19,noun,a1834-,1834,0,derivative,A rendering impossible.,printed date range,http://www.oed.com/dictionary/impossibilification_n
infidelism,INFIDELISM,10,noun,a1834-,1834,2,derivative,A system based on unbelief in religion.,printed date range,http://www.oed.com/dictionary/infidelism_n
interadditive,INTERADDITIVE,13,noun,a1834-,1834,1,derivative,Something added or inserted between or among…,printed date range,http://www.oed.com/dictionary/interadditive_n
lawnly,LAWNLY,6,adverb,1834-,1834,1,derivative,After the manner of a wearer of lawn.,printed date range,http://www.oed.com/dictionary/lawnly_adv
lollification,LOLLIFICATION,13,noun,1834-,1834,0,derivative,"Lolling, lounging.",printed date range,http://www.oed.com/dictionary/lollification_n
manning-piece,MANNINGPIECE,12,noun,1834-,1834,0,compound,A fowling-piece used to shoot men.,printed date range,http://www.oed.com/dictionary/manning-piece_n
sapientize,SAPIENTIZE,10,verb,a1834-,1834,2,derivative,transitive. To make sapient or wise.,printed date range,http://www.oed.com/dictionary/sapientize_v
sterilifidianism,STERILIFIDIANISM,16,noun,a1834-,1834,0,borrowing,Belief in the sufficiency of a ‘barren’ faith.,printed date range,http://www.oed.com/dictionary/sterilifidianism_n
tintinnabule,TINTINNABULE,12,noun,1834-,1834,0,borrowing,A bell.,printed date range,http://www.oed.com/dictionary/tintinnabule_n
trades body,TRADESBODY,10,noun,1834-,1834,1,compound,†a. disparaging a tradesman (obsolete); b. =…,printed date range,http://www.oed.com/dictionary/trades-body_n
tramification,TRAMIFICATION,13,noun,1834-,1834,0,derivative,The construction of a tramway.,printed date range,http://www.oed.com/dictionary/tramification_n
transcreate,TRANSCREATE,11,verb,a1834-,1834,2,derivative,transitive. To create by or in the way of transmission.,printed date range,http://www.oed.com/dictionary/transcreate_v
twirlification,TWIRLIFICATION,14,noun,1834-,1834,0,derivative,"Twirling, gyrating.",printed date range,http://www.oed.com/dictionary/twirlification_n
wiseacreish,WISEACREISH,11,adjective,1834-,1834,0,derivative,Like or characteristic of a wiseacre.,printed date range,http://www.oed.com/dictionary/wiseacreish_adj
Yankland,YANKLAND,8,noun,1834-,1834,0,compound,"The land of the Yankees, America.",printed date range,http://www.oed.com/dictionary/yankland_n
canivorous,CANIVOROUS,10,adjective,1835-,1835,1,borrowing,Dog-devouring.,printed date range,http://www.oed.com/dictionary/canivorous_adj
contubernian,CONTUBERNIAN,12,noun,1835-,1835,0,borrowing,"= contubernal, n.",printed date range,http://www.oed.com/dictionary/contubernian_n
effluvient,EFFLUVIENT,10,adjective,1835-,1835,1,variant,Extremely fluent.,printed date range,http://www.oed.com/dictionary/effluvient_adj
falsism,FALSISM,7,noun,1835-,1835,2,derivative,"a. ‘An assertion or statement, the falsity of…",printed date range,http://www.oed.com/dictionary/falsism_n
forbiddal,FORBIDDAL,9,noun,1835-,1835,1,derivative,The act of forbidding.,printed date range,http://www.oed.com/dictionary/forbiddal_n
illocomotive,ILLOCOMOTIVE,12,adjective,1835-,1835,0,derivative,"Not locomotive, not moving readily.",printed date range,http://www.oed.com/dictionary/illocomotive_adj
lousologist,LOUSOLOGIST,11,noun,1835-,1835,0,compound,One who has a scientific knowledge of lice.,printed date range,http://www.oed.com/dictionary/lousologist_n
lynch,LYNCH,5,verb,1835-,1835,5,proper name,transitive. To inflict extralegal summary…,printed date range,http://www.oed.com/dictionary/lynch_v
stelliscript,STELLISCRIPT,12,noun,1835-,1835,0,borrowing,A writing in the stars.,printed date range,http://www.oed.com/dictionary/stelliscript_n
typarchical,TYPARCHICAL,11,adjective,1835-,1835,0,compound,Of or pertaining to the control of the printing-press.,printed date range,http://www.oed.com/dictionary/typarchical_adj
whifflery,WHIFFLERY,9,noun,1835-,1835,0,derivative,Action characteristic of a whiffler; trifling.,printed date range,http://www.oed.com/dictionary/whifflery_n
windbreak,WINDBREAK,9,noun,1835-,1835,4,compound,"Originally U.S. Something, esp. a row of trees…",printed date range,http://www.oed.com/dictionary/windbreak_n
Big Apple,BIGAPPLE,8,noun,1836-,1836,4,compound,With the. The city of New York.,printed date range,http://www.oed.com/dictionary/big-apple_n
capric,CAPRIC,6,adjective,1836-,1836,3,borrowing,Of or belonging to a goat.,printed date range,http://www.oed.com/dictionary/capric_adj
ceticide,CETICIDE,8,noun,1836-,1836,0,borrowing,A whale-killer.,printed date range,http://www.oed.com/dictionary/ceticide_n
eccentrize,ECCENTRIZE,10,verb,1836-,1836,0,derivative,To play the eccentric (quasi-reflexive in quot. 1836).,printed date range,http://www.oed.com/dictionary/eccentrize_v
elongative,ELONGATIVE,10,adjective,1836-,1836,0,derivative,That tends to elongate or lengthen out: see quot. 1836.,printed date range,http://www.oed.com/dictionary/elongative_adj
literatize,LITERATIZE,10,verb,1836-,1836,0,derivative,transitive. To invest with literary character; to…,printed date range,http://www.oed.com/dictionary/literatize_v
rectangulate,RECTANGULATE,12,verb,1836-,1836,2,borrowing,transitive. To place at right angles; to divide…,printed date range,http://www.oed.com/dictionary/rectangulate_v
tittlebatian,TITTLEBATIAN,12,adjective,1836-,1836,0,derivative,Relating to tittlebats.,printed date range,http://www.oed.com/dictionary/tittlebatian_adj
Tritonic,TRITONIC,8,adjective,1836-,1836,1,derivative,Of or pertaining to a Triton or Tritons.,printed date range,http://www.oed.com/dictionary/tritonic_adj
wigful,WIGFUL,6,noun,1836-,1836,0,derivative,As much as fills a wig.,printed date range,http://www.oed.com/dictionary/wigful_n
barristration,BARRISTRATION,13,noun,1837-,1837,0,derivative,The action of a barrister.,printed date range,http://www.oed.com/dictionary/barristration_n
capricornity,CAPRICORNITY,12,noun,1837-,1837,0,derivative,Goat-horned or he-goat quality.,printed date range,http://www.oed.com/dictionary/capricornity_n
colaphic,COLAPHIC,8,adjective,1837-,1837,0,borrowing,Of or pertaining to a blow or buffet.,printed date range,http://www.oed.com/dictionary/colaphic_adj
colloquacious,COLLOQUACIOUS,13,adjective,1837-,1837,0,borrowing,Given to colloquy.,printed date range,http://www.oed.com/dictionary/colloquacious_adj
convivialize,CONVIVIALIZE,12,verb,1837-,1837,0,derivative,intransitive. To practise conviviality.,printed date range,http://www.oed.com/dictionary/convivialize_v
culottic,CULOTTIC,8,adjective,1837-,1837,1,borrowing,"Wearing breeches, respectable, as opposed to…",printed date range,http://www.oed.com/dictionary/culottic_adj
dameship,DAMESHIP,8,noun,1837-,1837,0,derivative,The office or position of a dame.,printed date range,http://www.oed.com/dictionary/dameship_n
dinnerly,DINNERLY,8,adverb,1837-,1837,0,derivative,For or by one's dinner.,printed date range,http://www.oed.com/dictionary/dinnerly_adv
dyslogy,DYSLOGY,7,noun,1837-,1837,1,derivative,"Dispraise, censure: the opposite of eulogy.",printed date range,http://www.oed.com/dictionary/dyslogy_n
fearling,FEARLING,8,noun,1837-,1837,0,derivative,A creature that fears.,printed date range,http://www.oed.com/dictionary/fearling_n
goosified,GOOSIFIED,9,adjective,1837-,1837,0,derivative,Affected with ‘goose-flesh’.,printed date range,http://www.oed.com/dictionary/goosified_adj
hearsay,HEARSAY,7,verb,1837-,1837,2,conversion,(intransitive) to tell what one has heard; to…,printed date range,http://www.oed.com/dictionary/hearsay_v
siroccoish,SIROCCOISH,10,adjective,1837-,1837,0,derivative,Somewhat resembling that produced by the sirocco…,printed date range,http://www.oed.com/dictionary/siroccoish_adj
stagnature,STAGNATURE,10,noun,1837-,1837,0,derivative,The state or condition of being stagnant.,printed date range,http://www.oed.com/dictionary/stagnature_n
twaddledom,TWADDLEDOM,10,noun,1837-,1837,0,derivative,"The realm of twaddle, the habit of uttering twaddle.",printed date range,http://www.oed.com/dictionary/twaddledom_n
wagling,WAGLING,7,noun,1837-,1837,1,derivative,A little wag.,printed date range,http://www.oed.com/dictionary/wagling_n
cerebroscope,CEREBROSCOPE,12,noun,1838-,1838,2,compound,After horoscope (see quot).,printed date range,http://www.oed.com/dictionary/cerebroscope_n
climed,CLIMED,6,adjective,1838-,1838,2,derivative,Allotted to a (particular) clime.,printed date range,http://www.oed.com/dictionary/climed_adj
cormorancy,CORMORANCY,10,noun,1838-,1838,0,derivative,A body of cormorants; a greedy oppressive class.,printed date range,http://www.oed.com/dictionary/cormorancy_n
cunopic,CUNOPIC,7,adjective,1838-,1838,0,borrowing,"= cynopic, adj.",printed date range,http://www.oed.com/dictionary/cunopic_adj
destinarian,DESTINARIAN,11,noun,1838-,1838,1,derivative,A believer in destiny.,printed date range,http://www.oed.com/dictionary/destinarian_n
flimsify,FLIMSIFY,8,verb,1838-,1838,0,derivative,transitive. To render flimsy.,printed date range,http://www.oed.com/dictionary/flimsify_v
flingy,FLINGY,6,adjective,1838-,1838,1,derivative,Inclined to fling or move abruptly; jerky.,printed date range,http://www.oed.com/dictionary/flingy_adj
gooseberryologist,GOOSEBERRYOLOGIST,17,noun,1838-,1838,0,compound,A person who studies gooseberries.,printed date range,http://www.oed.com/dictionary/gooseberryologist_n
heteroepy,HETEROEPY,9,noun,1838-,1838,0,compound,Pronunciation differing from the standard.,printed date range,http://www.oed.com/dictionary/heteroepy_n
heteromaton,HETEROMATON,11,noun,1838-,1838,0,compound,A thing that is moved by something else.,printed date range,http://www.oed.com/dictionary/heteromaton_n
jackass,JACKASS,7,verb,1838-,1838,4,conversion,Originally and chiefly North American…,printed date range,http://www.oed.com/dictionary/jackass_v
kritarchy,KRITARCHY,9,noun,1838-,1838,1,borrowing,"The rule, or period of rule, of the Judges in…",printed date range,http://www.oed.com/dictionary/kritarchy_n
victimologist,VICTIMOLOGIST,13,noun,1838-,1838,0,compound,A person who studies the victims of crime; an…,printed date range,http://www.oed.com/dictionary/victimologist_n
beauidealize,BEAUIDEALIZE,12,verb,a1839-,1839,0,derivative,"To form a beau ideal, or charming conception, of.",printed date range,http://www.oed.com/dictionary/beauidealize_v
column,COLUMN,6,verb,1839-,1839,3,conversion,intransitive. To form or move in column.,printed date range,http://www.oed.com/dictionary/column_v
decapillatory,DECAPILLATORY,13,adjective,1839-,1839,0,borrowing,Pertaining to the removal of hair from the head…,printed date range,http://www.oed.com/dictionary/decapillatory_adj
decorist,DECORIST,8,noun,1839-,1839,1,derivative,One attached to artistic proprieties.,printed date range,http://www.oed.com/dictionary/decorist_n
depullulation,DEPULLULATION,13,noun,1839-,1839,0,borrowing,Removal or plucking off of sprouts.,printed date range,http://www.oed.com/dictionary/depullulation_n
dyspneumony,DYSPNEUMONY,11,noun,1839-,1839,0,derivative,Disease or affection of the lungs.,printed date range,http://www.oed.com/dictionary/dyspneumony_n
eucnemidal,EUCNEMIDAL,10,adjective,1839-,1839,0,borrowing,Pertaining to a well-greaved man; hence quasi-n…,printed date range,http://www.oed.com/dictionary/eucnemidal_adj
frictionary,FRICTIONARY,11,adjective,1839-,1839,0,derivative,"= frictional, adj.",printed date range,http://www.oed.com/dictionary/frictionary_adj
imbeam,IMBEAM,6,verb,1839-,1839,0,derivative,transitive. To cast as a beam.,printed date range,http://www.oed.com/dictionary/imbeam_v
lampist,LAMPIST,7,noun,1839-,1839,1,borrowing,"One skilled in, or employed in, the construction…",printed date range,http://www.oed.com/dictionary/lampist_n
sea,SEA,3,verb,1839-,1839,2,conversion,intransitive. To go along as a part of the sea.,printed date range,http://www.oed.com/dictionary/sea_v
slanginess,SLANGINESS,10,noun,?1839-,1839,2,derivative,Very informal or colloquial character in…,printed date range,http://www.oed.com/dictionary/slanginess_n
thanatography,THANATOGRAPHY,13,noun,1839-,1839,2,compound,An account of a person's death.,printed date range,http://www.oed.com/dictionary/thanatography_n
van,VAN,3,verb,1839-,1839,3,conversion,transitive. To convey or transport (something…,printed date range,http://www.oed.com/dictionary/van_v2
within-bound,WITHINBOUND,11,adjective,1839-,1839,0,compound,Confined or experienced within bounds (in a school).,printed date range,http://www.oed.com/dictionary/within-bound_adj
constituentary,CONSTITUENTARY,14,adjective,1840-,1840,0,derivative,Pertaining to a constituent (sense A.2).,printed date range,http://www.oed.com/dictionary/constituentary_adj
cozling,COZLING,7,noun,1840-,1840,0,derivative,Little coz or cousin.,printed date range,http://www.oed.com/dictionary/cozling_n
crayonize,CRAYONIZE,9,verb,1840-,1840,0,derivative,"= crayon, v.; in quot. 1840 figurative to sketch…",printed date range,http://www.oed.com/dictionary/crayonize_v
episuperstruction,EPISUPERSTRUCTION,17,noun,1840-,1840,0,derivative,Additional superstruction.,printed date range,http://www.oed.com/dictionary/episuperstruction_n
erroneosity,ERRONEOSITY,11,noun,1840-,1840,0,derivative,= Erroneousness.,printed date range,http://www.oed.com/dictionary/erroneosity_n
I-ism,IISM,4,noun,1840-,1840,0,derivative,a. Metaphysics the reference of all things to…,printed date range,http://www.oed.com/dictionary/i-ism_n
indiscretionary,INDISCRETIONARY,15,adjective,1840-,1840,1,derivative,Of or pertaining to indiscretion.,printed date range,http://www.oed.com/dictionary/indiscretionary_adj
sanguine-heart,SANGUINEHEART,13,adjective,1840-,1840,0,compound,Crimson at the heart.,printed date range,http://www.oed.com/dictionary/sanguine-heart_adj
scarlety,SCARLETY,8,adjective,1840-,1840,1,derivative,Having a tinge of scarlet.,printed date range,http://www.oed.com/dictionary/scarlety_adj
scratchification,SCRATCHIFICATION,16,noun,1840-,1840,0,derivative,A spiteful attack.,printed date range,http://www.oed.com/dictionary/scratchification_n
sinescriptual,SINESCRIPTUAL,13,adjective,1840-,1840,0,borrowing,Not possessing the Scriptures.,printed date range,http://www.oed.com/dictionary/sinescriptual_adj
skeletoness,SKELETONESS,11,noun,1840-,1840,0,derivative,A female skeleton.,printed date range,http://www.oed.com/dictionary/skeletoness_n
tatterdemalionry,TATTERDEMALIONRY,16,noun,1840-,1840,0,derivative,The body of tatterdemalions.,printed date range,http://www.oed.com/dictionary/tatterdemalionry_n
ten-poundery,TENPOUNDERY,11,noun,1840-,1840,0,derivative,The body of ten-pound householders.,printed date range,http://www.oed.com/dictionary/ten-poundery_n
tobaccoy,TOBACCOY,8,adjective,1840-,1840,1,derivative,Impregnated with or smelling of tobacco-smoke.,printed date range,http://www.oed.com/dictionary/tobaccoy_adj
toxophilitism,TOXOPHILITISM,13,noun,1840-,1840,0,derivative,"= toxophily, n.",printed date range,http://www.oed.com/dictionary/toxophilitism_n
crucible,CRUCIBLE,8,verb,1841-,1841,3,conversion,To put into or melt in a crucible.,printed date range,http://www.oed.com/dictionary/crucible_v
daddyism,DADDYISM,8,noun,1841-,1841,1,derivative,Chiefly U.S. Paternalistic policy or practice on…,printed date range,http://www.oed.com/dictionary/daddyism_n
earth battery,EARTHBATTERY,12,noun,1841-,1841,1,compound,"†a. Military a battery (battery, n. III.8a)…",printed date range,http://www.oed.com/dictionary/earth-battery_n
egoistry,EGOISTRY,8,noun,1841-,1841,0,derivative,"= egoism, n.",printed date range,http://www.oed.com/dictionary/egoistry_n
enceinteship,ENCEINTESHIP,12,noun,1841-,1841,0,derivative,"The state of being enceinte, n.",printed date range,http://www.oed.com/dictionary/enceinteship_n
flirtationship,FLIRTATIONSHIP,14,noun,1841-,1841,0,derivative,A period of repeated flirtatious behaviour…,printed date range,http://www.oed.com/dictionary/flirtationship_n
floricide,FLORICIDE,9,noun,1841-,1841,0,borrowing,One who destroys flowers.,printed date range,http://www.oed.com/dictionary/floricide_n
harshish,HARSHISH,8,adjective,1841-,1841,1,derivative,Somewhat harsh.,printed date range,http://www.oed.com/dictionary/harshish_adj
sheepsheadism,SHEEPSHEADISM,13,noun,1841-,1841,0,derivative,The practice of eating sheep's-head.,printed date range,http://www.oed.com/dictionary/sheepsheadism_n
Tritonize,TRITONIZE,9,verb,1841-,1841,0,derivative,"(intransitive) to play the Triton (see Triton, n.¹ 1c).",printed date range,http://www.oed.com/dictionary/tritonize_v
bird farm,BIRDFARM,8,noun,1842-,1842,0,compound,A farm on which birds are reared or kept.,printed date range,http://www.oed.com/dictionary/bird-farm_n
cantatize,CANTATIZE,9,verb,1842-,1842,0,derivative,To perform cantatas.,printed date range,http://www.oed.com/dictionary/cantatize_v
donkeyess,DONKEYESS,9,noun,1842-,1842,0,derivative,A female donkey.,printed date range,http://www.oed.com/dictionary/donkeyess_n
ensignhood,ENSIGNHOOD,10,noun,1842-,1842,0,derivative,The state of being an ensign.,printed date range,http://www.oed.com/dictionary/ensignhood_n
farcedom,FARCEDOM,8,noun,1842-,1842,0,derivative,Farcical spirit or style.,printed date range,http://www.oed.com/dictionary/farcedom_n
firkineer,FIRKINEER,9,noun,1842-,1842,0,derivative,One who sells by the firkin.,printed date range,http://www.oed.com/dictionary/firkineer_n
ink-tippler,INKTIPPLER,10,noun,1842-,1842,0,compound,"One who is constantly using ink, a writer.",printed date range,http://www.oed.com/dictionary/ink-tippler_n
sconce,SCONCE,6,verb,1842-,1842,1,shortening,"transitive. = ensconce, v. 3b.",printed date range,http://www.oed.com/dictionary/sconce_v3
stagemanship,STAGEMANSHIP,12,noun,?1842-,1842,0,derivative,The art or skill of a male stage actor or…,printed date range,http://www.oed.com/dictionary/stagemanship_n
twinfold,TWINFOLD,8,adjective,1842-,1842,1,derivative,"Twofold, with the two parts or elements in close…",printed date range,http://www.oed.com/dictionary/twinfold_adj
yachtian,YACHTIAN,8,noun,1842-,1842,0,derivative,A yachtsman.,printed date range,http://www.oed.com/dictionary/yachtian_n
bodilize,BODILIZE,8,verb,a1843-,1843,0,derivative,transitive. To make corporeal or material.,printed date range,http://www.oed.com/dictionary/bodilize_v
corn-law,CORNLAW,7,verb,1843-,1843,2,,To impose corn-laws upon.,printed date range,http://www.oed.com/dictionary/corn-law_v
corn-lawing,CORNLAWING,10,adjective,1843-,1843,1,derivative,Passing or supporting corn-laws.,printed date range,http://www.oed.com/dictionary/corn-lawing_adj
dendranthropology,DENDRANTHROPOLOGY,17,noun,a1843-,1843,0,compound,‘Study based on the theory that man had sprung…,printed date range,http://www.oed.com/dictionary/dendranthropology_n
donkey,DONKEY,6,verb,1843-,1843,3,conversion,(intransitive) to ride a donkey.,printed date range,http://www.oed.com/dictionary/donkey_v
Escurialize,ESCURIALIZE,11,verb,1843-,1843,0,proper name,transitive. To subject to influences like those…,printed date range,http://www.oed.com/dictionary/escurialize_v
flunkeyhood,FLUNKEYHOOD,11,noun,1843-,1843,1,derivative,The fact or state of being a flunkey.,printed date range,http://www.oed.com/dictionary/flunkeyhood_n
hempstretch,HEMPSTRETCH,11,noun,a1843-,1843,0,compound,"A person hanged. Cf. stretchhemp at hemp, n. 3a.",printed date range,http://www.oed.com/dictionary/hempstretch_n
hindermate,HINDERMATE,10,noun,a1843-,1843,0,compound,A companion who is a hindrance.,printed date range,http://www.oed.com/dictionary/hindermate_n
hoplarchy,HOPLARCHY,9,noun,a1843-,1843,0,compound,(See quot.).,printed date range,http://www.oed.com/dictionary/hoplarchy_n
iatrarchy,IATRARCHY,9,noun,a1843-,1843,0,borrowing,The order of physicians.,printed date range,http://www.oed.com/dictionary/iatrarchy_n
inspunge,INSPUNGE,8,verb,1843-,1843,0,derivative,transitive. To confine in a sponging-house.,printed date range,http://www.oed.com/dictionary/inspunge_v
laddism,LADDISM,7,noun,1843-,1843,2,derivative,The condition or character of a lad.,printed date range,http://www.oed.com/dictionary/laddism_n
pinafore,PINAFORE,8,verb,1843-,1843,3,conversion,transitive (usually in passive). To dress in a…,printed date range,http://www.oed.com/dictionary/pinafore_v
rubricist,RUBRICIST,9,noun,1843-,1843,2,derivative,A strict or overzealous observer of liturgical rubrics.,printed date range,http://www.oed.com/dictionary/rubricist_n
sinesalary,SINESALARY,10,noun,a1843-,1843,0,borrowing,An office without pay.,printed date range,http://www.oed.com/dictionary/sinesalary_n
toxology,TOXOLOGY,8,noun,1843-,1843,1,borrowing,"The study of the bow, i.e. archery; but in quot…",printed date range,http://www.oed.com/dictionary/toxology_n
Yankeedoodledodom,YANKEEDOODLEDODOM,17,noun,1843-,1843,0,derivative,"= Yankeedom, n.",printed date range,http://www.oed.com/dictionary/yankeedoodledodom_n
after-party,AFTERPARTY,10,noun,1844-,1844,2,derivative,A party (usually of an exclusive nature) which…,printed date range,http://www.oed.com/dictionary/after-party_n
capkin,CAPKIN,6,noun,1844-,1844,0,derivative,A little cap.,printed date range,http://www.oed.com/dictionary/capkin_n
dimonosyllabic,DIMONOSYLLABIC,14,adjective,1844-,1844,0,compound,Consisting of two monosyllables.,printed date range,http://www.oed.com/dictionary/dimonosyllabic_adj
function,FUNCTION,8,verb,1844-,1844,6,conversion,intransitive. To fulfil one's function; to work…,printed date range,http://www.oed.com/dictionary/function_v
hieropathic,HIEROPATHIC,11,adjective,1844-,1844,0,borrowing,Consisting in love of the clergy.,printed date range,http://www.oed.com/dictionary/hieropathic_adj
kitist,KITIST,6,noun,1844-,1844,0,derivative,One skilled in flying kites.,printed date range,http://www.oed.com/dictionary/kitist_n
railway,RAILWAY,7,verb,1844-,1844,4,conversion,transitive. To provide (a place) with railways.,printed date range,http://www.oed.com/dictionary/railway_v
shoekin,SHOEKIN,7,noun,1844-,1844,0,derivative,A small shoe.,printed date range,http://www.oed.com/dictionary/shoekin_n
tartar-emeticize,TARTAREMETICIZE,15,verb,1844-,1844,0,compound,(transitive) to dose with tartar-emetic.,printed date range,http://www.oed.com/dictionary/tartar-emeticize_v
cocktailian,COCKTAILIAN,11,"adjective, noun",1845-,1845,0,derivative,"Of, relating to, or characteristic of cocktails…",printed date range,http://www.oed.com/dictionary/cocktailian_adj
cottonocrat,COTTONOCRAT,11,noun,1845-,1845,0,,A member of the cottonocracy; a cotton-lord.,printed date range,http://www.oed.com/dictionary/cottonocrat_n
disidentify,DISIDENTIFY,11,verb,1845-,1845,3,derivative,transitive. To undo or veil the identity of.,printed date range,http://www.oed.com/dictionary/disidentify_v
embrownment,EMBROWNMENT,11,noun,1845-,1845,0,derivative,Brown colouring.,printed date range,http://www.oed.com/dictionary/embrownment_n
goose-paddle,GOOSEPADDLE,11,verb,1845-,1845,0,compound,transitive to propel by paddling like a goose.,printed date range,http://www.oed.com/dictionary/goose-paddle_v
joggling table,JOGGLINGTABLE,13,noun,1845-,1845,0,compound,Printing. A vibrating table or board that allows…,printed date range,http://www.oed.com/dictionary/joggling-table_n
knightfully,KNIGHTFULLY,11,adverb,1845-,1845,0,derivative,"Like a knight, bravely.",printed date range,http://www.oed.com/dictionary/knightfully_adv
roadcraft,ROADCRAFT,9,noun,1845-,1845,1,compound,"†a. The occupation, skill, or craft of a…",printed date range,http://www.oed.com/dictionary/roadcraft_n
taggery,TAGGERY,7,noun,1845-,1845,0,derivative,The work of a tagger; the tagging of rhymes.,printed date range,http://www.oed.com/dictionary/taggery_n
theriomaniac,THERIOMANIAC,12,noun,1845-,1845,0,compound,A person having an obsession or mania for hunting…,printed date range,http://www.oed.com/dictionary/theriomaniac_n
threelihood,THREELIHOOD,11,noun,1845-,1845,0,derivative,The Trinity; threefoldness.,printed date range,http://www.oed.com/dictionary/threelihood_n
tobaccose,TOBACCOSE,9,adjective,1845-,1845,0,derivative,"Addicted to, or characterized by addiction to, tobacco.",printed date range,http://www.oed.com/dictionary/tobaccose_adj
typeless,TYPELESS,8,adjective,1845-,1845,3,derivative,"Untyped, unprinted.",printed date range,http://www.oed.com/dictionary/typeless_adj
bayoneteer,BAYONETEER,10,noun,1846-,1846,1,derivative,A soldier armed with the bayonet.,printed date range,http://www.oed.com/dictionary/bayoneteer_n
Cottonian,COTTONIAN,9,noun,1846-,1846,2,derivative,A person involved or invested in the cotton…,printed date range,http://www.oed.com/dictionary/cottonian_n
daguerreotypism,DAGUERREOTYPISM,15,noun,1846-,1846,0,derivative,Minute exactness as of a daguerreotype.,printed date range,http://www.oed.com/dictionary/daguerreotypism_n
dandyling,DANDYLING,9,noun,1846-,1846,0,derivative,A diminutive or petty dandy.,printed date range,http://www.oed.com/dictionary/dandyling_n
equison,EQUISON,7,noun,1846-,1846,0,borrowing,A groom; a horse-jockey.,printed date range,http://www.oed.com/dictionary/equison_n2
futurism,FUTURISM,8,noun,1846-,1846,4,derivative,Usually with capital initial. An artistic and…,printed date range,http://www.oed.com/dictionary/futurism_n
husbanddom,HUSBANDDOM,10,noun,1846-,1846,0,derivative,The state or condition of being a husband.,printed date range,http://www.oed.com/dictionary/husbanddom_n
irregularist,IRREGULARIST,12,noun,1846-,1846,0,derivative,One who adheres to an irregular course or proceeding.,printed date range,http://www.oed.com/dictionary/irregularist_n
jejunery,JEJUNERY,8,noun,1846-,1846,0,derivative,Fasting; jejune writing.,printed date range,http://www.oed.com/dictionary/jejunery_n
pastille,PASTILLE,8,verb,1846-,1846,1,conversion,transitive. To make into a pastille.,printed date range,http://www.oed.com/dictionary/pastille_v
dustward,DUSTWARD,8,adverb,1847-,1847,1,derivative,Towards the dust; towards death or the grave.,printed date range,http://www.oed.com/dictionary/dustward_adv
fad,FAD,3,verb,1847-,1847,4,unknown,intransitive. dialect. (See quots.),printed date range,http://www.oed.com/dictionary/fad_v
flinchless,FLINCHLESS,10,adjective,1847-,1847,1,derivative,Without a flinch.,printed date range,http://www.oed.com/dictionary/flinchless_adj
heteropathy,HETEROPATHY,11,noun,1847-,1847,2,compound,"Medicine. = allopathy, n.: opposed to homœopathy.",printed date range,http://www.oed.com/dictionary/heteropathy_n
insuffice,INSUFFICE,9,verb,1847-,1847,0,derivative,intransitive. To fail to suffice; to be insufficient.,printed date range,http://www.oed.com/dictionary/insuffice_v
sacked,SACKED,6,adjective,1847-,1847,2,derivative,Wearing a sack.,printed date range,http://www.oed.com/dictionary/sacked_adj2
sweeperess,SWEEPERESS,10,noun,1847-,1847,2,derivative,A female (crossing-) sweeper.,printed date range,http://www.oed.com/dictionary/sweeperess_n
viaggiatory,VIAGGIATORY,11,adjective,1847-,1847,0,borrowing,Given to travelling about.,printed date range,http://www.oed.com/dictionary/viaggiatory_adj
vo,VO,2,noun,1847-,1847,5,shortening,A size of book.,printed date range,http://www.oed.com/dictionary/vo_n
cornucopiosity,CORNUCOPIOSITY,14,noun,1848-,1848,0,derivative,? Cornucopia-like arrangement or profusion.,printed date range,http://www.oed.com/dictionary/cornucopiosity_n
cuisinic,CUISINIC,8,adjective,1848-,1848,0,derivative,Pertaining to the cuisine.,printed date range,http://www.oed.com/dictionary/cuisinic_adj
double-barrel,DOUBLEBARREL,12,verb,1848-,1848,3,,transitive. To alter (one's surname) by…,printed date range,http://www.oed.com/dictionary/double-barrel_v
eludent,ELUDENT,7,adjective,1848-,1848,1,borrowing,That eludes (the gaze).,printed date range,http://www.oed.com/dictionary/eludent_adj
embastille,EMBASTILLE,10,verb,1848-,1848,0,borrowing,"transitive. To surround (a city) with forts, or…",printed date range,http://www.oed.com/dictionary/embastille_v
flunkeyfied,FLUNKEYFIED,11,adjective,1848-,1848,0,derivative,Imbued with flunkeyism.,printed date range,http://www.oed.com/dictionary/flunkeyfied_adj
forficulate,FORFICULATE,11,verb,1848-,1848,0,borrowing,"intransitive. To have a ‘creeping’ sensation, as…",printed date range,http://www.oed.com/dictionary/forficulate_v
herpetic,HERPETIC,8,adjective,1848-,1848,3,borrowing,"Crawling, reptilian.",printed date range,http://www.oed.com/dictionary/herpetic_adj2
humblement,HUMBLEMENT,10,noun,1848-,1848,3,derivative,Humiliation.,printed date range,http://www.oed.com/dictionary/humblement_n
tariffize,TARIFFIZE,9,verb,1848-,1848,0,derivative,(transitive) to subject to a tariff or system of…,printed date range,http://www.oed.com/dictionary/tariffize_v
transdiurnal,TRANSDIURNAL,12,adjective,1848-,1848,1,derivative,That is beyond the confines of day.,printed date range,http://www.oed.com/dictionary/transdiurnal_adj
treeify,TREEIFY,7,verb,1848-,1848,0,derivative,transitive. To make or change into a tree.,printed date range,http://www.oed.com/dictionary/treeify_v
consequenceless,CONSEQUENCELESS,15,adjective,1849-,1849,1,derivative,Without consequences.,printed date range,http://www.oed.com/dictionary/consequenceless_adj
diphrelatic,DIPHRELATIC,11,adjective,1849-,1849,1,borrowing,Relating to the driving of a chariot…,printed date range,http://www.oed.com/dictionary/diphrelatic_adj
disvowelled,DISVOWELLED,11,adjective,1849-,1849,0,derivative,Rendered vowelless; that does not pronounce vowels.,printed date range,http://www.oed.com/dictionary/disvowelled_adj
Laputically,LAPUTICALLY,11,adverb,a1849-,1849,0,,After the fashion of the Laputans.,printed date range,http://www.oed.com/dictionary/laputically_adv
sangsue,SANGSUE,7,noun,a1849-,1849,2,borrowing,A leech.,printed date range,http://www.oed.com/dictionary/sangsue_n
snivelize,SNIVELIZE,9,verb,1849-,1849,1,,(transitive) to reduce (someone) to a state of…,printed date range,http://www.oed.com/dictionary/snivelize_v
solidiform,SOLIDIFORM,10,noun,1849-,1849,1,compound,A solid body.,printed date range,http://www.oed.com/dictionary/solidiform_n
steepleless,STEEPLELESS,11,adjective,1849-,1849,1,derivative,Having no steeple.,printed date range,http://www.oed.com/dictionary/steepleless_adj
touristship,TOURISTSHIP,11,noun,1849-,1849,0,derivative,The quality or position of a tourist.,printed date range,http://www.oed.com/dictionary/touristship_n
vanitarianism,VANITARIANISM,13,noun,1849-,1849,0,derivative,The pursuit of vanities.,printed date range,http://www.oed.com/dictionary/vanitarianism_n
waiterage,WAITERAGE,9,noun,1849-,1849,0,derivative,The performance of a waiter's duties.,printed date range,http://www.oed.com/dictionary/waiterage_n
cantity,CANTITY,7,noun,1850-,1850,1,derivative,Canting quality; cant.,printed date range,http://www.oed.com/dictionary/cantity_n
chirographosophic,CHIROGRAPHOSOPHIC,17,adjective,1850-,1850,0,derivative,"Skilled in, or a judge of handwriting.",printed date range,http://www.oed.com/dictionary/chirographosophic_adj
comato-crapulose,COMATOCRAPULOSE,15,adjective,1850-,1850,0,borrowing,In a state of drowsiness and head-ache consequent…,printed date range,http://www.oed.com/dictionary/comato-crapulose_adj
consobrinal,CONSOBRINAL,11,adjective,1850-,1850,0,borrowing,Having the relationship of cousin.,printed date range,http://www.oed.com/dictionary/consobrinal_adj
electiveness,ELECTIVENESS,12,noun,1850-,1850,2,derivative,The fact of (a government's) being elective.,printed date range,http://www.oed.com/dictionary/electiveness_n
gesticular,GESTICULAR,10,adjective,1850-,1850,2,borrowing,Of or pertaining to gesticulation.,printed date range,http://www.oed.com/dictionary/gesticular_adj
grave-deep,GRAVEDEEP,9,adjective,1850-,1850,1,compound,Deep as the grave.,printed date range,http://www.oed.com/dictionary/grave-deep_adj
infantocracy,INFANTOCRACY,12,noun,1850-,1850,0,compound,The rule of an infant.,printed date range,http://www.oed.com/dictionary/infantocracy_n
inside-out,INSIDEOUT,9,adjective,1850-,1850,4,conversion,Having the inner surface turned outwards…,printed date range,http://www.oed.com/dictionary/inside-out_adj
Italianesquery,ITALIANESQUERY,14,noun,1850-,1850,0,derivative,Work executed in Italian style.,printed date range,http://www.oed.com/dictionary/italianesquery_n
tritheocracy,TRITHEOCRACY,12,noun,1850-,1850,0,compound,Rule or government by three Gods; a group of…,printed date range,http://www.oed.com/dictionary/tritheocracy_n
twaddleize,TWADDLEIZE,10,verb,1850-,1850,0,derivative,(transitive) to reduce to twaddle.,printed date range,http://www.oed.com/dictionary/twaddleize_v
anthroposophist,ANTHROPOSOPHIST,15,noun,1851-,1851,3,derivative,An advocate or practitioner of Rudolf Steiner's…,printed date range,http://www.oed.com/dictionary/anthroposophist_n
antisemitic,ANTISEMITIC,11,adjective,1851-,1851,5,derivative,"Characterized by prejudice, hostility, or…",printed date range,http://www.oed.com/dictionary/antisemitic_adj
diplodoxy,DIPLODOXY,9,noun,1851-,1851,0,compound,(See quot. 1851).,printed date range,http://www.oed.com/dictionary/diplodoxy_n
eucnemic,EUCNEMIC,8,adjective,1851-,1851,0,borrowing,Well-greaved; hence belonging to ancient Greece.,printed date range,http://www.oed.com/dictionary/eucnemic_adj
frolickery,FROLICKERY,10,noun,1851-,1851,0,,Buffoonery.,printed date range,http://www.oed.com/dictionary/frolickery_n
frothery,FROTHERY,8,noun,1851-,1851,0,derivative,"Mere froth, empty display, triviality.",printed date range,http://www.oed.com/dictionary/frothery_n
isoscelesism,ISOSCELESISM,12,noun,1851-,1851,1,derivative,The character of being isosceles.,printed date range,http://www.oed.com/dictionary/isoscelesism_n
pettifogulize,PETTIFOGULIZE,13,verb,1851-,1851,0,compound,intransitive. To quibble.,printed date range,http://www.oed.com/dictionary/pettifogulize_v
stayhold,STAYHOLD,8,noun,1851-,1851,0,compound,A firm foothold.,printed date range,http://www.oed.com/dictionary/stayhold_n
sticky,STICKY,6,noun,1851-,1851,3,conversion,A small piece of (typically yellow) notepaper…,printed date range,http://www.oed.com/dictionary/sticky_n
symmorphic,SYMMORPHIC,10,adjective,1851-,1851,2,,Having the same or a like form; conformed.,printed date range,http://www.oed.com/dictionary/symmorphic_adj
tavernize,TAVERNIZE,9,verb,1851-,1851,0,derivative,(intransitive) to frequent taverns.,printed date range,http://www.oed.com/dictionary/tavernize_v
temporicide,TEMPORICIDE,11,noun,1851-,1851,0,borrowing,The ‘killing’ of time.,printed date range,http://www.oed.com/dictionary/temporicide_n
tornadoed,TORNADOED,9,adjective,1851-,1851,2,derivative,Affected by tornadoes. (In quot. 1851 figurative.),printed date range,http://www.oed.com/dictionary/tornadoed_adj
chromatocracy,CHROMATOCRACY,13,noun,1852-,1852,0,compound,"A ruling class of a particular colour, e.g. of…",printed date range,http://www.oed.com/dictionary/chromatocracy_n
dactylodeiktous,DACTYLODEIKTOUS,15,adjective,1852-,1852,0,compound,Pointed at with the finger.,printed date range,http://www.oed.com/dictionary/dactylodeiktous_adj
donkeydrome,DONKEYDROME,11,noun,1852-,1852,0,derivative,A course for a donkey-race.,printed date range,http://www.oed.com/dictionary/donkeydrome_n
heterology,HETEROLOGY,10,noun,1852-,1852,3,borrowing,The condition of being heterologous: opposed to…,printed date range,http://www.oed.com/dictionary/heterology_n
laddery,LADDERY,7,adjective,1852-,1852,0,derivative,Resembling a ladder.,printed date range,http://www.oed.com/dictionary/laddery_adj
orthoprax,ORTHOPRAX,9,adjective,1852-,1852,2,compound,Correct in practice (as distinct from thought or…,printed date range,http://www.oed.com/dictionary/orthoprax_adj
osculatrix,OSCULATRIX,10,noun,1852-,1852,0,borrowing,Geometry. A curve or surface that osculates…,printed date range,http://www.oed.com/dictionary/osculatrix_n
anthropometrical,ANTHROPOMETRICAL,16,adjective,1853-,1853,3,compound,Of or relating to the measurement of the human…,printed date range,http://www.oed.com/dictionary/anthropometrical_adj
gazee,GAZEE,5,noun,1853-,1853,1,derivative,One who is stared at.,printed date range,http://www.oed.com/dictionary/gazee_n
gourmetism,GOURMETISM,10,noun,1853-,1853,0,derivative,Daintiness in eating.,printed date range,http://www.oed.com/dictionary/gourmetism_n
gynophagite,GYNOPHAGITE,11,noun,1853-,1853,0,compound,A woman-eater.,printed date range,http://www.oed.com/dictionary/gynophagite_n
ichthyarchy,ICHTHYARCHY,11,noun,1853-,1853,0,compound,The domain of fishes; the fish-world in all its orders.,printed date range,http://www.oed.com/dictionary/ichthyarchy_n
ichthyophagize,ICHTHYOPHAGIZE,14,verb,1853-,1853,0,,(intransitive) to eat fish.,printed date range,http://www.oed.com/dictionary/ichthyophagize_v
land-berg,LANDBERG,8,noun,1853-,1853,0,compound,(After iceberg) an ‘ice-mountain’ on land.,printed date range,http://www.oed.com/dictionary/land-berg_n
scoliograptic,SCOLIOGRAPTIC,13,adjective,1853-,1853,0,borrowing,Obliquely marked.,printed date range,http://www.oed.com/dictionary/scoliograptic_adj
sequestral,SEQUESTRAL,10,adjective,1853-,1853,1,borrowing,(See quot. 1853.),printed date range,http://www.oed.com/dictionary/sequestral_adj1
shake-spear,SHAKESPEAR,10,adjective,1853-,1853,1,compound,That brandishes a spear (tr. Greek δορυσσόος).,printed date range,http://www.oed.com/dictionary/shake-spear_adj
threesomeness,THREESOMENESS,13,noun,1853-,1853,0,derivative,"The quality of existing in threes, triplicity.",printed date range,http://www.oed.com/dictionary/threesomeness_n
tunnyhood,TUNNYHOOD,9,noun,1853-,1853,0,derivative,The state of a full-grown tunny.,printed date range,http://www.oed.com/dictionary/tunnyhood_n
bullionless,BULLIONLESS,11,adjective,1854-,1854,0,derivative,Without bullion.,printed date range,http://www.oed.com/dictionary/bullionless_adj
clupean,CLUPEAN,7,adjective,1854-,1854,0,borrowing,Pertaining to herrings.,printed date range,http://www.oed.com/dictionary/clupean_adj
covercled,COVERCLED,9,adjective,1854-,1854,0,derivative,Having a covercle or lid.,printed date range,http://www.oed.com/dictionary/covercled_adj
cynopic,CYNOPIC,7,adjective,1854-,1854,0,borrowing,"Dog-faced, shameless.",printed date range,http://www.oed.com/dictionary/cynopic_adj
displendour,DISPLENDOUR,11,verb,1854-,1854,0,derivative,transitive. To deprive of splendour.,printed date range,http://www.oed.com/dictionary/displendour_v
exeleutherostomize,EXELEUTHEROSTOMIZE,18,verb,1854-,1854,0,borrowing,transitive. To speak out freely.,printed date range,http://www.oed.com/dictionary/exeleutherostomize_v
fragrance,FRAGRANCE,9,verb,1854-,1854,4,conversion,(transitive) to fill with fragrance.,printed date range,http://www.oed.com/dictionary/fragrance_v
irreligionize,IRRELIGIONIZE,13,verb,1854-,1854,0,derivative,"transitive. To turn to irreligion, make irreligious.",printed date range,http://www.oed.com/dictionary/irreligionize_v
landlady-ship,LANDLADYSHIP,12,noun,1854-,1854,0,derivative,The position or dignity of a landlady.,printed date range,http://www.oed.com/dictionary/landlady-ship_n
prefabulous,PREFABULOUS,11,adjective,1854-,1854,0,derivative,Existing before the time of fables.,printed date range,http://www.oed.com/dictionary/prefabulous_adj
shuttable,SHUTTABLE,9,adjective,1854-,1854,0,derivative,Capable of being closed.,printed date range,http://www.oed.com/dictionary/shuttable_adj
sinistration,SINISTRATION,12,noun,1854-,1854,0,borrowing,The condition or property of being sinistral (in…,printed date range,http://www.oed.com/dictionary/sinistration_n
teetotalleress,TEETOTALLERESS,14,noun,1854-,1854,0,derivative,A female teetotaller.,printed date range,http://www.oed.com/dictionary/teetotalleress_n
transaudient,TRANSAUDIENT,12,adjective,1854-,1854,1,borrowing,Permitting the passage of sound; capable of being…,printed date range,http://www.oed.com/dictionary/transaudient_adj
vespertilionize,VESPERTILIONIZE,15,verb,1854-,1854,0,borrowing,transitive. To convert or turn into a bat.,printed date range,http://www.oed.com/dictionary/vespertilionize_v
whisthood,WHISTHOOD,9,noun,1854-,1854,0,derivative,Age or state of ability to play whist.,printed date range,http://www.oed.com/dictionary/whisthood_n
boughery,BOUGHERY,8,noun,1855-,1855,0,derivative,A structure of boughs.,printed date range,http://www.oed.com/dictionary/boughery_n
chest-quake,CHESTQUAKE,10,noun,1855-,1855,0,compound,After earthquake.,printed date range,http://www.oed.com/dictionary/chest-quake_n
consphaerate,CONSPHAERATE,12,adjective,1855-,1855,0,borrowing,Associated with the spheres; ensphered together.,printed date range,http://www.oed.com/dictionary/consphaerate_adj
continentalize,CONTINENTALIZE,14,verb,1855-,1855,2,derivative,intransitive. To make a continental tour; to…,printed date range,http://www.oed.com/dictionary/continentalize_v
dullification,DULLIFICATION,13,noun,1855-,1855,1,derivative,(In quot.) something that makes one dull).,printed date range,http://www.oed.com/dictionary/dullification_n
elephanticide,ELEPHANTICIDE,13,noun,1855-,1855,0,compound,The killing of an elephant.,printed date range,http://www.oed.com/dictionary/elephanticide_n
embracive,EMBRACIVE,9,adjective,1855-,1855,3,derivative,Given to or fond of embracing; embracing…,printed date range,http://www.oed.com/dictionary/embracive_adj
encolure,ENCOLURE,8,noun,1855-,1855,2,borrowing,Used by Browning for: The mane (of a horse).,printed date range,http://www.oed.com/dictionary/encolure_n
indefinitism,INDEFINITISM,12,noun,1855-,1855,0,derivative,Indefinite character.,printed date range,http://www.oed.com/dictionary/indefinitism_n
knockupedness,KNOCKUPEDNESS,13,noun,1855-,1855,0,compound,The state of being ‘knocked up’ or weak.,printed date range,http://www.oed.com/dictionary/knockupedness_n
sweepdom,SWEEPDOM,8,noun,1855-,1855,0,derivative,Sweeps collectively.,printed date range,http://www.oed.com/dictionary/sweepdom_n
tea-tabular,TEATABULAR,10,adjective,1855-,1855,1,,Pertaining to the tea-table.,printed date range,http://www.oed.com/dictionary/tea-tabular_adj
tertio-geniture,TERTIOGENITURE,14,noun,1855-,1855,0,borrowing,Right of succession or inheritance belonging to…,printed date range,http://www.oed.com/dictionary/tertio-geniture_n
turtlish,TURTLISH,8,adjective,1855-,1855,1,derivative,Having the character or qualities of a turtle-dove.,printed date range,http://www.oed.com/dictionary/turtlish_adj
arithmocracy,ARITHMOCRACY,12,noun,1856-,1856,1,borrowing,A form of government in which the power is vested…,printed date range,http://www.oed.com/dictionary/arithmocracy_n
Birminghamize,BIRMINGHAMIZE,13,verb,1856-,1856,1,proper name,transitive. British. To cause to resemble or…,printed date range,http://www.oed.com/dictionary/birminghamize_v
caudation,CAUDATION,9,noun,1856-,1856,0,borrowing,The furnishing of a tail; tailed condition.,printed date range,http://www.oed.com/dictionary/caudation_n
dollatry,DOLLATRY,8,noun,1856-,1856,0,,Worship of dolls.,printed date range,http://www.oed.com/dictionary/dollatry_n
glossalgy,GLOSSALGY,9,noun,1856-,1856,0,variant,"= glossalgia, n.",printed date range,http://www.oed.com/dictionary/glossalgy_n
illevel,ILLEVEL,7,adjective,1856-,1856,0,derivative,Not level.,printed date range,http://www.oed.com/dictionary/illevel_adj
inrag,INRAG,5,verb,1856-,1856,0,derivative,transitive. To embody in the form of rags.,printed date range,http://www.oed.com/dictionary/inrag_v
logy,LOGY,4,noun,1856-,1856,3,derivative,"= ology, n.",printed date range,http://www.oed.com/dictionary/logy_n
scorbutized,SCORBUTIZED,11,adjective,1856-,1856,0,derivative,Affected with scurvy.,printed date range,http://www.oed.com/dictionary/scorbutized_adj
steeplish,STEEPLISH,9,adjective,1856-,1856,0,derivative,Somewhat like the form of a steeple.,printed date range,http://www.oed.com/dictionary/steeplish_adj
suspendee,SUSPENDEE,9,noun,a1856-,1856,1,derivative,One who is suspended.,printed date range,http://www.oed.com/dictionary/suspendee_n
Tartarus,TARTARUS,8,verb,1856-,1856,2,conversion,(transitive) to consign to Tartarus (representing…,printed date range,http://www.oed.com/dictionary/tartarus_v
technologizing,TECHNOLOGIZING,14,noun,1856-,1856,2,derivative,The action of making technical or technological…,printed date range,http://www.oed.com/dictionary/technologizing_n
tetrakism,TETRAKISM,9,noun,1856-,1856,1,borrowing,"A theory or doctrine of four (persons, aspects, etc.).",printed date range,http://www.oed.com/dictionary/tetrakism_n
tidyism,TIDYISM,7,noun,1856-,1856,0,derivative,A principle or practice of extreme tidiness.,printed date range,http://www.oed.com/dictionary/tidyism_n
tigrology,TIGROLOGY,9,noun,1856-,1856,0,compound,The branch of zoology which treats of tigers.,printed date range,http://www.oed.com/dictionary/tigrology_n
treasury,TREASURY,8,verb,1856-,1856,2,conversion,In passive to be honoured by the Treasury.,printed date range,http://www.oed.com/dictionary/treasury_v
typefy,TYPEFY,6,verb,1856-,1856,2,derivative,"(transitive) to put into type, to print.",printed date range,http://www.oed.com/dictionary/typefy_v
castrometer,CASTROMETER,11,noun,1857-,1857,0,borrowing,A surveyor of (ancient) camps.,printed date range,http://www.oed.com/dictionary/castrometer_n
cotton-wool,COTTONWOOL,10,verb,1857-,1857,1,,transitive a. To stuff or close (the ears) with…,printed date range,http://www.oed.com/dictionary/cotton-wool_v
divaguely,DIVAGUELY,9,adverb,1857-,1857,0,derivative,In a wandering or aimless manner.,printed date range,http://www.oed.com/dictionary/divaguely_adv
gewgawish,GEWGAWISH,9,adjective,1857-,1857,1,derivative,"Gaudy, showy.",printed date range,http://www.oed.com/dictionary/gewgawish_adj
ifsoever,IFSOEVER,8,adverb,1857-,1857,0,compound,If in any circumstances; if ever.,printed date range,http://www.oed.com/dictionary/ifsoever_adv
knock-upable,KNOCKUPABLE,11,adjective,1857-,1857,0,compound,Likely to be ‘knocked up’ or weak.,printed date range,http://www.oed.com/dictionary/knock-upable_adj
mother-in-law,MOTHERINLAW,11,verb,1857-,1857,3,conversion,transitive (in passive). humorous. To get married.,printed date range,http://www.oed.com/dictionary/mother-in-law_v
patrogony,PATROGONY,9,noun,1857-,1857,0,borrowing,Biology. Ontogeny that appears to duplicate…,printed date range,http://www.oed.com/dictionary/patrogony_n
telectrograph,TELECTROGRAPH,13,noun,1857-,1857,0,compound,†a. (An alternative name proposed for) a…,printed date range,http://www.oed.com/dictionary/telectrograph_n
telepheme,TELEPHEME,9,noun,1857-,1857,0,borrowing,A message conveyed by telephone. rare.,printed date range,http://www.oed.com/dictionary/telepheme_n
toxophilitic,TOXOPHILITIC,12,adjective,1857-,1857,0,derivative,Pertaining or relating to archers or archery.,printed date range,http://www.oed.com/dictionary/toxophilitic_adj
whiffle,WHIFFLE,7,verb,1857-,1857,1,backformation,intransitive. To act as a whiffler.,printed date range,http://www.oed.com/dictionary/whiffle_v2
cram-boy,CRAMBOY,7,noun,1858-,1858,0,compound,A boy who has been intensively prepared or…,printed date range,http://www.oed.com/dictionary/cram-boy_n
cram-man,CRAMMAN,7,noun,1858-,1858,0,compound,A man who has been intensively prepared or…,printed date range,http://www.oed.com/dictionary/cram-man_n
decadescent,DECADESCENT,11,adjective,1858-,1858,0,borrowing,Beginning or tending to decay.,printed date range,http://www.oed.com/dictionary/decadescent_adj
deuterocol,DEUTEROCOL,10,noun,1858-,1858,0,compound,A second dispatch.,printed date range,http://www.oed.com/dictionary/deuterocol_n
flunkeyite,FLUNKEYITE,10,adjective,1858-,1858,0,derivative,Characteristic of or resembling a flunkey.,printed date range,http://www.oed.com/dictionary/flunkeyite_adj
indigenist,INDIGENIST,10,"noun, adjective",1858-,1858,0,derivative,Chiefly in Latin American contexts: a supporter…,printed date range,http://www.oed.com/dictionary/indigenist_n
myrtle-greener,MYRTLEGREENER,13,noun,1858-,1858,0,compound,A person dressed in myrtle green.,printed date range,http://www.oed.com/dictionary/myrtle-greener_n
pancosmism,PANCOSMISM,10,noun,1858-,1858,1,borrowing,Philosophy and Theology. The doctrine that the…,printed date range,http://www.oed.com/dictionary/pancosmism_n
pigtaily,PIGTAILY,8,adjective,1858-,1858,0,derivative,Characteristic or suggestive of the period when…,printed date range,http://www.oed.com/dictionary/pigtaily_adj
raily,RAILY,5,adjective,1858-,1858,2,derivative,"Railway-like (in quot. after of the earth, earthy…",printed date range,http://www.oed.com/dictionary/raily_adj
tigerling,TIGERLING,9,noun,1858-,1858,0,derivative,A young or diminutive tiger.,printed date range,http://www.oed.com/dictionary/tigerling_n
tillocrat,TILLOCRAT,9,noun,1858-,1858,0,compound,A ruling member of an agricultural class.,printed date range,http://www.oed.com/dictionary/tillocrat_n
tollery,TOLLERY,7,noun,1858-,1858,0,derivative,A place at which tolls are collected.,printed date range,http://www.oed.com/dictionary/tollery_n
concutient,CONCUTIENT,10,adjective,1859-,1859,1,borrowing,Meeting with concussion.,printed date range,http://www.oed.com/dictionary/concutient_adj
ditchwaterly,DITCHWATERLY,12,adverb,1859-,1859,0,derivative,= ‘as ditch-water’ (see above).,printed date range,http://www.oed.com/dictionary/ditchwaterly_adv
ellipsist,ELLIPSIST,9,noun,1859-,1859,0,derivative,A person who is immoderately fond of the use of…,printed date range,http://www.oed.com/dictionary/ellipsist_n
fiddlement,FIDDLEMENT,10,noun,1859-,1859,0,derivative,"The action of fiddling, an instance of this.",printed date range,http://www.oed.com/dictionary/fiddlement_n
harlequinadish,HARLEQUINADISH,14,adjective,1859-,1859,0,derivative,Of the nature of a harlequinade.,printed date range,http://www.oed.com/dictionary/harlequinadish_adj
incendiarize,INCENDIARIZE,12,verb,1859-,1859,0,,(transitive) to infect with incendiarism; to…,printed date range,http://www.oed.com/dictionary/incendiarize_v
leading-stringed,LEADINGSTRINGED,15,adjective,1859-,1859,0,derivative,"Guided with, or kept within, leading-strings.",printed date range,http://www.oed.com/dictionary/leading-stringed_adj
schismatism,SCHISMATISM,11,noun,1859-,1859,1,derivative,Schismatic principles.,printed date range,http://www.oed.com/dictionary/schismatism_n
sweetch,SWEETCH,7,interjection,1859-,1859,1,imitative,An imitative word expressing the sound of a whip.,printed date range,http://www.oed.com/dictionary/sweetch_int
Tophetism,TOPHETISM,9,noun,1859-,1859,0,derivative,Hellishness.,printed date range,http://www.oed.com/dictionary/tophetism_n
belaborous,BELABOROUS,10,adjective,1860-,1860,0,derivative,Given to belabouring or thrashing.,printed date range,http://www.oed.com/dictionary/belaborous_adj
betail,BETAIL,6,verb,1860-,1860,2,derivative,transitive. To deprive of the tail.,printed date range,http://www.oed.com/dictionary/betail_v
chromatograph,CHROMATOGRAPH,13,verb,1860-,1860,3,compound,transitive. To represent in colours.,printed date range,http://www.oed.com/dictionary/chromatograph_v1
confessionalize,CONFESSIONALIZE,15,verb,1860-,1860,2,derivative,intransitive. To introduce or use the confessional.,printed date range,http://www.oed.com/dictionary/confessionalize_v
despotocracy,DESPOTOCRACY,12,noun,a1860-,1860,1,compound,Government by a despot; the rule of a despot.,printed date range,http://www.oed.com/dictionary/despotocracy_n
difoil,DIFOIL,6,adjective,1860-,1860,0,compound,(See quot. 1860.),printed date range,http://www.oed.com/dictionary/difoil_adj
dissympathy,DISSYMPATHY,11,noun,1860-,1860,1,derivative,Absence of sympathy.,printed date range,http://www.oed.com/dictionary/dissympathy_n
domesticate,DOMESTICATE,11,noun,1860-,1860,0,derivative,A domesticated (variety or breed of) plant or animal.,printed date range,http://www.oed.com/dictionary/domesticate_n
drabman,DRABMAN,7,noun,1860-,1860,0,derivative,A quaker.,printed date range,http://www.oed.com/dictionary/drabman_n
ellipsone,ELLIPSONE,9,noun,1860-,1860,0,derivative,A revolving storm following an elliptical instead…,printed date range,http://www.oed.com/dictionary/ellipsone_n
essaykin,ESSAYKIN,8,noun,1860-,1860,1,derivative,A little essay.,printed date range,http://www.oed.com/dictionary/essaykin_n
fistify,FISTIFY,7,verb,1860-,1860,0,derivative,intransitive. To fight with the fists.,printed date range,http://www.oed.com/dictionary/fistify_v
geolatry,GEOLATRY,8,noun,1860-,1860,0,compound,Worship of the earth. In later use also: intense…,printed date range,http://www.oed.com/dictionary/geolatry_n
giftling,GIFTLING,8,noun,1860-,1860,0,derivative,A small gift.,printed date range,http://www.oed.com/dictionary/giftling_n
grudgekin,GRUDGEKIN,9,noun,1860-,1860,0,derivative,A little grudge.,printed date range,http://www.oed.com/dictionary/grudgekin_n
hostelric,HOSTELRIC,9,adjective,1860-,1860,0,derivative,Pertaining to a hostelry or inn.,printed date range,http://www.oed.com/dictionary/hostelric_adj
inkster,INKSTER,7,noun,1860-,1860,0,derivative,"A scribbler, an inferior writer.",printed date range,http://www.oed.com/dictionary/inkster_n
interaulic,INTERAULIC,10,adjective,1860-,1860,0,borrowing,‘Existing between royal courts’ (Webster).,printed date range,http://www.oed.com/dictionary/interaulic_adj
newswire,NEWSWIRE,8,noun,1860-,1860,3,compound,A telegraph wire via which syndicated news is…,printed date range,http://www.oed.com/dictionary/newswire_n
pantopragmatic,PANTOPRAGMATIC,14,"adjective, noun",1860-,1860,1,compound,Originally: †of or relating to ‘pantopragmatics’…,printed date range,http://www.oed.com/dictionary/pantopragmatic_adj
parthenogenetic,PARTHENOGENETIC,15,adjective,1860-,1860,4,compound,"Biology. Relating to, characterized by, or of the…",printed date range,http://www.oed.com/dictionary/parthenogenetic_adj
waiterdom,WAITERDOM,9,noun,1860-,1860,1,derivative,Waiters considered as a class.,printed date range,http://www.oed.com/dictionary/waiterdom_n
whister,WHISTER,7,noun,1860-,1860,1,derivative,A whist-player.,printed date range,http://www.oed.com/dictionary/whister_n
chalcologue,CHALCOLOGUE,11,noun,1861-,1861,0,borrowing,A student of brasses.,printed date range,http://www.oed.com/dictionary/chalcologue_n
chalcotribe,CHALCOTRIBE,11,noun,1861-,1861,0,borrowing,One who takes rubbings of brasses.,printed date range,http://www.oed.com/dictionary/chalcotribe_n
conversional,CONVERSIONAL,12,adjective,1861-,1861,2,derivative,Of or relating to conversion (senses conversion…,printed date range,http://www.oed.com/dictionary/conversional_adj
deportmented,DEPORTMENTED,12,adjective,1861-,1861,0,derivative,Taught deportment.,printed date range,http://www.oed.com/dictionary/deportmented_adj
manger-doggishness,MANGERDOGGISHNESS,17,noun,1861-,1861,0,compound,The fact or condition of being a dog-in-the-manger.,printed date range,http://www.oed.com/dictionary/manger-doggishness_n
miraculism,MIRACULISM,10,noun,1861-,1861,2,borrowing,Belief in miracles.,printed date range,http://www.oed.com/dictionary/miraculism_n
set-down,SETDOWN,7,adjective,1861-,1861,2,compound,"Described in books, recognized.",printed date range,http://www.oed.com/dictionary/set-down_adj-a
whipping-snapping,WHIPPINGSNAPPING,16,adjective,1861-,1861,0,derivative,"Diminutive, insignificant.",printed date range,http://www.oed.com/dictionary/whipping-snapping_adj
xanthocomic,XANTHOCOMIC,11,adjective,1861-,1861,0,,Yellow-haired.,printed date range,http://www.oed.com/dictionary/xanthocomic_adj
yachtery,YACHTERY,8,noun,1861-,1861,0,derivative,Yachts collectively.,printed date range,http://www.oed.com/dictionary/yachtery_n
arithmocratic,ARITHMOCRATIC,13,adjective,1862-,1862,0,derivative,Designating a form of government in which the…,printed date range,http://www.oed.com/dictionary/arithmocratic_adj
coinonomic,COINONOMIC,10,adjective,1862-,1862,0,borrowing,Of combined management or enterprise.,printed date range,http://www.oed.com/dictionary/coinonomic_adj
crammist,CRAMMIST,8,noun,1862-,1862,0,derivative,A person who studies a subject intensively over a…,printed date range,http://www.oed.com/dictionary/crammist_n
demi-world,DEMIWORLD,9,noun,1862-,1862,2,derivative,"= demimonde, n. & adj.",printed date range,http://www.oed.com/dictionary/demi-world_n
deparochialize,DEPAROCHIALIZE,14,verb,1862-,1862,1,derivative,transitive. To deprive of parochial character.,printed date range,http://www.oed.com/dictionary/deparochialize_v
gallinivorous,GALLINIVOROUS,13,adjective,1862-,1862,0,borrowing,Feeding on fowls or poultry.,printed date range,http://www.oed.com/dictionary/gallinivorous_adj
hymnicide,HYMNICIDE,9,noun,1862-,1862,0,borrowing,"The ‘murdering’ of a hymn, i.e. by alterations.",printed date range,http://www.oed.com/dictionary/hymnicide_n
islandhood,ISLANDHOOD,10,noun,1862-,1862,2,derivative,The condition of being an island; insularity.,printed date range,http://www.oed.com/dictionary/islandhood_n
lithographic pen,LITHOGRAPHICPEN,15,noun,1862-,1862,1,compound,A pen used for drawing a design on stone or metal.,printed date range,http://www.oed.com/dictionary/lithographic-pen_n
lobsterdom,LOBSTERDOM,10,noun,1862-,1862,1,derivative,The ‘realm’ of lobsters.,printed date range,http://www.oed.com/dictionary/lobsterdom_n
silverness,SILVERNESS,10,noun,1862-,1862,2,derivative,The essential quality of silver.,printed date range,http://www.oed.com/dictionary/silverness_n
tympaning,TYMPANING,9,noun,1862-,1862,0,derivative,"The playing of a tympan (tympan, n. 1b).",printed date range,http://www.oed.com/dictionary/tympaning_n
yawyawdom,YAWYAWDOM,9,noun,1862-,1862,0,derivative,An affected expression.,printed date range,http://www.oed.com/dictionary/yawyawdom_n
beggaress,BEGGARESS,9,noun,1863-,1863,0,derivative,A female beggar.,printed date range,http://www.oed.com/dictionary/beggaress_n
caliver,CALIVER,7,verb,1863-,1863,2,conversion,transitive. To shoot with a caliver.,printed date range,http://www.oed.com/dictionary/caliver_v
camelist,CAMELIST,8,noun,1863-,1863,0,derivative,A partisan of the camel.,printed date range,http://www.oed.com/dictionary/camelist_n
cindery,CINDERY,7,noun,1863-,1863,2,derivative,"A repository of cinders, a cinder-heap.",printed date range,http://www.oed.com/dictionary/cindery_n
coachfulness,COACHFULNESS,12,noun,1863-,1863,1,derivative,Apparently: the quality or condition of being a…,printed date range,http://www.oed.com/dictionary/coachfulness_n
disquality,DISQUALITY,10,noun,1863-,1863,2,derivative,Defect.,printed date range,http://www.oed.com/dictionary/disquality_n
dwindlement,DWINDLEMENT,11,noun,1863-,1863,0,derivative,"Dwindling, shrinking.",printed date range,http://www.oed.com/dictionary/dwindlement_n
proof-proof,PROOFPROOF,10,adjective,a1863-,1863,1,compound,(Of a person) impervious to proof.,printed date range,http://www.oed.com/dictionary/proof-proof_adj
stagnator,STAGNATOR,9,noun,1863-,1863,1,derivative,One who denies the motion (of the earth).,printed date range,http://www.oed.com/dictionary/stagnator_n
toxify,TOXIFY,6,verb,1863-,1863,3,derivative,transitive. figurative. To cause (something or…,printed date range,http://www.oed.com/dictionary/toxify_v
apricide,APRICIDE,8,noun,1864-,1864,0,borrowing,The killing of a wild boar.,printed date range,http://www.oed.com/dictionary/apricide_n
castorial,CASTORIAL,9,adjective,1864-,1864,1,derivative,Pertaining to a hat (jocose).,printed date range,http://www.oed.com/dictionary/castorial_adj
cepivorous,CEPIVOROUS,10,adjective,1864-,1864,0,borrowing,Feeding on onions.,printed date range,http://www.oed.com/dictionary/cepivorous_adj
dove,DOVE,4,verb,1864-,1864,3,conversion,transitive. To treat as a dove; to call ‘dove’.,printed date range,http://www.oed.com/dictionary/dove_v
eelhood,EELHOOD,7,noun,1864-,1864,0,derivative,The rank or condition of a full-grown eel.,printed date range,http://www.oed.com/dictionary/eelhood_n
flunkey,FLUNKEY,7,verb,1864-,1864,2,conversion,(intransitive) to act like a flunkey.,printed date range,http://www.oed.com/dictionary/flunkey_v
flunkeyal,FLUNKEYAL,9,adjective,1864-,1864,0,derivative,"Of, pertaining to, or characteristic of a flunkey.",printed date range,http://www.oed.com/dictionary/flunkeyal_adj
fugitive,FUGITIVE,8,verb,1864-,1864,2,conversion,"(transitive) to make fugitive, drive into exile.",printed date range,http://www.oed.com/dictionary/fugitive_v
galley,GALLEY,6,verb,1864-,1864,3,conversion,transitive. To transport in a galley.,printed date range,http://www.oed.com/dictionary/galley_v
horseness,HORSENESS,9,noun,1864-,1864,2,derivative,The abstract quality of a horse.,printed date range,http://www.oed.com/dictionary/horseness_n
hunker,HUNKER,6,noun,1864-,1864,2,derivative,A cutter of hunks.,printed date range,http://www.oed.com/dictionary/hunker_n-a
joint-stockery,JOINTSTOCKERY,13,noun,1864-,1864,1,derivative,"Dealing in, or formation of, joint stocks.",printed date range,http://www.oed.com/dictionary/joint-stockery_n
junglery,JUNGLERY,8,noun,1864-,1864,0,derivative,A complication like that of a jungle.,printed date range,http://www.oed.com/dictionary/junglery_n
landladyish,LANDLADYISH,11,adjective,1864-,1864,0,derivative,Resembling or characteristic of a landlady.,printed date range,http://www.oed.com/dictionary/landladyish_adj
level-lander,LEVELLANDER,11,noun,1864-,1864,0,compound,A dweller on level land.,printed date range,http://www.oed.com/dictionary/level-lander_n
mule-stair,MULESTAIR,9,noun,1864-,1864,0,compound,A mountain ascent negotiable by mules.,printed date range,http://www.oed.com/dictionary/mule-stair_n
sufficeable,SUFFICEABLE,11,adjective,1864-,1864,0,derivative,Capable of being satisfied.,printed date range,http://www.oed.com/dictionary/sufficeable_adj
tolpatchery,TOLPATCHERY,11,noun,1864-,1864,0,derivative,Infantry.,printed date range,http://www.oed.com/dictionary/tolpatchery_n
cimiceous,CIMICEOUS,9,adjective,1865-,1865,0,borrowing,"Full of bugs, buggy.",printed date range,http://www.oed.com/dictionary/cimiceous_adj
continental,CONTINENTAL,11,verb,1865-,1865,2,conversion,"= continentalize, v. 1.",printed date range,http://www.oed.com/dictionary/continental_v
detailism,DETAILISM,9,noun,1865-,1865,2,derivative,A system of attention to details.,printed date range,http://www.oed.com/dictionary/detailism_n
draggle-haired,DRAGGLEHAIRED,13,adjective,1865-,1865,0,derivative,With hair hanging wet and untidy.,printed date range,http://www.oed.com/dictionary/draggle-haired_adj
ecclesiasticize,ECCLESIASTICIZE,15,verb,1865-,1865,1,derivative,transitive. To render ecclesiastical.,printed date range,http://www.oed.com/dictionary/ecclesiasticize_v
ecclesiastry,ECCLESIASTRY,12,noun,1865-,1865,0,derivative,Ecclesiastical pomp or business.,printed date range,http://www.oed.com/dictionary/ecclesiastry_n
heterize,HETERIZE,8,verb,1865-,1865,0,borrowing,transitive. To make different; to turn into…,printed date range,http://www.oed.com/dictionary/heterize_v
minerally,MINERALLY,9,adverb,1865-,1865,3,derivative,With regard to mineral resources or content; in…,printed date range,http://www.oed.com/dictionary/minerally_adv
scratchable,SCRATCHABLE,11,adjective,1865-,1865,2,derivative,"Capable of being scratched. (Cf. scratch, v. 3b.)",printed date range,http://www.oed.com/dictionary/scratchable_adj
vindictivolence,VINDICTIVOLENCE,15,noun,1865-,1865,0,borrowing,The desire of revenging oneself or of taking vengeance.,printed date range,http://www.oed.com/dictionary/vindictivolence_n
waiterhood,WAITERHOOD,10,noun,1865-,1865,1,derivative,The state or condition of a waiter.,printed date range,http://www.oed.com/dictionary/waiterhood_n
wicked-worded,WICKEDWORDED,12,adjective,1865-,1865,0,compound,As euphemism for ‘damned’.,printed date range,http://www.oed.com/dictionary/wicked-worded_adj
withoutwards,WITHOUTWARDS,12,adverb,1865-,1865,0,derivative,Towards the exterior.,printed date range,http://www.oed.com/dictionary/withoutwards_adv
basketeer,BASKETEER,9,noun,1866-,1866,1,derivative,A passenger in the basket of a stagecoach.,printed date range,http://www.oed.com/dictionary/basketeer_n
boster,BOSTER,6,noun,1866-,1866,0,variant,"An excellent, impressive, or remarkable person…",printed date range,http://www.oed.com/dictionary/boster_n
bucolican,BUCOLICAN,9,noun,1866-,1866,0,derivative,"A rustic, a countryman.",printed date range,http://www.oed.com/dictionary/bucolican_n
clangful,CLANGFUL,8,adjective,1866-,1866,0,derivative,Sonorous.,printed date range,http://www.oed.com/dictionary/clangful_adj
corollarize,COROLLARIZE,11,verb,1866-,1866,0,derivative,transitive. To add by way of corollary.,printed date range,http://www.oed.com/dictionary/corollarize_v
dabblesome,DABBLESOME,10,adjective,1866-,1866,0,derivative,Given to dabbling.,printed date range,http://www.oed.com/dictionary/dabblesome_adj
frond,FROND,5,verb,1866-,1866,3,conversion,intransitive. To wave with fronds.,printed date range,http://www.oed.com/dictionary/frond_v
inconclusivism,INCONCLUSIVISM,14,noun,a1866-,1866,0,derivative,A theory or doctrine that conclusive evidence on…,printed date range,http://www.oed.com/dictionary/inconclusivism_n
tavernous,TAVERNOUS,9,adjective,1866-,1866,1,derivative,Tavern-like.,printed date range,http://www.oed.com/dictionary/tavernous_adj
tercentenarize,TERCENTENARIZE,14,verb,1866-,1866,0,derivative,(transitive) to celebrate the tercentenary of.,printed date range,http://www.oed.com/dictionary/tercentenarize_v
tinnitate,TINNITATE,9,verb,1866-,1866,0,borrowing,"intransitive. To ring, give forth a ringing sound.",printed date range,http://www.oed.com/dictionary/tinnitate_v
antisemite,ANTISEMITE,10,"adjective, noun",1867-,1867,4,derivative,A person hostile towards or discriminating…,printed date range,http://www.oed.com/dictionary/antisemite_adj
Apolloship,APOLLOSHIP,10,noun,1867-,1867,0,proper name,The position of Apollo; pre-eminence in poetry…,printed date range,http://www.oed.com/dictionary/apolloship_n
borealize,BOREALIZE,9,verb,1867-,1867,0,derivative,intransitive. To adopt northern manners or…,printed date range,http://www.oed.com/dictionary/borealize_v
Copernically,COPERNICALLY,12,adverb,1867-,1867,0,derivative,According to the Copernican view of the solar system.,printed date range,http://www.oed.com/dictionary/copernically_adv
lectress,LECTRESS,8,noun,1867-,1867,1,derivative,A female reader.,printed date range,http://www.oed.com/dictionary/lectress_n
Pullman,PULLMAN,7,noun,1867-,1867,0,proper name,attributive. Designating a railway carriage…,printed date range,http://www.oed.com/dictionary/pullman_n
argentocracy,ARGENTOCRACY,12,noun,1868-,1868,0,compound,The rule or paramount influence of money.,printed date range,http://www.oed.com/dictionary/argentocracy_n
claimative,CLAIMATIVE,10,adjective,1868-,1868,0,derivative,"Disposed to make claims, exacting.",printed date range,http://www.oed.com/dictionary/claimative_adj
creedful,CREEDFUL,8,adjective,1868-,1868,0,derivative,Having or characterized by a creed.,printed date range,http://www.oed.com/dictionary/creedful_adj
displiment,DISPLIMENT,10,noun,1868-,1868,0,derivative,An uncomplimentary speech.,printed date range,http://www.oed.com/dictionary/displiment_n
extramuralist,EXTRAMURALIST,13,noun,1868-,1868,0,derivative,One who lives outside the walls of a city.,printed date range,http://www.oed.com/dictionary/extramuralist_n
fictionism,FICTIONISM,10,noun,1868-,1868,0,derivative,Philosophy. The theory that the statements within…,printed date range,http://www.oed.com/dictionary/fictionism_n
formatory,FORMATORY,9,adjective,1868-,1868,2,derivative,Tending to form.,printed date range,http://www.oed.com/dictionary/formatory_adj
hyenaish,HYENAISH,8,adjective,1868-,1868,0,derivative,Like or characteristic of a hyena.,printed date range,http://www.oed.com/dictionary/hyenaish_adj
lambly,LAMBLY,6,adjective,1868-,1868,0,derivative,"Resembling (that of) a lamb, lamb-like.",printed date range,http://www.oed.com/dictionary/lambly_adj
tacticianize,TACTICIANIZE,12,verb,1868-,1868,0,derivative,To play the tactician.,printed date range,http://www.oed.com/dictionary/tacticianize_v
telemicroscope,TELEMICROSCOPE,14,noun,1868-,1868,2,compound,An instrument combining components… A special…,printed date range,http://www.oed.com/dictionary/telemicroscope_n
wagsome,WAGSOME,7,adjective,1868-,1868,0,derivative,"Playful, facetious; waggish.",printed date range,http://www.oed.com/dictionary/wagsome_adj
colourism,COLOURISM,9,noun,1869-,1869,3,derivative,Chiefly U.S. Prejudice or discrimination against…,printed date range,http://www.oed.com/dictionary/colourism_n
devive,DEVIVE,6,verb,1869-,1869,1,derivative,"transitive. To render lifeless, devitalize.",printed date range,http://www.oed.com/dictionary/devive_v
donkeyhood,DONKEYHOOD,10,noun,1869-,1869,1,derivative,The condition of being a donkey; donkeys collectively.,printed date range,http://www.oed.com/dictionary/donkeyhood_n
encomiac,ENCOMIAC,8,adjective,1869-,1869,0,borrowing,Of or pertaining to eulogy; panegyrical.,printed date range,http://www.oed.com/dictionary/encomiac_adj
loamily,LOAMILY,7,adverb,1869-,1869,0,derivative,In the manner of loamy soil.,printed date range,http://www.oed.com/dictionary/loamily_adv
practicalization,PRACTICALIZATION,16,noun,1869-,1869,2,derivative,Implementation; the action of putting into effect.,printed date range,http://www.oed.com/dictionary/practicalization_n
snowmanship,SNOWMANSHIP,11,noun,1869-,1869,0,compound,Skill in traversing snow.,printed date range,http://www.oed.com/dictionary/snowmanship_n
sonogram,SONOGRAM,8,noun,1869-,1869,4,compound,Frequently in form sonagram. Also with capital…,printed date range,http://www.oed.com/dictionary/sonogram_n
sonography,SONOGRAPHY,10,noun,1869-,1869,4,compound,Medicine. The technique or procedure of using…,printed date range,http://www.oed.com/dictionary/sonography_n
storeholder,STOREHOLDER,11,noun,1869-,1869,1,compound,"= storekeeper, n. 1.",printed date range,http://www.oed.com/dictionary/storeholder_n
supernaturaldom,SUPERNATURALDOM,15,noun,1869-,1869,0,derivative,The realm of supernatural things or beings.,printed date range,http://www.oed.com/dictionary/supernaturaldom_n
treeward,TREEWARD,8,adjective,1869-,1869,0,derivative,Toward a tree or trees.,printed date range,http://www.oed.com/dictionary/treeward_adj
bethrelian,BETHRELIAN,10,adjective,1870-,1870,0,,Of or relating to a bedral.,printed date range,http://www.oed.com/dictionary/bethrelian_adj
coquicide,COQUICIDE,9,noun,1870-,1870,0,borrowing,The killing of a cook.,printed date range,http://www.oed.com/dictionary/coquicide_n
counterstand,COUNTERSTAND,12,noun,1870-,1870,1,derivative,Standing against; resistance or withstanding.,printed date range,http://www.oed.com/dictionary/counterstand_n
dukelet,DUKELET,7,noun,1870-,1870,1,derivative,"= dukeling, n. 1.",printed date range,http://www.oed.com/dictionary/dukelet_n
exceptivity,EXCEPTIVITY,11,noun,1870-,1870,0,derivative,Readiness to make exceptions (from rules of conduct).,printed date range,http://www.oed.com/dictionary/exceptivity_n
Fifth-monarchism,FIFTHMONARCHISM,15,noun,1870-,1870,0,derivative,The principles of the Fifth-monarchy men.,printed date range,http://www.oed.com/dictionary/fifth-monarchism_n
logomaniac,LOGOMANIAC,10,noun,1870-,1870,0,borrowing,One who is insanely interested in words.,printed date range,http://www.oed.com/dictionary/logomaniac_n
loom-lord,LOOMLORD,8,noun,1870-,1870,1,compound,The proprietor of weaving machinery.,printed date range,http://www.oed.com/dictionary/loom-lord_n
pace-goer,PACEGOER,8,noun,1870-,1870,0,compound,Someone or something capable of ‘going the pace’…,printed date range,http://www.oed.com/dictionary/pace-goer_n
ravendom,RAVENDOM,8,noun,1870-,1870,0,derivative,The community of ravens.,printed date range,http://www.oed.com/dictionary/ravendom_n
brinker,BRINKER,7,noun,1871-,1871,1,derivative,One living on the brink or border.,printed date range,http://www.oed.com/dictionary/brinker_n
correctish,CORRECTISH,10,adjective,a1871-,1871,0,derivative,Pretty correct.,printed date range,http://www.oed.com/dictionary/correctish_adj
dabblement,DABBLEMENT,10,noun,a1871-,1871,0,derivative,Dabbling (in semi-concrete sense).,printed date range,http://www.oed.com/dictionary/dabblement_n
dissubstantiate,DISSUBSTANTIATE,15,verb,1871-,1871,0,derivative,transitive. To deprive of substance or substantiality.,printed date range,http://www.oed.com/dictionary/dissubstantiate_v
hawky,HAWKY,5,adjective,a1871-,1871,1,derivative,Characterized by hawking.,printed date range,http://www.oed.com/dictionary/hawky_adj2
infernalry,INFERNALRY,10,noun,a1871-,1871,0,derivative,A haunt of ‘infernals’.,printed date range,http://www.oed.com/dictionary/infernalry_n
lioning,LIONING,7,noun,a1871-,1871,1,derivative,The being made a ‘lion’ of.,printed date range,http://www.oed.com/dictionary/lioning_n
tipmost,TIPMOST,7,adjective,1871-,1871,1,derivative,Situated at the extreme tip. In quot. 1871 =…,printed date range,http://www.oed.com/dictionary/tipmost_adj
toadess,TOADESS,7,noun,1871-,1871,0,derivative,A female toad.,printed date range,http://www.oed.com/dictionary/toadess_n
twinhood,TWINHOOD,8,noun,1871-,1871,2,derivative,"= twinship, n.",printed date range,http://www.oed.com/dictionary/twinhood_n
basileiolatry,BASILEIOLATRY,13,noun,1872-,1872,0,borrowing,King-worship.,printed date range,http://www.oed.com/dictionary/basileiolatry_n
loamless,LOAMLESS,8,adjective,1872-,1872,2,derivative,Without loam; unmixed with loam.,printed date range,http://www.oed.com/dictionary/loamless_adj
self-abnegator,SELFABNEGATOR,13,noun,1872-,1872,1,derivative,A person who denies himself or herself something…,printed date range,http://www.oed.com/dictionary/self-abnegator_n
shield-lion,SHIELDLION,10,noun,1872-,1872,0,compound,A lion emblazoned upon a heraldic shield.,printed date range,http://www.oed.com/dictionary/shield-lion_n
witticaster,WITTICASTER,11,noun,1872-,1872,0,blend,"A petty or inferior wit, a witling.",printed date range,http://www.oed.com/dictionary/witticaster_n
yachtling,YACHTLING,9,noun,1872-,1872,0,derivative,A little yacht.,printed date range,http://www.oed.com/dictionary/yachtling_n
cavernhold,CAVERNHOLD,10,noun,1873-,1873,0,compound,After household.,printed date range,http://www.oed.com/dictionary/cavernhold_n
cincinnate,CINCINNATE,10,adjective,1873-,1873,0,borrowing,"Of hair: Curled, in ringlets. (affected.)",printed date range,http://www.oed.com/dictionary/cincinnate_adj
condoret,CONDORET,8,noun,1873-,1873,0,derivative,A young condor.,printed date range,http://www.oed.com/dictionary/condoret_n
counter-toning,COUNTERTONING,13,noun,1873-,1873,0,derivative,"The accompanying (of singing, etc.) in a…",printed date range,http://www.oed.com/dictionary/counter-toning_n
crammy,CRAMMY,6,adjective,1873-,1873,1,derivative,Characterized by cramming or crowding; affording…,printed date range,http://www.oed.com/dictionary/crammy_adj
euthanatize,EUTHANATIZE,11,verb,1873-,1873,2,borrowing,transitive. To subject to ‘euthanasia’.,printed date range,http://www.oed.com/dictionary/euthanatize_v
lispy,LISPY,5,adjective,1873-,1873,2,derivative,Characterized by a lisp; inclined to lisp.,printed date range,http://www.oed.com/dictionary/lispy_adj
scuppled,SCUPPLED,8,adjective,1873-,1873,0,derivative,"Grooved, furrowed.",printed date range,http://www.oed.com/dictionary/scuppled_adj
seamstressing,SEAMSTRESSING,13,noun,1873-,1873,2,derivative,The action of working as a seamstress.,printed date range,http://www.oed.com/dictionary/seamstressing_n
trium-feminate,TRIUMFEMINATE,13,noun,1873-,1873,0,borrowing,A group of three women associated in government.,printed date range,http://www.oed.com/dictionary/trium-feminate_n
vicambulate,VICAMBULATE,11,verb,1873-,1873,0,borrowing,intransitive. To walk about in the streets.,printed date range,http://www.oed.com/dictionary/vicambulate_v
housemaidenhood,HOUSEMAIDENHOOD,15,noun,1874-,1874,0,compound,"The condition, state, or practice of working as a…",printed date range,http://www.oed.com/dictionary/housemaidenhood_n
inferentialism,INFERENTIALISM,14,noun,1874-,1874,2,derivative,A theory involving or depending on (mere)…,printed date range,http://www.oed.com/dictionary/inferentialism_n
materterine,MATERTERINE,11,adjective,1874-,1874,0,borrowing,"= materteral, adj.",printed date range,http://www.oed.com/dictionary/materterine_adj
tigerocious,TIGEROCIOUS,11,adjective,1874-,1874,0,,"= tigerish, adj. 1.",printed date range,http://www.oed.com/dictionary/tigerocious_adj
totive,TOTIVE,6,adjective,1874-,1874,2,borrowing,Denoting a whole: see quot. 1874.,printed date range,http://www.oed.com/dictionary/totive_adj
transwritten,TRANSWRITTEN,12,adjective,1874-,1874,0,derivative,"Transcribed, or ? translated.",printed date range,http://www.oed.com/dictionary/transwritten_adj
actionism,ACTIONISM,9,noun,1875-,1875,2,derivative,Belief in or advocacy of taking action; activism.,printed date range,http://www.oed.com/dictionary/actionism_n
trichotomist,TRICHOTOMIST,12,noun,1875-,1875,1,borrowing,A hair-cutter.,printed date range,http://www.oed.com/dictionary/trichotomist_n1
tutelarship,TUTELARSHIP,11,noun,1875-,1875,0,derivative,The position or function of a tutelar.,printed date range,http://www.oed.com/dictionary/tutelarship_n
black-about,BLACKABOUT,10,adjective,1876-,1876,0,compound,Black all around.,printed date range,http://www.oed.com/dictionary/black-about_adj
degrowth,DEGROWTH,8,noun,1876-,1876,4,derivative,A policy of reducing levels of production and…,printed date range,http://www.oed.com/dictionary/degrowth_n
embrutalize,EMBRUTALIZE,11,verb,1876-,1876,0,derivative,transitive. To render brutal.,printed date range,http://www.oed.com/dictionary/embrutalize_v
infelonious,INFELONIOUS,11,adjective,1876-,1876,1,derivative,Not felonious; not of the nature of felony.,printed date range,http://www.oed.com/dictionary/infelonious_adj
laney,LANEY,5,adjective,1876-,1876,2,derivative,Of or pertaining to a lane.,printed date range,http://www.oed.com/dictionary/laney_adj
lip-blossomed,LIPBLOSSOMED,12,adjective,1876-,1876,0,compound,Labiate.,printed date range,http://www.oed.com/dictionary/lip-blossomed_adj
loaflet,LOAFLET,7,noun,1876-,1876,1,derivative,A small loaf.,printed date range,http://www.oed.com/dictionary/loaflet_n
mouth-wise,MOUTHWISE,9,adverb,1876-,1876,0,derivative,"By means of the mouth, by speech.",printed date range,http://www.oed.com/dictionary/mouth-wise_adv
vesuviate,VESUVIATE,9,verb,a1876-,1876,0,derivative,intransitive. Of weather: To be very hot.,printed date range,http://www.oed.com/dictionary/vesuviate_v
bow-woman,BOWWOMAN,8,noun,1877-,1877,1,compound,A female archer.,printed date range,http://www.oed.com/dictionary/bow-woman_n
championism,CHAMPIONISM,11,noun,1877-,1877,0,,The action of championing someone or something.,printed date range,http://www.oed.com/dictionary/championism_n
cupboardy,CUPBOARDY,9,adjective,1877-,1877,0,derivative,Cupboard-like.,printed date range,http://www.oed.com/dictionary/cupboardy_adj
dispurple,DISPURPLE,9,verb,1877-,1877,0,derivative,transitive. To strip of the (imperial) purple; to…,printed date range,http://www.oed.com/dictionary/dispurple_v
ecclesiophobia,ECCLESIOPHOBIA,14,noun,1877-,1877,0,compound,A morbid dread of ecclesiasticism.,printed date range,http://www.oed.com/dictionary/ecclesiophobia_n
gospel choir,GOSPELCHOIR,11,noun,1877-,1877,4,compound,An organized group of singers performing gospel music.,printed date range,http://www.oed.com/dictionary/gospel-choir_n
chalypsography,CHALYPSOGRAPHY,14,noun,1878-,1878,0,borrowing,Steel engraving.,printed date range,http://www.oed.com/dictionary/chalypsography_n
Craniad,CRANIAD,7,noun,1878-,1878,2,derivative,The epic of a skull.,printed date range,http://www.oed.com/dictionary/craniad_n
disgovern,DISGOVERN,9,verb,1878-,1878,1,derivative,transitive. To leave ungoverned; to refrain from…,printed date range,http://www.oed.com/dictionary/disgovern_v
emerge,EMERGE,6,noun,1878-,1878,4,conversion,A surface that has emerged.,printed date range,http://www.oed.com/dictionary/emerge_n
flunkeyize,FLUNKEYIZE,10,verb,1878-,1878,0,derivative,(transitive) to imbue with the spirit of a flunkey.,printed date range,http://www.oed.com/dictionary/flunkeyize_v
gas line,GASLINE,7,noun,1878-,1878,3,compound,A pipeline or pipe that carries gasoline.,printed date range,http://www.oed.com/dictionary/gas-line_n2
maternalize,MATERNALIZE,11,verb,1878-,1878,2,derivative,transitive. To make maternal; to endow with…,printed date range,http://www.oed.com/dictionary/maternalize_v
narcologist,NARCOLOGIST,11,noun,1878-,1878,2,compound,A specialist in narcology.,printed date range,http://www.oed.com/dictionary/narcologist_n
sad-avised,SADAVISED,9,adjective,1878-,1878,0,,Sad-faced.,printed date range,http://www.oed.com/dictionary/sad-avised_adj
standardism,STANDARDISM,11,noun,1878-,1878,2,derivative,The quality or state of being standard or…,printed date range,http://www.oed.com/dictionary/standardism_n
stripe-shadowed,STRIPESHADOWED,14,adjective,1878-,1878,1,compound,Crossed by stripes of shadow.,printed date range,http://www.oed.com/dictionary/stripe-shadowed_adj
telegraphone,TELEGRAPHONE,12,noun,1878-,1878,2,blend,A device which records sounds received by…,printed date range,http://www.oed.com/dictionary/telegraphone_n
dust-way,DUSTWAY,7,noun,1879-,1879,0,compound,"Applied to the pistils of flowers, as…",printed date range,http://www.oed.com/dictionary/dust-way_n
enchantingness,ENCHANTINGNESS,14,noun,1879-,1879,1,derivative,The quality of being enchanting.,printed date range,http://www.oed.com/dictionary/enchantingness_n
flingee,FLINGEE,7,noun,1879-,1879,0,derivative,One at whom anything is flung.,printed date range,http://www.oed.com/dictionary/flingee_n
insect,INSECT,6,verb,1879-,1879,3,conversion,intransitive. To hunt or catch insects.,printed date range,http://www.oed.com/dictionary/insect_v2
spendsavour,SPENDSAVOUR,11,adjective,1879-,1879,1,compound,That has lost its savour.,printed date range,http://www.oed.com/dictionary/spendsavour_adj
tauntless,TAUNTLESS,9,adjective,c1879-,1879,0,derivative,Lacking or without a taunt (sense 3).,printed date range,http://www.oed.com/dictionary/tauntless_adj
trotlet,TROTLET,7,noun,1879-,1879,1,derivative,A diminutive trot.,printed date range,http://www.oed.com/dictionary/trotlet_n
upsilonism,UPSILONISM,10,noun,1879-,1879,0,derivative,Tendency to use the letter u.,printed date range,http://www.oed.com/dictionary/upsilonism_n
vauntless,VAUNTLESS,9,adjective,c1879-,1879,0,derivative,Not bragging or boasting.,printed date range,http://www.oed.com/dictionary/vauntless_adj
autophotograph,AUTOPHOTOGRAPH,14,noun,1880-,1880,0,compound,"Originally: = autoradiograph, n. (now rare). Now…",printed date range,http://www.oed.com/dictionary/autophotograph_n
beseek,BESEEK,6,verb,1880-,1880,1,derivative,transitive. To seek or search about.,printed date range,http://www.oed.com/dictionary/beseek_v
deteriorism,DETERIORISM,11,noun,1880-,1880,0,borrowing,The doctrine that the tendency of things is to…,printed date range,http://www.oed.com/dictionary/deteriorism_n
ecloguey,ECLOGUEY,8,adjective,1880-,1880,0,derivative,"Pertaining to, or of the nature of, an eclogue or…",printed date range,http://www.oed.com/dictionary/ecloguey_adj
fimetic,FIMETIC,7,adjective,1880-,1880,1,borrowing,Pertaining to or concerned with dung.,printed date range,http://www.oed.com/dictionary/fimetic_adj
immiraculous,IMMIRACULOUS,12,adjective,1880-,1880,0,derivative,Non-miraculous.,printed date range,http://www.oed.com/dictionary/immiraculous_adj
inlaw,INLAW,5,noun,1880-,1880,4,derivative,(See quot. 1880.),printed date range,http://www.oed.com/dictionary/inlaw_n2
monodiabolism,MONODIABOLISM,13,noun,1880-,1880,0,compound,"Belief in a single devil (cf. polydiabolism, n.).",printed date range,http://www.oed.com/dictionary/monodiabolism_n
non-mammalian,NONMAMMALIAN,12,"adjective, noun",1880-,1880,3,derivative,Not mammalian.,printed date range,http://www.oed.com/dictionary/non-mammalian_adj
tenantism,TENANTISM,9,noun,1880-,1880,0,derivative,The principles and practice of tenants; tenantry…,printed date range,http://www.oed.com/dictionary/tenantism_n
topsy-turvyism,TOPSYTURVYISM,13,noun,1880-,1880,1,derivative,Topsy-turvy system or method.,printed date range,http://www.oed.com/dictionary/topsy-turvyism_n
cerebrology,CEREBROLOGY,11,noun,1881-,1881,1,compound,The science or discussion of brains.,printed date range,http://www.oed.com/dictionary/cerebrology_n
clausify,CLAUSIFY,8,verb,1881-,1881,0,derivative,To arrange in clauses.,printed date range,http://www.oed.com/dictionary/clausify_v
cornerable,CORNERABLE,10,adjective,1881-,1881,0,derivative,That can be monopolized or controlled in a corner.,printed date range,http://www.oed.com/dictionary/cornerable_adj
cosmophil,COSMOPHIL,9,adjective,1881-,1881,0,borrowing,Friendly to the world in general; loving all countries.,printed date range,http://www.oed.com/dictionary/cosmophil_adj
cubship,CUBSHIP,7,noun,1881-,1881,0,derivative,With possessive adjective. A mock title of…,printed date range,http://www.oed.com/dictionary/cubship_n
cyperographer,CYPEROGRAPHER,13,noun,1881-,1881,0,compound,A writer on sedges.,printed date range,http://www.oed.com/dictionary/cyperographer_n
destinee,DESTINEE,8,noun,1881-,1881,3,derivative,The person for whom something (as a message…,printed date range,http://www.oed.com/dictionary/destinee_n
dislune,DISLUNE,7,verb,1881-,1881,0,borrowing,"transitive. To cure of mental illness. Cf. lune, n.²",printed date range,http://www.oed.com/dictionary/dislune_v
hungrify,HUNGRIFY,8,verb,1881-,1881,0,derivative,transitive. To make hungry.,printed date range,http://www.oed.com/dictionary/hungrify_v
maul-text,MAULTEXT,8,adjective,1881-,1881,0,compound,That mauls a text.,printed date range,http://www.oed.com/dictionary/maul-text_adj
scowlful,SCOWLFUL,8,adjective,1881-,1881,0,derivative,Full of or characterized by scowling.,printed date range,http://www.oed.com/dictionary/scowlful_adj
stintily,STINTILY,8,adverb,1881-,1881,0,derivative,In a stinted or miserly manner.,printed date range,http://www.oed.com/dictionary/stintily_adv
swordster,SWORDSTER,9,noun,1881-,1881,0,derivative,A person given to sword fighting.,printed date range,http://www.oed.com/dictionary/swordster_n
twindle,TWINDLE,7,verb,1881-,1881,1,blend,intransitive. Used by G. M. Hopkins: probably a…,printed date range,http://www.oed.com/dictionary/twindle_v2
venisonized,VENISONIZED,11,adjective,1881-,1881,0,derivative,Cooked so as to resemble venison.,printed date range,http://www.oed.com/dictionary/venisonized_adj
chalcotript,CHALCOTRIPT,11,noun,1882-,1882,0,borrowing,"= chalcotribe, n.",printed date range,http://www.oed.com/dictionary/chalcotript_n
demartialize,DEMARTIALIZE,12,verb,1882-,1882,0,derivative,transitive. To deprive of warlike character or…,printed date range,http://www.oed.com/dictionary/demartialize_v
demiurgeous,DEMIURGEOUS,11,adjective,1882-,1882,1,derivative,Of the nature of a demiurge.,printed date range,http://www.oed.com/dictionary/demiurgeous_adj
disodour,DISODOUR,8,noun,1882-,1882,0,derivative,Ill odour; evil repute.,printed date range,http://www.oed.com/dictionary/disodour_n
dolmenic,DOLMENIC,8,adjective,1882-,1882,2,derivative,"Of or belonging to dolmens, or to the race who…",printed date range,http://www.oed.com/dictionary/dolmenic_adj
growlsome,GROWLSOME,9,adjective,1882-,1882,0,derivative,Inclined to growl.,printed date range,http://www.oed.com/dictionary/growlsome_adj
infantolatry,INFANTOLATRY,12,noun,1882-,1882,0,borrowing,Infant worship; babyolatry.,printed date range,http://www.oed.com/dictionary/infantolatry_n
jokesman,JOKESMAN,8,noun,1882-,1882,0,compound,A professional joker.,printed date range,http://www.oed.com/dictionary/jokesman_n
pyrograph,PYROGRAPH,9,noun,1882-,1882,1,compound,Originally U.S. A handheld tool with an…,printed date range,http://www.oed.com/dictionary/pyrograph_n
sack-sailed,SACKSAILED,10,adjective,1882-,1882,0,compound,Having sails made of sackcloth.,printed date range,http://www.oed.com/dictionary/sack-sailed_adj
stalwartize,STALWARTIZE,11,verb,1882-,1882,0,derivative,transitive. To turn (a political party) into…,printed date range,http://www.oed.com/dictionary/stalwartize_v
statisticianly,STATISTICIANLY,14,adverb,1882-,1882,0,derivative,In the manner of a statistician.,printed date range,http://www.oed.com/dictionary/statisticianly_adv
teleocracy,TELEOCRACY,10,noun,1882-,1882,1,compound,(A system of) government directed towards the…,printed date range,http://www.oed.com/dictionary/teleocracy_n
thanks-living,THANKSLIVING,12,noun,1882-,1882,1,compound,"After thanksgiving, action or conduct indicative…",printed date range,http://www.oed.com/dictionary/thanks-living_n
tobaccophil,TOBACCOPHIL,11,noun,1882-,1882,0,derivative,A lover of tobacco.,printed date range,http://www.oed.com/dictionary/tobaccophil_n
topsy-turvical,TOPSYTURVICAL,13,adjective,1882-,1882,1,derivative,Of a topsy-turvy character.,printed date range,http://www.oed.com/dictionary/topsy-turvical_adj
chumhood,CHUMHOOD,8,noun,1883-,1883,0,derivative,The condition or relation of a chum or chums.,printed date range,http://www.oed.com/dictionary/chumhood_n
diminuate,DIMINUATE,9,verb,1883-,1883,0,borrowing,intransitive. To use a diminutive word or…,printed date range,http://www.oed.com/dictionary/diminuate_v
effacive,EFFACIVE,8,adjective,1883-,1883,1,derivative,Disposed or tending to efface. self-effacive…,printed date range,http://www.oed.com/dictionary/effacive_adj
egglet,EGGLET,6,noun,1883-,1883,1,derivative,A small egg.,printed date range,http://www.oed.com/dictionary/egglet_n
finifugal,FINIFUGAL,9,adjective,1883-,1883,0,borrowing,Of or pertaining to shunning the end (of anything).,printed date range,http://www.oed.com/dictionary/finifugal_adj
gallinicide,GALLINICIDE,11,noun,1883-,1883,0,borrowing,The killing of hens or poultry.,printed date range,http://www.oed.com/dictionary/gallinicide_n
helmlet,HELMLET,7,noun,1883-,1883,0,derivative,A small helm or helmet.,printed date range,http://www.oed.com/dictionary/helmlet_n
Jeames-ism,JEAMESISM,9,noun,1883-,1883,0,derivative,Flunkeyism.,printed date range,http://www.oed.com/dictionary/jeames-ism_n
pilgrim-fatherly,PILGRIMFATHERLY,15,adjective,1883-,1883,0,compound,Characteristic of the Pilgrim Fathers.,printed date range,http://www.oed.com/dictionary/pilgrim-fatherly_adj
touristing,TOURISTING,10,noun,1883-,1883,2,derivative,The practice or habit of touring.,printed date range,http://www.oed.com/dictionary/touristing_n
trouser-stockings,TROUSERSTOCKINGS,16,noun,1883-,1883,0,compound,†a. (Apparently) leggings or tights for a swimmer…,printed date range,http://www.oed.com/dictionary/trouser-stockings_n
Yankeese,YANKEESE,8,noun,1883-,1883,0,derivative,American English.,printed date range,http://www.oed.com/dictionary/yankeese_n
bullet,BULLET,6,verb,1884-,1884,4,conversion,transitive. To shoot with a bullet.,printed date range,http://www.oed.com/dictionary/bullet_v
Congregationism,CONGREGATIONISM,15,noun,1884-,1884,0,derivative,See quot. 1884.,printed date range,http://www.oed.com/dictionary/congregationism_n
dimensionable,DIMENSIONABLE,13,adjective,1884-,1884,1,derivative,Capable of being measured; having dimensions.,printed date range,http://www.oed.com/dictionary/dimensionable_adj
episcopature,EPISCOPATURE,12,noun,1884-,1884,0,derivative,"= episcopate, n. 4.",printed date range,http://www.oed.com/dictionary/episcopature_n
evacuationist,EVACUATIONIST,13,noun,1884-,1884,1,derivative,One who advocates the evacuation of (an occupied…,printed date range,http://www.oed.com/dictionary/evacuationist_n
figuresome,FIGURESOME,10,adjective,1884-,1884,0,derivative,Originally and chiefly North American. Of a…,printed date range,http://www.oed.com/dictionary/figuresome_adj
hecatarchy,HECATARCHY,10,noun,1884-,1884,0,borrowing,Government by a hundred rulers; = hecatontarchy…,printed date range,http://www.oed.com/dictionary/hecatarchy_n
hyenine,HYENINE,7,adjective,1884-,1884,0,derivative,"= hyenaish, adj.",printed date range,http://www.oed.com/dictionary/hyenine_adj
illogician,ILLOGICIAN,10,noun,1884-,1884,1,derivative,The reverse of a logician; an illogical reasoner.,printed date range,http://www.oed.com/dictionary/illogician_n
neurally,NEURALLY,8,adverb,1884-,1884,3,derivative,"By or as regards nerves, the nervous system, or…",printed date range,http://www.oed.com/dictionary/neurally_adv
pressure figure,PRESSUREFIGURE,14,noun,1884-,1884,2,,†a. A shape that corresponds to some situation…,printed date range,http://www.oed.com/dictionary/pressure-figure_n
pumpkinifier,PUMPKINIFIER,12,noun,1884-,1884,0,derivative,A person who extravagantly or absurdly glorifies…,printed date range,http://www.oed.com/dictionary/pumpkinifier_n
Senecaster,SENECASTER,10,noun,1884-,1884,0,proper name,An imitator of Seneca.,printed date range,http://www.oed.com/dictionary/senecaster_n
swordlet,SWORDLET,8,noun,1884-,1884,0,derivative,A small sword.,printed date range,http://www.oed.com/dictionary/swordlet_n
sylphidine,SYLPHIDINE,10,adjective,1884-,1884,0,derivative,Like a sylphid.,printed date range,http://www.oed.com/dictionary/sylphidine_adj
thirdling,THIRDLING,9,noun,1884-,1884,0,derivative,Something that comes third.,printed date range,http://www.oed.com/dictionary/thirdling_n
three-cornerism,THREECORNERISM,14,noun,1884-,1884,0,derivative,The fact or system of having ‘three-cornered’…,printed date range,http://www.oed.com/dictionary/three-cornerism_n
topsy-turviment,TOPSYTURVIMENT,14,noun,1884-,1884,0,derivative,Act of turning or condition of being turned…,printed date range,http://www.oed.com/dictionary/topsy-turviment_n
torpedo-boat,TORPEDOBOAT,11,verb,1884-,1884,3,,(transitive) to furnish or arm with torpedo boats.,printed date range,http://www.oed.com/dictionary/torpedo-boat_v
tournament,TOURNAMENT,10,verb,1884-,1884,3,conversion,"(intransitive) to ride as in a tournament, to tilt.",printed date range,http://www.oed.com/dictionary/tournament_v
whisty,WHISTY,6,adjective,1884-,1884,0,derivative,Very fond of whist.,printed date range,http://www.oed.com/dictionary/whisty_adj
yawl,YAWL,4,verb,1884-,1884,1,conversion,transitive. To convey in a yawl.,printed date range,http://www.oed.com/dictionary/yawl_v2
air pirate,AIRPIRATE,9,noun,1885-,1885,2,compound,A person who perpetrates an illegal or violent…,printed date range,http://www.oed.com/dictionary/air-pirate_n
Atlanticist,ATLANTICIST,11,"noun, adjective",1885-,1885,3,derivative,A supporter or advocate of close military…,printed date range,http://www.oed.com/dictionary/atlanticist_n
cameldom,CAMELDOM,8,noun,1885-,1885,0,derivative,The region of camels.,printed date range,http://www.oed.com/dictionary/cameldom_n
chameleon,CHAMELEON,9,verb,1885-,1885,2,conversion,transitive. To cause to change its hue like a…,printed date range,http://www.oed.com/dictionary/chameleon_v
championage,CHAMPIONAGE,11,noun,1885-,1885,0,derivative,"= championship, n.",printed date range,http://www.oed.com/dictionary/championage_n
cobblerless,COBBLERLESS,11,adjective,1885-,1885,0,derivative,Without a cobbler.,printed date range,http://www.oed.com/dictionary/cobblerless_adj
contrabandage,CONTRABANDAGE,13,noun,1885-,1885,0,derivative,"System or practice of contraband traffic, smuggling.",printed date range,http://www.oed.com/dictionary/contrabandage_n
cuplet,CUPLET,6,noun,1885-,1885,2,derivative,A little cup.,printed date range,http://www.oed.com/dictionary/cuplet_n
duomachy,DUOMACHY,8,noun,1885-,1885,0,borrowing,A fight of two; single combat.,printed date range,http://www.oed.com/dictionary/duomachy_n
hyenesque,HYENESQUE,9,adjective,1885-,1885,0,derivative,"= hyenaish, adj.",printed date range,http://www.oed.com/dictionary/hyenesque_adj
hyenic,HYENIC,6,adjective,1885-,1885,1,derivative,"= hyenaish, adj.",printed date range,http://www.oed.com/dictionary/hyenic_adj
imit,IMIT,4,noun,1885-,1885,3,borrowing,Lowest point.,printed date range,http://www.oed.com/dictionary/imit_n
infimity,INFIMITY,8,noun,1885-,1885,1,borrowing,The quality of being ‘infimous’; concrete an…,printed date range,http://www.oed.com/dictionary/infimity_n
loaferess,LOAFERESS,9,noun,1885-,1885,0,derivative,A female loafer.,printed date range,http://www.oed.com/dictionary/loaferess_n
shieldling,SHIELDLING,10,noun,1885-,1885,0,derivative,A protected person.,printed date range,http://www.oed.com/dictionary/shieldling_n
towelry,TOWELRY,7,noun,1885-,1885,0,derivative,Articles of the towel kind; towels collectively.,printed date range,http://www.oed.com/dictionary/towelry_n
towster,TOWSTER,7,noun,1885-,1885,0,derivative,"= tower, n.²",printed date range,http://www.oed.com/dictionary/towster_n
trimontane,TRIMONTANE,10,adjective,1885-,1885,0,borrowing,"Having, or having some relation to, three…",printed date range,http://www.oed.com/dictionary/trimontane_adj
twi-thought,TWITHOUGHT,10,noun,1885-,1885,0,compound,An indistinct or vague thought.,printed date range,http://www.oed.com/dictionary/twi-thought_n
wiseacredom,WISEACREDOM,11,noun,1885-,1885,1,derivative,"The realm of wiseacres, wiseacres collectively.",printed date range,http://www.oed.com/dictionary/wiseacredom_n
yahooish,YAHOOISH,8,adjective,1885-,1885,0,derivative,Resembling or characteristic of a yahoo.,printed date range,http://www.oed.com/dictionary/yahooish_adj
camelcade,CAMELCADE,9,noun,1886-,1886,1,blend,A train of people on camels; a caravan with camels.,printed date range,http://www.oed.com/dictionary/camelcade_n
chasee,CHASEE,6,noun,1886-,1886,2,derivative,One who is chased.,printed date range,http://www.oed.com/dictionary/chasee_n
fiff,FIFF,4,verb,1886-,1886,2,imitative,To play on the Pandean pipes. (In quot. 1886…,printed date range,http://www.oed.com/dictionary/fiff_v
helperess,HELPERESS,9,noun,1886-,1886,0,derivative,A female helper.,printed date range,http://www.oed.com/dictionary/helperess_n
hoplitics,HOPLITICS,9,noun,1886-,1886,0,derivative,The drilling of hoplites.,printed date range,http://www.oed.com/dictionary/hoplitics_n
lambiness,LAMBINESS,9,noun,1886-,1886,1,derivative,Lamb-like quality.,printed date range,http://www.oed.com/dictionary/lambiness_n
lefty,LEFTY,5,"adjective, noun",1886-,1886,4,derivative,Characterized by or relating to views to the left…,printed date range,http://www.oed.com/dictionary/lefty_adj
spiderine,SPIDERINE,9,adjective,1886-,1886,0,derivative,Of the nature of a spider.,printed date range,http://www.oed.com/dictionary/spiderine_adj
trinityhood,TRINITYHOOD,11,noun,1886-,1886,0,derivative,The condition or character of being a trinity.,printed date range,http://www.oed.com/dictionary/trinityhood_n
wigdom,WIGDOM,6,noun,1886-,1886,1,derivative,Judges or lawyers as a body.,printed date range,http://www.oed.com/dictionary/wigdom_n
'dandy-jack,DANDYJACK,9,verb,1887-,1887,0,compound,"To play the dandy or jack-a-dandy (jack-a-dandy, n.).",printed date range,http://www.oed.com/dictionary/dandy-jack_v
dissembly,DISSEMBLY,9,noun,1887-,1887,2,derivative,The separation of an assembly.,printed date range,http://www.oed.com/dictionary/dissembly_n2
harbingery,HARBINGERY,10,noun,1887-,1887,0,derivative,The act or function of a harbinger (in harbinger…,printed date range,http://www.oed.com/dictionary/harbingery_n
heterosex,HETEROSEX,9,"adjective, noun",1887-,1887,3,compound,"= heterosexual, adj. (in various senses).",printed date range,http://www.oed.com/dictionary/heterosex_adj
jubilee,JUBILEE,7,verb,1887-,1887,2,conversion,intransitive. To celebrate a jubilee.,printed date range,http://www.oed.com/dictionary/jubilee_v
parapsychological,PARAPSYCHOLOGICAL,17,adjective,1887-,1887,3,derivative,Of or relating to parapsychology (parapsychology…,printed date range,http://www.oed.com/dictionary/parapsychological_adj
parapsychology,PARAPSYCHOLOGY,14,noun,1887-,1887,4,derivative,The field of study that deals with paranormal…,printed date range,http://www.oed.com/dictionary/parapsychology_n
toxophilism,TOXOPHILISM,11,noun,1887-,1887,0,,"= toxophily, n.",printed date range,http://www.oed.com/dictionary/toxophilism_n
tri-spear,TRISPEAR,8,noun,1887-,1887,0,compound,A trident.,printed date range,http://www.oed.com/dictionary/tri-spear_n
wheeldom,WHEELDOM,8,noun,1887-,1887,0,derivative,"The domain or ‘world’ of wheeled vehicles, esp…",printed date range,http://www.oed.com/dictionary/wheeldom_n
copartitive,COPARTITIVE,11,adjective,1888-,1888,0,derivative,Of or pertaining to co-partnership.,printed date range,http://www.oed.com/dictionary/copartitive_adj
corkedness,CORKEDNESS,10,noun,1888-,1888,0,derivative,"State or quality of being corked (corked, adj. 4).",printed date range,http://www.oed.com/dictionary/corkedness_n
dense,DENSE,5,verb,1888-,1888,3,conversion,To make dense; ˈdensing n.,printed date range,http://www.oed.com/dictionary/dense_v
flip-up,FLIPUP,6,adjective,1888-,1888,3,compound,Designating something which can be flipped or…,printed date range,http://www.oed.com/dictionary/flip-up_adj
ganderism,GANDERISM,9,noun,1888-,1888,0,derivative,Conduct of or befitting a gander.,printed date range,http://www.oed.com/dictionary/ganderism_n
incorporationist,INCORPORATIONIST,16,noun,1888-,1888,2,derivative,One who favours or supports incorporation.,printed date range,http://www.oed.com/dictionary/incorporationist_n
insidedness,INSIDEDNESS,11,noun,1888-,1888,2,derivative,The condition of being inside something else.,printed date range,http://www.oed.com/dictionary/insidedness_n
Meredithian,MEREDITHIAN,11,"adjective, noun",1888-,1888,3,proper name,"Of, relating to, or characteristic of George…",printed date range,http://www.oed.com/dictionary/meredithian_adj
shivelight,SHIVELIGHT,10,noun,1888-,1888,0,compound,A sliver of light.,printed date range,http://www.oed.com/dictionary/shivelight_n
touristdom,TOURISTDOM,10,noun,1888-,1888,1,derivative,The realm or collective body of tourists.,printed date range,http://www.oed.com/dictionary/touristdom_n
treatyist,TREATYIST,9,noun,1888-,1888,0,derivative,One who frames or is bound by a treaty.,printed date range,http://www.oed.com/dictionary/treatyist_n
consonation,CONSONATION,11,noun,1889-,1889,1,borrowing,A sounding together.,printed date range,http://www.oed.com/dictionary/consonation_n
contributress,CONTRIBUTRESS,13,noun,1889-,1889,0,derivative,A female (literary) contributor.,printed date range,http://www.oed.com/dictionary/contributress_n
crestlet,CRESTLET,8,noun,1889-,1889,0,derivative,A little crest.,printed date range,http://www.oed.com/dictionary/crestlet_n
dehuman,DEHUMAN,7,adjective,1889-,1889,2,derivative,Wanting the attributes of humanity.,printed date range,http://www.oed.com/dictionary/dehuman_adj
demagoguize,DEMAGOGUIZE,11,verb,1889-,1889,0,derivative,intransitive. To play the demagogue.,printed date range,http://www.oed.com/dictionary/demagoguize_v
dollarocracy,DOLLAROCRACY,12,noun,1889-,1889,1,derivative,"See -cracy, comb. form.",printed date range,http://www.oed.com/dictionary/dollarocracy_n
donkeydom,DONKEYDOM,9,noun,1889-,1889,1,derivative,"Condition of a donkey, stupidity, folly.",printed date range,http://www.oed.com/dictionary/donkeydom_n
donkeyship,DONKEYSHIP,10,noun,1889-,1889,1,derivative,The personality of a donkey.,printed date range,http://www.oed.com/dictionary/donkeyship_n
extensivist,EXTENSIVIST,11,noun,1889-,1889,0,derivative,Originally and chiefly U.S. A physician or other…,printed date range,http://www.oed.com/dictionary/extensivist_n
grumblous,GRUMBLOUS,9,adjective,1889-,1889,0,derivative,Full of grumbles.,printed date range,http://www.oed.com/dictionary/grumblous_adj
intensivist,INTENSIVIST,11,noun,1889-,1889,3,derivative,An advocate or practitioner of an intensive…,printed date range,http://www.oed.com/dictionary/intensivist_n
keyboard,KEYBOARD,8,verb,1889-,1889,4,conversion,transitive. To enter or produce (text or other…,printed date range,http://www.oed.com/dictionary/keyboard_v
loafership,LOAFERSHIP,10,noun,1889-,1889,0,derivative,The state of being a loafer.,printed date range,http://www.oed.com/dictionary/loafership_n
sic,SIC,3,verb,1889-,1889,3,conversion,To mark with a ‘sic’.,printed date range,http://www.oed.com/dictionary/sic_v
swashbucklery,SWASHBUCKLERY,13,noun,1889-,1889,0,derivative,The conduct of a swashbuckler.,printed date range,http://www.oed.com/dictionary/swashbucklery_n
tottledom,TOTTLEDOM,9,noun,1889-,1889,0,derivative,"(For toddledom), the sphere of toddlers or…",printed date range,http://www.oed.com/dictionary/tottledom_n
typeful,TYPEFUL,7,adjective,1889-,1889,2,derivative,Having the quality of a type; typical; symbolic.,printed date range,http://www.oed.com/dictionary/typeful_adj
conjugable,CONJUGABLE,10,adjective,1890-,1890,2,borrowing,That can be conjugated.,printed date range,http://www.oed.com/dictionary/conjugable_adj
conspue,CONSPUE,7,verb,1890-,1890,1,borrowing,transitive. To spit upon (in contempt).,printed date range,http://www.oed.com/dictionary/conspue_v
corallize,CORALLIZE,9,verb,1890-,1890,0,derivative,transitive. To make into coral.,printed date range,http://www.oed.com/dictionary/corallize_v
cowless,COWLESS,7,adjective,1890-,1890,2,derivative,Destitute of cows.,printed date range,http://www.oed.com/dictionary/cowless_adj
cutlass,CUTLASS,7,verb,1890-,1890,3,conversion,To hew with a cutlass.,printed date range,http://www.oed.com/dictionary/cutlass_v
disherent,DISHERENT,9,adjective,1890-,1890,0,derivative,The opposite of coherent; incoherent; incongruous.,printed date range,http://www.oed.com/dictionary/disherent_adj
divitism,DIVITISM,8,noun,1890-,1890,0,borrowing,The condition of being rich.,printed date range,http://www.oed.com/dictionary/divitism_n
fauness,FAUNESS,7,noun,1890-,1890,1,derivative,A female faun.,printed date range,http://www.oed.com/dictionary/fauness_n
gendarming,GENDARMING,10,noun,1890-,1890,0,derivative,The discharge of police duties.,printed date range,http://www.oed.com/dictionary/gendarming_n
girlie-man,GIRLIEMAN,9,noun,1890-,1890,2,compound,Chiefly derogatory. A man whose behaviour…,printed date range,http://www.oed.com/dictionary/girlie-man_n
gownlet,GOWNLET,7,noun,1890-,1890,0,derivative,A small gown.,printed date range,http://www.oed.com/dictionary/gownlet_n
guide-post,GUIDEPOST,9,verb,1890-,1890,2,conversion,To furnish with a guide-post. In quot. 1890 figurative.,printed date range,http://www.oed.com/dictionary/guide-post_v
landladydom,LANDLADYDOM,11,noun,1890-,1890,0,derivative,The realm of landladies.,printed date range,http://www.oed.com/dictionary/landladydom_n
metageometry,METAGEOMETRY,12,noun,1890-,1890,2,derivative,Non-Euclidean geometry. Also as a count noun.,printed date range,http://www.oed.com/dictionary/metageometry_n
misuseful,MISUSEFUL,9,adjective,1890-,1890,0,derivative,Characterized by misuse.,printed date range,http://www.oed.com/dictionary/misuseful_adj
popinjayess,POPINJAYESS,11,noun,1890-,1890,0,derivative,"A beautiful woman (cf. popinjay, n. 2a).",printed date range,http://www.oed.com/dictionary/popinjayess_n
shaftlet,SHAFTLET,8,noun,1890-,1890,1,derivative,A small shaft or column.,printed date range,http://www.oed.com/dictionary/shaftlet_n
stock-keep,STOCKKEEP,9,verb,1890-,1890,2,,"To tend cattle, etc.",printed date range,http://www.oed.com/dictionary/stock-keep_v
teaey,TEAEY,5,adjective,1890-,1890,0,derivative,Having the characteristic properties of tea.,printed date range,http://www.oed.com/dictionary/teaey_adj
topsy-turvyist,TOPSYTURVYIST,13,noun,1890-,1890,0,derivative,An advocate of something (considered to be)…,printed date range,http://www.oed.com/dictionary/topsy-turvyist_n
Toriness,TORINESS,8,noun,1890-,1890,0,derivative,Tory quality or condition.,printed date range,http://www.oed.com/dictionary/toriness_n
what-now,WHATNOW,7,noun,1890-,1890,0,compound,"= quidnunc, n.",printed date range,http://www.oed.com/dictionary/what-now_n
diariness,DIARINESS,9,noun,1891-,1891,0,derivative,The quality characteristic of a diary.,printed date range,http://www.oed.com/dictionary/diariness_n
hymnification,HYMNIFICATION,13,noun,1891-,1891,1,borrowing,The making of hymns.,printed date range,http://www.oed.com/dictionary/hymnification_n
inferentialist,INFERENTIALIST,14,noun,1891-,1891,2,derivative,An advocate of such a theory.,printed date range,http://www.oed.com/dictionary/inferentialist_n
tariffless,TARIFFLESS,10,adjective,1891-,1891,0,derivative,Without a tariff.,printed date range,http://www.oed.com/dictionary/tariffless_adj
all-arounder,ALLAROUNDER,11,noun,1892-,1892,1,derivative,Something suited for a variety of purposes or…,printed date range,http://www.oed.com/dictionary/all-arounder_n
combustor,COMBUSTOR,9,noun,1892-,1892,4,derivative,Engineering. An apparatus or place where…,printed date range,http://www.oed.com/dictionary/combustor_n
cubdom,CUBDOM,6,noun,1892-,1892,0,derivative,The state of being a cub.,printed date range,http://www.oed.com/dictionary/cubdom_n
declarationist,DECLARATIONIST,14,noun,1892-,1892,0,derivative,One who joins in or signs a declaration.,printed date range,http://www.oed.com/dictionary/declarationist_n
fictility,FICTILITY,9,noun,1892-,1892,0,derivative,The quality or condition of being fictile (in…,printed date range,http://www.oed.com/dictionary/fictility_n
road rash,ROADRASH,8,noun,1892-,1892,2,compound,†a. A ‘rash’ or outbreak of roads in an area…,printed date range,http://www.oed.com/dictionary/road-rash_n
stereoscopism,STEREOSCOPISM,13,noun,1892-,1892,0,derivative,"Appearance of solidity, as of an object viewed in…",printed date range,http://www.oed.com/dictionary/stereoscopism_n
tavernwards,TAVERNWARDS,11,adverb,1892-,1892,0,derivative,Towards a tavern.,printed date range,http://www.oed.com/dictionary/tavernwards_adv
threadbarity,THREADBARITY,12,noun,1892-,1892,0,,In same sense.,printed date range,http://www.oed.com/dictionary/threadbarity_n
topazy,TOPAZY,6,adjective,1892-,1892,1,derivative,Like topaz.,printed date range,http://www.oed.com/dictionary/topazy_adj
toucanity,TOUCANITY,9,noun,1892-,1892,0,derivative,The character of a toucan.,printed date range,http://www.oed.com/dictionary/toucanity_n
treatyless,TREATYLESS,10,adjective,1892-,1892,1,derivative,Having no treaty.,printed date range,http://www.oed.com/dictionary/treatyless_adj
trotteress,TROTTERESS,10,noun,1892-,1892,0,derivative,"A female trotter (in globe-trotteress: cf. globe, n.).",printed date range,http://www.oed.com/dictionary/trotteress_n
hansomeer,HANSOMEER,9,noun,1893-,1893,0,,The driver of a hansom.,printed date range,http://www.oed.com/dictionary/hansomeer_n
inconsequentialism,INCONSEQUENTIALISM,18,noun,1893-,1893,0,derivative,Inconsequential or disconnected nature.,printed date range,http://www.oed.com/dictionary/inconsequentialism_n
insectarian,INSECTARIAN,11,noun,1893-,1893,0,derivative,One who feeds on insects.,printed date range,http://www.oed.com/dictionary/insectarian_n
staurology,STAUROLOGY,10,noun,1893-,1893,0,compound,A science or doctrine of the cross.,printed date range,http://www.oed.com/dictionary/staurology_n
stomach-wise,STOMACHWISE,11,adverb,1893-,1893,1,compound,(Crawling) on one's stomach.,printed date range,http://www.oed.com/dictionary/stomach-wise_adv
tobaccoed,TOBACCOED,9,adjective,1893-,1893,1,derivative,Characterized by the use of tobacco.,printed date range,http://www.oed.com/dictionary/tobaccoed_adj
topsy-turvyize,TOPSYTURVYIZE,13,verb,1893-,1893,0,derivative,"(transitive) to turn topsy-turvy, throw into…",printed date range,http://www.oed.com/dictionary/topsy-turvyize_v
torey,TOREY,5,adjective,1893-,1893,1,derivative,Of the nature of or consisting of ‘tore’ or…,printed date range,http://www.oed.com/dictionary/torey_adj
torpedoic,TORPEDOIC,9,adjective,1893-,1893,0,derivative,"Of a torpedo, like that of a torpedo.",printed date range,http://www.oed.com/dictionary/torpedoic_adj
wassailous,WASSAILOUS,10,adjective,1893-,1893,0,derivative,Given to revelry.,printed date range,http://www.oed.com/dictionary/wassailous_adj
blousette,BLOUSETTE,9,noun,1894-,1894,0,derivative,Any of various types of sleeveless or…,printed date range,http://www.oed.com/dictionary/blousette_n
cryptanalytic,CRYPTANALYTIC,13,adjective,1894-,1894,3,compound,Of or relating to cryptanalysis; concerned with…,printed date range,http://www.oed.com/dictionary/cryptanalytic_adj
degeomorphization,DEGEOMORPHIZATION,17,noun,1894-,1894,0,borrowing,"The process of making unlike, or less like, the earth.",printed date range,http://www.oed.com/dictionary/degeomorphization_n
devotionize,DEVOTIONIZE,11,verb,1894-,1894,0,derivative,transitive. To convert to devotional use.,printed date range,http://www.oed.com/dictionary/devotionize_v
hecatologue,HECATOLOGUE,11,noun,1894-,1894,0,borrowing,A code of a hundred rules.,printed date range,http://www.oed.com/dictionary/hecatologue_n
hyporrhined,HYPORRHINED,11,adjective,1894-,1894,0,derivative,Moustached.,printed date range,http://www.oed.com/dictionary/hyporrhined_adj
loaferdom,LOAFERDOM,9,noun,1894-,1894,1,derivative,The state of being a loafer.,printed date range,http://www.oed.com/dictionary/loaferdom_n
Shawian,SHAWIAN,7,adjective,1894-,1894,1,proper name,"= Shavian, adj.",printed date range,http://www.oed.com/dictionary/shawian_adj
tallow-candle,TALLOWCANDLE,12,verb,1894-,1894,2,derivative,(transitive) to smear or rub with a tallow candle.,printed date range,http://www.oed.com/dictionary/tallow-candle_v
tendril,TENDRIL,7,verb,1894-,1894,2,conversion,intransitive to curl like a tendril.,printed date range,http://www.oed.com/dictionary/tendril_v
vituperize,VITUPERIZE,10,verb,1894-,1894,0,borrowing,transitive. To vituperate.,printed date range,http://www.oed.com/dictionary/vituperize_v
dopester,DOPESTER,8,noun,1895-,1895,3,derivative,A person who collects information on sporting…,printed date range,http://www.oed.com/dictionary/dopester_n
incatch,INCATCH,7,noun,1895-,1895,0,conversion,A catching or sudden drawing in (of the breath).,printed date range,http://www.oed.com/dictionary/incatch_n
masculism,MASCULISM,9,noun,1895-,1895,2,derivative,"= masculinism, n.",printed date range,http://www.oed.com/dictionary/masculism_n
postermaniac,POSTERMANIAC,12,noun,1895-,1895,0,compound,A person with a mania for collecting posters.,printed date range,http://www.oed.com/dictionary/postermaniac_n
scuffle-shoe,SCUFFLESHOE,11,noun,1895-,1895,0,compound,A person of ‘slipshod’ habits.,printed date range,http://www.oed.com/dictionary/scuffle-shoe_n
stokerage,STOKERAGE,9,noun,1895-,1895,0,derivative,The action or the services of a stoker.,printed date range,http://www.oed.com/dictionary/stokerage_n
tariffable,TARIFFABLE,10,adjective,1895-,1895,0,derivative,That can be subjected to a tariff.,printed date range,http://www.oed.com/dictionary/tariffable_adj
triflet,TRIFLET,7,noun,1895-,1895,0,derivative,"A small trifle (in trifle, n. 4).",printed date range,http://www.oed.com/dictionary/triflet_n
trowist,TROWIST,7,noun,1895-,1895,0,derivative,A person credited with acquaintance with ‘trows’…,printed date range,http://www.oed.com/dictionary/trowist_n
yachtist,YACHTIST,8,noun,1895-,1895,0,derivative,"= yachtian, n.",printed date range,http://www.oed.com/dictionary/yachtist_n
megalopsychic,MEGALOPSYCHIC,13,adjective,1896-,1896,0,borrowing,Magnanimous.,printed date range,http://www.oed.com/dictionary/megalopsychic_adj
ravenling,RAVENLING,9,noun,1896-,1896,0,derivative,A young raven.,printed date range,http://www.oed.com/dictionary/ravenling_n
Shakespeare,SHAKESPEARE,11,verb,1896-,1896,2,conversion,(intransitive) to act in a Shakespeare play.,printed date range,http://www.oed.com/dictionary/shakespeare_v
sympsychograph,SYMPSYCHOGRAPH,14,noun,1896-,1896,0,derivative,An imaginary composite portrait produced by…,printed date range,http://www.oed.com/dictionary/sympsychograph_n
thousandaire,THOUSANDAIRE,12,noun,1896-,1896,1,derivative,One who has a thousand pounds.,printed date range,http://www.oed.com/dictionary/thousandaire_n
togetherhood,TOGETHERHOOD,12,noun,1896-,1896,0,derivative,"= togetherness, n.",printed date range,http://www.oed.com/dictionary/togetherhood_n
tolt,TOLT,4,verb,1896-,1896,1,conversion,"(transitive) to raise, lift up.",printed date range,http://www.oed.com/dictionary/tolt_v
tri-schism,TRISCHISM,9,noun,1896-,1896,0,compound,Schism of three parties.,printed date range,http://www.oed.com/dictionary/tri-schism_n
gallicide,GALLICIDE,9,noun,1897-,1897,0,borrowing,A killer of fowls (in quot. 1897 = a fox).,printed date range,http://www.oed.com/dictionary/gallicide_n
inaureole,INAUREOLE,9,verb,1897-,1897,0,derivative,transitive. To surround with or as with an aureole.,printed date range,http://www.oed.com/dictionary/inaureole_v
ladderless,LADDERLESS,10,adjective,1897-,1897,1,derivative,Having no ladder.,printed date range,http://www.oed.com/dictionary/ladderless_adj
self-noise,SELFNOISE,9,noun,1897-,1897,2,derivative,"Noise generated by a device, vehicle, etc…",printed date range,http://www.oed.com/dictionary/self-noise_n
soapboxing,SOAPBOXING,10,noun,1897-,1897,0,derivative,The action or process of delivering an…,printed date range,http://www.oed.com/dictionary/soapboxing_n
stay-maker,STAYMAKER,9,noun,1897-,1897,2,compound,One who makes a long stay.,printed date range,http://www.oed.com/dictionary/stay-maker_n-a
tavernless,TAVERNLESS,10,adjective,1897-,1897,1,derivative,Devoid of taverns or inns.,printed date range,http://www.oed.com/dictionary/tavernless_adj
telephotomicrography,TELEPHOTOMICROGRAPHY,20,noun,1897-,1897,0,compound,†a. The art or practice of photographing distant…,printed date range,http://www.oed.com/dictionary/telephotomicrography_n
ish,ISH,3,verb,1898-,1898,4,imitative,intransitive. To make the sound ish! or sh! as in…,printed date range,http://www.oed.com/dictionary/ish_v2
shadow-script,SHADOWSCRIPT,12,noun,1898-,1898,0,compound,Markings in shadow.,printed date range,http://www.oed.com/dictionary/shadow-script_n
shaglet,SHAGLET,7,noun,1898-,1898,0,derivative,A young shag or cormorant.,printed date range,http://www.oed.com/dictionary/shaglet_n
tobaccoite,TOBACCOITE,10,noun,1898-,1898,0,derivative,An advocate of tobacco.,printed date range,http://www.oed.com/dictionary/tobaccoite_n
stagship,STAGSHIP,8,noun,1899-,1899,0,derivative,"The condition, dignity or state of being a stag.",printed date range,http://www.oed.com/dictionary/stagship_n
stonelet,STONELET,8,noun,1899-,1899,0,derivative,A little stone.,printed date range,http://www.oed.com/dictionary/stonelet_n
thrushling,THRUSHLING,10,noun,1899-,1899,0,derivative,A young thrush.,printed date range,http://www.oed.com/dictionary/thrushling_n
trumpless,TRUMPLESS,9,adjective,1899-,1899,0,derivative,Having or containing no trumps.,printed date range,http://www.oed.com/dictionary/trumpless_adj
kinkster,KINKSTER,8,noun,1900-,1900,2,derivative,A person who engages in sexual practices regarded…,printed date range,http://www.oed.com/dictionary/kinkster_n
paroch,PAROCH,6,noun,1900-,1900,2,borrowing,A member of the clergy of a parish.,printed date range,http://www.oed.com/dictionary/paroch_n
tri-vided,TRIVIDED,8,adjective,1900-,1900,0,compound,Divided into three.,printed date range,http://www.oed.com/dictionary/tri-vided_adj
lobsterling,LOBSTERLING,11,noun,1901-,1901,1,derivative,A young lobster.,printed date range,http://www.oed.com/dictionary/lobsterling_n
pathosticate,PATHOSTICATE,12,verb,1901-,1901,0,compound,intransitive. To induce pathos by melodramatic writing.,printed date range,http://www.oed.com/dictionary/pathosticate_v
progenerate,PROGENERATE,11,adjective,a1901-,1901,1,derivative,Advanced in development or type (opposed to…,printed date range,http://www.oed.com/dictionary/progenerate_adj2
yachtdom,YACHTDOM,8,noun,1901-,1901,0,derivative,"= yachtery, n.",printed date range,http://www.oed.com/dictionary/yachtdom_n
pyrophile,PYROPHILE,9,noun,1902-,1902,0,compound,a. a person who accepts the conventional theory…,printed date range,http://www.oed.com/dictionary/pyrophile_n
professorling,PROFESSORLING,13,noun,1903-,1903,1,derivative,A petty or insignificant professor.,printed date range,http://www.oed.com/dictionary/professorling_n
tariffism,TARIFFISM,9,noun,1903-,1903,1,derivative,The principle or system of imposing a tariff…,printed date range,http://www.oed.com/dictionary/tariffism_n
toupeted,TOUPETED,8,adjective,1903-,1903,0,derivative,Wearing a toupet.,printed date range,http://www.oed.com/dictionary/toupeted_adj
trifledom,TRIFLEDOM,9,noun,1903-,1903,0,derivative,The realm of trifles.,printed date range,http://www.oed.com/dictionary/trifledom_n
whirlwindy,WHIRLWINDY,10,adjective,1903-,1903,0,derivative,Resembling a whirlwind.,printed date range,http://www.oed.com/dictionary/whirlwindy_adj
teaism,TEAISM,6,noun,1904-,1904,1,derivative,Addiction to tea.,printed date range,http://www.oed.com/dictionary/teaism_n
toothbrushy,TOOTHBRUSHY,11,adjective,1904-,1904,0,derivative,Resembling a toothbrush; bristly.,printed date range,http://www.oed.com/dictionary/toothbrushy_adj
yah,YAH,3,verb,1904-,1904,2,conversion,(intransitive) to shout ‘yah!’,printed date range,http://www.oed.com/dictionary/yah_v
demutualization,DEMUTUALIZATION,15,noun,1905-,1905,3,derivative,The process of converting a mutual company owned…,printed date range,http://www.oed.com/dictionary/demutualization_n
pseudepigram,PSEUDEPIGRAM,12,noun,c1905-,1905,0,compound,A pretended epigram.,printed date range,http://www.oed.com/dictionary/pseudepigram_n
shepherddom,SHEPHERDDOM,11,noun,1905-,1905,0,derivative,The state of shepherds.,printed date range,http://www.oed.com/dictionary/shepherddom_n
steeded,STEEDED,7,adjective,1905-,1905,1,derivative,With steeds.,printed date range,http://www.oed.com/dictionary/steeded_adj
swanproof,SWANPROOF,9,adjective,1905-,1905,0,compound,Not susceptible to the influence of Shakespeare…,printed date range,http://www.oed.com/dictionary/swanproof_adj
bioelement,BIOELEMENT,10,noun,1906-,1906,2,compound,Any of the chemical elements which are components…,printed date range,http://www.oed.com/dictionary/bioelement_n
champagne socialism,CHAMPAGNESOCIALISM,18,noun,1906-,1906,1,compound,Socialism as practised or espoused by people who…,printed date range,http://www.oed.com/dictionary/champagne-socialism_n
champagne socialist,CHAMPAGNESOCIALIST,18,noun,1906-,1906,2,compound,A person who espouses socialist ideals but enjoys…,printed date range,http://www.oed.com/dictionary/champagne-socialist_n
jelly,JELLY,5,adjective,1906-,1906,2,derivative,Jealous.,printed date range,http://www.oed.com/dictionary/jelly_adj2
pismirism,PISMIRISM,9,noun,1906-,1906,0,derivative,Hoarding of money; miserliness.,printed date range,http://www.oed.com/dictionary/pismirism_n
reluctantism,RELUCTANTISM,12,noun,1906-,1906,0,derivative,The state or condition of being reluctant; reluctance.,printed date range,http://www.oed.com/dictionary/reluctantism_n
righty,RIGHTY,6,"noun, adverb, adjective",1906-,1906,3,derivative,North American. A right-handed person; spec…,printed date range,http://www.oed.com/dictionary/righty_n
sulkery,SULKERY,7,noun,1906-,1906,0,derivative,"= boudoir, n.",printed date range,http://www.oed.com/dictionary/sulkery_n
tetrateuch,TETRATEUCH,10,noun,1906-,1906,0,compound,"A name for the first four books of the Pentateuch, n.",printed date range,http://www.oed.com/dictionary/tetrateuch_n
tigerette,TIGERETTE,9,noun,1906-,1906,0,derivative,"A diminutive female tiger (in tiger, n. 4a), a ‘cat’.",printed date range,http://www.oed.com/dictionary/tigerette_n
wanderable,WANDERABLE,10,adjective,1906-,1906,0,derivative,That one can wander in.,printed date range,http://www.oed.com/dictionary/wanderable_adj
actor-manager,ACTORMANAGER,12,verb,1907-,1907,3,compound,transitive (of an actor-manager) to deprive (a…,printed date range,http://www.oed.com/dictionary/actor-manager_v
electromorphic,ELECTROMORPHIC,14,adjective,1907-,1907,1,compound,Biochemistry. Of or relating to an electromorph.,printed date range,http://www.oed.com/dictionary/electromorphic_adj
quince,QUINCE,6,noun,1907-,1907,2,variant,"= quintet, n. 2.",printed date range,http://www.oed.com/dictionary/quince_n2
ramshandry,RAMSHANDRY,10,adjective,1907-,1907,0,compound,"Thoughtless, light-headed; impetuous.",printed date range,http://www.oed.com/dictionary/ramshandry_adj
testamented,TESTAMENTED,11,adjective,1907-,1907,0,derivative,Included in the Old or New Testament Scriptures.,printed date range,http://www.oed.com/dictionary/testamented_adj
pierrotting,PIERROTTING,11,noun,1908-,1908,0,derivative,The business or occupation of a Pierrot.,printed date range,http://www.oed.com/dictionary/pierrotting_n
dishumanization,DISHUMANIZATION,15,noun,1909-,1909,0,derivative,The act or process of dishumanizing.,printed date range,http://www.oed.com/dictionary/dishumanization_n
inscientist,INSCIENTIST,11,noun,1909-,1909,0,derivative,A non-scientist.,printed date range,http://www.oed.com/dictionary/inscientist_n
love bomb,LOVEBOMB,8,noun,1909-,1909,2,compound,An effusive demonstration of approval or…,printed date range,http://www.oed.com/dictionary/love-bomb_n
monoplane,MONOPLANE,9,verb,1909-,1909,3,conversion,intransitive. To travel or fly in a monoplane.,printed date range,http://www.oed.com/dictionary/monoplane_v
mph,MPH,3,noun,1909-,1909,0,initialism,Miles per hour; (also as v. intransitive) to travel.,printed date range,http://www.oed.com/dictionary/mph_n
pen-and-inkery,PENANDINKERY,12,noun,c1909-,1909,0,derivative,The use of pen and ink; the occupation of author.,printed date range,http://www.oed.com/dictionary/pen-and-inkery_n
photagogue,PHOTAGOGUE,10,noun,1909-,1909,0,borrowing,A person who brings enlightenment.,printed date range,http://www.oed.com/dictionary/photagogue_n
ridibund,RIDIBUND,8,adjective,1909-,1909,0,borrowing,"Inclined to laughter; happy, lively.",printed date range,http://www.oed.com/dictionary/ridibund_adj
tironic,TIRONIC,7,adjective,1909-,1909,0,borrowing,"Of, pertaining to, or characteristic of a tiro…",printed date range,http://www.oed.com/dictionary/tironic_adj
twinness,TWINNESS,8,noun,1909-,1909,2,derivative,"= twinship, n.",printed date range,http://www.oed.com/dictionary/twinness_n
wind shadow,WINDSHADOW,10,noun,1909-,1909,3,compound,a. A ripple caused by the wind on water and…,printed date range,http://www.oed.com/dictionary/wind-shadow_n
weekendize,WEEKENDIZE,10,verb,1910-,1910,0,derivative,intransitive to go away for the weekend.,printed date range,http://www.oed.com/dictionary/weekendize_v
floor pan,FLOORPAN,8,noun,1911-,1911,3,compound,The lower part of the body of a vehicle (esp. a…,printed date range,http://www.oed.com/dictionary/floor-pan_n
opsonist,OPSONIST,8,noun,1911-,1911,1,derivative,An advocate of the therapeutic use of opsonins.,printed date range,http://www.oed.com/dictionary/opsonist_n
ritz,RITZ,4,verb,1911-,1911,2,conversion,transitive. To make ritzy; to glamorize. Also with up.,printed date range,http://www.oed.com/dictionary/ritz_v
tipstavery,TIPSTAVERY,10,noun,1911-,1911,0,,A body of tipstaffs.,printed date range,http://www.oed.com/dictionary/tipstavery_n
pitmanize,PITMANIZE,9,verb,1912-,1912,0,proper name,transitive. To fill (a book) with Pitman shorthand.,printed date range,http://www.oed.com/dictionary/pitmanize_v
reportship,REPORTSHIP,10,noun,1912-,1912,0,derivative,Newspaper reporting.,printed date range,http://www.oed.com/dictionary/reportship_n
ulys,ULYS,4,noun,1912-,1912,0,unknown,An imaginary mountain flower.,printed date range,http://www.oed.com/dictionary/ulys_n
xenophilism,XENOPHILISM,11,noun,1912-,1912,1,,Love of foreigners or of something foreign.,printed date range,http://www.oed.com/dictionary/xenophilism_n
environment agency,ENVIRONMENTAGENCY,17,noun,1913-,1913,2,compound,a. A means of connecting the immortal soul with…,printed date range,http://www.oed.com/dictionary/environment-agency_n
mesomorphic,MESOMORPHIC,11,adjective,1913-,1913,3,compound,"Physical Chemistry. Designating, relating to, or…",printed date range,http://www.oed.com/dictionary/mesomorphic_adj
ringle-jingle,RINGLEJINGLE,12,verb,1913-,1913,0,compound,intransitive. To write in verse.,printed date range,http://www.oed.com/dictionary/ringle-jingle_v
gasless,GASLESS,7,adjective,1914-,1914,3,derivative,"Having no gasoline, fuelless. Also: designating…",printed date range,http://www.oed.com/dictionary/gasless_adj2
pecksniffingly,PECKSNIFFINGLY,14,adverb,1914-,1914,0,derivative,"In a manner resembling Pecksniff (cf. Pecksniff, n.).",printed date range,http://www.oed.com/dictionary/pecksniffingly_adv
mem,MEM,3,verb,1915-,1915,4,conversion,transitive. To note or write down as a memorandum.,printed date range,http://www.oed.com/dictionary/mem_v
polyphloisbic,POLYPHLOISBIC,13,adjective,1915-,1915,0,borrowing,"= polyphloisboian, adj.",printed date range,http://www.oed.com/dictionary/polyphloisbic_adj
zero hour,ZEROHOUR,8,noun,1915-,1915,4,compound,The time at which a military operation is…,printed date range,http://www.oed.com/dictionary/zero-hour_n
moanism,MOANISM,7,noun,1916-,1916,0,derivative,The habit or practice of lamenting; emotionalism.,printed date range,http://www.oed.com/dictionary/moanism_n
Old Moore's Almanac,OLDMOORESALMANAC,16,verb,1916-,1916,2,conversion,intransitive. To engage in predictions of the future.,printed date range,http://www.oed.com/dictionary/old-moores-almanac_v
ratiocinable,RATIOCINABLE,12,adjective,1916-,1916,1,borrowing,Able to be arrived at or deduced by reasoning.,printed date range,http://www.oed.com/dictionary/ratiocinable_adj
rule of thumbite,RULEOFTHUMBITE,14,noun,1916-,1916,0,derivative,A person who works by rule of thumb.,printed date range,http://www.oed.com/dictionary/rule-of-thumbite_n
hot-aching,HOTACHING,9,adjective,1917-,1917,0,compound,Aching in a manner reminiscent of hot ache.,printed date range,http://www.oed.com/dictionary/hot-aching_adj
pitkin,PITKIN,6,noun,1917-,1917,2,derivative,A small pit.,printed date range,http://www.oed.com/dictionary/pitkin_n
proluse,PROLUSE,7,verb,1917-,1917,1,borrowing,intransitive. To give an introductory discourse…,printed date range,http://www.oed.com/dictionary/proluse_v
wiseacrery,WISEACRERY,10,noun,1917-,1917,0,derivative,Something characteristic of a wiseacre…,printed date range,http://www.oed.com/dictionary/wiseacrery_n
dopesickness,DOPESICKNESS,12,noun,1918-,1918,0,compound,colloquial. Unpleasant physical and mental…,printed date range,http://www.oed.com/dictionary/dopesickness_n
earth artist,EARTHARTIST,11,noun,1918-,1918,2,compound,"a. An artist from this world, rather than a…",printed date range,http://www.oed.com/dictionary/earth-artist_n
parafe,PARAFE,6,verb,1919-,1919,1,variant,transitive. To sign (one's name) using one's initials.,printed date range,http://www.oed.com/dictionary/parafe_v
popcorked,POPCORKED,9,adjective,1919-,1919,0,compound,(Of a bottle) that has a cork which pops when drawn.,printed date range,http://www.oed.com/dictionary/popcorked_adj
rasted,RASTED,6,adverb,1919-,1919,1,variant,"Used as an intensifier: dreadfully, damnably. Cf…",printed date range,http://www.oed.com/dictionary/rasted_adv
studenting,STUDENTING,10,noun,1919-,1919,2,derivative,The activity or experience of being a student.,printed date range,http://www.oed.com/dictionary/studenting_n
vagulous,VAGULOUS,8,adjective,1919-,1919,1,borrowing,"Wayward, vague, wavering.",printed date range,http://www.oed.com/dictionary/vagulous_adj
dishuman,DISHUMAN,8,adjective,1920-,1920,1,derivative,Unhuman.,printed date range,http://www.oed.com/dictionary/dishuman_adj
neck-full,NECKFULL,8,adjective,1920-,1920,0,compound,Full up to the neck.,printed date range,http://www.oed.com/dictionary/neck-full_adj
electric hedge,ELECTRICHEDGE,13,noun,1921-,1921,2,compound,An invisible barrier charged with electricity.,printed date range,http://www.oed.com/dictionary/electric-hedge_n
inbe,INBE,4,verb,1921-,1921,2,derivative,To be within.,printed date range,http://www.oed.com/dictionary/inbe_v
vocalese,VOCALESE,8,noun,1921-,1921,2,derivative,Originally and chiefly Jazz. A style of singing…,printed date range,http://www.oed.com/dictionary/vocalese_n
ickylickysticky,ICKYLICKYSTICKY,15,adjective,1922-,1922,0,derivative,Unpleasantly sticky.,printed date range,http://www.oed.com/dictionary/ickylickysticky_adj
multigeminal,MULTIGEMINAL,12,adjective,1922-,1922,0,compound,Designating a multiple birth.,printed date range,http://www.oed.com/dictionary/multigeminal_adj
nemasperm,NEMASPERM,9,noun,1922-,1922,0,borrowing,A spermatozoon.,printed date range,http://www.oed.com/dictionary/nemasperm_n
obstropolos,OBSTROPOLOS,11,noun,1922-,1922,0,variant,An obstreperous mouth.,printed date range,http://www.oed.com/dictionary/obstropolos_n
ovoblastic,OVOBLASTIC,10,adjective,1922-,1922,0,compound,Of or relating to an egg cell.,printed date range,http://www.oed.com/dictionary/ovoblastic_adj
philirenist,PHILIRENIST,11,noun,1922-,1922,0,compound,A peace-loving person.,printed date range,http://www.oed.com/dictionary/philirenist_n
piky,PIKY,4,adjective,1922-,1922,1,derivative,Suggestive of a pike in appearance.,printed date range,http://www.oed.com/dictionary/piky_adj2
polymetre,POLYMETRE,9,noun,1922-,1922,2,compound,The use of two or more time signatures simultaneously.,printed date range,http://www.oed.com/dictionary/polymetre_n
poppysmic,POPPYSMIC,9,adjective,1922-,1922,0,borrowing,Produced with smacking of the lips.,printed date range,http://www.oed.com/dictionary/poppysmic_adj
pornosophical,PORNOSOPHICAL,13,adjective,1922-,1922,0,blend,Apparently: of or relating to the philosophy of…,printed date range,http://www.oed.com/dictionary/pornosophical_adj
post-mortemity,POSTMORTEMITY,13,noun,1922-,1922,0,derivative,The state of death.,printed date range,http://www.oed.com/dictionary/post-mortemity_n
psychophysicotherapeutics,PSYCHOPHYSICOTHERAPEUTICS,25,noun,1922-,1922,0,compound,Remedial treatment of the mind and body.,printed date range,http://www.oed.com/dictionary/psychophysicotherapeutics_n
ragsackman,RAGSACKMAN,10,noun,1922-,1922,0,compound,A ragman carrying a sack.,printed date range,http://www.oed.com/dictionary/ragsackman_n
ringroundabout,RINGROUNDABOUT,14,verb,1922-,1922,0,compound,transitive. To surround.,printed date range,http://www.oed.com/dictionary/ringroundabout_v
ripripple,RIPRIPPLE,9,verb,1922-,1922,1,variant,transitive. To wash over (something) repeatedly…,printed date range,http://www.oed.com/dictionary/ripripple_v
robinredbreasted,ROBINREDBREASTED,16,adjective,1922-,1922,0,derivative,Wearing a red waistcoat.,printed date range,http://www.oed.com/dictionary/robinredbreasted_adj
scumspittle,SCUMSPITTLE,11,noun,1922-,1922,0,compound,? scummy or frothy spittle.,printed date range,http://www.oed.com/dictionary/scumspittle_n
skirt duty,SKIRTDUTY,9,noun,1922-,1922,0,compound,†a. The practice of acting in a way intended to…,printed date range,http://www.oed.com/dictionary/skirt-duty_n
slipperslapper,SLIPPERSLAPPER,14,noun,1922-,1922,0,compound,"A loose, sloppily-fitting slipper (cf. slip-slop…",printed date range,http://www.oed.com/dictionary/slipperslapper_n
smackwarm,SMACKWARM,9,noun,1922-,1922,1,compound,(See quot. 1922).,printed date range,http://www.oed.com/dictionary/smackwarm_n
smellsip,SMELLSIP,8,verb,1922-,1922,0,compound,transitive. To smell and sip almost simultaneously.,printed date range,http://www.oed.com/dictionary/smellsip_v
smilesmirk,SMILESMIRK,10,verb,1922-,1922,0,compound,intransitive. To smile in a smirking manner.,printed date range,http://www.oed.com/dictionary/smilesmirk_v
spillspilling,SPILLSPILLING,13,adjective,1922-,1922,0,derivative,Repeatedly spilling.,printed date range,http://www.oed.com/dictionary/spillspilling_adj
storkbird,STORKBIRD,9,noun,1922-,1922,0,compound,"= stork, n.",printed date range,http://www.oed.com/dictionary/storkbird_n
tattarrattat,TATTARRATTAT,12,noun,1922-,1922,0,imitative,"= rat-a-tat, n.",printed date range,http://www.oed.com/dictionary/tattarrattat_n
townhithe,TOWNHITHE,9,noun,1922-,1922,0,compound,"A haven or landing place in a town; cf. hythe, n.",printed date range,http://www.oed.com/dictionary/townhithe_n
trascine,TRASCINE,8,verb,1922-,1922,1,borrowing,"transitive. To carry, to drag.",printed date range,http://www.oed.com/dictionary/trascine_v
try-hard,TRYHARD,7,"noun, adjective",1922-,1922,1,compound,A person who tries very hard; (in later use…,printed date range,http://www.oed.com/dictionary/try-hard_n
turtle-dove,TURTLEDOVE,10,verb,1922-,1922,1,conversion,"transitive, ? to show affection for (another)…",printed date range,http://www.oed.com/dictionary/turtle-dove_v
umbershoot,UMBERSHOOT,10,noun,1922-,1922,0,compound,(A word of obscure meaning.),printed date range,http://www.oed.com/dictionary/umbershoot_n
uptrunk,UPTRUNK,7,noun,1922-,1922,0,derivative,Punning reference to a brass musical instrument…,printed date range,http://www.oed.com/dictionary/uptrunk_n
wagtail kite,WAGTAILKITE,11,noun,1922-,1922,0,compound,A toy kite with a wagging or swinging tail.,printed date range,http://www.oed.com/dictionary/wagtail-kite_n
weggebobble,WEGGEBOBBLE,11,noun,1922-,1922,0,variant,"= vegetable, n. 3.",printed date range,http://www.oed.com/dictionary/weggebobble_n
womoonless,WOMOONLESS,10,adjective,1922-,1922,0,blend,Both womanless and moonless.,printed date range,http://www.oed.com/dictionary/womoonless_adj
woolgathersome,WOOLGATHERSOME,14,adjective,1922-,1922,0,derivative,Suggestive of wool-gathering.,printed date range,http://www.oed.com/dictionary/woolgathersome_adj
wrongways,WRONGWAYS,9,adverb,1922-,1922,1,compound,In the direction of wrongdoing.,printed date range,http://www.oed.com/dictionary/wrongways_adv
age-ago,AGEAGO,6,adjective,1923-,1923,0,compound,That happened (or seemed to happen) an age ago…,printed date range,http://www.oed.com/dictionary/age-ago_adj
on-the-make-ness,ONTHEMAKENESS,13,noun,1923-,1923,0,derivative,The fact or state of being on the make.,printed date range,http://www.oed.com/dictionary/on-the-make-ness_n
posadaship,POSADASHIP,10,noun,1923-,1923,0,derivative,The position of the keeper of a posada.,printed date range,http://www.oed.com/dictionary/posadaship_n
rondine,RONDINE,7,adjective,1923-,1923,2,borrowing,"Rounded, made round.",printed date range,http://www.oed.com/dictionary/rondine_adj
platform tree,PLATFORMTREE,12,noun,1925-,1925,1,compound,"A tree with a wide-spreading, flat-topped crown.",printed date range,http://www.oed.com/dictionary/platform-tree_n
televisionary,TELEVISIONARY,13,"noun, adjective",1925-,1925,2,blend,A person with visionary ideas for the development…,printed date range,http://www.oed.com/dictionary/televisionary_n
twiddle-twaddle,TWIDDLETWADDLE,14,verb,1925-,1925,1,conversion,"intransitive, to chatter foolishly.",printed date range,http://www.oed.com/dictionary/twiddle-twaddle_v
job action,JOBACTION,9,noun,c1926-,1926,3,compound,a. (As part of a military metaphor) a difficult…,printed date range,http://www.oed.com/dictionary/job-action_n
lovering,LOVERING,8,adjective,1926-,1926,1,derivative,That behaves as a lover; courting.,printed date range,http://www.oed.com/dictionary/lovering_adj
peripherization,PERIPHERIZATION,15,noun,1926-,1926,2,derivative,The process of being moved to the periphery…,printed date range,http://www.oed.com/dictionary/peripherization_n
radiolocation,RADIOLOCATION,13,noun,1926-,1926,3,compound,The use of radio for determining the position of…,printed date range,http://www.oed.com/dictionary/radiolocation_n
reel-land,REELLAND,8,noun,1926-,1926,0,compound,The world of the cinema.,printed date range,http://www.oed.com/dictionary/reel-land_n
sheep trot,SHEEPTROT,9,noun,1926-,1926,0,compound,A dance as of satyrs.,printed date range,http://www.oed.com/dictionary/sheep-trot_n
collaborative,COLLABORATIVE,13,"adjective, noun",1927-,1927,5,derivative,"Characterized by, based upon, or produced in…",printed date range,http://www.oed.com/dictionary/collaborative_adj
nimble-pimble,NIMBLEPIMBLE,12,verb,1927-,1927,0,compound,(intransitive) to behave in a sentimental or…,printed date range,http://www.oed.com/dictionary/nimble-pimble_v
phonocentric,PHONOCENTRIC,12,adjective,1927-,1927,2,compound,Linguistics. Centred on speech; characterized by…,printed date range,http://www.oed.com/dictionary/phonocentric_adj
purchasery,PURCHASERY,10,noun,1927-,1927,0,derivative,The business of purchasing.,printed date range,http://www.oed.com/dictionary/purchasery_n
secretary,SECRETARY,9,verb,1927-,1927,1,conversion,intransitive. To work as a secretary (esp. an…,printed date range,http://www.oed.com/dictionary/secretary_v
Proustery,PROUSTERY,9,noun,1928-,1928,0,proper name,Proustian manner or style.,printed date range,http://www.oed.com/dictionary/proustery_n
road-upper,ROADUPPER,9,noun,1928-,1928,0,,A person who digs up a road or roads.,printed date range,http://www.oed.com/dictionary/road-upper_n
tubify,TUBIFY,6,verb,1928-,1928,0,derivative,transitive. ? To give a tubular form to.,printed date range,http://www.oed.com/dictionary/tubify_v
wolflessness,WOLFLESSNESS,12,noun,1928-,1928,0,,The state of ‘not having the wolf at the door’…,printed date range,http://www.oed.com/dictionary/wolflessness_n
completist,COMPLETIST,10,"noun, adjective",1929-,1929,2,derivative,"A person who has collected, or who intends to…",printed date range,http://www.oed.com/dictionary/completist_n
abricotine,ABRICOTINE,10,adjective,1930-,1930,0,borrowing,Apricot-coloured.,printed date range,http://www.oed.com/dictionary/abricotine_adj
prostisciutto,PROSTISCIUTTO,13,noun,1930-,1930,0,blend,A female prostitute regarded metaphorically as an…,printed date range,http://www.oed.com/dictionary/prostisciutto_n
pussel-gut,PUSSELGUT,9,verb,1930-,1930,1,conversion,transitive (reflexive). To fatten; to render…,printed date range,http://www.oed.com/dictionary/pussel-gut_v
white-breast,WHITEBREAST,11,verb,a1930-,1930,2,compound,transitive to face or show up against with a…,printed date range,http://www.oed.com/dictionary/white-breast_v
euthanize,EUTHANIZE,9,verb,1931-,1931,3,derivative,intransitive. To receive euthanasia.,printed date range,http://www.oed.com/dictionary/euthanize_v
statement,STATEMENT,9,verb,1931-,1931,4,conversion,transitive (usually in passive). British…,printed date range,http://www.oed.com/dictionary/statement_v
terracentric,TERRACENTRIC,12,adjective,1932-,1932,1,compound,"Having, or taking, the earth as centre; =…",printed date range,http://www.oed.com/dictionary/terracentric_adj
indoory,INDOORY,7,adjective,1934-,1934,0,derivative,Preferring to remain indoors.,printed date range,http://www.oed.com/dictionary/indoory_adj
Peter Panic,PETERPANIC,10,noun,1934-,1934,0,blend,"Confused, immature behaviour.",printed date range,http://www.oed.com/dictionary/peter-panic_n
pugnozzle,PUGNOZZLE,9,verb,1934-,1934,0,compound,intransitive. Of the upper lip and nostrils: to…,printed date range,http://www.oed.com/dictionary/pugnozzle_v
speak-out,SPEAKOUT,8,"noun, adjective",1935-,1935,2,compound,An occasion or event during which people can…,printed date range,http://www.oed.com/dictionary/speak-out_n
nancifully,NANCIFULLY,10,adverb,1936-,1936,0,derivative,derogatory. In a manner stereotypically regarded as…,printed date range,http://www.oed.com/dictionary/nancifully_adv
nim-nosed,NIMNOSED,8,adjective,1936-,1936,0,compound,Swift to pick up the scent.,printed date range,http://www.oed.com/dictionary/nim-nosed_adj
not-at-all,NOTATALL,8,verb,1936-,1936,2,conversion,intransitive. To say ‘not at all’. See not at all…,printed date range,http://www.oed.com/dictionary/not-at-all_v
pants,PANTS,5,verb,1936-,1936,3,conversion,transitive. To pull down or remove the trousers…,printed date range,http://www.oed.com/dictionary/pants_v
skuldug,SKULDUG,7,verb,1936-,1936,0,backformation,transitive to extract by trickery.,printed date range,http://www.oed.com/dictionary/skuldug_v
chumocracy,CHUMOCRACY,10,noun,1937-,1937,0,compound,A culture characterized or dominated by…,printed date range,http://www.oed.com/dictionary/chumocracy_n
ratsbany,RATSBANY,8,adjective,1937-,1937,0,derivative,Poisonous.,printed date range,http://www.oed.com/dictionary/ratsbany_adj
wen-man,WENMAN,6,noun,1937-,1937,0,compound,A city-dweller.,printed date range,http://www.oed.com/dictionary/wen-man_n
age-new,AGENEW,6,adjective,1938-,1938,0,compound,"existing in the current age, recent.",printed date range,http://www.oed.com/dictionary/age-new_adj
post-official,POSTOFFICIAL,12,adjective,1938-,1938,1,compound,Of or relating to a post office or its staff.,printed date range,http://www.oed.com/dictionary/post-official_adj
wantum,WANTUM,6,noun,1938-,1938,2,blend,"Deficiency or desire, considered as something…",printed date range,http://www.oed.com/dictionary/wantum_n
wardee,WARDEE,6,noun,1938-,1938,0,derivative,An inmate of a hospital ward.,printed date range,http://www.oed.com/dictionary/wardee_n
inch-taped,INCHTAPED,9,adjective,1939-,1939,0,compound,Covered with inch-tape.,printed date range,http://www.oed.com/dictionary/inch-taped_adj
magnoperous,MAGNOPEROUS,11,adjective,1939-,1939,0,,(Perhaps) operating in a grand manner.,printed date range,http://www.oed.com/dictionary/magnoperous_adj
nibcocked,NIBCOCKED,9,adjective,1939-,1939,0,derivative,Having a penis like the point of a pen.,printed date range,http://www.oed.com/dictionary/nibcocked_adj
myth-haunt,MYTHHAUNT,9,verb,1940-,1940,1,compound,transitive. To haunt with myths.,printed date range,http://www.oed.com/dictionary/myth-haunt_v
pippet,PIPPET,6,noun,1940-,1940,1,derivative,"A pip on a playing card. See pip, n.³ 1a.",printed date range,http://www.oed.com/dictionary/pippet_n
pratfallen,PRATFALLEN,10,adjective,1940-,1940,0,derivative,That has fallen on the buttocks.,printed date range,http://www.oed.com/dictionary/pratfallen_adj
starchitect,STARCHITECT,11,noun,1940-,1940,1,blend,"A famous architect, esp. (disparaging) one whose…",printed date range,http://www.oed.com/dictionary/starchitect_n
solificatio,SOLIFICATIO,11,noun,1941-,1941,1,derivative,A radiating warmth as of sunshine.,printed date range,http://www.oed.com/dictionary/solificatio_n
de-identify,DEIDENTIFY,10,verb,1942-,1942,3,derivative,transitive. To remove or alter personal…,printed date range,http://www.oed.com/dictionary/de-identify_v
gremmie,GREMMIE,7,noun,1943-,1943,2,shortening,Surfing slang. A young or inexperienced surfer…,printed date range,http://www.oed.com/dictionary/gremmie_n
blue-domeism,BLUEDOMEISM,11,noun,1944-,1944,0,compound,The doctrine of a blue-domeist; the preference…,printed date range,http://www.oed.com/dictionary/blue-domeism_n
parapants,PARAPANTS,9,noun,1944-,1944,0,compound,Women's knickers or underpants made from…,printed date range,http://www.oed.com/dictionary/parapants_n
Pentagonese,PENTAGONESE,11,noun,1944-,1944,2,derivative,The euphemistic or cryptic style of language…,printed date range,http://www.oed.com/dictionary/pentagonese_n
hyenoid,HYENOID,7,adjective,1945-,1945,1,derivative,"= hyeniform, adj.",printed date range,http://www.oed.com/dictionary/hyenoid_adj
broken heart syndrome,BROKENHEARTSYNDROME,19,noun,1946-,1946,3,compound,"a. Depression, low spirits, or despondency…",printed date range,http://www.oed.com/dictionary/broken-heart-syndrome_n
only-only,ONLYONLY,8,noun,1946-,1946,0,compound,on one's only-only: alone; on one's own.,printed date range,http://www.oed.com/dictionary/only-only_n
woundward,WOUNDWARD,9,adjective,1946-,1946,0,derivative,Towards wounds or wounding.,printed date range,http://www.oed.com/dictionary/woundward_adj
ingressant,INGRESSANT,10,adjective,1947-,1947,0,borrowing,"Entering, in-going.",printed date range,http://www.oed.com/dictionary/ingressant_adj
motted,MOTTED,6,adjective,1947-,1947,1,derivative,"Probably: having a motte (motte, n.¹).",printed date range,http://www.oed.com/dictionary/motted_adj
pneumatic-drilled,PNEUMATICDRILLED,16,adjective,1947-,1947,0,compound,Equipped with a pneumatic drill (figurative in…,printed date range,http://www.oed.com/dictionary/pneumatic-drilled_adj
pseudodominant,PSEUDODOMINANT,14,"noun, adjective",1947-,1947,1,compound,Genetics. A recessive allele manifesting as a…,printed date range,http://www.oed.com/dictionary/pseudodominant_n
upgiven,UPGIVEN,7,adjective,1947-,1947,1,derivative,"Surrendered, resigned. Cf. ghost, n. A.I.1.",printed date range,http://www.oed.com/dictionary/upgiven_adj
vert,VERT,4,adjective,1947-,1947,2,conversion,Turning.,printed date range,http://www.oed.com/dictionary/vert_adj2
podium,PODIUM,6,verb,1948-,1948,2,conversion,"intransitive. Sport. To finish in first, second…",printed date range,http://www.oed.com/dictionary/podium_v
home computer,HOMECOMPUTER,12,noun,1949-,1949,4,compound,a. A computer located at a military centre of…,printed date range,http://www.oed.com/dictionary/home-computer_n
omnivicarious,OMNIVICARIOUS,13,adjective,1949-,1949,0,compound,That may be substituted for anything else.,printed date range,http://www.oed.com/dictionary/omnivicarious_adj
trichomaniac,TRICHOMANIAC,12,noun,1949-,1949,0,compound,A hair fetishist.,printed date range,http://www.oed.com/dictionary/trichomaniac_n
wheygoose,WHEYGOOSE,9,noun,1949-,1949,0,compound,Used as a term of opprobrium.,printed date range,http://www.oed.com/dictionary/wheygoose_n
accusativity,ACCUSATIVITY,12,noun,1950-,1950,2,derivative,The state or condition of being accusative.,printed date range,http://www.oed.com/dictionary/accusativity_n
magnoperator,MAGNOPERATOR,12,noun,1950-,1950,0,derivative,(Probably) a person involved in great schemes or…,printed date range,http://www.oed.com/dictionary/magnoperator_n
cragmanship,CRAGMANSHIP,11,noun,1951-,1951,0,derivative,Expertise in rock climbing.,printed date range,http://www.oed.com/dictionary/cragmanship_n
dispersuade,DISPERSUADE,11,verb,1951-,1951,1,derivative,"= dissuade, v. 3.",printed date range,http://www.oed.com/dictionary/dispersuade_v
nefie,NEFIE,5,noun,1951-,1951,1,borrowing,"As a form of address: = neef, n.",printed date range,http://www.oed.com/dictionary/nefie_n
saccharhinoceros,SACCHARHINOCEROS,16,noun,1951-,1951,0,blend,A lumbering person with an excessively effusive…,printed date range,http://www.oed.com/dictionary/saccharhinoceros_n
turnturtle,TURNTURTLE,10,adjective,1951-,1951,0,compound,That is the place of or setting for one's death…,printed date range,http://www.oed.com/dictionary/turnturtle_adj
larked,LARKED,6,adjective,1952-,1952,1,derivative,"With larks overhead, noisy with the song of larks.",printed date range,http://www.oed.com/dictionary/larked_adj
metrify,METRIFY,7,verb,1952-,1952,2,derivative,"intransitive. = metricate, v. 1.",printed date range,http://www.oed.com/dictionary/metrify_v2
mousetrap word,MOUSETRAPWORD,13,noun,1952-,1952,0,compound,A misleading or deceptive word.,printed date range,http://www.oed.com/dictionary/mousetrap-word_n
news-dick,NEWSDICK,8,noun,a1953-,1953,0,compound,A newspaper reporter.,printed date range,http://www.oed.com/dictionary/news-dick_n
puss,PUSS,4,verb,a1953-,1953,2,conversion,intransitive. To move or act like a cat; to move…,printed date range,http://www.oed.com/dictionary/puss_v
typhoon,TYPHOON,7,verb,a1953-,1953,2,conversion,(transitive) to batter with the force of a typhoon.,printed date range,http://www.oed.com/dictionary/typhoon_v
murdermongeress,MURDERMONGERESS,15,noun,1957-,1957,0,derivative,A female writer of murder stories.,printed date range,http://www.oed.com/dictionary/murdermongeress_n
rhymsterette,RHYMSTERETTE,12,noun,1957-,1957,0,derivative,A female rhymer.,printed date range,http://www.oed.com/dictionary/rhymsterette_n
sarcomic,SARCOMIC,8,adjective,1958-,1958,0,derivative,"= cancerous, adj. figurative.",printed date range,http://www.oed.com/dictionary/sarcomic_adj
spadelet,SPADELET,8,noun,1959-,1959,0,derivative,offensive. A black child.,printed date range,http://www.oed.com/dictionary/spadelet_n
motor-bicycle,MOTORBICYCLE,12,verb,1960-,1960,3,conversion,transitive. To while (time) away on a motorcycle.,printed date range,http://www.oed.com/dictionary/motor-bicycle_v
pedagoguette,PEDAGOGUETTE,12,noun,1960-,1960,0,derivative,A schoolmistress.,printed date range,http://www.oed.com/dictionary/pedagoguette_n
twinkle-dress,TWINKLEDRESS,12,noun,1960-,1960,0,compound,A sparkling party dress.,printed date range,http://www.oed.com/dictionary/twinkle-dress_n
woofy,WOOFY,5,adjective,1960-,1960,1,derivative,? Talkative.,printed date range,http://www.oed.com/dictionary/woofy_adj3
non-ism,NONISM,6,noun,1961-,1961,0,derivative,The practice of abstaining from substances and…,printed date range,http://www.oed.com/dictionary/non-ism_n
randy,RANDY,5,verb,1961-,1961,1,conversion,transitive. To make (a person) lustful.,printed date range,http://www.oed.com/dictionary/randy_v3
Georgiana,GEORGIANA,9,noun,1962-,1962,2,proper name,Buildings or architecture of the Georgian period…,printed date range,http://www.oed.com/dictionary/georgiana_n
raisonneur,RAISONNEUR,10,verb,1963-,1963,2,conversion,intransitive. To act as a raisonneur.,printed date range,http://www.oed.com/dictionary/raisonneur_v
schlimazel,SCHLIMAZEL,10,verb,1963-,1963,1,conversion,transitive. To make a schlimazel of (a person)…,printed date range,http://www.oed.com/dictionary/schlimazel_v
Bermuda Triangle,BERMUDATRIANGLE,15,noun,1964-,1964,2,proper name,A roughly triangular area of the western Atlantic…,printed date range,http://www.oed.com/dictionary/bermuda-triangle_n
phylactology,PHYLACTOLOGY,12,noun,1966-,1966,0,borrowing,Counter-espionage.,printed date range,http://www.oed.com/dictionary/phylactology_n
plus ça change-ness,PLUSCACHANGENESS,16,noun,1966-,1966,0,derivative,The quality of remaining fundamentally the same…,printed date range,http://www.oed.com/dictionary/plus-ca-change-ness_n
conversion therapy,CONVERSIONTHERAPY,17,noun,1967-,1967,4,compound,Therapy or treatment intended or claimed to…,printed date range,http://www.oed.com/dictionary/conversion-therapy_n
brain freeze,BRAINFREEZE,11,noun,1968-,1968,3,compound,Severe but usually short-lived pain in the…,printed date range,http://www.oed.com/dictionary/brain-freeze_n
scammy,SCAMMY,6,adjective,1968-,1968,3,derivative,Involving or suggestive of a swindle or scam; (of…,printed date range,http://www.oed.com/dictionary/scammy_adj
brain fart,BRAINFART,9,noun,1969-,1969,3,compound,colloquial. A temporary mental lapse or failure…,printed date range,http://www.oed.com/dictionary/brain-fart_n
demisexual,DEMISEXUAL,10,"adjective, noun",1969-,1969,3,derivative,Designating a person who only develops sexual…,printed date range,http://www.oed.com/dictionary/demisexual_adj
homophobia,HOMOPHOBIA,10,noun,1969-,1969,4,compound,"Hostility towards, prejudice against, or (less…",printed date range,http://www.oed.com/dictionary/homophobia_n2
Mata-Hari-ing,MATAHARIING,11,noun,1970-,1970,0,derivative,The action of behaving like a Mata Hari.,printed date range,http://www.oed.com/dictionary/mata-hari-ing_n
symbolomania,SYMBOLOMANIA,12,noun,1970-,1970,0,compound,Excessive use of symbols.,printed date range,http://www.oed.com/dictionary/symbolomania_n
upspeak,UPSPEAK,7,noun,1971-,1971,1,derivative,The use of political rhetoric emphasizing…,printed date range,http://www.oed.com/dictionary/upspeak_n
nanniness,NANNINESS,9,noun,1973-,1973,0,derivative,The state or condition of being nannyish.,printed date range,http://www.oed.com/dictionary/nanniness_n
wort-blue,WORTBLUE,8,adjective,a1973-,1973,0,compound,Of a blue colour.,printed date range,http://www.oed.com/dictionary/wort-blue_adj
leptoquark,LEPTOQUARK,10,noun,1974-,1974,3,compound,Any of various hypothetical subatomic particles…,printed date range,http://www.oed.com/dictionary/leptoquark_n
prisoner-of-wardom,PRISONEROFWARDOM,16,noun,1974-,1974,0,derivative,The condition of being a prisoner of war.,printed date range,http://www.oed.com/dictionary/prisoner-of-wardom_n
Scots Nattery,SCOTSNATTERY,12,noun,1978-,1978,0,derivative,Scottish Nationalism.,printed date range,http://www.oed.com/dictionary/scots-nattery_n
bracketology,BRACKETOLOGY,12,noun,1983-,1983,3,compound,U.S. The activity of predicting the participating…,printed date range,http://www.oed.com/dictionary/bracketology_n
anti-nuking,ANTINUKING,10,adjective,1986-,1986,0,derivative,That opposes or protests against nuclear weapons…,printed date range,http://www.oed.com/dictionary/anti-nuking_adj
bioterror,BIOTERROR,9,noun,1986-,1986,3,compound,"a. Horror (in a film, etc.) caused by mutation or…",printed date range,http://www.oed.com/dictionary/bioterror_n
digibox,DIGIBOX,7,noun,1990-,1990,0,compound,An electronic device that can be plugged into a…,printed date range,http://www.oed.com/dictionary/digibox_n
major-domoing,MAJORDOMOING,12,noun,1991-,1991,0,derivative,Service as a major-domo.,printed date range,http://www.oed.com/dictionary/major-domoing_n
bracketologist,BRACKETOLOGIST,14,noun,1992-,1992,3,derivative,A person who works to resolve disputed passages…,printed date range,http://www.oed.com/dictionary/bracketologist_n
cyberchondriac,CYBERCHONDRIAC,14,noun,1993-,1993,1,compound,a. A person who worries irrationally about the…,printed date range,http://www.oed.com/dictionary/cyberchondriac_n
napkin-hidden,NAPKINHIDDEN,12,adjective,1993-,1993,0,compound,"(Of a talent) concealed or wasted; cf. napkined, adj.",printed date range,http://www.oed.com/dictionary/napkin-hidden_adj
sneakerhead,SNEAKERHEAD,11,noun,1993-,1993,4,compound,An enthusiast for or collector of trainers (cf…,printed date range,http://www.oed.com/dictionary/sneakerhead_n
cyber-bully,CYBERBULLY,10,noun,1994-,1994,3,compound,a. An experienced user of computers who…,printed date range,http://www.oed.com/dictionary/cyber-bully_n
extranet,EXTRANET,8,noun,1995-,1995,4,derivative,"An intranet that can be accessed, via the…",printed date range,http://www.oed.com/dictionary/extranet_n
alt-right,ALTRIGHT,8,noun,2003-,2003,4,compound,In the United States: a right-wing ideological…,printed date range,http://www.oed.com/dictionary/alt-right_n
sharenting,SHARENTING,10,noun,2010-,2010,0,blend,"The action or practice of sharing news, images…",printed date range,http://www.oed.com/dictionary/sharenting_n
man,MAN,3,verb,late Old English-,9999,5,conversion,transitive. Originally Military and Nautical. To…,printed date range,http://www.oed.com/dictionary/man_v
