tier,lemma,crossword_form,length,pos,date,first_year,evidence,formation,band,usage,subject,definition,other_current_oed_forms,oed_homograph_number,url
"1 - single year of evidence, form unique",yoff,YOFF,4,verb,c1630,1630,printed date range,imitative,0,,,intransitive. To make a sound resembling the…,0,,http://www.oed.com/dictionary/yoff_v
"1 - single year of evidence, form unique",alecy,ALECY,5,noun,1594,1594,printed date range,derivative,0,,,Foolishness or irrationality due to drunkenness…,0,,http://www.oed.com/dictionary/alecy_n
"1 - single year of evidence, form unique",ameed,AMEED,5,verb,1807,1807,printed date range,derivative,0,,,transitive. To reward or recompense (a person)…,0,,http://www.oed.com/dictionary/ameed_v
"1 - single year of evidence, form unique",cheho,CHEHO,5,verb,1706,1706,printed date range,imitative,0,,sciences/medicine/pathology,intransitive. To sneeze.,0,,http://www.oed.com/dictionary/cheho_v
"1 - single year of evidence, form unique",chich,CHICH,5,verb,c1450,1450,printed date range,variant,0,,sciences/life sciences/animals/birds,transitive. Of a hen: to call (her chicks). Cf…,0,,http://www.oed.com/dictionary/chich_v
"1 - single year of evidence, form unique",donly,DONLY,5,adjective,1893,1893,printed date range,derivative,0,,education/university,Having the characteristics or attributes of a…,0,,http://www.oed.com/dictionary/donly_adj
"1 - single year of evidence, form unique",earal,EARAL,5,adjective,1658,1658,printed date range,derivative,0,,,"Concerned with the ear, or that which is heard.",0,,http://www.oed.com/dictionary/earal_adj
"1 - single year of evidence, form unique",elvet,ELVET,5,noun,1885,1885,printed date range,derivative,0,,religion and belief/mythology,A tiny elf.,0,,http://www.oed.com/dictionary/elvet_n
"1 - single year of evidence, form unique",hoble,HOBLE,5,verb,1530,1530,printed date range,variant,0,,"sport and leisure/hunting, fishing, and shooting/hunting",intransitive. To use a net for catching birds; to…,0,,http://www.oed.com/dictionary/hoble_v
"1 - single year of evidence, form unique",iulan,IULAN,5,adjective,a1627,1627,printed date range,borrowing,0,,,Of the first growth of the beard.,0,,http://www.oed.com/dictionary/iulan_adj
"1 - single year of evidence, form unique",labra,LABRA,5,noun,a1616,1616,printed date range,borrowing,0,,,A lip.,0,,http://www.oed.com/dictionary/labra_n
"1 - single year of evidence, form unique",merop,MEROP,5,adjective,1864,1864,printed date range,borrowing,0,,,"= meropic, adj.",0,,http://www.oed.com/dictionary/merop_adj
"1 - single year of evidence, form unique",owlby,OWLBY,5,noun,1653,1653,printed date range,derivative,0,derogatory,,derogatory. Obsolete. Apparently: a person who resembles an owl.,0,,http://www.oed.com/dictionary/owlby_n
"1 - single year of evidence, form unique",oxify,OXIFY,5,verb,1804,1804,printed date range,derivative,0,,,transitive. To make an ox of; to turn into an ox.,0,,http://www.oed.com/dictionary/oxify_v
"1 - single year of evidence, form unique",Q.C.-dom,QCDOM,5,,1865,1865,printed date range,,0,,,The state or condition of a Q.C.,0,,http://www.oed.com/dictionary/qc-dom_x
"1 - single year of evidence, form unique",safed,SAFED,5,adjective,1881,1881,printed date range,derivative,0,,economics and commerce,Provided with a safe for securing money and…,0,,http://www.oed.com/dictionary/safed_adj
"1 - single year of evidence, form unique",saged,SAGED,5,adjective,1563,1563,printed date range,derivative,0,,,Befitting a sage; characterized by wisdom.,0,,http://www.oed.com/dictionary/saged_adj
"1 - single year of evidence, form unique",trive,TRIVE,5,verb,1573,1573,printed date range,shortening,0,,,"transitive. = contrive, v.¹",0,,http://www.oed.com/dictionary/trive_v
"1 - single year of evidence, form unique",achage,ACHAGE,6,noun,1875,1875,printed date range,derivative,0,,sciences/medicine,The state of having an ache.,0,,http://www.oed.com/dictionary/achage_n
"1 - single year of evidence, form unique",amebly,AMEBLY,6,noun,a1643,1643,printed date range,variant,0,,,Perhaps: an amiable or friendly person.,0,,http://www.oed.com/dictionary/amebly_n
"1 - single year of evidence, form unique",amound,AMOUND,6,verb,1642,1642,printed date range,variant,0,,,intransitive. To amount to something.,0,,http://www.oed.com/dictionary/amound_v
"1 - single year of evidence, form unique",Annist,ANNIST,6,noun,1730,1730,printed date range,proper name,0,,politics/British politics,In the 18th century: a supporter of Queen Anne.,0,,http://www.oed.com/dictionary/annist_n
"1 - single year of evidence, form unique",beator,BEATOR,6,noun,1719,1719,printed date range,derivative,0,,,A person who hits or beats another. Contrasted…,0,,http://www.oed.com/dictionary/beator_n
"1 - single year of evidence, form unique",bumbis,BUMBIS,6,noun,a1640,1640,printed date range,arbitrary,0,,arts/performing arts/conjuring,A piece of meaningless pig Latin used as patter…,0,,http://www.oed.com/dictionary/bumbis_n
"1 - single year of evidence, form unique",crazen,CRAZEN,6,adjective,1596,1596,printed date range,derivative,0,,,"Split or cracked; broken, damaged. Cf. crazed…",0,,http://www.oed.com/dictionary/crazen_adj
"1 - single year of evidence, form unique",curkle,CURKLE,6,verb,1693,1693,printed date range,imitative,0,,,To cry as a quail.,0,,http://www.oed.com/dictionary/curkle_v
"1 - single year of evidence, form unique",cut-air,CUTAIR,6,noun,1665,1665,printed date range,compound,0,,sciences/life sciences/animals/invertebrates/insects,"The largest vein of a fly's wing, which forms the…",0,,http://www.oed.com/dictionary/cut-air_n
"1 - single year of evidence, form unique",dealth,DEALTH,6,noun,1637,1637,printed date range,derivative,0,,,Portion dealt.,0,,http://www.oed.com/dictionary/dealth_n
"1 - single year of evidence, form unique",debash,DEBASH,6,verb,1610,1610,printed date range,derivative,0,,,To abash.,0,,http://www.oed.com/dictionary/debash_v
"1 - single year of evidence, form unique",debind,DEBIND,6,verb,1814,1814,printed date range,derivative,0,,,To bind down. (Put by Scott into the mouth of…,0,,http://www.oed.com/dictionary/debind_v
"1 - single year of evidence, form unique",defeud,DEFEUD,6,noun,1648,1648,printed date range,derivative,0,,,= Feud.,0,,http://www.oed.com/dictionary/defeud_n
"1 - single year of evidence, form unique",detomb,DETOMB,6,verb,1607,1607,printed date range,derivative,0,,,transitive. To deliver from the tomb.,0,,http://www.oed.com/dictionary/detomb_v
"1 - single year of evidence, form unique",dingee,DINGEE,6,noun,1835,1835,printed date range,derivative,0,,transport/nautical/sailing,A member of the crew of a dinghy.,0,,http://www.oed.com/dictionary/dingee_n
"1 - single year of evidence, form unique",duable,DUABLE,6,adjective,1647,1647,printed date range,borrowing,0,,,Divisible into two.,0,,http://www.oed.com/dictionary/duable_adj
"1 - single year of evidence, form unique",earled,EARLED,6,adjective,1606,1606,printed date range,derivative,0,,,Raised to the rank of earl.,0,,http://www.oed.com/dictionary/earled_adj
"1 - single year of evidence, form unique",fatary,FATARY,6,noun,1652,1652,printed date range,derivative,0,,,"A person who foretells fates; a fortune-teller, a…",0,,http://www.oed.com/dictionary/fatary_n
"1 - single year of evidence, form unique",franky,FRANKY,6,adjective,1582,1582,printed date range,derivative,0,,,Looking as if frank-fed; ‘stalled’.,0,,http://www.oed.com/dictionary/franky_adj
"1 - single year of evidence, form unique",incube,INCUBE,6,verb,1642,1642,printed date range,derivative,0,,,transitive. To infix like a cube.,0,,http://www.oed.com/dictionary/incube_v
"1 - single year of evidence, form unique",indock,INDOCK,6,verb,1611,1611,printed date range,derivative,0,,,"To put in dock, to dock: in quot. 1611 figurative…",0,,http://www.oed.com/dictionary/indock_v
"1 - single year of evidence, form unique",in-path,INPATH,6,noun,1582,1582,printed date range,derivative,0,,,"A way that is no way, an impassable way.",0,,http://www.oed.com/dictionary/in-path_n
"1 - single year of evidence, form unique",Job-cry,JOBCRY,6,noun,1891,1891,printed date range,compound,0,,,A vehement lamentation like that of Job.,0,,http://www.oed.com/dictionary/job-cry_n
"1 - single year of evidence, form unique",Jobism,JOBISM,6,noun,1855,1855,printed date range,derivative,0,,,A vehement lamentation like that of Job.,0,,http://www.oed.com/dictionary/jobism_n
"1 - single year of evidence, form unique",jobler,JOBLER,6,noun,1662,1662,printed date range,derivative,0,,,A person who does odd jobs or small pieces of…,0,,http://www.oed.com/dictionary/jobler_n
"1 - single year of evidence, form unique",ludent,LUDENT,6,noun,1573,1573,printed date range,borrowing,0,,,A player.,0,,http://www.oed.com/dictionary/ludent_n
"1 - single year of evidence, form unique",Lynchy,LYNCHY,6,adverb,1840,1840,printed date range,proper name,0,,,In a manner suggestive of ‘Judge Lynch’ (see…,0,,http://www.oed.com/dictionary/lynchy_adv
"1 - single year of evidence, form unique",mannet,MANNET,6,noun,1631,1631,printed date range,derivative,0,,,A little man.,0,,http://www.oed.com/dictionary/mannet_n
"1 - single year of evidence, form unique",momize,MOMIZE,6,verb,1654,1654,printed date range,derivative,0,,,"intransitive. To find fault; to criticize, censure.",0,,http://www.oed.com/dictionary/momize_v
"1 - single year of evidence, form unique",mutish,MUTISH,6,adjective,1865,1865,printed date range,derivative,0,,,Reminiscent of a funeral mute. Only in…,0,,http://www.oed.com/dictionary/mutish_adj
"1 - single year of evidence, form unique",namefy,NAMEFY,6,verb,1589,1589,printed date range,derivative,0,,,transitive. To mention by name.,0,,http://www.oed.com/dictionary/namefy_v
"1 - single year of evidence, form unique",nanity,NANITY,6,noun,1892,1892,printed date range,borrowing,0,,,The condition of being abnormally deficient or…,0,,http://www.oed.com/dictionary/nanity_n
"1 - single year of evidence, form unique",neogam,NEOGAM,6,noun,1862,1862,printed date range,borrowing,0,,,A newly-wed person.,0,,http://www.oed.com/dictionary/neogam_n
"1 - single year of evidence, form unique",out-jet,OUTJET,6,verb,1822,1822,printed date range,derivative,0,,,transitive. To be more intensely black than.,0,,http://www.oed.com/dictionary/out-jet_v
"1 - single year of evidence, form unique",pad-ram,PADRAM,6,noun,1715,1715,printed date range,compound,0,,,A good-tempered ram.,0,,http://www.oed.com/dictionary/pad-ram_n
"1 - single year of evidence, form unique",pikess,PIKESS,6,noun,1854,1854,printed date range,derivative,0,,sciences/life sciences/animals/fish,"A female pike (pike, n.³).",0,,http://www.oed.com/dictionary/pikess_n
"1 - single year of evidence, form unique",pikish,PIKISH,6,adjective,1799,1799,printed date range,derivative,0,,,"Perhaps: armed, martial.",0,,http://www.oed.com/dictionary/pikish_adj
"1 - single year of evidence, form unique",poliad,POLIAD,6,noun,1818,1818,printed date range,borrowing,0,,religion and belief/mythology/classical mythology,A nymph who inhabits a city.,0,,http://www.oed.com/dictionary/poliad_n
"1 - single year of evidence, form unique",proset,PROSET,6,noun,1625,1625,printed date range,derivative,0,,,A little or insignificant piece of prose.,0,,http://www.oed.com/dictionary/proset_n
"1 - single year of evidence, form unique",punkin,PUNKIN,6,noun,1866,1866,printed date range,derivative,0,,,"= punlet, n.",0,,http://www.oed.com/dictionary/punkin_n
"1 - single year of evidence, form unique",punlet,PUNLET,6,noun,a1834,1834,printed date range,derivative,0,,,A little pun.,0,,http://www.oed.com/dictionary/punlet_n
"1 - single year of evidence, form unique",pur-dog,PURDOG,6,noun,a1637,1637,printed date range,compound,0,,sport and leisure/games/cards,(Perhaps) the dog often depicted alongside the…,0,,http://www.oed.com/dictionary/pur-dog_n
"1 - single year of evidence, form unique",sofane,SOFANE,6,adjective,1860,1860,printed date range,derivative,0,,,Of or relating to a sofa.,0,,http://www.oed.com/dictionary/sofane_adj
"1 - single year of evidence, form unique",suitly,SUITLY,6,adverb,1913,1913,printed date range,derivative,0,,,"Fittingly, appropriately; suitably.",0,,http://www.oed.com/dictionary/suitly_adv
"1 - single year of evidence, form unique",tan-tin,TANTIN,6,noun,1721,1721,printed date range,imitative,0,,arts/performing arts/music,Imitation of the sound of a bell: in quot. adverbial.,0,,http://www.oed.com/dictionary/tan-tin_n
"1 - single year of evidence, form unique",tapery,TAPERY,6,noun,1657,1657,printed date range,derivative,0,,crafts and trades/textiles,Tape and the like.,0,,http://www.oed.com/dictionary/tapery_n
"1 - single year of evidence, form unique",tawder,TAWDER,6,verb,1716,1716,printed date range,backformation,0,,,transitive. To deck out in tawdry garments.,0,,http://www.oed.com/dictionary/tawder_v
"1 - single year of evidence, form unique",twango,TWANGO,6,interjection,1617,1617,printed date range,compound,0,,,"= twang, n.¹ 1.",0,,http://www.oed.com/dictionary/twango_int
"1 - single year of evidence, form unique",unpass,UNPASS,6,verb,1606,1606,printed date range,derivative,0,,,"transitive. To rescind (a pledge). Cf. pass, v. X.46a.",0,,http://www.oed.com/dictionary/unpass_v
"1 - single year of evidence, form unique",urnary,URNARY,6,noun,1750,1750,printed date range,derivative,0,,,The designing or making of urns.,0,,http://www.oed.com/dictionary/urnary_n
"1 - single year of evidence, form unique",weener,WEENER,6,noun,1604,1604,printed date range,derivative,0,,,"One who weens; easy weener, a credulous person.",0,,http://www.oed.com/dictionary/weener_n
"1 - single year of evidence, form unique",wipard,WIPARD,6,noun,1653,1653,printed date range,derivative,0,,,An article for wiping.,0,,http://www.oed.com/dictionary/wipard_n
"1 - single year of evidence, form unique",wisify,WISIFY,6,verb,1694,1694,printed date range,derivative,0,,,transitive. To make wise.,0,,http://www.oed.com/dictionary/wisify_v
"1 - single year of evidence, form unique",wittee,WITTEE,6,noun,1654,1654,printed date range,derivative,0,,,A wife whose adultery was forced upon her by her…,0,,http://www.oed.com/dictionary/wittee_n
"1 - single year of evidence, form unique",aneabil,ANEABIL,7,adjective,1609,1609,printed date range,derivative,0,,,"Of a person: single, unmarried.",0,,http://www.oed.com/dictionary/aneabil_adj
"1 - single year of evidence, form unique",aqueity,AQUEITY,7,noun,1612,1612,printed date range,borrowing,0,,,The essential principle of water; watery quality.,0,,http://www.oed.com/dictionary/aqueity_n
"1 - single year of evidence, form unique",bawdefy,BAWDEFY,7,verb,1562,1562,printed date range,derivative,0,,,transitive. Perhaps: to mark or cover (something)…,0,,http://www.oed.com/dictionary/bawdefy_v
"1 - single year of evidence, form unique",beef-eat,BEEFEAT,7,verb,1671,1671,printed date range,backformation,0,,,"(Cf. beefeater, n.)",0,,http://www.oed.com/dictionary/beef-eat_v
"1 - single year of evidence, form unique",Bonzoid,BONZOID,7,adjective,1928,1928,printed date range,derivative,0,colloquial and slang,,Exhibiting characteristics of the comic strip…,0,,http://www.oed.com/dictionary/bonzoid_adj
"1 - single year of evidence, form unique",cheapth,CHEAPTH,7,noun,1606,1606,printed date range,derivative,0,,economics and commerce,Inexpensiveness or abundance of commodities…,0,,http://www.oed.com/dictionary/cheapth_n
"1 - single year of evidence, form unique",clerify,CLERIFY,7,verb,1861,1861,printed date range,derivative,0,,,transitive. To cause (a person) to take on the…,0,,http://www.oed.com/dictionary/clerify_v
"1 - single year of evidence, form unique",cloudly,CLOUDLY,7,adjective,1621,1621,printed date range,derivative,0,,,"Cloud-like, of the nature of a cloud.",0,,http://www.oed.com/dictionary/cloudly_adj
"1 - single year of evidence, form unique",compope,COMPOPE,7,noun,1659,1659,printed date range,derivative,0,,religion and belief/religion/Christianity/Roman Catholic Church,"A fellow-pope, a colleague in the papal office.",0,,http://www.oed.com/dictionary/compope_n
"1 - single year of evidence, form unique",cookics,COOKICS,7,noun,1845,1845,printed date range,derivative,0,,consumables/food and cooking,"Cookery, humorously regarded as a branch of science.",0,,http://www.oed.com/dictionary/cookics_n
"1 - single year of evidence, form unique",cowlish,COWLISH,7,adjective,1536,1536,printed date range,derivative,0,,,"Characteristic of monk; monkish. (Cf. cowl, n.¹ 1b.)",0,,http://www.oed.com/dictionary/cowlish_adj
"1 - single year of evidence, form unique",cowlist,COWLIST,7,noun,1637,1637,printed date range,derivative,0,,religion and belief/religion,One who wears a cowl; a monk.,0,,http://www.oed.com/dictionary/cowlist_n
"1 - single year of evidence, form unique",dashism,DASHISM,7,noun,1788,1788,printed date range,derivative,0,,,The characteristic of being daringly bold. Cf…,0,,http://www.oed.com/dictionary/dashism_n
"1 - single year of evidence, form unique",de-ample,DEAMPLE,7,verb,1657,1657,printed date range,derivative,0,,,"To deprive of amplitude, belittle.",0,,http://www.oed.com/dictionary/de-ample_v
"1 - single year of evidence, form unique",dearing,DEARING,7,noun,1601,1601,printed date range,derivative,0,,,Darling.,0,,http://www.oed.com/dictionary/dearing_n
"1 - single year of evidence, form unique",decrott,DECROTT,7,verb,1653,1653,printed date range,borrowing,0,,,"transitive. To clean from dirt, remove dirt from.",0,,http://www.oed.com/dictionary/decrott_v
"1 - single year of evidence, form unique",dentity,DENTITY,7,noun,1638,1638,printed date range,borrowing,0,,,The age of teething.,0,,http://www.oed.com/dictionary/dentity_n
"1 - single year of evidence, form unique",Dickeny,DICKENY,7,adjective,1886,1886,printed date range,proper name,0,,,Influenced by the writings of Charles Dickens.,0,,http://www.oed.com/dictionary/dickeny_adj
"1 - single year of evidence, form unique",disknow,DISKNOW,7,verb,1606,1606,printed date range,derivative,0,,,transitive. To fail to know or acknowledge.,0,,http://www.oed.com/dictionary/disknow_v
"1 - single year of evidence, form unique",dismagn,DISMAGN,7,verb,1657,1657,printed date range,borrowing,0,,,transitive. To deprive of greatness.,0,,http://www.oed.com/dictionary/dismagn_v
"1 - single year of evidence, form unique",disself,DISSELF,7,verb,1606,1606,printed date range,derivative,0,,,To put (a person) beside himself or herself; to…,0,,http://www.oed.com/dictionary/disself_v
"1 - single year of evidence, form unique",dissoul,DISSOUL,7,verb,1622,1622,printed date range,derivative,0,,,transitive. To deprive of a soul.,0,,http://www.oed.com/dictionary/dissoul_v
"1 - single year of evidence, form unique",disspur,DISSPUR,7,verb,1603,1603,printed date range,derivative,0,,,transitive. To deprive (of spurs).,0,,http://www.oed.com/dictionary/disspur_v
"1 - single year of evidence, form unique",distime,DISTIME,7,verb,1650,1650,printed date range,derivative,0,,,transitive. ? To put out of time; to mistime.,0,,http://www.oed.com/dictionary/distime_v
"1 - single year of evidence, form unique",distree,DISTREE,7,verb,a1638,1638,printed date range,derivative,0,,,transitive. To deprive or strip of trees.,0,,http://www.oed.com/dictionary/distree_v
"1 - single year of evidence, form unique",dog-cook,DOGCOOK,7,noun,1825,1825,printed date range,compound,0,,consumables/food and cooking,"A male cook (cf. dog, n.¹ I.2 and compounds C.2b).",0,,http://www.oed.com/dictionary/dog-cook_n
"1 - single year of evidence, form unique",embread,EMBREAD,7,verb,1548,1548,printed date range,derivative,0,,religion and belief/religion/Christianity/liturgical,"transitive. To convert into, or incorporate in, bread.",0,,http://www.oed.com/dictionary/embread_v
"1 - single year of evidence, form unique",eye-area,EYEAREA,7,noun,1895,1895,printed date range,compound,0,,arts/visual arts,A representation of the eye and its surrounding…,0,,http://www.oed.com/dictionary/eye-area_n
"1 - single year of evidence, form unique",eye-dawn,EYEDAWN,7,noun,1820,1820,printed date range,compound,0,poetic and literary,,The dawn or first appearance (of a feeling) in the eye.,0,,http://www.oed.com/dictionary/eye-dawn_n
"1 - single year of evidence, form unique",fairful,FAIRFUL,7,noun,1872,1872,printed date range,derivative,0,,technology/measurement,As many as would fill a fair.,0,,http://www.oed.com/dictionary/fairful_n
"1 - single year of evidence, form unique",fibling,FIBLING,7,adjective,1681,1681,printed date range,derivative,0,,,Given to telling little fibs.,0,,http://www.oed.com/dictionary/fibling_adj
"1 - single year of evidence, form unique",foe-Troy,FOETROY,7,adjective,?1615,1615,printed date range,compound,0,,,Hostile to Troy.,0,,http://www.oed.com/dictionary/foe-troy_adj
"1 - single year of evidence, form unique",gaspant,GASPANT,7,adjective,1831,1831,printed date range,derivative,0,humorous,"heraldry, sciences/medicine/pathology",A mock-heraldic term for: gasping.,0,,http://www.oed.com/dictionary/gaspant_adj
"1 - single year of evidence, form unique",goblery,GOBLERY,7,noun,1798,1798,printed date range,derivative,0,,religion and belief/mythology,Probably: goblins collectively.,0,,http://www.oed.com/dictionary/goblery_n
"1 - single year of evidence, form unique",goingly,GOINGLY,7,adverb,a1642,1642,printed date range,derivative,0,,,At a walking pace.,0,,http://www.oed.com/dictionary/goingly_adv
"1 - single year of evidence, form unique",graping,GRAPING,7,adjective,1610,1610,printed date range,derivative,0,,,Bearing grapes.,0,,http://www.oed.com/dictionary/graping_adj
"1 - single year of evidence, form unique",halsner,HALSNER,7,noun,1594,1594,printed date range,derivative,0,,,"An augury, an omen. Cf. halsen, v. 2.",0,,http://www.oed.com/dictionary/halsner_n
"1 - single year of evidence, form unique",hariole,HARIOLE,7,verb,1833,1833,printed date range,,0,,,"To divine, guess.",0,,http://www.oed.com/dictionary/hariole_v
"1 - single year of evidence, form unique",hersall,HERSALL,7,noun,1590,1590,printed date range,shortening,0,,,"In Spenser: = rehearsal, n.",0,,http://www.oed.com/dictionary/hersall_n
"1 - single year of evidence, form unique",hip hape,HIPHAPE,7,noun,a1640,1640,printed date range,compound,0,,crafts and trades/costume,"Clothing or an accessory used to cover, alter, or…",0,,http://www.oed.com/dictionary/hip-hape_n
"1 - single year of evidence, form unique",Hobbize,HOBBIZE,7,verb,1696,1696,printed date range,proper name,0,,philosophy,intransitive. To align one's ideas or theories…,0,,http://www.oed.com/dictionary/hobbize_v
"1 - single year of evidence, form unique",idolant,IDOLANT,7,noun,1605,1605,printed date range,derivative,0,,religion and belief/religion,A person who worships an idol or image as a god…,0,,http://www.oed.com/dictionary/idolant_n
"1 - single year of evidence, form unique",jossish,JOSSISH,7,adjective,1834,1834,printed date range,derivative,0,,,Resembling or characteristic of a joss.,0,,http://www.oed.com/dictionary/jossish_adj
"1 - single year of evidence, form unique",knavate,KNAVATE,7,noun,c1506,1506,printed date range,derivative,0,,,"A knave, a rogue.",0,,http://www.oed.com/dictionary/knavate_n
"1 - single year of evidence, form unique",knavess,KNAVESS,7,noun,1833,1833,printed date range,derivative,0,,,A knavish woman; an unscrupulous or dishonest…,0,,http://www.oed.com/dictionary/knavess_n
"1 - single year of evidence, form unique",kneeify,KNEEIFY,7,verb,c1630,1630,printed date range,derivative,0,,crafts and trades/costume/shoes,"To make a knee of: in quot. 1630, to attach (the…",0,,http://www.oed.com/dictionary/kneeify_v
"1 - single year of evidence, form unique",leaf-joy,LEAFJOY,7,noun,1638,1638,printed date range,compound,0,,,A joy which is extendable or flexible; cf. leaf…,0,,http://www.oed.com/dictionary/leaf-joy_n
"1 - single year of evidence, form unique",leggery,LEGGERY,7,noun,1830,1830,printed date range,derivative,0,,,A storehouse of legs. (In quot. with reference to…,0,,http://www.oed.com/dictionary/leggery_n
"1 - single year of evidence, form unique",Levelry,LEVELRY,7,noun,1661,1661,printed date range,derivative,0,,,The principles of the Levellers.,0,,http://www.oed.com/dictionary/levelry_n
"1 - single year of evidence, form unique",lie-bill,LIEBILL,7,noun,1620,1620,printed date range,compound,0,,,"A distortion of libel, n.",0,,http://www.oed.com/dictionary/lie-bill_n
"1 - single year of evidence, form unique",lonedom,LONEDOM,7,noun,1612,1612,printed date range,derivative,0,,,Solitariness.,0,,http://www.oed.com/dictionary/lonedom_n
"1 - single year of evidence, form unique",long box,LONGBOX,7,noun,a1643,1643,printed date range,compound,0,,,A box used to transport the wares of a hawker of books.,0,,http://www.oed.com/dictionary/long-box_n
"1 - single year of evidence, form unique",man-case,MANCASE,7,noun,1655,1655,printed date range,compound,0,,,A body.,0,,http://www.oed.com/dictionary/man-case_n
"1 - single year of evidence, form unique",mannity,MANNITY,7,noun,1621,1621,printed date range,derivative,0,,,Human beings collectively.,0,,http://www.oed.com/dictionary/mannity_n
"1 - single year of evidence, form unique",meropic,MEROPIC,7,adjective,1854,1854,printed date range,borrowing,0,,,Gifted with the power of speech.,0,,http://www.oed.com/dictionary/meropic_adj
"1 - single year of evidence, form unique",mitrous,MITROUS,7,adjective,1791,1791,printed date range,derivative,0,,,Relating to a mitre or bishopric.,0,,http://www.oed.com/dictionary/mitrous_adj
"1 - single year of evidence, form unique",mixtish,MIXTISH,7,adjective,1837,1837,printed date range,derivative,0,,,Of the nature of a mixture.,0,,http://www.oed.com/dictionary/mixtish_adj
"1 - single year of evidence, form unique",mobilar,MOBILAR,7,adjective,1766,1766,printed date range,derivative,0,,,Relating to the mob.,0,,http://www.oed.com/dictionary/mobilar_adj
"1 - single year of evidence, form unique",Moorery,MOORERY,7,noun,1808,1808,printed date range,derivative,0,,,A Moorish quarter of a city.,0,,http://www.oed.com/dictionary/moorery_n
"1 - single year of evidence, form unique",mossify,MOSSIFY,7,verb,1822,1822,printed date range,derivative,0,,,intransitive. To eulogize or idealize moss or…,0,,http://www.oed.com/dictionary/mossify_v
"1 - single year of evidence, form unique",nappist,NAPPIST,7,noun,1894,1894,printed date range,derivative,0,,sport and leisure/games/cards,A person who is fond of playing nap.,0,,http://www.oed.com/dictionary/nappist_n
"1 - single year of evidence, form unique",noncome,NONCOME,7,noun,1600,1600,printed date range,borrowing,0,,,A state of bewilderment or insanity.,0,,http://www.oed.com/dictionary/noncome_n
"1 - single year of evidence, form unique",obolary,OBOLARY,7,adjective,1820,1820,printed date range,derivative,0,,crafts and trades/coins and banknotes,Possessing or able to contribute only obols or…,0,,http://www.oed.com/dictionary/obolary_adj
"1 - single year of evidence, form unique",odouret,ODOURET,7,noun,1825,1825,printed date range,derivative,0,,,A faint smell.,0,,http://www.oed.com/dictionary/odouret_n
"1 - single year of evidence, form unique",oenogen,OENOGEN,7,noun,1817,1817,printed date range,,0,,,The vapour from a wine that carries its aroma.,0,,http://www.oed.com/dictionary/oenogen_n
"1 - single year of evidence, form unique",olivity,OLIVITY,7,noun,1656,1656,printed date range,borrowing,0,,,The time at which olives are harvested and…,0,,http://www.oed.com/dictionary/olivity_n
"1 - single year of evidence, form unique",onionet,ONIONET,7,noun,1820,1820,printed date range,derivative,0,,sciences/life sciences/plants,A small onion.,0,,http://www.oed.com/dictionary/onionet_n
"1 - single year of evidence, form unique",oozelet,OOZELET,7,noun,1865,1865,printed date range,derivative,0,,,A small channel in which water oozes through bog…,0,,http://www.oed.com/dictionary/oozelet_n
"1 - single year of evidence, form unique",operish,OPERISH,7,adjective,1742,1742,printed date range,derivative,0,,arts/performing arts/music,"Of, relating to, or characteristic of opera.",0,,http://www.oed.com/dictionary/operish_adj
"1 - single year of evidence, form unique",out-nose,OUTNOSE,7,verb,1624,1624,printed date range,derivative,0,,,(transitive) to put out the nose of.,0,,http://www.oed.com/dictionary/out-nose_v
"1 - single year of evidence, form unique",overlop,OVERLOP,7,verb,1893,1893,printed date range,derivative,0,,,transitive. To hang loosely over.,0,,http://www.oed.com/dictionary/overlop_v
"1 - single year of evidence, form unique",pennish,PENNISH,7,adjective,1646,1646,printed date range,derivative,0,,,Relating to a pen or to writing.,0,,http://www.oed.com/dictionary/pennish_adj
"1 - single year of evidence, form unique",pew-dish,PEWDISH,7,noun,1654,1654,printed date range,compound,0,disparaging,religion and belief/religion/Christianity,A dish passed or placed among the pews in a…,0,,http://www.oed.com/dictionary/pew-dish_n
"1 - single year of evidence, form unique",pikeish,PIKEISH,7,adjective,1890,1890,printed date range,derivative,0,,,"Of, relating to, or suggestive of a pike.",0,,http://www.oed.com/dictionary/pikeish_adj
"1 - single year of evidence, form unique",poetast,POETAST,7,noun,1892,1892,printed date range,shortening,0,,arts/literature,A poetaster.,0,,http://www.oed.com/dictionary/poetast_n
"1 - single year of evidence, form unique",polkaic,POLKAIC,7,adjective,1884,1884,printed date range,derivative,0,,arts/performing arts/music,That has the character of a polka.,0,,http://www.oed.com/dictionary/polkaic_adj
"1 - single year of evidence, form unique",polkery,POLKERY,7,noun,1845,1845,printed date range,derivative,0,,arts/performing arts/dance,A social gathering for the purpose of dancing the…,0,,http://www.oed.com/dictionary/polkery_n
"1 - single year of evidence, form unique",polking,POLKING,7,adjective,1856,1856,printed date range,derivative,0,,,Of a person: that dances the polka.,0,,http://www.oed.com/dictionary/polking_adj
"1 - single year of evidence, form unique",poll-mad,POLLMAD,7,adjective,1577,1577,printed date range,compound,0,,sciences/medicine,Mad-brained.,0,,http://www.oed.com/dictionary/poll-mad_adj
"1 - single year of evidence, form unique",ponency,PONENCY,7,noun,1865,1865,printed date range,borrowing,0,,religion and belief/religion/Christianity,The action of positing or stating the existence…,0,,http://www.oed.com/dictionary/ponency_n
"1 - single year of evidence, form unique",poppean,POPPEAN,7,adjective,1791,1791,printed date range,derivative,0,,drug use,Of or resembling opium or its effects; soporific.,0,,http://www.oed.com/dictionary/poppean_adj
"1 - single year of evidence, form unique",poppish,POPPISH,7,adjective,1881,1881,printed date range,derivative,0,,,Of the nature of a carbonated drink; fizzy.,0,,http://www.oed.com/dictionary/poppish_adj
"1 - single year of evidence, form unique",porelet,PORELET,7,noun,a1382,1382,printed date range,derivative,0,,,A pauper.,0,,http://www.oed.com/dictionary/porelet_n
"1 - single year of evidence, form unique",portify,PORTIFY,7,verb,1861,1861,printed date range,derivative,0,,,transitive. To convert (claret) into port; in…,0,,http://www.oed.com/dictionary/portify_v
"1 - single year of evidence, form unique",postify,POSTIFY,7,verb,1624,1624,printed date range,derivative,0,,,transitive. To fix or nail to a post.,0,,http://www.oed.com/dictionary/postify_v
"1 - single year of evidence, form unique",pot-fury,POTFURY,7,noun,1597,1597,printed date range,compound,0,,,Fury or excitement brought on by inebriation.,0,,http://www.oed.com/dictionary/pot-fury_n
"1 - single year of evidence, form unique",potling,POTLING,7,noun,1616,1616,printed date range,derivative,0,,,"A drunkard. Cf. poetling, n.",0,,http://www.oed.com/dictionary/potling_n
"1 - single year of evidence, form unique",procumb,PROCUMB,7,verb,1791,1791,printed date range,borrowing,0,,,intransitive. To prostrate oneself.,0,,http://www.oed.com/dictionary/procumb_v
"1 - single year of evidence, form unique",proturb,PROTURB,7,verb,1845,1845,printed date range,borrowing,0,humorous,,transitive. To drive or chase out.,0,,http://www.oed.com/dictionary/proturb_v
"1 - single year of evidence, form unique",puffkin,PUFFKIN,7,noun,1639,1639,printed date range,derivative,0,,,A flighty or capricious person.,0,,http://www.oed.com/dictionary/puffkin_n
"1 - single year of evidence, form unique",punnage,PUNNAGE,7,noun,a1849,1849,printed date range,derivative,0,,,Puns collectively.,0,,http://www.oed.com/dictionary/punnage_n
"1 - single year of evidence, form unique",punyish,PUNYISH,7,adjective,1832,1832,printed date range,derivative,0,,,Somewhat puny.,0,,http://www.oed.com/dictionary/punyish_adj
"1 - single year of evidence, form unique",pur-chop,PURCHOP,7,noun,a1637,1637,printed date range,compound,0,,sport and leisure/games/cards,(Perhaps) the truncheon often depicted in the…,0,,http://www.oed.com/dictionary/pur-chop_n
"1 - single year of evidence, form unique",pushery,PUSHERY,7,noun,1788,1788,printed date range,derivative,0,,,"Pushiness. Cf. push, v. II.10.",0,,http://www.oed.com/dictionary/pushery_n
"1 - single year of evidence, form unique",pyrergy,PYRERGY,7,noun,1651,1651,printed date range,borrowing,0,,sciences/physical sciences/physics,The action of working in or with fire; heat energy.,0,,http://www.oed.com/dictionary/pyrergy_n
"1 - single year of evidence, form unique",reinage,REINAGE,7,noun,1863,1863,printed date range,derivative,0,,sport and leisure/horses and riding,Reins collectively.,0,,http://www.oed.com/dictionary/reinage_n
"1 - single year of evidence, form unique",rosabel,ROSABEL,7,noun,1523,1523,printed date range,borrowing,0,,,A beautiful rose.,0,,http://www.oed.com/dictionary/rosabel_n
"1 - single year of evidence, form unique",runlong,RUNLONG,7,noun,1674,1674,printed date range,compound,0,,,The course or passage of something.,0,,http://www.oed.com/dictionary/runlong_n
"1 - single year of evidence, form unique",sexious,SEXIOUS,7,adjective,a1593,1593,printed date range,derivative,0,,,"Perhaps: sectarian (cf. sex, n.²).",0,,http://www.oed.com/dictionary/sexious_adj
"1 - single year of evidence, form unique",sing-man,SINGMAN,7,noun,1691,1691,printed date range,compound,0,,religion and belief/religion,A singing man.,0,,http://www.oed.com/dictionary/sing-man_n
"1 - single year of evidence, form unique",stagean,STAGEAN,7,adjective,1602,1602,printed date range,derivative,0,,arts/performing arts/theatre,Characteristic or reminiscent of plays or…,0,,http://www.oed.com/dictionary/stagean_adj
"1 - single year of evidence, form unique",stupple,STUPPLE,7,noun,1611,1611,printed date range,variant,0,,,Probably: a stepping stone or a row of these.,0,,http://www.oed.com/dictionary/stupple_n
"1 - single year of evidence, form unique",subchet,SUBCHET,7,noun,?a1513,1513,printed date range,variant,0,,,"Probably: = sub-charge, n. 1.",0,,http://www.oed.com/dictionary/subchet_n
"1 - single year of evidence, form unique",surling,SURLING,7,noun,1605,1605,printed date range,derivative,0,,,A surly fellow.,0,,http://www.oed.com/dictionary/surling_n
"1 - single year of evidence, form unique",survise,SURVISE,7,verb,1600,1600,printed date range,variant,0,,,"transitive. To look upon, behold.",0,,http://www.oed.com/dictionary/survise_v
"1 - single year of evidence, form unique",tapskin,TAPSKIN,7,noun,1605,1605,printed date range,compound,0,,arts/performing arts/music,A drumstick.,0,,http://www.oed.com/dictionary/tapskin_n
"1 - single year of evidence, form unique",taurize,TAURIZE,7,verb,1727,1727,printed date range,borrowing,0,,religion and belief/mythology/classical mythology,"intransitive. To play the bull, to take the form…",0,,http://www.oed.com/dictionary/taurize_v
"1 - single year of evidence, form unique",tawdrum,TAWDRUM,7,noun,1680,1680,printed date range,borrowing,0,,,A tawdry decoration.,0,,http://www.oed.com/dictionary/tawdrum_n
"1 - single year of evidence, form unique",testern,TESTERN,7,verb,a1616,1616,printed date range,derivative,0,,economics and commerce,transitive. To present with a tester; to ‘tip’.,0,,http://www.oed.com/dictionary/testern_v
"1 - single year of evidence, form unique",towneen,TOWNEEN,7,noun,1893,1893,printed date range,derivative,0,,,A small town.,0,,http://www.oed.com/dictionary/towneen_n
"1 - single year of evidence, form unique",toy-pate,TOYPATE,7,noun,1702,1702,printed date range,compound,0,,,A person with a head full of odd fancies or…,0,,http://www.oed.com/dictionary/toy-pate_n
"1 - single year of evidence, form unique",tphrowh,TPHROWH,7,interjection,1575,1575,printed date range,imitative,0,,,An exclamation to arrest or call attention: cf…,0,,http://www.oed.com/dictionary/tphrowh_int
"1 - single year of evidence, form unique",unclify,UNCLIFY,7,verb,1799,1799,printed date range,derivative,0,,,transitive. To make an uncle of.,0,,http://www.oed.com/dictionary/unclify_v
"1 - single year of evidence, form unique",wit-rack,WITRACK,7,noun,1642,1642,printed date range,compound,0,,,A faculty of eliciting speech by wit (as a rack…,0,,http://www.oed.com/dictionary/wit-rack_n
"1 - single year of evidence, form unique",woodist,WOODIST,7,noun,1613,1613,printed date range,derivative,0,,,An imaginary uncivilized human-like creature…,0,,http://www.oed.com/dictionary/woodist_n
"1 - single year of evidence, form unique",zonulet,ZONULET,7,noun,1648,1648,printed date range,borrowing,0,,,A little zone or girdle.,0,,http://www.oed.com/dictionary/zonulet_n
"1 - single year of evidence, form unique",adventry,ADVENTRY,8,noun,1616,1616,printed date range,derivative,0,,,An adventure; an enterprise or undertaking.,0,,http://www.oed.com/dictionary/adventry_n
"1 - single year of evidence, form unique",aliicide,ALIICIDE,8,noun,1868,1868,printed date range,borrowing,0,,,Murder.,0,,http://www.oed.com/dictionary/aliicide_n
"1 - single year of evidence, form unique",bearbrat,BEARBRAT,8,noun,1582,1582,printed date range,compound,0,derogatory,,A term of abuse for a person.,0,,http://www.oed.com/dictionary/bearbrat_n
"1 - single year of evidence, form unique",betawder,BETAWDER,8,verb,1682,1682,printed date range,derivative,0,,,transitive. To adorn or dress (someone) in gaudy…,0,,http://www.oed.com/dictionary/betawder_v
"1 - single year of evidence, form unique",blindled,BLINDLED,8,adjective,1605,1605,printed date range,derivative,0,,,Veiled; darkened.,0,,http://www.oed.com/dictionary/blindled_adj
"1 - single year of evidence, form unique",break gap,BREAKGAP,8,noun,1662,1662,printed date range,compound,0,,,That which opens a gap or passage; (in quot. in…,0,,http://www.oed.com/dictionary/break-gap_n
"1 - single year of evidence, form unique",bush-bill,BUSHBILL,8,noun,1626,1626,printed date range,compound,0,,agriculture and horticulture/forestry,Probably: a tool for cutting back vegetation; a…,0,,http://www.oed.com/dictionary/bush-bill_n
"1 - single year of evidence, form unique",bush-knot,BUSHKNOT,8,noun,1880,1880,printed date range,compound,0,,,"A crude or makeshift knot. See bush, n.¹ B.2.",0,,http://www.oed.com/dictionary/bush-knot_n
"1 - single year of evidence, form unique",cawation,CAWATION,8,noun,a1635,1635,printed date range,derivative,0,,,"The cawing of a crow, rook, raven, or other bird…",0,,http://www.oed.com/dictionary/cawation_n
"1 - single year of evidence, form unique",chantlet,CHANTLET,8,noun,a1874,1874,printed date range,derivative,0,,arts/performing arts/music,A little song or melody.,0,,http://www.oed.com/dictionary/chantlet_n
"1 - single year of evidence, form unique",check-set,CHECKSET,8,noun,1861,1861,printed date range,compound,0,,agriculture and horticulture/agriculture,"A corn-planting machine, or a device attached to…",0,,http://www.oed.com/dictionary/check-set_n
"1 - single year of evidence, form unique",civicize,CIVICIZE,8,verb,1888,1888,printed date range,derivative,0,,,transitive. To make civic or urban.,0,,http://www.oed.com/dictionary/civicize_v
"1 - single year of evidence, form unique",club drub,CLUBDRUB,8,verb,1875,1875,printed date range,compound,0,,,transitive to beat (a person) with a club.,0,,http://www.oed.com/dictionary/club-drub_v
"1 - single year of evidence, form unique",comb-feat,COMBFEAT,8,noun,1653,1653,printed date range,compound,0,,,"‘A dressing or thrashing’ (Davies): cf. comb, v. 3.",0,,http://www.oed.com/dictionary/comb-feat_n
"1 - single year of evidence, form unique",contruth,CONTRUTH,8,verb,1650,1650,printed date range,derivative,0,,,"intransitive. To be true together, agree in truth.",0,,http://www.oed.com/dictionary/contruth_v
"1 - single year of evidence, form unique",copester,COPESTER,8,noun,1637,1637,printed date range,derivative,0,,crafts and trades/costume,"A wearer of a cope, i.e. a monk.",0,,http://www.oed.com/dictionary/copester_n
"1 - single year of evidence, form unique",coughery,COUGHERY,8,noun,1693,1693,printed date range,derivative,0,,,Coughing-place.,0,,http://www.oed.com/dictionary/coughery_n
"1 - single year of evidence, form unique",cross-dog,CROSSDOG,8,noun,1861,1861,printed date range,compound,0,,,A type of building implement used for supporting…,0,,http://www.oed.com/dictionary/cross-dog_n
"1 - single year of evidence, form unique",cullyism,CULLYISM,8,noun,1712,1712,printed date range,derivative,0,,,The condition of a cully.,0,,http://www.oed.com/dictionary/cullyism_n
"1 - single year of evidence, form unique",dacoitee,DACOITEE,8,noun,1887,1887,printed date range,derivative,0,,,A person robbed by a dacoit or dacoits.,0,,http://www.oed.com/dictionary/dacoitee_n
"1 - single year of evidence, form unique",dactylet,DACTYLET,8,noun,1597,1597,printed date range,derivative,0,,arts/literature/prosody,A little dactyl.,0,,http://www.oed.com/dictionary/dactylet_n
"1 - single year of evidence, form unique",darkship,DARKSHIP,8,noun,1707,1707,printed date range,derivative,0,,,With possessive adjective: a mock title of…,0,,http://www.oed.com/dictionary/darkship_n
"1 - single year of evidence, form unique",day-liver,DAYLIVER,8,noun,1623,1623,printed date range,compound,0,,,A person who experiences life day by day.,0,,http://www.oed.com/dictionary/day-liver_n
"1 - single year of evidence, form unique",debt-bind,DEBTBIND,8,verb,1563,1563,printed date range,compound,0,,,"transitive. To bind by obligation, render indebted.",0,,http://www.oed.com/dictionary/debt-bind_v
"1 - single year of evidence, form unique",dementir,DEMENTIR,8,verb,1707,1707,printed date range,borrowing,0,,,"transitive. To fail to justify, belie.",0,,http://www.oed.com/dictionary/dementir_v
"1 - single year of evidence, form unique",depastor,DEPASTOR,8,noun,1583,1583,printed date range,borrowing,0,,,"One who feeds upon, eats away, or consumes.",0,,http://www.oed.com/dictionary/depastor_n
"1 - single year of evidence, form unique",derident,DERIDENT,8,adjective,1609,1609,printed date range,borrowing,0,,,"? Deriding, or smiling.",0,,http://www.oed.com/dictionary/derident_adj
"1 - single year of evidence, form unique",devilade,DEVILADE,8,noun,1775,1775,printed date range,derivative,0,,,A social gathering or entertainment regarded as…,0,,http://www.oed.com/dictionary/devilade_n
"1 - single year of evidence, form unique",diaprize,DIAPRIZE,8,verb,1626,1626,printed date range,borrowing,0,,arts/decorative arts,"= diaper, v.",0,,http://www.oed.com/dictionary/diaprize_v
"1 - single year of evidence, form unique",dishedge,DISHEDGE,8,verb,c1595,1595,printed date range,derivative,0,,,transitive. To deprive of its hedge.,0,,http://www.oed.com/dictionary/dishedge_v
"1 - single year of evidence, form unique",dog-thick,DOGTHICK,8,adjective,a1810,1810,printed date range,compound,0,,,"As ‘thick’ as dogs, intimate (cf. dog, n.¹…",0,,http://www.oed.com/dictionary/dog-thick_adj
"1 - single year of evidence, form unique",dum-cowed,DUMCOWED,8,adjective,1825,1825,printed date range,derivative,0,,,Intimidated or threatened; browbeaten.,0,,http://www.oed.com/dictionary/dum-cowed_adj
"1 - single year of evidence, form unique",dustling,DUSTLING,8,noun,1674,1674,printed date range,derivative,0,,,"A small grain or particle; cf. dust, n.¹ 2a.",0,,http://www.oed.com/dictionary/dustling_n
"1 - single year of evidence, form unique",ear-ridge,EARRIDGE,8,noun,1853,1853,printed date range,compound,0,,crafts and trades/costume/hats,A headband worn as a protection against cold.,0,,http://www.oed.com/dictionary/ear-ridge_n
"1 - single year of evidence, form unique",easeress,EASERESS,8,noun,1631,1631,printed date range,derivative,0,,,A woman who provides relief from pain or distress.,0,,http://www.oed.com/dictionary/easeress_n
"1 - single year of evidence, form unique",ellipsed,ELLIPSED,8,adjective,1607,1607,printed date range,derivative,0,,,Characterized by ellipsis.,0,,http://www.oed.com/dictionary/ellipsed_adj
"1 - single year of evidence, form unique",emperson,EMPERSON,8,verb,1548,1548,printed date range,derivative,0,,,"transitive. To unite in one person. Cf. person, v. 1.",0,,http://www.oed.com/dictionary/emperson_v
"1 - single year of evidence, form unique",engotish,ENGOTISH,8,verb,1664,1664,printed date range,derivative,0,,,transitive. To class or designate as ‘Gothic’.,0,,http://www.oed.com/dictionary/engotish_v
"1 - single year of evidence, form unique",ephorism,EPHORISM,8,noun,1633,1633,printed date range,derivative,0,,law,A tribunal resembling that of the ephors.,0,,http://www.oed.com/dictionary/ephorism_n
"1 - single year of evidence, form unique",excommon,EXCOMMON,8,verb,1671,1671,printed date range,derivative,0,,,"= discommon, v. (see quot. 1671).",0,,http://www.oed.com/dictionary/excommon_v
"1 - single year of evidence, form unique",faticane,FATICANE,8,noun,1652,1652,printed date range,borrowing,0,,,A person who or thing which foretells; a prophet.,0,,http://www.oed.com/dictionary/faticane_n
"1 - single year of evidence, form unique",finifest,FINIFEST,8,adverb,1551,1551,printed date range,borrowing,0,,,(See quot. 1551.),0,,http://www.oed.com/dictionary/finifest_adv
"1 - single year of evidence, form unique",foreness,FORENESS,8,noun,1587,1587,printed date range,derivative,0,,,Priority.,0,,http://www.oed.com/dictionary/foreness_n
"1 - single year of evidence, form unique",frescour,FRESCOUR,8,noun,1638,1638,printed date range,borrowing,0,,,Coolness.,0,,http://www.oed.com/dictionary/frescour_n
"1 - single year of evidence, form unique",frontate,FRONTATE,8,adjective,1855,1855,printed date range,borrowing,0,,sciences/life sciences/plants,Of a leaf: having a broad (rather than pointed)…,0,,http://www.oed.com/dictionary/frontate_adj
"1 - single year of evidence, form unique",go-up-able,GOUPABLE,8,adjective,1850,1850,printed date range,derivative,0,,,Of a river: capable of being followed towards the…,0,,http://www.oed.com/dictionary/go-up-able_adj
"1 - single year of evidence, form unique",gum-stake,GUMSTAKE,8,noun,1671,1671,printed date range,compound,0,,sciences/medicine/anatomy,A tooth.,0,,http://www.oed.com/dictionary/gum-stake_n
"1 - single year of evidence, form unique",gunnered,GUNNERED,8,adjective,1628,1628,printed date range,derivative,0,,military/weaponry/gunnery and firearms,Trained in gunnery.,0,,http://www.oed.com/dictionary/gunnered_adj
"1 - single year of evidence, form unique",gypsiety,GYPSIETY,8,noun,a1774,1774,printed date range,derivative,0,,,The quality or condition of being a Gypsy.,0,,http://www.oed.com/dictionary/gypsiety_n
"1 - single year of evidence, form unique",hempenly,HEMPENLY,8,adjective,1609,1609,printed date range,derivative,0,,,Relating to or connected with hemp.,0,,http://www.oed.com/dictionary/hempenly_adj
"1 - single year of evidence, form unique",huff-puff,HUFFPUFF,8,adjective,1582,1582,printed date range,compound,0,,,Moved with every puff of wind.,0,,http://www.oed.com/dictionary/huff-puff_adj
"1 - single year of evidence, form unique",hurtfoot,HURTFOOT,8,noun,1567,1567,printed date range,compound,0,,,That which hurts the foot.,0,,http://www.oed.com/dictionary/hurtfoot_n
"1 - single year of evidence, form unique",hypostle,HYPOSTLE,8,noun,a1626,1626,printed date range,borrowing,0,,religion and belief/religion,One who draws back; an apostate.,0,,http://www.oed.com/dictionary/hypostle_n
"1 - single year of evidence, form unique",immodish,IMMODISH,8,adjective,a1657,1657,printed date range,derivative,0,,,Not according to the mode; unfashionable.,0,,http://www.oed.com/dictionary/immodish_adj
"1 - single year of evidence, form unique",immotion,IMMOTION,8,noun,1706,1706,printed date range,derivative,0,,,? Impulse. (Apparently fantastically used.),0,,http://www.oed.com/dictionary/immotion_n
"1 - single year of evidence, form unique",inloving,INLOVING,8,noun,1633,1633,printed date range,derivative,0,,,"Loving, holding in affection.",0,,http://www.oed.com/dictionary/inloving_n
"1 - single year of evidence, form unique",inserene,INSERENE,8,verb,1609,1609,printed date range,derivative,0,,sciences/physical sciences/earth sciences/geography/weather,transitive. To render cloudy or not serene; to cloud.,0,,http://www.oed.com/dictionary/inserene_v
"1 - single year of evidence, form unique",intailed,INTAILED,8,adjective,1659,1659,printed date range,derivative,0,,,Joined by the tails (with allusion to Judges xv. 4).,0,,http://www.oed.com/dictionary/intailed_adj
"1 - single year of evidence, form unique",Jack mate,JACKMATE,8,noun,1577,1577,printed date range,compound,0,,,A person or party able to contend with another on…,0,,http://www.oed.com/dictionary/jack-mate_n
"1 - single year of evidence, form unique",jiltship,JILTSHIP,8,noun,1690,1690,printed date range,derivative,0,,,A mock title for a jilt.,0,,http://www.oed.com/dictionary/jiltship_n
"1 - single year of evidence, form unique",keep-door,KEEPDOOR,8,noun,1682,1682,printed date range,compound,0,,,"A porter, door-ward.",0,,http://www.oed.com/dictionary/keep-door_n
"1 - single year of evidence, form unique",lackeyan,LACKEYAN,8,adjective,1620,1620,printed date range,derivative,0,,,Of or pertaining to a lackey.,0,,http://www.oed.com/dictionary/lackeyan_adj
"1 - single year of evidence, form unique",leap-skip,LEAPSKIP,8,adjective,a1649,1649,printed date range,compound,0,,sport and leisure/games/board games/chess,Applied to the knight's move in chess.,0,,http://www.oed.com/dictionary/leap-skip_adj
"1 - single year of evidence, form unique",light-bed,LIGHTBED,8,verb,1612,1612,printed date range,compound,0,,transport/nautical,intransitive. Of a vessel: to run aground lightly.,0,,http://www.oed.com/dictionary/light-bed_v
"1 - single year of evidence, form unique",lurch-man,LURCHMAN,8,noun,1603,1603,printed date range,compound,0,,,A pilferer.,0,,http://www.oed.com/dictionary/lurch-man_n
"1 - single year of evidence, form unique",malleter,MALLETER,8,noun,1823,1823,printed date range,derivative,0,,,"A person who beats, as with a mallet.",0,,http://www.oed.com/dictionary/malleter_n
"1 - single year of evidence, form unique",manucapt,MANUCAPT,8,verb,1898,1898,printed date range,backformation,0,,law,transitive. To provide sureties for the…,0,,http://www.oed.com/dictionary/manucapt_v
"1 - single year of evidence, form unique",Maratize,MARATIZE,8,verb,1794,1794,printed date range,proper name,0,,,transitive. To assassinate as Marat was assassinated.,0,,http://www.oed.com/dictionary/maratize_v
"1 - single year of evidence, form unique",masquins,MASQUINS,8,noun,1694,1694,printed date range,variant,0,,,A masquerade.,0,,http://www.oed.com/dictionary/masquins_n
"1 - single year of evidence, form unique",Messiess,MESSIESS,8,noun,1685,1685,printed date range,borrowing,0,,,A female Messiah.,0,,http://www.oed.com/dictionary/messiess_n
"1 - single year of evidence, form unique",metredom,METREDOM,8,noun,1592,1592,printed date range,derivative,0,,arts/literature,Versifying; the writing of poetry.,0,,http://www.oed.com/dictionary/metredom_n
"1 - single year of evidence, form unique",midwifer,MIDWIFER,8,noun,1825,1825,printed date range,derivative,0,,sciences/medicine,"A male midwife; = man-midwife, n.",0,,http://www.oed.com/dictionary/midwifer_n
"1 - single year of evidence, form unique",mindsman,MINDSMAN,8,noun,1837,1837,printed date range,compound,0,,,"A man of mind (see mind, n.¹ IV.21b).",0,,http://www.oed.com/dictionary/mindsman_n
"1 - single year of evidence, form unique",misnamer,MISNAMER,8,noun,1589,1589,printed date range,derivative,0,,,"Puttenham's word for: metonymy. Cf. surnamer, n.",0,,http://www.oed.com/dictionary/misnamer_n
"1 - single year of evidence, form unique",mob feast,MOBFEAST,8,noun,1830,1830,printed date range,compound,0,,,A banquet open to all.,0,,http://www.oed.com/dictionary/mob-feast_n
"1 - single year of evidence, form unique",Momusite,MOMUSITE,8,noun,1655,1655,printed date range,proper name,0,,,A supposed follower of Momus; a person who…,0,,http://www.oed.com/dictionary/momusite_n
"1 - single year of evidence, form unique",monetism,MONETISM,8,noun,1707,1707,printed date range,borrowing,0,,,"The worship of money. Cf. monetist, n.",0,,http://www.oed.com/dictionary/monetism_n
"1 - single year of evidence, form unique",monetist,MONETIST,8,noun,1707,1707,printed date range,borrowing,0,,,"A person who worships money. Cf. monetism, n.",0,,http://www.oed.com/dictionary/monetist_n
"1 - single year of evidence, form unique",monopous,MONOPOUS,8,adjective,1798,1798,printed date range,borrowing,0,,,That has only one eye; one-eyed.,0,,http://www.oed.com/dictionary/monopous_adj
"1 - single year of evidence, form unique",mortifer,MORTIFER,8,noun,1667,1667,printed date range,borrowing,0,,,A bringer of death.,0,,http://www.oed.com/dictionary/mortifer_n
"1 - single year of evidence, form unique",mud-quake,MUDQUAKE,8,noun,1760,1760,printed date range,compound,0,,,An earthquake occurring in muddy or marshy terrain.,0,,http://www.oed.com/dictionary/mud-quake_n
"1 - single year of evidence, form unique",naometry,NAOMETRY,8,noun,1631,1631,printed date range,borrowing,0,,religion and belief/religion,Prophecy founded on the numerological analysis of…,0,,http://www.oed.com/dictionary/naometry_n
"1 - single year of evidence, form unique",neal-fire,NEALFIRE,8,noun,1813,1813,printed date range,compound,0,,,Annealing fire (figurative in quot. 1813).,0,,http://www.oed.com/dictionary/neal-fire_n
"1 - single year of evidence, form unique",nettlefy,NETTLEFY,8,verb,1602,1602,printed date range,derivative,0,,sciences/medicine,"transitive. To wreathe with nettles; = nettle, v…",0,,http://www.oed.com/dictionary/nettlefy_v
"1 - single year of evidence, form unique",nigrific,NIGRIFIC,8,adjective,1804,1804,printed date range,borrowing,0,,,Black.,0,,http://www.oed.com/dictionary/nigrific_adj
"1 - single year of evidence, form unique",nitigram,NITIGRAM,8,noun,1614,1614,printed date range,compound,0,,,An inept or mediocre epigram.,0,,http://www.oed.com/dictionary/nitigram_n
"1 - single year of evidence, form unique",nonsicut,NONSICUT,8,noun,1621,1621,printed date range,borrowing,0,,,"A person regarded as perfect or excellent, a…",0,,http://www.oed.com/dictionary/nonsicut_n
"1 - single year of evidence, form unique",noometry,NOOMETRY,8,noun,1817,1817,printed date range,borrowing,0,,,The measurement of the mind.,0,,http://www.oed.com/dictionary/noometry_n
"1 - single year of evidence, form unique",ocean-inn,OCEANINN,8,noun,1851,1851,printed date range,compound,0,,,"A stopping-place in the ocean, likened to an inn.",0,,http://www.oed.com/dictionary/ocean-inn_n
"1 - single year of evidence, form unique",ointling,OINTLING,8,noun,a1603,1603,printed date range,derivative,0,disparaging,religion and belief/religion,An anointed priest.,0,,http://www.oed.com/dictionary/ointling_n
"1 - single year of evidence, form unique",outfolio,OUTFOLIO,8,verb,1847,1847,printed date range,derivative,0,,,(transitive) to drive out with folios.,0,,http://www.oed.com/dictionary/outfolio_v
"1 - single year of evidence, form unique",out-loose,OUTLOOSE,8,noun,1689,1689,printed date range,derivative,0,,,"A means of escape (from an obligation, duty, etc.).",0,,http://www.oed.com/dictionary/out-loose_n
"1 - single year of evidence, form unique",out-uncle,OUTUNCLE,8,verb,1747,1747,printed date range,derivative,0,,,(transitive) to do out of an uncle.,0,,http://www.oed.com/dictionary/out-uncle_v
"1 - single year of evidence, form unique",ox-feller,OXFELLER,8,noun,1856,1856,printed date range,compound,0,humorous,consumables/food and cooking,A butcher.,0,,http://www.oed.com/dictionary/ox-feller_n
"1 - single year of evidence, form unique",pagemeal,PAGEMEAL,8,adverb,1827,1827,printed date range,derivative,0,,,Page by page.,0,,http://www.oed.com/dictionary/pagemeal_adv
"1 - single year of evidence, form unique",pam-child,PAMCHILD,8,noun,1760,1760,printed date range,compound,0,,sport and leisure/games/cards,A male child.,0,,http://www.oed.com/dictionary/pam-child_n
"1 - single year of evidence, form unique",parabore,PARABORE,8,noun,1844,1844,printed date range,derivative,0,humorous,,A defence from bores.,0,,http://www.oed.com/dictionary/parabore_n
"1 - single year of evidence, form unique",paraster,PARASTER,8,noun,1653,1653,printed date range,borrowing,0,,sciences/physical sciences/astronomy,"A (supposed) image of a star, analogous to a…",0,,http://www.oed.com/dictionary/paraster_n
"1 - single year of evidence, form unique",partykin,PARTYKIN,8,noun,1855,1855,printed date range,derivative,0,,,A small social party.,0,,http://www.oed.com/dictionary/partykin_n
"1 - single year of evidence, form unique",paste-god,PASTEGOD,8,noun,1626,1626,printed date range,compound,0,,,An idol made of paste.,0,,http://www.oed.com/dictionary/paste-god_n
"1 - single year of evidence, form unique",pedalism,PEDALISM,8,noun,1863,1863,printed date range,derivative,0,,,"Pedal agency, action of the feet.",0,,http://www.oed.com/dictionary/pedalism_n
"1 - single year of evidence, form unique",pencilry,PENCILRY,8,noun,1620,1620,printed date range,derivative,0,,"arts/visual arts/painting and drawing/drawing, crafts and trades/costume/cosmetics",The use of a pencil; drawing or painting with a pencil.,0,,http://www.oed.com/dictionary/pencilry_n
"1 - single year of evidence, form unique",peplosed,PEPLOSED,8,adjective,1875,1875,printed date range,derivative,0,,crafts and trades/costume,Wearing a peplos.,0,,http://www.oed.com/dictionary/peplosed_adj
"1 - single year of evidence, form unique",Peterkin,PETERKIN,8,noun,1892,1892,printed date range,proper name,0,,religion and belief/religion,An unworthy or insignificant claimant to the…,0,,http://www.oed.com/dictionary/peterkin_n
"1 - single year of evidence, form unique",petty-fog,PETTYFOG,8,noun,1641,1641,printed date range,compound,0,,sciences/physical sciences/earth sciences/geography/weather,A small mist.,0,,http://www.oed.com/dictionary/petty-fog_n
"1 - single year of evidence, form unique",pezantic,PEZANTIC,8,adjective,1613,1613,printed date range,derivative,0,,,"Like a peasant; rustic, uncouth.",0,,http://www.oed.com/dictionary/pezantic_adj
"1 - single year of evidence, form unique",pigfully,PIGFULLY,8,adverb,1891,1891,printed date range,derivative,0,,,In a manner befitting a pig.,0,,http://www.oed.com/dictionary/pigfully_adv
"1 - single year of evidence, form unique",pindfool,PINDFOOL,8,noun,1550,1550,printed date range,variant,0,humorous,religion and belief/religion,A place where fools are enclosed; (contextually)…,0,,http://www.oed.com/dictionary/pindfool_n
"1 - single year of evidence, form unique",pin-faith,PINFAITH,8,adjective,1800,1800,printed date range,compound,0,,,Implicitly believing or credulous; liable to pin…,0,,http://www.oed.com/dictionary/pin-faith_adj
"1 - single year of evidence, form unique",podicate,PODICATE,8,verb,1853,1853,printed date range,borrowing,0,humorous,,intransitive. To slide or move along on one's buttocks.,0,,http://www.oed.com/dictionary/podicate_v
"1 - single year of evidence, form unique",polyepic,POLYEPIC,8,adjective,a1832,1832,printed date range,,0,,,Consisting of more than one word.,0,,http://www.oed.com/dictionary/polyepic_adj
"1 - single year of evidence, form unique",popeness,POPENESS,8,noun,a1684,1684,printed date range,derivative,0,,religion and belief/religion,Possession or assumption of popelike attributes.,0,,http://www.oed.com/dictionary/popeness_n
"1 - single year of evidence, form unique",popinian,POPINIAN,8,noun,1613,1613,printed date range,compound,0,,religion and belief/religion/Christianity/Roman Catholic Church,A Roman Catholic.,0,,http://www.oed.com/dictionary/popinian_n
"1 - single year of evidence, form unique",porology,POROLOGY,8,noun,1684,1684,printed date range,compound,0,,sciences/medicine/anatomy,A scientific treatise on pores or porous bodies.,0,,http://www.oed.com/dictionary/porology_n
"1 - single year of evidence, form unique",posement,POSEMENT,8,noun,1850,1850,printed date range,derivative,0,,,Perplexity.,0,,http://www.oed.com/dictionary/posement_n
"1 - single year of evidence, form unique",postvide,POSTVIDE,8,verb,a1661,1661,printed date range,derivative,0,,,intransitive (with against) to make provision for…,0,,http://www.oed.com/dictionary/postvide_v
"1 - single year of evidence, form unique",pot-hardy,POTHARDY,8,adjective,1615,1615,printed date range,compound,0,,,Emboldened as a result of inebriation; cf…,0,,http://www.oed.com/dictionary/pot-hardy_adj
"1 - single year of evidence, form unique",potisuge,POTISUGE,8,noun,1620,1620,printed date range,borrowing,0,,,A drunkard.,0,,http://www.oed.com/dictionary/potisuge_n
"1 - single year of evidence, form unique",powerlet,POWERLET,8,noun,1889,1889,printed date range,derivative,0,,,An insignificant power.,0,,http://www.oed.com/dictionary/powerlet_n
"1 - single year of evidence, form unique",pray-pray,PRAYPRAY,8,adjective,1753,1753,printed date range,compound,0,,,Like a person saying ‘Pray! pray!’; beseeching or…,0,,http://www.oed.com/dictionary/pray-pray_adj
"1 - single year of evidence, form unique",primeful,PRIMEFUL,8,adjective,1606,1606,printed date range,derivative,0,,,Characterized by being in the prime of life; youthful.,0,,http://www.oed.com/dictionary/primeful_adj
"1 - single year of evidence, form unique",princify,PRINCIFY,8,verb,1847,1847,printed date range,derivative,0,,,transitive. To make into a prince; to make princely.,0,,http://www.oed.com/dictionary/princify_v
"1 - single year of evidence, form unique",progrede,PROGREDE,8,verb,1866,1866,printed date range,borrowing,0,,sciences/physical sciences/astronomy,intransitive. To move in a direct (prograde) direction.,0,,http://www.oed.com/dictionary/progrede_v
"1 - single year of evidence, form unique",protodaw,PROTODAW,8,noun,1548,1548,printed date range,compound,0,humorous,,"An utter fool, a complete idiot.",0,,http://www.oed.com/dictionary/protodaw_n
"1 - single year of evidence, form unique",pseudism,PSEUDISM,8,noun,1899,1899,printed date range,borrowing,0,,,A false statement.,0,,http://www.oed.com/dictionary/pseudism_n
"1 - single year of evidence, form unique",pulpitly,PULPITLY,8,adverb,1872,1872,printed date range,derivative,0,,,With regard to the pulpit or preaching.,0,,http://www.oed.com/dictionary/pulpitly_adv
"1 - single year of evidence, form unique",pulse-pad,PULSEPAD,8,noun,1702,1702,printed date range,compound,0,humorous,,"A medical man (cf. pad, n.³ 4).",0,,http://www.oed.com/dictionary/pulse-pad_n
"1 - single year of evidence, form unique",pulsidge,PULSIDGE,8,noun,1600,1600,printed date range,variant,0,,"sciences/medicine/anatomy, sciences/medicine/physiology","Humorous blunder for pulse, n.²",0,,http://www.oed.com/dictionary/pulsidge_n
"1 - single year of evidence, form unique",Punchine,PUNCHINE,8,adjective,1846,1846,printed date range,proper name,0,,manufacturing and industry/publishing and the book trade/journalism,Of or relating to the magazine Punch.,0,,http://www.oed.com/dictionary/punchine_adj
"1 - single year of evidence, form unique",puppyess,PUPPYESS,8,noun,1791,1791,printed date range,derivative,0,,,"A female puppy (puppy, n. 2a); a foolish…",0,,http://www.oed.com/dictionary/puppyess_n
"1 - single year of evidence, form unique",pyrotect,PYROTECT,8,noun,1851,1851,printed date range,compound,0,,crafts and trades/fireworks,"A maker of fireworks, a pyrotechnist.",0,,http://www.oed.com/dictionary/pyrotect_n
"1 - single year of evidence, form unique",rank-rode,RANKRODE,8,adjective,1609,1609,printed date range,compound,0,,,That has ridden furiously.,0,,http://www.oed.com/dictionary/rank-rode_adj
"1 - single year of evidence, form unique",saintage,SAINTAGE,8,noun,1657,1657,printed date range,derivative,0,,,Honour (done) as to a saint.,0,,http://www.oed.com/dictionary/saintage_n
"1 - single year of evidence, form unique",sand dust,SANDDUST,8,noun,1604,1604,printed date range,compound,0,,,"= dust, n.¹ 3b.",0,,http://www.oed.com/dictionary/sand-dust_n
"1 - single year of evidence, form unique",Scotiety,SCOTIETY,8,noun,1655,1655,printed date range,proper name,0,humorous,,The essential qualities of John Duns Scotus. See…,0,,http://www.oed.com/dictionary/scotiety_n
"1 - single year of evidence, form unique",selfcide,SELFCIDE,8,noun,1692,1692,printed date range,derivative,0,,,An act of killing oneself; suicide.,0,,http://www.oed.com/dictionary/selfcide_n
"1 - single year of evidence, form unique",self-left,SELFLEFT,8,adjective,1667,1667,printed date range,derivative,0,,,Left to oneself or itself; left alone.,0,,http://www.oed.com/dictionary/self-left_adj
"1 - single year of evidence, form unique",shamster,SHAMSTER,8,noun,1716,1716,printed date range,derivative,0,,,"A shammer, impostor.",0,,http://www.oed.com/dictionary/shamster_n
"1 - single year of evidence, form unique",shift-got,SHIFTGOT,8,adjective,1598,1598,printed date range,compound,0,,,Obtained by fraudulent or underhand means (cf…,0,,http://www.oed.com/dictionary/shift-got_adj
"1 - single year of evidence, form unique",shop-done,SHOPDONE,8,adjective,1888,1888,printed date range,compound,0,,,Produced in a workshop.,0,,http://www.oed.com/dictionary/shop-done_adj
"1 - single year of evidence, form unique",sink-soul,SINKSOUL,8,noun,1688,1688,printed date range,compound,0,colloquial and slang,,A person who destroys souls.,0,,http://www.oed.com/dictionary/sink-soul_n
"1 - single year of evidence, form unique",slaveage,SLAVEAGE,8,noun,1831,1831,printed date range,derivative,0,,,Enslaved people regarded as a class or group.,0,,http://www.oed.com/dictionary/slaveage_n
"1 - single year of evidence, form unique",snappery,SNAPPERY,8,noun,1639,1639,printed date range,derivative,0,,,The action of cutting with a snap.,0,,http://www.oed.com/dictionary/snappery_n
"1 - single year of evidence, form unique",snippery,SNIPPERY,8,noun,1639,1639,printed date range,derivative,0,,,Snipping.,0,,http://www.oed.com/dictionary/snippery_n
"1 - single year of evidence, form unique",staffian,STAFFIAN,8,adjective,1820,1820,printed date range,derivative,0,,,Suitable for making staffs.,0,,http://www.oed.com/dictionary/staffian_adj
"1 - single year of evidence, form unique",stay-time,STAYTIME,8,noun,1713,1713,printed date range,compound,0,,,? something to arrest the flight of time.,0,,http://www.oed.com/dictionary/stay-time_n
"1 - single year of evidence, form unique",steepful,STEEPFUL,8,adjective,1606,1606,printed date range,derivative,0,,,"Abounding in steeps, steep.",0,,http://www.oed.com/dictionary/steepful_adj
"1 - single year of evidence, form unique",stint-key,STINTKEY,8,noun,1827,1827,printed date range,compound,0,,,A key which checks the supply (of ale); in quot…,0,,http://www.oed.com/dictionary/stint-key_n
"1 - single year of evidence, form unique",stowsome,STOWSOME,8,adjective,1674,1674,printed date range,derivative,0,,,Having position in space.,0,,http://www.oed.com/dictionary/stowsome_adj
"1 - single year of evidence, form unique",stud-wise,STUDWISE,8,adverb,1600,1600,printed date range,,0,,,In a studded pattern.,0,,http://www.oed.com/dictionary/stud-wise_adv
"1 - single year of evidence, form unique",study-man,STUDYMAN,8,noun,1657,1657,printed date range,compound,0,,,A man who engages in study; a scholar (as opposed…,0,,http://www.oed.com/dictionary/study-man_n
"1 - single year of evidence, form unique",swashado,SWASHADO,8,noun,1663,1663,printed date range,derivative,0,,,A swashbuckler.,0,,http://www.oed.com/dictionary/swashado_n
"1 - single year of evidence, form unique",tawdryne,TAWDRYNE,8,noun,1586,1586,printed date range,arbitrary,0,,crafts and trades/costume,"= tawdry, n.",0,,http://www.oed.com/dictionary/tawdryne_n
"1 - single year of evidence, form unique",templize,TEMPLIZE,8,verb,1650,1650,printed date range,derivative,0,,religion and belief/religion,intransitive. To assume the form or character of…,0,,http://www.oed.com/dictionary/templize_v
"1 - single year of evidence, form unique",Thetisie,THETISIE,8,noun,1600,1600,printed date range,derivative,0,,sciences/physical sciences/earth sciences/geography/oceanography,The abode of Thetis and the Nereids; the watery realm.,0,,http://www.oed.com/dictionary/thetisie_n
"1 - single year of evidence, form unique",tipplage,TIPPLAGE,8,noun,1653,1653,printed date range,derivative,0,,consumables/drink,"Intoxicating drink generally, tipple.",0,,http://www.oed.com/dictionary/tipplage_n
"1 - single year of evidence, form unique",tomecide,TOMECIDE,8,noun,1849,1849,printed date range,derivative,0,,,A person who destroys books.,0,,http://www.oed.com/dictionary/tomecide_n
"1 - single year of evidence, form unique",top-giddy,TOPGIDDY,8,adjective,1824,1824,printed date range,compound,0,,,Probably: giddy as a top.,0,,http://www.oed.com/dictionary/top-giddy_adj
"1 - single year of evidence, form unique",top-right,TOPRIGHT,8,adjective,a1560,1560,printed date range,compound,0,,,"Upright, erect.",0,,http://www.oed.com/dictionary/top-right_adj
"1 - single year of evidence, form unique",totangle,TOTANGLE,8,noun,1629,1629,printed date range,borrowing,0,,sciences/mathematics/geometry,A figure that is ‘all angle’: applied to a circle…,0,,http://www.oed.com/dictionary/totangle_n
"1 - single year of evidence, form unique",townskip,TOWNSKIP,8,noun,1837,1837,printed date range,compound,0,humorous,,A humorous form of address for a boy.,0,,http://www.oed.com/dictionary/townskip_n
"1 - single year of evidence, form unique",translay,TRANSLAY,8,verb,a1861,1861,printed date range,derivative,0,,,transitive. To transfer and rebury (a person's…,0,,http://www.oed.com/dictionary/translay_v
"1 - single year of evidence, form unique",Turcical,TURCICAL,8,adjective,1602,1602,printed date range,borrowing,0,,,Characteristic or typical of the Turks; Turkish…,0,,http://www.oed.com/dictionary/turcical_adj
"1 - single year of evidence, form unique",tympaned,TYMPANED,8,adjective,a1634,1634,printed date range,derivative,0,,,"Affected as with a ‘tympan’ (tympan, n. 2)…",0,,http://www.oed.com/dictionary/tympaned_adj
"1 - single year of evidence, form unique",unlaving,UNLAVING,8,adjective,1834,1834,printed date range,derivative,0,,,"That does not bathe or wash. Cf. lave, v.¹ 1.",0,,http://www.oed.com/dictionary/unlaving_adj
"1 - single year of evidence, form unique",utrality,UTRALITY,8,noun,1642,1642,printed date range,borrowing,0,,,Tendency to favour both sides; inclination…,0,,http://www.oed.com/dictionary/utrality_n
"1 - single year of evidence, form unique",wed-spite,WEDSPITE,8,adjective,a1577,1577,printed date range,compound,0,,,"= spite-wed, adj.",0,,http://www.oed.com/dictionary/wed-spite_adj
"1 - single year of evidence, form unique",whore-sty,WHORESTY,8,noun,1621,1621,printed date range,compound,0,,,A brothel.,0,,http://www.oed.com/dictionary/whore-sty_n
"1 - single year of evidence, form unique",wing-post,WINGPOST,8,noun,a1661,1661,printed date range,compound,0,,,A carrier pigeon.,0,,http://www.oed.com/dictionary/wing-post_n
"1 - single year of evidence, form unique",with also,WITHALSO,8,adverb,1586,1586,printed date range,compound,0,,,"Also; = withal, adv. A.1a.",0,,http://www.oed.com/dictionary/with-also_adv
"1 - single year of evidence, form unique",wittiful,WITTIFUL,8,adjective,1590,1590,printed date range,derivative,0,,,"Full of ‘wit’, wise, sensible.",0,,http://www.oed.com/dictionary/wittiful_adj
"1 - single year of evidence, form unique",yo-hehoic,YOHEHOIC,8,adjective,1888,1888,printed date range,derivative,0,,,"relating to the cry ‘yo-he-ho’; cf. yo-he-ho theory, n.",0,,http://www.oed.com/dictionary/yo-hehoic_adj
"1 - single year of evidence, form unique",Zebedist,ZEBEDIST,8,noun,1574,1574,printed date range,proper name,0,,,A person who seeks advancement or high office.,0,,http://www.oed.com/dictionary/zebedist_n
"1 - single year of evidence, form unique",age-coeval,AGECOEVAL,9,adjective,1843,1843,printed date range,compound,0,,,Having the same age or date of origin…,0,,http://www.oed.com/dictionary/age-coeval_adj
"1 - single year of evidence, form unique",agreemony,AGREEMONY,9,noun,1678,1678,printed date range,variant,0,,,Agreeableness.,0,,http://www.oed.com/dictionary/agreemony_n
"1 - single year of evidence, form unique",ague-shake,AGUESHAKE,9,verb,1653,1653,printed date range,compound,0,,,transitive to cause (a person) to shake as though…,0,,http://www.oed.com/dictionary/ague-shake_v
"1 - single year of evidence, form unique",beatizing,BEATIZING,9,adjective,1652,1652,printed date range,derivative,0,,,That beatifies or imparts divine or heavenly…,0,,http://www.oed.com/dictionary/beatizing_adj
"1 - single year of evidence, form unique",bite-beast,BITEBEAST,9,noun,1877,1877,printed date range,compound,0,,sciences/life sciences/animals,A creature that bites.,0,,http://www.oed.com/dictionary/bite-beast_n
"1 - single year of evidence, form unique",breaklove,BREAKLOVE,9,adjective,1582,1582,printed date range,compound,0,,,That destroys love or ends loving relationship.,0,,http://www.oed.com/dictionary/breaklove_adj
"1 - single year of evidence, form unique",buskinade,BUSKINADE,9,noun,1653,1653,printed date range,derivative,0,,,A blow given with a buskin.,0,,http://www.oed.com/dictionary/buskinade_n
"1 - single year of evidence, form unique",calf-lolly,CALFLOLLY,9,noun,1708,1708,printed date range,compound,0,,,A stupid calf.,0,,http://www.oed.com/dictionary/calf-lolly_n
"1 - single year of evidence, form unique",cantanker,CANTANKER,9,noun,1825,1825,printed date range,backformation,0,,,"= cantankerousness, n.",0,,http://www.oed.com/dictionary/cantanker_n
"1 - single year of evidence, form unique",cellarity,CELLARITY,9,noun,1867,1867,printed date range,derivative,0,,,The condition of living in a cellar.,0,,http://www.oed.com/dictionary/cellarity_n
"1 - single year of evidence, form unique",chair boll,CHAIRBOLL,9,noun,1556,1556,printed date range,compound,0,,,"A round knob on the arm of a chair (cf. boll, n.¹ 4).",0,,http://www.oed.com/dictionary/chair-boll_n
"1 - single year of evidence, form unique",cheapable,CHEAPABLE,9,adjective,1570,1570,printed date range,derivative,0,,economics and commerce/finance,Perhaps: having monetary value.,0,,http://www.oed.com/dictionary/cheapable_adj
"1 - single year of evidence, form unique",cidership,CIDERSHIP,9,noun,1594,1594,printed date range,derivative,0,,consumables/drink/cider,With possessive adjective: a mock title of…,0,,http://www.oed.com/dictionary/cidership_n
"1 - single year of evidence, form unique",citticism,CITTICISM,9,noun,1616,1616,printed date range,,0,,,Urban manner.,0,,http://www.oed.com/dictionary/citticism_n
"1 - single year of evidence, form unique",clock-beam,CLOCKBEAM,9,noun,1862,1862,printed date range,compound,0,,crafts and trades/clocks and watches,A pendulum.,0,,http://www.oed.com/dictionary/clock-beam_n
"1 - single year of evidence, form unique",cockneity,COCKNEITY,9,noun,a1881,1881,printed date range,derivative,0,,,Cockney people.,0,,http://www.oed.com/dictionary/cockneity_n
"1 - single year of evidence, form unique",compriest,COMPRIEST,9,noun,1642,1642,printed date range,derivative,0,,religion and belief/religion,A fellow-priest; a compresbyter.,0,,http://www.oed.com/dictionary/compriest_n
"1 - single year of evidence, form unique",coneyhood,CONEYHOOD,9,noun,1595,1595,printed date range,derivative,0,,,"The condition of being a dupe (see coney, n.¹ III.10).",0,,http://www.oed.com/dictionary/coneyhood_n
"1 - single year of evidence, form unique",coniating,CONIATING,9,noun,1693,1693,printed date range,borrowing,0,,,Used to express the noise made by storks.,0,,http://www.oed.com/dictionary/coniating_n
"1 - single year of evidence, form unique",corantoly,CORANTOLY,9,adverb,1657,1657,printed date range,derivative,0,,,In the style of a coranto.,0,,http://www.oed.com/dictionary/corantoly_adv
"1 - single year of evidence, form unique",corrayned,CORRAYNED,9,adjective,1647,1647,printed date range,variant,0,,,Apparently: altogether ruined.,0,,http://www.oed.com/dictionary/corrayned_adj
"1 - single year of evidence, form unique",crackaret,CRACKARET,9,noun,1653,1653,printed date range,derivative,0,,sciences/medicine/anatomy,"A fart. Cf. crack, n. I.1.",0,,http://www.oed.com/dictionary/crackaret_n
"1 - single year of evidence, form unique",daedalize,DAEDALIZE,9,verb,a1618,1618,printed date range,derivative,0,,,transitive. To make intricate or maze-like.,0,,http://www.oed.com/dictionary/daedalize_v
"1 - single year of evidence, form unique",dearthful,DEARTHFUL,9,adjective,1786,1786,printed date range,derivative,0,,economics and commerce,"Costly, expensive.",0,,http://www.oed.com/dictionary/dearthful_adj
"1 - single year of evidence, form unique",decognize,DECOGNIZE,9,verb,1659,1659,printed date range,derivative,0,,,transitive. To cease or fail to recognize.,0,,http://www.oed.com/dictionary/decognize_v
"1 - single year of evidence, form unique",delignate,DELIGNATE,9,verb,1655,1655,printed date range,borrowing,0,,,transitive. To remove wood or trees from (a place).,0,,http://www.oed.com/dictionary/delignate_v
"1 - single year of evidence, form unique",deprivado,DEPRIVADO,9,noun,1728,1728,printed date range,derivative,0,,,A person who has been deprived (of office…,0,,http://www.oed.com/dictionary/deprivado_n
"1 - single year of evidence, form unique",disdesire,DISDESIRE,9,verb,1651,1651,printed date range,derivative,0,,,transitive. To do the reverse of desiring; to…,0,,http://www.oed.com/dictionary/disdesire_v
"1 - single year of evidence, form unique",disthatch,DISTHATCH,9,verb,1654,1654,printed date range,derivative,0,,,transitive. To deprive of thatch (in quot. 1654…,0,,http://www.oed.com/dictionary/disthatch_v
"1 - single year of evidence, form unique",disyellow,DISYELLOW,9,verb,1586,1586,printed date range,derivative,0,,,transitive. To remove the yellow from; to rid of…,0,,http://www.oed.com/dictionary/disyellow_v
"1 - single year of evidence, form unique",dummerell,DUMMERELL,9,noun,1593,1593,printed date range,derivative,0,,,Probably: a person who pretends to be unable to…,0,,http://www.oed.com/dictionary/dummerell_n
"1 - single year of evidence, form unique",duopolize,DUOPOLIZE,9,verb,1659,1659,printed date range,borrowing,0,,,transitive. To engross between two.,0,,http://www.oed.com/dictionary/duopolize_v
"1 - single year of evidence, form unique",earth horn,EARTHHORN,9,noun,?a1400,1400,printed date range,compound,0,,"agriculture and horticulture/agriculture, arts/performing arts/music",An instrument said to have been used by the…,0,,http://www.oed.com/dictionary/earth-horn_n
"1 - single year of evidence, form unique",ex-vaccine,EXVACCINE,9,adjective,1804,1804,printed date range,borrowing,0,,sciences/life sciences/animals,Obtained from a cow.,0,,http://www.oed.com/dictionary/ex-vaccine_adj
"1 - single year of evidence, form unique",farmerage,FARMERAGE,9,noun,1828,1828,printed date range,derivative,0,,,The body of farmers collectively.,0,,http://www.oed.com/dictionary/farmerage_n
"1 - single year of evidence, form unique",fashionly,FASHIONLY,9,adjective,1613,1613,printed date range,derivative,0,,,Perhaps: influenced by changes in fashion; fashionable.,0,,http://www.oed.com/dictionary/fashionly_adj
"1 - single year of evidence, form unique",frantling,FRANTLING,9,noun,1693,1693,printed date range,unknown,0,,sciences/life sciences/animals/birds,Used to express the noise made by peacocks.,0,,http://www.oed.com/dictionary/frantling_n
"1 - single year of evidence, form unique",freshhood,FRESHHOOD,9,noun,1836,1836,printed date range,compound,0,,education/university,The condition or state of being a freshman; =…,0,,http://www.oed.com/dictionary/freshhood_n
"1 - single year of evidence, form unique",freshment,FRESHMENT,9,noun,1611,1611,printed date range,derivative,0,,,Refreshing influence.,0,,http://www.oed.com/dictionary/freshment_n
"1 - single year of evidence, form unique",geniuskin,GENIUSKIN,9,noun,1882,1882,printed date range,derivative,0,,,A little genius or attendant spirit (see genius…,0,,http://www.oed.com/dictionary/geniuskin_n
"1 - single year of evidence, form unique",gentlying,GENTLYING,9,noun,1851,1851,printed date range,derivative,0,,,"An utterance of ‘gently’ (cf. gently, adv. 3b).",0,,http://www.oed.com/dictionary/gentlying_n
"1 - single year of evidence, form unique",grammates,GRAMMATES,9,noun,1633,1633,printed date range,borrowing,0,,education,With plural agreement. Rudiments; first principles.,0,,http://www.oed.com/dictionary/grammates_n
"1 - single year of evidence, form unique",gregation,GREGATION,9,noun,1621,1621,printed date range,borrowing,0,,,"A crowd, multitude (see quot. 1621).",0,,http://www.oed.com/dictionary/gregation_n
"1 - single year of evidence, form unique",half-horsy,HALFHORSY,9,adjective,1591,1591,printed date range,compound,0,,religion and belief/mythology,"Designating a centaur. Cf. half-horse, n.",0,,http://www.oed.com/dictionary/half-horsy_adj
"1 - single year of evidence, form unique",harmoniac,HARMONIAC,9,adjective,1771,1771,printed date range,borrowing,0,,arts/performing arts/music,"Relating to harmony, or to the cultivation of…",0,,http://www.oed.com/dictionary/harmoniac_adj
"1 - single year of evidence, form unique",hazardise,HAZARDISE,9,noun,1590,1590,printed date range,derivative,0,,,"A hazardous position, a condition of peril or risk.",0,,http://www.oed.com/dictionary/hazardise_n
"1 - single year of evidence, form unique",healthist,HEALTHIST,9,noun,1640,1640,printed date range,derivative,0,,,A person who is given to drinking people's…,0,,http://www.oed.com/dictionary/healthist_n
"1 - single year of evidence, form unique",hussarian,HUSSARIAN,9,noun,1760,1760,printed date range,blend,0,,,Apparently: a person born or living in Germany or…,0,,http://www.oed.com/dictionary/hussarian_n
"1 - single year of evidence, form unique",impeticos,IMPETICOS,9,verb,a1616,1616,printed date range,variant,0,,,transitive. To put (something) into one's pocket…,0,,http://www.oed.com/dictionary/impeticos_v
"1 - single year of evidence, form unique",incirclet,INCIRCLET,9,noun,a1586,1586,printed date range,derivative,0,,,A little circular curl or spiral.,0,,http://www.oed.com/dictionary/incirclet_n
"1 - single year of evidence, form unique",inscruple,INSCRUPLE,9,verb,1663,1663,printed date range,derivative,0,,,transitive. To possess with scruples.,0,,http://www.oed.com/dictionary/inscruple_v
"1 - single year of evidence, form unique",insective,INSECTIVE,9,adjective,a1834,1834,printed date range,borrowing,0,,,? Characteristic of insects.,0,,http://www.oed.com/dictionary/insective_adj
"1 - single year of evidence, form unique",iron-worky,IRONWORKY,9,adjective,1885,1885,printed date range,derivative,0,,,Abounding in or characterized by ironwork.,0,,http://www.oed.com/dictionary/iron-worky_adj
"1 - single year of evidence, form unique",junketous,JUNKETOUS,9,adjective,1830,1830,printed date range,derivative,0,,,Given to junketing or merrymaking.,0,,http://www.oed.com/dictionary/junketous_adj
"1 - single year of evidence, form unique",kennelage,KENNELAGE,9,noun,1612,1612,printed date range,derivative,0,,agriculture and horticulture/agriculture,"A system of kennels, gutters collectively.",0,,http://www.oed.com/dictionary/kennelage_n
"1 - single year of evidence, form unique",kinginess,KINGINESS,9,noun,a1849,1849,printed date range,derivative,0,disparaging,,"Kingly quality, kingliness.",0,,http://www.oed.com/dictionary/kinginess_n
"1 - single year of evidence, form unique",knaifatic,KNAIFATIC,9,adjective,1568,1568,printed date range,derivative,0,,,"Knavish; dishonest, unscrupulous.",0,,http://www.oed.com/dictionary/knaifatic_adj
"1 - single year of evidence, form unique",love paper,LOVEPAPER,9,noun,a1627,1627,printed date range,compound,0,,,A love letter.,0,,http://www.oed.com/dictionary/love-paper_n
"1 - single year of evidence, form unique",lovertine,LOVERTINE,9,adjective,1603,1603,printed date range,blend,0,,,That enjoys being in love.,0,,http://www.oed.com/dictionary/lovertine_adj
"1 - single year of evidence, form unique",luxuriety,LUXURIETY,9,noun,a1768,1768,printed date range,derivative,0,,,Luxuriance.,0,,http://www.oed.com/dictionary/luxuriety_n
"1 - single year of evidence, form unique",mace-proof,MACEPROOF,9,adjective,1633,1633,printed date range,compound,0,,,Safe from arrest.,0,,http://www.oed.com/dictionary/mace-proof_adj
"1 - single year of evidence, form unique",manu-tract,MANUTRACT,9,noun,1660,1660,printed date range,borrowing,0,,arts/visual arts/painting and drawing/drawing,Something traced by hand.,0,,http://www.oed.com/dictionary/manu-tract_n
"1 - single year of evidence, form unique",martyrago,MARTYRAGO,9,noun,1654,1654,printed date range,compound,0,humorous,religion and belief/religion,A female martyr.,0,,http://www.oed.com/dictionary/martyrago_n
"1 - single year of evidence, form unique",meatified,MEATIFIED,9,adjective,1607,1607,printed date range,derivative,0,,,Probably: corpulent.,0,,http://www.oed.com/dictionary/meatified_adj
"1 - single year of evidence, form unique",meritress,MERITRESS,9,noun,1617,1617,printed date range,derivative,0,,,A woman who merits something. (In quot. 1617…,0,,http://www.oed.com/dictionary/meritress_n
"1 - single year of evidence, form unique",merocracy,MEROCRACY,9,noun,1652,1652,printed date range,borrowing,0,,,Government by a small number out of the whole.,0,,http://www.oed.com/dictionary/merocracy_n
"1 - single year of evidence, form unique",micronymy,MICRONYMY,9,noun,1889,1889,printed date range,compound,0,,,The use of short names or terms.,0,,http://www.oed.com/dictionary/micronymy_n
"1 - single year of evidence, form unique",microptic,MICROPTIC,9,adjective,1800,1800,printed date range,compound,0,,sciences/physical sciences/physics/optics,Microscopic.,0,,http://www.oed.com/dictionary/microptic_adj
"1 - single year of evidence, form unique",millenize,MILLENIZE,9,verb,1593,1593,printed date range,borrowing,0,,religion and belief/religion/Christianity,intransitive. To favour millenarian views.,0,,http://www.oed.com/dictionary/millenize_v
"1 - single year of evidence, form unique",milliform,MILLIFORM,9,adjective,c1581,1581,printed date range,compound,0,,,Of a thousand shapes or aspects.,0,,http://www.oed.com/dictionary/milliform_adj
"1 - single year of evidence, form unique",minimated,MINIMATED,9,adjective,a1626,1626,printed date range,borrowing,0,,,Reduced to the smallest size possible.,0,,http://www.oed.com/dictionary/minimated_adj
"1 - single year of evidence, form unique",miteology,MITEOLOGY,9,noun,1803,1803,printed date range,compound,0,,,The study of mites.,0,,http://www.oed.com/dictionary/miteology_n
"1 - single year of evidence, form unique",mob-reader,MOBREADER,9,noun,1697,1697,printed date range,compound,0,,,A reader belonging to the mob; an uneducated reader.,0,,http://www.oed.com/dictionary/mob-reader_n
"1 - single year of evidence, form unique",mockanist,MOCKANIST,9,noun,c1540,1540,printed date range,derivative,0,,,A person who mocks; a mocker.,0,,http://www.oed.com/dictionary/mockanist_n
"1 - single year of evidence, form unique",mock-clown,MOCKCLOWN,9,noun,1598,1598,printed date range,compound,0,,,Perhaps: a kind of dance step.,0,,http://www.oed.com/dictionary/mock-clown_n
"1 - single year of evidence, form unique",moon-drake,MOONDRAKE,9,noun,a1635,1635,printed date range,,0,,,A fiery moon.,0,,http://www.oed.com/dictionary/moon-drake_n
"1 - single year of evidence, form unique",mosquelet,MOSQUELET,9,noun,1888,1888,printed date range,derivative,0,,religion and belief/religion/Islam,A little mosque.,0,,http://www.oed.com/dictionary/mosquelet_n
"1 - single year of evidence, form unique",motherage,MOTHERAGE,9,noun,a1591,1591,printed date range,derivative,0,,,The condition or state of being a mother.,0,,http://www.oed.com/dictionary/motherage_n
"1 - single year of evidence, form unique",moundless,MOUNDLESS,9,adjective,1605,1605,printed date range,derivative,0,,,That is not a true world; formless.,0,,http://www.oed.com/dictionary/moundless_adj
"1 - single year of evidence, form unique",movership,MOVERSHIP,9,noun,1658,1658,printed date range,derivative,0,,,Only in first movership n. the position or office…,0,,http://www.oed.com/dictionary/movership_n
"1 - single year of evidence, form unique",navifauna,NAVIFAUNA,9,noun,1879,1879,printed date range,borrowing,0,,"sciences/life sciences/animals, transport/nautical",The fauna found on a ship.,0,,http://www.oed.com/dictionary/navifauna_n
"1 - single year of evidence, form unique",nicotiant,NICOTIANT,9,adjective,1877,1877,printed date range,derivative,0,,consumables/tobacco,That is smoking tobacco.,0,,http://www.oed.com/dictionary/nicotiant_adj
"1 - single year of evidence, form unique",observist,OBSERVIST,9,noun,1827,1827,printed date range,derivative,0,,,A person who engages in observation; an observer.,0,,http://www.oed.com/dictionary/observist_n
"1 - single year of evidence, form unique",oedipodic,OEDIPODIC,9,adjective,1694,1694,printed date range,borrowing,0,,sciences/medicine/pathology,Swollen-footed; gouty.,0,,http://www.oed.com/dictionary/oedipodic_adj
"1 - single year of evidence, form unique",ologistic,OLOGISTIC,9,adjective,a1861,1861,printed date range,derivative,0,colloquial and slang,,"Of, relating to, or characteristic of an ‘ologist’.",0,,http://www.oed.com/dictionary/ologistic_adj
"1 - single year of evidence, form unique",osculable,OSCULABLE,9,adjective,1893,1893,printed date range,derivative,0,,,That can be kissed.,0,,http://www.oed.com/dictionary/osculable_adj
"1 - single year of evidence, form unique",outchange,OUTCHANGE,9,noun,1695,1695,printed date range,derivative,0,,economics and commerce/finance,Perhaps: exchange of currency for that of a…,0,,http://www.oed.com/dictionary/outchange_n
"1 - single year of evidence, form unique",outfinger,OUTFINGER,9,verb,1880,1880,printed date range,derivative,0,,,(transitive) to open the fingers of (a hand).,0,,http://www.oed.com/dictionary/outfinger_v
"1 - single year of evidence, form unique",outwittal,OUTWITTAL,9,noun,1875,1875,printed date range,derivative,0,,,The fact of outwitting someone.,0,,http://www.oed.com/dictionary/outwittal_n
"1 - single year of evidence, form unique",over-Atlas,OVERATLAS,9,verb,1593,1593,printed date range,derivative,0,,,transitive. To load or burden more than Atlas; to…,0,,http://www.oed.com/dictionary/over-atlas_v
"1 - single year of evidence, form unique",overtoise,OVERTOISE,9,verb,1840,1840,printed date range,derivative,0,,technology/measurement,transitive. To measure out in toises.,0,,http://www.oed.com/dictionary/overtoise_v
"1 - single year of evidence, form unique",oxygenity,OXYGENITY,9,noun,1894,1894,printed date range,derivative,0,,sciences/physical sciences/chemistry,The quality of being oxygenous.,0,,http://www.oed.com/dictionary/oxygenity_n
"1 - single year of evidence, form unique",oysterize,OYSTERIZE,9,verb,1793,1793,printed date range,derivative,0,,,(transitive) (perhaps) to open up like an oyster.,0,,http://www.oed.com/dictionary/oysterize_v
"1 - single year of evidence, form unique",padronage,PADRONAGE,9,noun,1670,1670,printed date range,borrowing,0,,religion and belief/religion,"= padronancy, n.",0,,http://www.oed.com/dictionary/padronage_n
"1 - single year of evidence, form unique",pamperize,PAMPERIZE,9,verb,a1845,1845,printed date range,derivative,0,,,"= pamper, v.",0,,http://www.oed.com/dictionary/pamperize_v
"1 - single year of evidence, form unique",Panomphic,PANOMPHIC,9,adjective,1822,1822,printed date range,borrowing,0,,consumables/drink,"= Panomphaean, adj. 3.",0,,http://www.oed.com/dictionary/panomphic_adj
"1 - single year of evidence, form unique",panoramal,PANORAMAL,9,adjective,1808,1808,printed date range,derivative,0,,arts/literature,Prone to take a panoramic view or survey.,0,,http://www.oed.com/dictionary/panoramal_adj
"1 - single year of evidence, form unique",pardonous,PARDONOUS,9,adjective,1610,1610,printed date range,derivative,0,,,Full of pardon.,0,,http://www.oed.com/dictionary/pardonous_adj
"1 - single year of evidence, form unique",parvenant,PARVENANT,9,noun,1843,1843,printed date range,borrowing,0,,,A person who is acquiring a higher social…,0,,http://www.oed.com/dictionary/parvenant_n
"1 - single year of evidence, form unique",past-prime,PASTPRIME,9,adjective,1883,1883,printed date range,compound,0,,,"= past-meridian, adj.",0,,http://www.oed.com/dictionary/past-prime_adj
"1 - single year of evidence, form unique",paulo-past,PAULOPAST,9,adjective,1880,1880,printed date range,variant,0,,,That is recently past; relating to something…,0,,http://www.oed.com/dictionary/paulo-past_adj
"1 - single year of evidence, form unique",pedoeuvre,PEDOEUVRE,9,noun,1825,1825,printed date range,borrowing,0,,,A planned movement or action performed with the feet.,0,,http://www.oed.com/dictionary/pedoeuvre_n
"1 - single year of evidence, form unique",pennisome,PENNISOME,9,adjective,1631,1631,printed date range,derivative,0,,economics and commerce/finance,"Lucrative, profitable.",0,,http://www.oed.com/dictionary/pennisome_adj
"1 - single year of evidence, form unique",peptician,PEPTICIAN,9,noun,1831,1831,printed date range,derivative,0,,sciences/medicine,A person who has good digestion.,0,,http://www.oed.com/dictionary/peptician_n
"1 - single year of evidence, form unique",pepticity,PEPTICITY,9,noun,1838,1838,printed date range,derivative,0,,sciences/medicine,The condition of having good digestion.,0,,http://www.oed.com/dictionary/pepticity_n
"1 - single year of evidence, form unique",pettiship,PETTISHIP,9,noun,1581,1581,printed date range,derivative,0,,,Littleness; pettiness.,0,,http://www.oed.com/dictionary/pettiship_n
"1 - single year of evidence, form unique",phagology,PHAGOLOGY,9,noun,1837,1837,printed date range,borrowing,0,,,The feeding habits of an animal or animals.,0,,http://www.oed.com/dictionary/phagology_n
"1 - single year of evidence, form unique",piggicide,PIGGICIDE,9,noun,1837,1837,printed date range,compound,0,humorous,,A person who kills pigs.,0,,http://www.oed.com/dictionary/piggicide_n
"1 - single year of evidence, form unique",pillarize,PILLARIZE,9,verb,1827,1827,printed date range,derivative,0,,,"transitive. To inscribe on, or commemorate by…",0,,http://www.oed.com/dictionary/pillarize_v
"1 - single year of evidence, form unique",pinionist,PINIONIST,9,noun,1613,1613,printed date range,derivative,0,,sciences/life sciences/animals,A winged creature.,0,,http://www.oed.com/dictionary/pinionist_n
"1 - single year of evidence, form unique",pipe merry,PIPEMERRY,9,adjective,1542,1542,printed date range,compound,0,,,Merry from drinking wine; drunk.,0,,http://www.oed.com/dictionary/pipe-merry_adj
"1 - single year of evidence, form unique",playwoman,PLAYWOMAN,9,noun,1889,1889,printed date range,compound,0,,arts/performing arts/theatre,An actress of plays.,0,,http://www.oed.com/dictionary/playwoman_n
"1 - single year of evidence, form unique",plutonize,PLUTONIZE,9,verb,1600,1600,printed date range,proper name,0,,,transitive. To make infernal or demonic.,0,,http://www.oed.com/dictionary/plutonize_v
"1 - single year of evidence, form unique",poetastic,POETASTIC,9,adjective,1893,1893,printed date range,derivative,0,,arts/literature,Of the nature of a poetaster.,0,,http://www.oed.com/dictionary/poetastic_adj
"1 - single year of evidence, form unique",pointling,POINTLING,9,noun,1840,1840,printed date range,derivative,0,,,A little index finger.,0,,http://www.oed.com/dictionary/pointling_n
"1 - single year of evidence, form unique",polynesia,POLYNESIA,9,noun,1889,1889,printed date range,proper name,0,,,A group of objects resembling the Polynesian islands.,0,,http://www.oed.com/dictionary/polynesia_n
"1 - single year of evidence, form unique",potboydom,POTBOYDOM,9,noun,1850,1850,printed date range,derivative,0,,,Pot-boys collectively.,0,,http://www.oed.com/dictionary/potboydom_n
"1 - single year of evidence, form unique",pot-housey,POTHOUSEY,9,adjective,1872,1872,printed date range,derivative,0,,,Suggestive of or appropriate to a pothouse. Cf…,0,,http://www.oed.com/dictionary/pot-housey_adj
"1 - single year of evidence, form unique",potpanion,POTPANION,9,noun,c1565,1565,printed date range,shortening,0,,,A drinking companion.,0,,http://www.oed.com/dictionary/potpanion_n
"1 - single year of evidence, form unique",pot-tipped,POTTIPPED,9,adjective,1638,1638,printed date range,compound,0,,sciences/medicine/pathology,"Of the nose, reddened at the tip by drinking.",0,,http://www.oed.com/dictionary/pot-tipped_adj
"1 - single year of evidence, form unique",prayering,PRAYERING,9,noun,1828,1828,printed date range,derivative,0,,,The act of saying prayers; praying.,0,,http://www.oed.com/dictionary/prayering_n
"1 - single year of evidence, form unique",pregustic,PREGUSTIC,9,noun,1694,1694,printed date range,derivative,0,,,"= pregustator, n.",0,,http://www.oed.com/dictionary/pregustic_n
"1 - single year of evidence, form unique",prideling,PRIDELING,9,noun,1825,1825,printed date range,derivative,0,,,A proud young person.,0,,http://www.oed.com/dictionary/prideling_n
"1 - single year of evidence, form unique",primosity,PRIMOSITY,9,noun,?a1806,1806,printed date range,derivative,0,humorous,,Primness.,0,,http://www.oed.com/dictionary/primosity_n
"1 - single year of evidence, form unique",procurish,PROCURISH,9,adjective,1687,1687,printed date range,derivative,0,,,Like a procuress.,0,,http://www.oed.com/dictionary/procurish_adj
"1 - single year of evidence, form unique",proflated,PROFLATED,9,adjective,1816,1816,printed date range,borrowing,0,,,Of the cheeks or mouth: puffed up with air.,0,,http://www.oed.com/dictionary/proflated_adj
"1 - single year of evidence, form unique",psilology,PSILOLOGY,9,noun,a1834,1834,printed date range,variant,0,,,"Vacuous chatter, mere talk.",0,,http://www.oed.com/dictionary/psilology_n
"1 - single year of evidence, form unique",puellular,PUELLULAR,9,adjective,1861,1861,printed date range,borrowing,0,,,"= puellile, adj.",0,,http://www.oed.com/dictionary/puellular_adj
"1 - single year of evidence, form unique",pulpitary,PULPITARY,9,adjective,1784,1784,printed date range,derivative,0,,religion and belief/religion/Christianity,"= pulpitical, adj.",0,,http://www.oed.com/dictionary/pulpitary_adj
"1 - single year of evidence, form unique",punkettee,PUNKETTEE,9,noun,1612,1612,printed date range,derivative,0,,,"A young prostitute. Cf. punketto, n.¹",0,,http://www.oed.com/dictionary/punkettee_n
"1 - single year of evidence, form unique",pyrurgian,PYRURGIAN,9,noun,1684,1684,printed date range,compound,0,,sciences/medicine,"A physician who uses, or specializes in the use…",0,,http://www.oed.com/dictionary/pyrurgian_n
"1 - single year of evidence, form unique",rascaless,RASCALESS,9,noun,1747,1747,printed date range,derivative,0,,,A female rascal.,0,,http://www.oed.com/dictionary/rascaless_n
"1 - single year of evidence, form unique",readmiral,READMIRAL,9,verb,1599,1599,printed date range,derivative,0,,transport/nautical/navy,transitive. To make (a person) an admiral again.,0,,http://www.oed.com/dictionary/readmiral_v
"1 - single year of evidence, form unique",regatting,REGATTING,9,noun,1843,1843,printed date range,derivative,0,,,Participation in a regatta or regattas.,0,,http://www.oed.com/dictionary/regatting_n
"1 - single year of evidence, form unique",repaganic,REPAGANIC,9,adjective,1701,1701,printed date range,derivative,0,,,Displaying characteristics of a renewed paganization.,0,,http://www.oed.com/dictionary/repaganic_adj
"1 - single year of evidence, form unique",reservery,RESERVERY,9,noun,1878,1878,printed date range,derivative,0,,military,The occupation of serving as a reservist.,0,,http://www.oed.com/dictionary/reservery_n
"1 - single year of evidence, form unique",romancity,ROMANCITY,9,noun,1828,1828,printed date range,derivative,0,,,A romantic quality or characteristic.,0,,http://www.oed.com/dictionary/romancity_n
"1 - single year of evidence, form unique",sacerdote,SACERDOTE,9,noun,1685,1685,printed date range,borrowing,0,,religion and belief/religion,A priest.,0,,http://www.oed.com/dictionary/sacerdote_n
"1 - single year of evidence, form unique",Saracenly,SARACENLY,9,adverb,1596,1596,printed date range,derivative,0,,,In a barbarous or cruelly harsh manner.,0,,http://www.oed.com/dictionary/saracenly_adv
"1 - single year of evidence, form unique",scalptize,SCALPTIZE,9,verb,1708,1708,printed date range,borrowing,0,humorous,sciences/medicine,transitive. To scratch.,0,,http://www.oed.com/dictionary/scalptize_v
"1 - single year of evidence, form unique",sceptrous,SCEPTROUS,9,adjective,1822,1822,printed date range,derivative,0,,,Of the nature of a sceptre.,0,,http://www.oed.com/dictionary/sceptrous_adj
"1 - single year of evidence, form unique",sell-truth,SELLTRUTH,9,noun,1682,1682,printed date range,compound,0,,,A person willing to deny or ignore the truth for…,0,,http://www.oed.com/dictionary/sell-truth_n
"1 - single year of evidence, form unique",shavester,SHAVESTER,9,noun,1620,1620,printed date range,derivative,0,,crafts and trades/hairdressing,A barber.,0,,http://www.oed.com/dictionary/shavester_n
"1 - single year of evidence, form unique",short livy,SHORTLIVY,9,adjective,a1325,1325,printed date range,derivative,0,,,Short-lived.,0,,http://www.oed.com/dictionary/short-livy_adj
"1 - single year of evidence, form unique",sing-alone,SINGALONE,9,noun,1691,1691,printed date range,compound,0,,arts/performing arts/music,A solo singer.,0,,http://www.oed.com/dictionary/sing-alone_n
"1 - single year of evidence, form unique",step-Tully,STEPTULLY,9,noun,1593,1593,printed date range,,0,,,A person who attempts (but fails) to write like…,0,,http://www.oed.com/dictionary/step-tully_n
"1 - single year of evidence, form unique",stoop-frog,STOOPFROG,9,noun,1589,1589,printed date range,compound,0,,,An oppressor of frogs (the King Stork of the fable).,0,,http://www.oed.com/dictionary/stoop-frog_n
"1 - single year of evidence, form unique",subrisory,SUBRISORY,9,adjective,1861,1861,printed date range,borrowing,0,,,Characterized by a smiling playfulness; amusing.,0,,http://www.oed.com/dictionary/subrisory_adj
"1 - single year of evidence, form unique",subvirate,SUBVIRATE,9,noun,1861,1861,printed date range,borrowing,0,humorous,,A class of men who are weaker and less manly than…,0,,http://www.oed.com/dictionary/subvirate_n
"1 - single year of evidence, form unique",surpassed,SURPASSED,9,adjective,1725,1725,printed date range,derivative,0,,,Bygone.,0,,http://www.oed.com/dictionary/surpassed_adj
"1 - single year of evidence, form unique",thinkache,THINKACHE,9,noun,1892,1892,printed date range,compound,0,,,"A painful thought, an instance of mental suffering.",0,,http://www.oed.com/dictionary/thinkache_n
"1 - single year of evidence, form unique",tomboyade,TOMBOYADE,9,noun,1886,1886,printed date range,derivative,0,,,An escapade typical of or appropriate to a tomboy.,0,,http://www.oed.com/dictionary/tomboyade_n
"1 - single year of evidence, form unique",tother-day,TOTHERDAY,9,adjective,1662,1662,printed date range,compound,0,,,"(See tother, pron. II.6c), that happened or…",0,,http://www.oed.com/dictionary/tother-day_adj
"1 - single year of evidence, form unique",totilater,TOTILATER,9,noun,1629,1629,printed date range,borrowing,0,,sciences/mathematics/geometry,"A figure that is ‘all side’, or consists of an…",0,,http://www.oed.com/dictionary/totilater_n
"1 - single year of evidence, form unique",transtime,TRANSTIME,9,verb,1647,1647,printed date range,derivative,0,,,transitive. To change as to time.,0,,http://www.oed.com/dictionary/transtime_v
"1 - single year of evidence, form unique",travature,TRAVATURE,9,noun,1730,1730,printed date range,borrowing,0,,manufacturing and industry/building,"A joist. Cf. trave, n. 2.",0,,http://www.oed.com/dictionary/travature_n
"1 - single year of evidence, form unique",tunic-hood,TUNICHOOD,9,noun,1858,1858,printed date range,derivative,0,,,The fact of being a person who wears a tunic.,0,,http://www.oed.com/dictionary/tunic-hood_n
"1 - single year of evidence, form unique",Turkisher,TURKISHER,9,noun,1607,1607,printed date range,derivative,0,,,A Turk.,0,,http://www.oed.com/dictionary/turkisher_n
"1 - single year of evidence, form unique",tympanied,TYMPANIED,9,adjective,1637,1637,printed date range,derivative,0,,,"Inflated as with a tympany, puffed up.",0,,http://www.oed.com/dictionary/tympanied_adj
"1 - single year of evidence, form unique",unpaidish,UNPAIDISH,9,adjective,1829,1829,printed date range,derivative,0,,,Characteristic of the Great Unpaid.,0,,http://www.oed.com/dictionary/unpaidish_adj
"1 - single year of evidence, form unique",upperplus,UPPERPLUS,9,noun,1578,1578,printed date range,variant,0,,,"Surplus, balance.",0,,http://www.oed.com/dictionary/upperplus_n
"1 - single year of evidence, form unique",ventilary,VENTILARY,9,adjective,1683,1683,printed date range,borrowing,0,,sciences/physical sciences/earth sciences/geography/weather,Due to or caused by wind.,0,,http://www.oed.com/dictionary/ventilary_adj
"1 - single year of evidence, form unique",volantier,VOLANTIER,9,noun,1791,1791,printed date range,derivative,0,,,"The driver of a volante (volante, n.).",0,,http://www.oed.com/dictionary/volantier_n
"1 - single year of evidence, form unique",wafer-wall,WAFERWALL,9,noun,1620,1620,printed date range,compound,0,,,A wall flimsy as a wafer.,0,,http://www.oed.com/dictionary/wafer-wall_n
"1 - single year of evidence, form unique",warliness,WARLINESS,9,noun,1605,1605,printed date range,derivative,0,,military,Warlike disposition; courage in war.,0,,http://www.oed.com/dictionary/warliness_n
"1 - single year of evidence, form unique",watch hour,WATCHHOUR,9,noun,?a1534,1534,printed date range,compound,0,,,"The hour for sounding the watch (cf. watch, n. I.4).",0,,http://www.oed.com/dictionary/watch-hour_n
"1 - single year of evidence, form unique",watchment,WATCHMENT,9,noun,1740,1740,printed date range,derivative,0,,,An instance of keeping watch.,0,,http://www.oed.com/dictionary/watchment_n
"1 - single year of evidence, form unique",watch-nick,WATCHNICK,9,noun,1897,1897,printed date range,compound,0,,,A minuscule saw made from a watch-spring.,0,,http://www.oed.com/dictionary/watch-nick_n
"1 - single year of evidence, form unique",water-want,WATERWANT,9,adjective,1605,1605,printed date range,compound,0,,,That can endure shortage of water.,0,,http://www.oed.com/dictionary/water-want_adj
"1 - single year of evidence, form unique",weedy-slow,WEEDYSLOW,9,adverb,1921,1921,printed date range,compound,0,poetic and literary,,Extremely slowly.,0,,http://www.oed.com/dictionary/weedy-slow_adv
"1 - single year of evidence, form unique",whip-broth,WHIPBROTH,9,noun,1615,1615,printed date range,compound,0,humorous,,"A ‘taste of the whip’, a flogging.",0,,http://www.oed.com/dictionary/whip-broth_n
"1 - single year of evidence, form unique",whore-call,WHORECALL,9,noun,a1692,1692,printed date range,compound,0,humorous,,Something whose sound is liable to attract…,0,,http://www.oed.com/dictionary/whore-call_n
"1 - single year of evidence, form unique",whore toll,WHORETOLL,9,noun,1545,1545,printed date range,compound,0,,"economics and commerce, religion and belief/religion",A sum of money paid by priests for committing…,0,,http://www.oed.com/dictionary/whore-toll_n
"1 - single year of evidence, form unique",will-do-all,WILLDOALL,9,noun,1583,1583,printed date range,compound,0,,economics and commerce,Money.,0,,http://www.oed.com/dictionary/will-do-all_n
"1 - single year of evidence, form unique",with-child,WITHCHILD,9,verb,1605,1605,printed date range,compound,0,,sciences/medicine/physiology,"transitive. To ‘get with child’, make pregnant.",0,,http://www.oed.com/dictionary/with-child_v
"1 - single year of evidence, form unique",woman bond,WOMANBOND,9,noun,1675,1675,printed date range,compound,0,,,"= bondwoman, n.",0,,http://www.oed.com/dictionary/woman-bond_n
"1 - single year of evidence, form unique",writinger,WRITINGER,9,noun,1867,1867,printed date range,derivative,0,,arts/decorative arts/handwriting and calligraphy,An expert or specialist in handwriting.,0,,http://www.oed.com/dictionary/writinger_n
"1 - single year of evidence, form unique",yearnling,YEARNLING,9,noun,1829,1829,printed date range,derivative,0,,,A young child over which one yearns.,0,,http://www.oed.com/dictionary/yearnling_n
"1 - single year of evidence, form unique",a-Christism,ACHRISTISM,10,noun,1692,1692,printed date range,derivative,0,,religion and belief/religion/Christianity,Disbelief in the divinity of Jesus Christ.,0,,http://www.oed.com/dictionary/a-christism_n
"1 - single year of evidence, form unique",angel-proof,ANGELPROOF,10,noun,1607,1607,printed date range,compound,0,,manufacturing and industry/manufacturing/metal industry,(With reference to gold) purity of the standard…,0,,http://www.oed.com/dictionary/angel-proof_n
"1 - single year of evidence, form unique",anti-monyan,ANTIMONYAN,10,adjective,1683,1683,printed date range,derivative,0,,politics/parliament,Designating the principle that the lending of…,0,,http://www.oed.com/dictionary/anti-monyan_adj
"1 - single year of evidence, form unique",bablatrice,BABLATRICE,10,noun,1595,1595,printed date range,derivative,0,,,Perhaps: a female babbler.,0,,http://www.oed.com/dictionary/bablatrice_n
"1 - single year of evidence, form unique",babliaminy,BABLIAMINY,10,noun,1608,1608,printed date range,compound,0,,,A babbler.,0,,http://www.oed.com/dictionary/babliaminy_n
"1 - single year of evidence, form unique",balladling,BALLADLING,10,noun,1798,1798,printed date range,derivative,0,,arts/performing arts/music,A little ballad.,0,,http://www.oed.com/dictionary/balladling_n
"1 - single year of evidence, form unique",bone-baster,BONEBASTER,10,noun,1600,1600,printed date range,compound,0,,military/weaponry,"(A name for) a heavy stick or cudgel; cf. baster, n.²",0,,http://www.oed.com/dictionary/bone-baster_n
"1 - single year of evidence, form unique",break hedge,BREAKHEDGE,10,noun,1573,1573,printed date range,compound,0,,law,A trespasser.,0,,http://www.oed.com/dictionary/break-hedge_n
"1 - single year of evidence, form unique",burgullian,BURGULLIAN,10,noun,1601,1601,printed date range,uncertain,0,,,"A braggadocio, bully.",0,,http://www.oed.com/dictionary/burgullian_n
"1 - single year of evidence, form unique",carrionere,CARRIONERE,10,noun,1648,1648,printed date range,derivative,0,,,"A holder or dispenser of carrion, or of that…",0,,http://www.oed.com/dictionary/carrionere_n
"1 - single year of evidence, form unique",centiplume,CENTIPLUME,10,adjective,1874,1874,printed date range,compound,0,,,Having a hundred feathers or plumes.,0,,http://www.oed.com/dictionary/centiplume_adj
"1 - single year of evidence, form unique",Christ-dust,CHRISTDUST,10,noun,1881,1881,printed date range,compound,0,colloquial and slang,,Flour.,0,,http://www.oed.com/dictionary/christ-dust_n
"1 - single year of evidence, form unique",clubbatier,CLUBBATIER,10,noun,1680,1680,printed date range,compound,0,,military,A man armed with a club or cudgel.,0,,http://www.oed.com/dictionary/clubbatier_n
"1 - single year of evidence, form unique",coach-match,COACHMATCH,10,noun,1647,1647,printed date range,compound,0,,sport and leisure/sport,A chariot race.,0,,http://www.oed.com/dictionary/coach-match_n
"1 - single year of evidence, form unique",consisture,CONSISTURE,10,noun,1706,1706,printed date range,derivative,0,,,Consistency; degree of firmness or density.,0,,http://www.oed.com/dictionary/consisture_n
"1 - single year of evidence, form unique",convenisse,CONVENISSE,10,noun,1661,1661,printed date range,borrowing,0,,law,A written agreement; a contract or covenant.,0,,http://www.oed.com/dictionary/convenisse_n
"1 - single year of evidence, form unique",cordiloquy,CORDILOQUY,10,noun,1642,1642,printed date range,borrowing,0,,,The action or practice of speaking from the heart.,0,,http://www.oed.com/dictionary/cordiloquy_n
"1 - single year of evidence, form unique",correctify,CORRECTIFY,10,verb,1637,1637,printed date range,borrowing,0,,,"transitive. To correct, set right.",0,,http://www.oed.com/dictionary/correctify_v
"1 - single year of evidence, form unique",court chair,COURTCHAIR,10,noun,1619,1619,printed date range,compound,0,,,A chair or seat inlaid with ivory and shaped like…,0,,http://www.oed.com/dictionary/court-chair_n
"1 - single year of evidence, form unique",crack-groat,CRACKGROAT,10,noun,1666,1666,printed date range,compound,0,,,A damaged groat; a coin of very little value. Cf…,0,,http://www.oed.com/dictionary/crack-groat_n
"1 - single year of evidence, form unique",cupiscence,CUPISCENCE,10,noun,1647,1647,printed date range,shortening,0,,,"= concupiscence, n.",0,,http://www.oed.com/dictionary/cupiscence_n
"1 - single year of evidence, form unique",decheerful,DECHEERFUL,10,adjective,1608,1608,printed date range,derivative,0,,,"Void of cheerfulness, melancholy.",0,,http://www.oed.com/dictionary/decheerful_adj
"1 - single year of evidence, form unique",demulceate,DEMULCEATE,10,verb,1817,1817,printed date range,borrowing,0,,,"= demulce, v.",0,,http://www.oed.com/dictionary/demulceate_v
"1 - single year of evidence, form unique",diabologue,DIABOLOGUE,10,noun,a1713,1713,printed date range,borrowing,0,,arts/literature,A literary work in the form of a dialogue and…,0,,http://www.oed.com/dictionary/diabologue_n
"1 - single year of evidence, form unique",dictioneer,DICTIONEER,10,noun,1848,1848,printed date range,derivative,0,disparaging,,A self-appointed critic of diction.,0,,http://www.oed.com/dictionary/dictioneer_n
"1 - single year of evidence, form unique",disbrother,DISBROTHER,10,verb,1622,1622,printed date range,derivative,0,,,transitive. To undo the brotherhood of; to make…,0,,http://www.oed.com/dictionary/disbrother_v
"1 - single year of evidence, form unique",diskingdom,DISKINGDOM,10,verb,1596,1596,printed date range,derivative,0,,,transitive. To expel from or deprive of the kingdom.,0,,http://www.oed.com/dictionary/diskingdom_v
"1 - single year of evidence, form unique",disroyalty,DISROYALTY,10,noun,1630,1630,printed date range,derivative,0,,,Undoing of royal dignity.,0,,http://www.oed.com/dictionary/disroyalty_n
"1 - single year of evidence, form unique",dissociety,DISSOCIETY,10,noun,1602,1602,printed date range,derivative,0,,,The opposite of companionship; mutual aversion.,0,,http://www.oed.com/dictionary/dissociety_n
"1 - single year of evidence, form unique",distainted,DISTAINTED,10,adjective,1599,1599,printed date range,derivative,0,,sciences/medicine/pathology,"Infected, corrupted.",0,,http://www.oed.com/dictionary/distainted_adj
"1 - single year of evidence, form unique",dripplekie,DRIPPLEKIE,10,noun,1662,1662,printed date range,borrowing,0,,,"A very small drop, a driblet.",0,,http://www.oed.com/dictionary/dripplekie_n
"1 - single year of evidence, form unique",dunghillry,DUNGHILLRY,10,noun,1581,1581,printed date range,derivative,0,,,Base or despicable condition or behaviour.,0,,http://www.oed.com/dictionary/dunghillry_n
"1 - single year of evidence, form unique",economicar,ECONOMICAR,10,noun,1523,1523,printed date range,borrowing,0,,,A writer or authority on household management…,0,,http://www.oed.com/dictionary/economicar_n
"1 - single year of evidence, form unique",eleventeen,ELEVENTEEN,10,noun,a1700,1700,printed date range,compound,0,,,Twenty-one.,0,,http://www.oed.com/dictionary/eleventeen_n
"1 - single year of evidence, form unique",empusaland,EMPUSALAND,10,noun,1799,1799,printed date range,compound,0,,,An imaginary land or world inhabited by empusas…,0,,http://www.oed.com/dictionary/empusaland_n
"1 - single year of evidence, form unique",etceteraze,ETCETERAZE,10,verb,1831,1831,printed date range,derivative,0,,,intransitive. To do a number of (unspecified) things.,0,,http://www.oed.com/dictionary/etceteraze_v
"1 - single year of evidence, form unique",flapdragon,FLAPDRAGON,10,verb,a1616,1616,printed date range,,0,,,(transitive) to swallow as one would a flap-dragon.,0,,http://www.oed.com/dictionary/flapdragon_v
"1 - single year of evidence, form unique",fomblitude,FOMBLITUDE,10,noun,1583,1583,printed date range,derivative,0,,,A poor comparison.,0,,http://www.oed.com/dictionary/fomblitude_n
"1 - single year of evidence, form unique",fool-begged,FOOLBEGGED,10,adjective,a1616,1616,printed date range,compound,0,,,"Foolish, ridiculous; cf. to beg (a person) for a…",0,,http://www.oed.com/dictionary/fool-begged_adj
"1 - single year of evidence, form unique",frog-pecker,FROGPECKER,10,noun,1825,1825,printed date range,compound,0,,sciences/life sciences/animals/birds,A heron.,0,,http://www.oed.com/dictionary/frog-pecker_n
"1 - single year of evidence, form unique",funipotent,FUNIPOTENT,10,adjective,1880,1880,printed date range,borrowing,0,,,That plays tricks with ropes.,0,,http://www.oed.com/dictionary/funipotent_adj
"1 - single year of evidence, form unique",gallantify,GALLANTIFY,10,verb,1672,1672,printed date range,derivative,0,,,transitive (in passive). To be beaten or thrashed…,0,,http://www.oed.com/dictionary/gallantify_v
"1 - single year of evidence, form unique",gallanture,GALLANTURE,10,noun,a1683,1683,printed date range,derivative,0,,,Behaviour characteristic of a gallant (gallant…,0,,http://www.oed.com/dictionary/gallanture_n
"1 - single year of evidence, form unique",game-battle,GAMEBATTLE,10,noun,1826,1826,printed date range,compound,0,,,A tussle with poachers.,0,,http://www.oed.com/dictionary/game-battle_n
"1 - single year of evidence, form unique",gausapinal,GAUSAPINAL,10,adjective,1652,1652,printed date range,derivative,0,,,Made of frieze.,0,,http://www.oed.com/dictionary/gausapinal_adj
"1 - single year of evidence, form unique",graciosoly,GRACIOSOLY,10,adverb,1879,1879,printed date range,derivative,0,,,"In the manner of a clown or gracioso (gracioso, n. 2).",0,,http://www.oed.com/dictionary/graciosoly_adv
"1 - single year of evidence, form unique",grievement,GRIEVEMENT,10,noun,1708,1708,printed date range,derivative,0,,sciences/medicine,"A hurt, injury.",0,,http://www.oed.com/dictionary/grievement_n
"1 - single year of evidence, form unique",grocer-wise,GROCERWISE,10,adverb,1897,1897,printed date range,derivative,0,,,In the manner of a grocer.,0,,http://www.oed.com/dictionary/grocer-wise_adv
"1 - single year of evidence, form unique",gun-sleeved,GUNSLEEVED,10,adjective,1782,1782,printed date range,compound,0,,crafts and trades/costume,(Of a garment) having gun-shaped sleeves.,0,,http://www.oed.com/dictionary/gun-sleeved_adj
"1 - single year of evidence, form unique",heel lifter,HEELLIFTER,10,noun,1583,1583,printed date range,compound,0,,,"A fugitive, a runaway.",0,,http://www.oed.com/dictionary/heel-lifter_n
"1 - single year of evidence, form unique",hurry-curry,HURRYCURRY,10,noun,1599,1599,printed date range,compound,0,,,? A swift car or curricle.,0,,http://www.oed.com/dictionary/hurry-curry_n
"1 - single year of evidence, form unique",incisioner,INCISIONER,10,noun,1602,1602,printed date range,derivative,0,,sciences/medicine/surgery,"One who makes incisions, a surgeon.",0,,http://www.oed.com/dictionary/incisioner_n
"1 - single year of evidence, form unique",induratize,INDURATIZE,10,verb,1598,1598,printed date range,derivative,0,,,transitive. To harden (the heart).,0,,http://www.oed.com/dictionary/induratize_v
"1 - single year of evidence, form unique",injusticer,INJUSTICER,10,noun,a1618,1618,printed date range,derivative,0,,,An agent or officer of injustice.,0,,http://www.oed.com/dictionary/injusticer_n
"1 - single year of evidence, form unique",intolerate,INTOLERATE,10,verb,1767,1767,printed date range,derivative,0,,,transitive. Not to tolerate; to treat with intolerance.,0,,http://www.oed.com/dictionary/intolerate_v
"1 - single year of evidence, form unique",jewel-proof,JEWELPROOF,10,adjective,a1625,1625,printed date range,compound,0,,,Able to resist the attraction of jewels.,0,,http://www.oed.com/dictionary/jewel-proof_adj
"1 - single year of evidence, form unique",kabbalizer,KABBALIZER,10,noun,1593,1593,printed date range,derivative,0,,religion and belief/religion/Judaism,A person who interprets texts or events in…,0,,http://www.oed.com/dictionary/kabbalizer_n
"1 - single year of evidence, form unique",Kaffirhood,KAFFIRHOOD,10,noun,1877,1877,printed date range,derivative,0,offensive,,Obsolete. offensive. The state or condition of being a Xhosa.,0,,http://www.oed.com/dictionary/kaffirhood_n
"1 - single year of evidence, form unique",kyvar-knaue,KYVARKNAUE,10,adjective,1563,1563,printed date range,compound,0,,,"= Cover-knave, that covers a knave.",0,,http://www.oed.com/dictionary/kyvar-knaue_adj
"1 - single year of evidence, form unique",lobsterize,LOBSTERIZE,10,verb,1606,1606,printed date range,derivative,0,,,"intransitive. To move backwards, as a lobster is…",0,,http://www.oed.com/dictionary/lobsterize_v
"1 - single year of evidence, form unique",loggership,LOGGERSHIP,10,noun,1634,1634,printed date range,derivative,0,,,Used as a derisive title for a sluggard.,0,,http://www.oed.com/dictionary/loggership_n
"1 - single year of evidence, form unique",long-little,LONGLITTLE,10,noun,1653,1653,printed date range,compound,0,,,A long discussion that has little substance.,0,,http://www.oed.com/dictionary/long-little_n
"1 - single year of evidence, form unique",long-straws,LONGSTRAWS,10,noun,1835,1835,printed date range,compound,0,,sport and leisure/games,The action or game of drawing straws in order to…,0,,http://www.oed.com/dictionary/long-straws_n
"1 - single year of evidence, form unique",long-yarned,LONGYARNED,10,adjective,1616,1616,printed date range,compound,0,,,(Of life) very or excessively long.,0,,http://www.oed.com/dictionary/long-yarned_adj
"1 - single year of evidence, form unique",Lucifering,LUCIFERING,10,adjective,1596,1596,printed date range,derivative,0,,,Acting the part of Lucifer.,0,,http://www.oed.com/dictionary/lucifering_adj
"1 - single year of evidence, form unique",magazinary,MAGAZINARY,10,noun,1825,1825,printed date range,derivative,0,,manufacturing and industry/publishing and the book trade/journalism,The office or place of production of a magazine.,0,,http://www.oed.com/dictionary/magazinary_n
"1 - single year of evidence, form unique",maidenless,MAIDENLESS,10,adjective,a1603,1603,printed date range,derivative,0,,,Not truly chaste.,0,,http://www.oed.com/dictionary/maidenless_adj
"1 - single year of evidence, form unique",male-fidian,MALEFIDIAN,10,noun,1659,1659,printed date range,borrowing,0,,religion and belief/religion,A misbeliever.,0,,http://www.oed.com/dictionary/male-fidian_n
"1 - single year of evidence, form unique",manusculpt,MANUSCULPT,10,noun,a1859,1859,printed date range,borrowing,0,,arts/visual arts/engraving and etching,An inscription carved or engraved by hand.,0,,http://www.oed.com/dictionary/manusculpt_n
"1 - single year of evidence, form unique",marginalic,MARGINALIC,10,adjective,a1849,1849,printed date range,derivative,0,,,Suggestive or reminiscent of marginalia.,0,,http://www.oed.com/dictionary/marginalic_adj
"1 - single year of evidence, form unique",mastiff day,MASTIFFDAY,10,noun,1781,1781,printed date range,compound,0,,,A very hot day.,0,,http://www.oed.com/dictionary/mastiff-day_n
"1 - single year of evidence, form unique",Messianize,MESSIANIZE,10,verb,1877,1877,printed date range,derivative,0,,religion and belief/religion/Christianity,transitive. To imbue with a Messianic character.,0,,http://www.oed.com/dictionary/messianize_v
"1 - single year of evidence, form unique",messmatism,MESSMATISM,10,noun,1886,1886,printed date range,derivative,0,,sciences/life sciences/ecology,"= commensalism, n.",0,,http://www.oed.com/dictionary/messmatism_n
"1 - single year of evidence, form unique",meteorette,METEORETTE,10,noun,1876,1876,printed date range,derivative,0,,sciences/physical sciences/astronomy,A small shooting star.,0,,http://www.oed.com/dictionary/meteorette_n
"1 - single year of evidence, form unique",mid-noctial,MIDNOCTIAL,10,adjective,1593,1593,printed date range,compound,0,,,Belonging or relating to midnight.,0,,http://www.oed.com/dictionary/mid-noctial_adj
"1 - single year of evidence, form unique",miniminess,MINIMINESS,10,noun,a1626,1626,printed date range,borrowing,0,,,The condition of being very small or insignificant.,0,,http://www.oed.com/dictionary/miniminess_n
"1 - single year of evidence, form unique",mint-phrase,MINTPHRASE,10,noun,1631,1631,printed date range,compound,0,,language/linguistics,A newly coined phrase.,0,,http://www.oed.com/dictionary/mint-phrase_n
"1 - single year of evidence, form unique",minute jack,MINUTEJACK,10,noun,a1616,1616,printed date range,compound,0,,,A fickle or changeable person.,0,,http://www.oed.com/dictionary/minute-jack_n
"1 - single year of evidence, form unique",misdateful,MISDATEFUL,10,adjective,1862,1862,printed date range,derivative,0,,,Prone to misdating; full of misdatings.,0,,http://www.oed.com/dictionary/misdateful_adj
"1 - single year of evidence, form unique",mob-cappish,MOBCAPPISH,10,adjective,1828,1828,printed date range,derivative,0,,crafts and trades/costume,"Dowdy, frumpish.",0,,http://www.oed.com/dictionary/mob-cappish_adj
"1 - single year of evidence, form unique",mobilarity,MOBILARITY,10,noun,1766,1766,printed date range,derivative,0,,,"The fact or condition of being favoured, admired…",0,,http://www.oed.com/dictionary/mobilarity_n
"1 - single year of evidence, form unique",Molochship,MOLOCHSHIP,10,noun,1661,1661,printed date range,derivative,0,,,A mock title for a cruel or ruthless person.,0,,http://www.oed.com/dictionary/molochship_n
"1 - single year of evidence, form unique",mongrelity,MONGRELITY,10,noun,1859,1859,printed date range,derivative,0,,,"= mongrelism, n.",0,,http://www.oed.com/dictionary/mongrelity_n
"1 - single year of evidence, form unique",monocolous,MONOCOLOUS,10,adjective,1798,1798,printed date range,borrowing,0,,,One-legged.,0,,http://www.oed.com/dictionary/monocolous_adj
"1 - single year of evidence, form unique",mortmainer,MORTMAINER,10,noun,1808,1808,printed date range,derivative,0,,,A person who holds a mortmain. In quot…,0,,http://www.oed.com/dictionary/mortmainer_n
"1 - single year of evidence, form unique",musomastix,MUSOMASTIX,10,noun,1586,1586,printed date range,borrowing,0,,,An enemy of the Muses.,0,,http://www.oed.com/dictionary/musomastix_n
"1 - single year of evidence, form unique",muttonship,MUTTONSHIP,10,noun,1632,1632,printed date range,derivative,0,derogatory,,derogatory. Obsolete. A mock title of respect for…,0,,http://www.oed.com/dictionary/muttonship_n
"1 - single year of evidence, form unique",mynheerify,MYNHEERIFY,10,verb,1804,1804,printed date range,derivative,0,,,intransitive. To study Dutch.,0,,http://www.oed.com/dictionary/mynheerify_v
"1 - single year of evidence, form unique",mythometer,MYTHOMETER,10,noun,1890,1890,printed date range,compound,0,,,A supposed system or standard for judging myths.,0,,http://www.oed.com/dictionary/mythometer_n
"1 - single year of evidence, form unique",nankeening,NANKEENING,10,noun,1830,1830,printed date range,derivative,0,,crafts and trades/textiles,"A type of cloth; = nankeen, n. A.I.1a.",0,,http://www.oed.com/dictionary/nankeening_n
"1 - single year of evidence, form unique",night-eater,NIGHTEATER,10,noun,1626,1626,printed date range,compound,0,,sciences/life sciences/animals/invertebrates/insects,A flea.,0,,http://www.oed.com/dictionary/night-eater_n
"1 - single year of evidence, form unique",nimble-tail,NIMBLETAIL,10,noun,a1661,1661,printed date range,,0,,sciences/life sciences/animals/fish,A fish mentioned by Juvenal (perhaps a kind of…,0,,http://www.oed.com/dictionary/nimble-tail_n
"1 - single year of evidence, form unique",noforsooth,NOFORSOOTH,10,verb,a1644,1644,printed date range,compound,0,,,transitive. To waste or squander away (one's…,0,,http://www.oed.com/dictionary/noforsooth_v
"1 - single year of evidence, form unique",not wellish,NOTWELLISH,10,adjective,1737,1737,printed date range,derivative,0,,sciences/medicine,Somewhat unwell.,0,,http://www.oed.com/dictionary/not-wellish_adj
"1 - single year of evidence, form unique",occasionet,OCCASIONET,10,noun,1593,1593,printed date range,derivative,0,,,A small occasion.,0,,http://www.oed.com/dictionary/occasionet_n
"1 - single year of evidence, form unique",Octoberist,OCTOBERIST,10,noun,a1797,1797,printed date range,derivative,0,,politics,Perhaps: a person whose views or actions are…,0,,http://www.oed.com/dictionary/octoberist_n
"1 - single year of evidence, form unique",officerage,OFFICERAGE,10,noun,1841,1841,printed date range,derivative,0,,,The services of an officer or official.,0,,http://www.oed.com/dictionary/officerage_n
"1 - single year of evidence, form unique",offivorous,OFFIVOROUS,10,adjective,1713,1713,printed date range,compound,0,,,Offal-eating.,0,,http://www.oed.com/dictionary/offivorous_adj
"1 - single year of evidence, form unique",ollapodism,OLLAPODISM,10,noun,1837,1837,printed date range,derivative,0,,,A sentence made up of various languages.,0,,http://www.oed.com/dictionary/ollapodism_n
"1 - single year of evidence, form unique",omnitooled,OMNITOOLED,10,adjective,1851,1851,printed date range,compound,0,,,Possessing many tools.,0,,http://www.oed.com/dictionary/omnitooled_adj
"1 - single year of evidence, form unique",omnivorant,OMNIVORANT,10,adjective,1852,1852,printed date range,borrowing,0,,,"All-devouring, omnivorous.",0,,http://www.oed.com/dictionary/omnivorant_adj
"1 - single year of evidence, form unique",omophagean,OMOPHAGEAN,10,adjective,1856,1856,printed date range,borrowing,0,,,Relating to the eating of raw food.,0,,http://www.oed.com/dictionary/omophagean_adj
"1 - single year of evidence, form unique",one-Goddite,ONEGODDITE,10,noun,1831,1831,printed date range,compound,0,humorous,religion and belief/religion,A monotheist.,0,,http://www.oed.com/dictionary/one-goddite_n
"1 - single year of evidence, form unique",onomamania,ONOMAMANIA,10,noun,1854,1854,printed date range,borrowing,0,,sciences/medicine/psychology/psychiatry,An obsession or craze about a name or names.,0,,http://www.oed.com/dictionary/onomamania_n
"1 - single year of evidence, form unique",opium-smoke,OPIUMSMOKE,10,verb,1870,1870,printed date range,compound,0,,drug use,transitive to bring into a specified condition by…,0,,http://www.oed.com/dictionary/opium-smoke_v
"1 - single year of evidence, form unique",Orangizing,ORANGIZING,10,noun,1839,1839,printed date range,derivative,0,,,The playing of the part of William of Orange…,0,,http://www.oed.com/dictionary/orangizing_n
"1 - single year of evidence, form unique",orifacture,ORIFACTURE,10,noun,1673,1673,printed date range,borrowing,0,,,The action of making with the mouth.,0,,http://www.oed.com/dictionary/orifacture_n
"1 - single year of evidence, form unique",oudenology,OUDENOLOGY,10,noun,1838,1838,printed date range,borrowing,0,humorous,,"The science of nothing, or of things having no…",0,,http://www.oed.com/dictionary/oudenology_n
"1 - single year of evidence, form unique",over-office,OVEROFFICE,10,verb,a1616,1616,printed date range,derivative,0,,,transitive. To lord it over by virtue of one's…,0,,http://www.oed.com/dictionary/over-office_v
"1 - single year of evidence, form unique",Owlspiegle,OWLSPIEGLE,10,verb,1830,1830,printed date range,proper name,0,,arts,transitive. Scott's word for: to render like the…,0,,http://www.oed.com/dictionary/owlspiegle_v
"1 - single year of evidence, form unique",pack paunch,PACKPAUNCH,10,noun,1582,1582,printed date range,compound,0,,,"(Perhaps) a paunch like a pack, or a person with…",0,,http://www.oed.com/dictionary/pack-paunch_n
"1 - single year of evidence, form unique",padronancy,PADRONANCY,10,noun,1670,1670,printed date range,borrowing,0,,religion and belief/religion/Christianity/Roman Catholic Church,The office and duties of the prime minister of…,0,,http://www.oed.com/dictionary/padronancy_n
"1 - single year of evidence, form unique",padronship,PADRONSHIP,10,noun,1670,1670,printed date range,derivative,0,,religion and belief/religion,"= padronancy, n.",0,,http://www.oed.com/dictionary/padronship_n
"1 - single year of evidence, form unique",palatician,PALATICIAN,10,noun,1821,1821,printed date range,derivative,0,,,A person skilled in matters of the palate.,0,,http://www.oed.com/dictionary/palatician_n
"1 - single year of evidence, form unique",palaverist,PALAVERIST,10,noun,a1873,1873,printed date range,derivative,0,,,"= palaverer, n.",0,,http://www.oed.com/dictionary/palaverist_n
"1 - single year of evidence, form unique",panomphaic,PANOMPHAIC,10,adjective,1878,1878,printed date range,proper name,0,,consumables/drink,"= Panomphaean, adj. 3.",0,,http://www.oed.com/dictionary/panomphaic_adj
"1 - single year of evidence, form unique",panto-devil,PANTODEVIL,10,noun,1694,1694,printed date range,compound,0,,,A complete or entire devil.,0,,http://www.oed.com/dictionary/panto-devil_n
"1 - single year of evidence, form unique",paragogize,PARAGOGIZE,10,verb,1866,1866,printed date range,derivative,0,,language/linguistics/phonetics,transitive. To add as a final syllable.,0,,http://www.oed.com/dictionary/paragogize_v
"1 - single year of evidence, form unique",paratopism,PARATOPISM,10,noun,1851,1851,printed date range,borrowing,0,,,"The relating of an event, circumstance, etc., to…",0,,http://www.oed.com/dictionary/paratopism_n
"1 - single year of evidence, form unique",pedicurism,PEDICURISM,10,noun,1863,1863,printed date range,derivative,0,,sciences/medicine,The practice or art of giving pedicures.,0,,http://www.oed.com/dictionary/pedicurism_n
"1 - single year of evidence, form unique",pencillous,PENCILLOUS,10,adjective,1850,1850,printed date range,derivative,0,,,Resembling the form of a pencil; pencil-like.,0,,http://www.oed.com/dictionary/pencillous_adj
"1 - single year of evidence, form unique",penitissim,PENITISSIM,10,adjective,1652,1652,printed date range,borrowing,0,,,Innermost.,0,,http://www.oed.com/dictionary/penitissim_adj
"1 - single year of evidence, form unique",perantique,PERANTIQUE,10,adjective,1883,1883,printed date range,derivative,0,,,Very antique; ancient.,0,,http://www.oed.com/dictionary/perantique_adj
"1 - single year of evidence, form unique",perjurator,PERJURATOR,10,noun,1689,1689,printed date range,borrowing,0,,law,A perjurer.,0,,http://www.oed.com/dictionary/perjurator_n
"1 - single year of evidence, form unique",permirific,PERMIRIFIC,10,adjective,1868,1868,printed date range,borrowing,0,,,Very wonderful or marvellous.,0,,http://www.oed.com/dictionary/permirific_adj
"1 - single year of evidence, form unique",persuadend,PERSUADEND,10,noun,1865,1865,printed date range,borrowing,0,,,A person who is to be persuaded.,0,,http://www.oed.com/dictionary/persuadend_n
"1 - single year of evidence, form unique",philhymnic,PHILHYMNIC,10,adjective,1861,1861,printed date range,compound,0,,,Hymn-loving.,0,,http://www.oed.com/dictionary/philhymnic_adj
"1 - single year of evidence, form unique",philofelon,PHILOFELON,10,adjective,1831,1831,printed date range,compound,0,,,Criminal-loving.,0,,http://www.oed.com/dictionary/philofelon_adj
"1 - single year of evidence, form unique",phoenixity,PHOENIXITY,10,noun,1886,1886,printed date range,derivative,0,,,The quality of being like a phoenix (in quot…,0,,http://www.oed.com/dictionary/phoenixity_n
"1 - single year of evidence, form unique",physicship,PHYSICSHIP,10,noun,1689,1689,printed date range,derivative,0,humorous,,A mock title given to a medical expert.,0,,http://www.oed.com/dictionary/physicship_n
"1 - single year of evidence, form unique",physicster,PHYSICSTER,10,noun,1689,1689,printed date range,derivative,0,disparaging,sciences/medicine,A medicinal practitioner.,0,,http://www.oed.com/dictionary/physicster_n
"1 - single year of evidence, form unique",Pierrotism,PIERROTISM,10,noun,1734,1734,printed date range,derivative,0,,arts/performing arts/theatre,The movements or behaviour used to express the…,0,,http://www.oed.com/dictionary/pierrotism_n
"1 - single year of evidence, form unique",pilgrimdom,PILGRIMDOM,10,noun,1887,1887,printed date range,derivative,0,,religion and belief/religion,The domain of pilgrims or pilgrimages (in quot…,0,,http://www.oed.com/dictionary/pilgrimdom_n
"1 - single year of evidence, form unique",pilgrimism,PILGRIMISM,10,noun,1886,1886,printed date range,derivative,0,,,The condition of being a pilgrim; itinerancy.,0,,http://www.oed.com/dictionary/pilgrimism_n
"1 - single year of evidence, form unique",plassonity,PLASSONITY,10,noun,1882,1882,printed date range,derivative,0,humorous,sciences/life sciences,The quality or condition of being a plasson.,0,,http://www.oed.com/dictionary/plassonity_n
"1 - single year of evidence, form unique",pleistodox,PLEISTODOX,10,adjective,1814,1814,printed date range,borrowing,0,,,Holding the opinion of the majority.,0,,http://www.oed.com/dictionary/pleistodox_adj
"1 - single year of evidence, form unique",plenipoing,PLENIPOING,10,noun,1890,1890,printed date range,derivative,0,,,The action of serving as a plenipotentiary.,0,,http://www.oed.com/dictionary/plenipoing_n
"1 - single year of evidence, form unique",poculation,POCULATION,10,noun,1837,1837,printed date range,borrowing,0,,,The action or practice of drinking (alcohol).,0,,http://www.oed.com/dictionary/poculation_n
"1 - single year of evidence, form unique",podication,PODICATION,10,noun,1884,1884,printed date range,borrowing,0,humorous,,The process of being struck on the buttocks; a…,0,,http://www.oed.com/dictionary/podication_n
"1 - single year of evidence, form unique",polyotical,POLYOTICAL,10,adjective,1613,1613,printed date range,,0,,,Having many ears (figurative in quot.).,0,,http://www.oed.com/dictionary/polyotical_adj
"1 - single year of evidence, form unique",polyponous,POLYPONOUS,10,adjective,1853,1853,printed date range,,0,,,Occupied with many tasks.,0,,http://www.oed.com/dictionary/polyponous_adj
"1 - single year of evidence, form unique",polyposist,POLYPOSIST,10,noun,1821,1821,printed date range,,0,,,A person who drinks a lot; a hard drinker.,0,,http://www.oed.com/dictionary/polyposist_n
"1 - single year of evidence, form unique",polytasted,POLYTASTED,10,adjective,1709,1709,printed date range,compound,0,,,Having many tastes or flavours; (perhaps also)…,0,,http://www.oed.com/dictionary/polytasted_adj
"1 - single year of evidence, form unique",polytragic,POLYTRAGIC,10,adjective,1607,1607,printed date range,compound,0,,arts/performing arts/theatre,Containing many tragedies.,0,,http://www.oed.com/dictionary/polytragic_adj
"1 - single year of evidence, form unique",ponderling,PONDERLING,10,noun,1861,1861,printed date range,derivative,0,,,A child that is weighed.,0,,http://www.oed.com/dictionary/ponderling_n
"1 - single year of evidence, form unique",poplocracy,POPLOCRACY,10,noun,1895,1895,printed date range,compound,0,,politics/United States politics,Popular rule; government by the people.,0,,http://www.oed.com/dictionary/poplocracy_n
"1 - single year of evidence, form unique",popomastic,POPOMASTIC,10,adjective,1612,1612,printed date range,borrowing,0,humorous,,Attacking the Pope.,0,,http://www.oed.com/dictionary/popomastic_adj
"1 - single year of evidence, form unique",postvenant,POSTVENANT,10,noun,1876,1876,printed date range,borrowing,0,,,That which comes after or follows; a consequence.,0,,http://www.oed.com/dictionary/postvenant_n
"1 - single year of evidence, form unique",potboyship,POTBOYSHIP,10,noun,1841,1841,printed date range,derivative,0,,,The position of a pot-boy.,0,,http://www.oed.com/dictionary/potboyship_n
"1 - single year of evidence, form unique",pot-harness,POTHARNESS,10,noun,1622,1622,printed date range,compound,0,,,Alcoholic drink as a source of courage.,0,,http://www.oed.com/dictionary/pot-harness_n
"1 - single year of evidence, form unique",pot-hookery,POTHOOKERY,10,noun,1795,1795,printed date range,derivative,0,,,"Unintelligible writing, scrawl.",0,,http://www.oed.com/dictionary/pot-hookery_n
"1 - single year of evidence, form unique",potsmitten,POTSMITTEN,10,adjective,1596,1596,printed date range,compound,0,,,(Of an agreement) marked by the parties clinking…,0,,http://www.oed.com/dictionary/potsmitten_adj
"1 - single year of evidence, form unique",pot verdugo,POTVERDUGO,10,noun,1616,1616,printed date range,,0,,,Giddiness induced by drinking alcohol.,0,,http://www.oed.com/dictionary/pot-verdugo_n
"1 - single year of evidence, form unique",preciation,PRECIATION,10,noun,1893,1893,printed date range,shortening,0,,,The determination of price; pricing.,0,,http://www.oed.com/dictionary/preciation_n
"1 - single year of evidence, form unique",pregustant,PREGUSTANT,10,adjective,1824,1824,printed date range,borrowing,0,,,That tastes beforehand.,0,,http://www.oed.com/dictionary/pregustant_adj
"1 - single year of evidence, form unique",prelateity,PRELATEITY,10,noun,1642,1642,printed date range,derivative,0,,,The essential quality or essence of being a prelate.,0,,http://www.oed.com/dictionary/prelateity_n
"1 - single year of evidence, form unique",presbyotic,PRESBYOTIC,10,adjective,1889,1889,printed date range,compound,0,,,Of the nature of presbycusis.,0,,http://www.oed.com/dictionary/presbyotic_adj
"1 - single year of evidence, form unique",prestolate,PRESTOLATE,10,verb,1653,1653,printed date range,borrowing,0,,,transitive. To await.,0,,http://www.oed.com/dictionary/prestolate_v
"1 - single year of evidence, form unique",presultory,PRESULTORY,10,adjective,1652,1652,printed date range,variant,0,,,"Impetuous, presumptuous.",0,,http://www.oed.com/dictionary/presultory_adj
"1 - single year of evidence, form unique",pride money,PRIDEMONEY,10,noun,a1652,1652,printed date range,compound,0,humorous,,A tax on ostentation.,0,,http://www.oed.com/dictionary/pride-money_n
"1 - single year of evidence, form unique",primifeste,PRIMIFESTE,10,noun,1551,1551,printed date range,borrowing,0,,,A first feast.,0,,http://www.oed.com/dictionary/primifeste_n
"1 - single year of evidence, form unique",Primrosery,PRIMROSERY,10,noun,1897,1897,printed date range,derivative,0,,politics/British politics,"= Primrosism, n.",0,,http://www.oed.com/dictionary/primrosery_n
"1 - single year of evidence, form unique",princified,PRINCIFIED,10,adjective,1857,1857,printed date range,derivative,0,,,"Princelike, elevated.",0,,http://www.oed.com/dictionary/princified_adj
"1 - single year of evidence, form unique",profanatic,PROFANATIC,10,adjective,1689,1689,printed date range,blend,0,,,Characterized by an excessive enthusiasm for profanity.,0,,http://www.oed.com/dictionary/profanatic_adj
"1 - single year of evidence, form unique",prokosmial,PROKOSMIAL,10,adjective,1855,1855,printed date range,,0,,,That existed before the universe.,0,,http://www.oed.com/dictionary/prokosmial_adj
"1 - single year of evidence, form unique",pronounist,PRONOUNIST,10,noun,1625,1625,printed date range,derivative,0,,,A person who favours the use of pronouns.,0,,http://www.oed.com/dictionary/pronounist_n
"1 - single year of evidence, form unique",proxically,PROXICALLY,10,adverb,1827,1827,printed date range,derivative,0,humorous,,As a proxy or substitute.,0,,http://www.oed.com/dictionary/proxically_adv
"1 - single year of evidence, form unique",pseudo-mica,PSEUDOMICA,10,noun,1849,1849,printed date range,compound,0,,,A mineral resembling mica.,0,,http://www.oed.com/dictionary/pseudo-mica_n
"1 - single year of evidence, form unique",puffy-light,PUFFYLIGHT,10,verb,1610,1610,printed date range,compound,0,,,(transitive) to impart a puffy lightness to (soil).,0,,http://www.oed.com/dictionary/puffy-light_v
"1 - single year of evidence, form unique",pugnastics,PUGNASTICS,10,noun,1830,1830,printed date range,borrowing,0,,sport and leisure/sport/boxing,Pugilistic performances.,0,,http://www.oed.com/dictionary/pugnastics_n
"1 - single year of evidence, form unique",punditship,PUNDITSHIP,10,noun,1873,1873,printed date range,derivative,0,,,Hindu scholarship.,0,,http://www.oed.com/dictionary/punditship_n
"1 - single year of evidence, form unique",punkateero,PUNKATEERO,10,noun,1602,1602,printed date range,derivative,0,,,"A procurer of prostitutes, a pimp, a pander.",0,,http://www.oed.com/dictionary/punkateero_n
"1 - single year of evidence, form unique",quiverante,QUIVERANTE,10,noun,1775,1775,printed date range,compound,0,,arts/performing arts/music,Tremulous quality or tone of voice.,0,,http://www.oed.com/dictionary/quiverante_n
"1 - single year of evidence, form unique",railwifery,RAILWIFERY,10,noun,1695,1695,printed date range,derivative,0,,,"Abusive scolding, regarded as comparable to that…",0,,http://www.oed.com/dictionary/railwifery_n
"1 - single year of evidence, form unique",raise-devil,RAISEDEVIL,10,adjective,c1661,1661,printed date range,compound,0,,,That raises the devil.,0,,http://www.oed.com/dictionary/raise-devil_adj
"1 - single year of evidence, form unique",rascalment,RASCALMENT,10,noun,1832,1832,printed date range,derivative,0,,,"= rascality, n. 2.",0,,http://www.oed.com/dictionary/rascalment_n
"1 - single year of evidence, form unique",reformling,REFORMLING,10,noun,1663,1663,printed date range,derivative,0,,,An amended pamphlet.,0,,http://www.oed.com/dictionary/reformling_n
"1 - single year of evidence, form unique",ridibundal,RIDIBUNDAL,10,adjective,1652,1652,printed date range,borrowing,0,,,"Characterized by laughter. Cf. ridibund, adj.",0,,http://www.oed.com/dictionary/ridibundal_adj
"1 - single year of evidence, form unique",ruffy-tuffy,RUFFYTUFFY,10,adjective,a1821,1821,printed date range,compound,0,,crafts and trades/hairdressing,Dishevelled.,0,,http://www.oed.com/dictionary/ruffy-tuffy_adj
"1 - single year of evidence, form unique",scarletite,SCARLETITE,10,noun,1829,1829,printed date range,derivative,0,,,"One who hunts in scarlet (see scarlet, n. A.3).",0,,http://www.oed.com/dictionary/scarletite_n
"1 - single year of evidence, form unique",screw-smile,SCREWSMILE,10,noun,1879,1879,printed date range,compound,0,,,A forced smile.,0,,http://www.oed.com/dictionary/screw-smile_n
"1 - single year of evidence, form unique",scribblage,SCRIBBLAGE,10,noun,1805,1805,printed date range,derivative,0,,,Ephemeral writing; worthless scribblings.,0,,http://www.oed.com/dictionary/scribblage_n
"1 - single year of evidence, form unique",seeing shop,SEEINGSHOP,10,noun,1577,1577,printed date range,compound,0,,,"The faculty of sight (likened to a room, with the…",0,,http://www.oed.com/dictionary/seeing-shop_n
"1 - single year of evidence, form unique",septemfoil,SEPTEMFOIL,10,noun,1842,1842,printed date range,,0,,manufacturing and industry/building/architecture,An ornamental feature consisting of seven cusps…,0,,http://www.oed.com/dictionary/septemfoil_n
"1 - single year of evidence, form unique",septipedal,SEPTIPEDAL,10,adjective,1606,1606,printed date range,borrowing,0,,technology/measurement,Seven feet in length.,0,,http://www.oed.com/dictionary/septipedal_adj
"1 - single year of evidence, form unique",septiregal,SEPTIREGAL,10,adjective,1847,1847,printed date range,compound,0,,,Of seven kings.,0,,http://www.oed.com/dictionary/septiregal_adj
"1 - single year of evidence, form unique",serve-image,SERVEIMAGE,10,noun,1531,1531,printed date range,compound,0,,religion and belief/religion,A person who worships images or idols; an idolater.,0,,http://www.oed.com/dictionary/serve-image_n
"1 - single year of evidence, form unique",shiftmaker,SHIFTMAKER,10,noun,1836,1836,printed date range,compound,0,,,A person who is obliged to resort to desperate…,0,,http://www.oed.com/dictionary/shiftmaker_n
"1 - single year of evidence, form unique",sinistrine,SINISTRINE,10,adjective,1792,1792,printed date range,derivative,0,,,Situated on the left-hand side; left.,0,,http://www.oed.com/dictionary/sinistrine_adj
"1 - single year of evidence, form unique",sprounting,SPROUNTING,10,noun,1691,1691,printed date range,variant,0,humorous,,An issue or discharge of water in a spout; a spouting.,0,,http://www.oed.com/dictionary/sprounting_n
"1 - single year of evidence, form unique",stalk-hound,STALKHOUND,10,noun,1664,1664,printed date range,compound,0,,,A dog used in stalking game (in quot. figurative).,0,,http://www.oed.com/dictionary/stalk-hound_n
"1 - single year of evidence, form unique",stand-fight,STANDFIGHT,10,noun,?1611,1611,printed date range,compound,0,,,A hand-to-hand fight; cf. fight of stand n. at…,0,,http://www.oed.com/dictionary/stand-fight_n
"1 - single year of evidence, form unique",statuarism,STATUARISM,10,noun,1791,1791,printed date range,derivative,0,,arts/visual arts/sculpture,Partiality for the art of sculpture.,0,,http://www.oed.com/dictionary/statuarism_n
"1 - single year of evidence, form unique",stir-strife,STIRSTRIFE,10,adjective,1589,1589,printed date range,compound,0,,,That stirs or excites strife.,0,,http://www.oed.com/dictionary/stir-strife_adj
"1 - single year of evidence, form unique",stop-throat,STOPTHROAT,10,adjective,1600,1600,printed date range,compound,0,,,That tightly enwraps the throat.,0,,http://www.oed.com/dictionary/stop-throat_adj
"1 - single year of evidence, form unique",subjectess,SUBJECTESS,10,noun,1772,1772,printed date range,derivative,0,,,A female subject.,0,,http://www.oed.com/dictionary/subjectess_n
"1 - single year of evidence, form unique",suisection,SUISECTION,10,noun,1893,1893,printed date range,borrowing,0,,,Examination of oneself or one's behaviour…,0,,http://www.oed.com/dictionary/suisection_n
"1 - single year of evidence, form unique",sun-extinct,SUNEXTINCT,10,adjective,1929,1929,printed date range,compound,0,poetic and literary,,Inwardly dead.,0,,http://www.oed.com/dictionary/sun-extinct_adj
"1 - single year of evidence, form unique",super-fidel,SUPERFIDEL,10,adjective,1834,1834,printed date range,derivative,0,,,That has too much belief.,0,,http://www.oed.com/dictionary/super-fidel_adj
"1 - single year of evidence, form unique",surcingler,SURCINGLER,10,noun,1662,1662,printed date range,derivative,0,,"crafts and trades/costume, religion and belief/religion","One who wears a surcingle, a member of the clergy.",0,,http://www.oed.com/dictionary/surcingler_n
"1 - single year of evidence, form unique",sweat-sweet,SWEATSWEET,10,adjective,1605,1605,printed date range,compound,0,,,"Exuding a sweet, musky scent.",0,,http://www.oed.com/dictionary/sweat-sweet_adj
"1 - single year of evidence, form unique",synodicate,SYNODICATE,10,verb,1645,1645,printed date range,derivative,0,,,transitive. To give out as by synodal authority.,0,,http://www.oed.com/dictionary/synodicate_v
"1 - single year of evidence, form unique",talker-seer,TALKERSEER,10,noun,1884,1884,printed date range,compound,0,,,A person possessing both visionary qualities and…,0,,http://www.oed.com/dictionary/talker-seer_n
"1 - single year of evidence, form unique",Tarltonize,TARLTONIZE,10,verb,1592,1592,printed date range,proper name,0,,,"intransitive. To act or speak like Tarlton, a…",0,,http://www.oed.com/dictionary/tarltonize_v
"1 - single year of evidence, form unique",term-driver,TERMDRIVER,10,noun,1633,1633,printed date range,compound,0,,law,(Perhaps) a person who attends court during law…,0,,http://www.oed.com/dictionary/term-driver_n
"1 - single year of evidence, form unique",ter-terrify,TERTERRIFY,10,verb,a1618,1618,printed date range,compound,0,,,transitive. To terrify threefold; to frighten…,0,,http://www.oed.com/dictionary/ter-terrify_v
"1 - single year of evidence, form unique",theaterian,THEATERIAN,10,noun,1602,1602,printed date range,,0,,arts/performing arts/theatre,A person connected with the theatre; an actor.,0,,http://www.oed.com/dictionary/theaterian_n
"1 - single year of evidence, form unique",thoughtkin,THOUGHTKIN,10,noun,a1871,1871,printed date range,derivative,0,,,"= thoughtlet, n.",0,,http://www.oed.com/dictionary/thoughtkin_n
"1 - single year of evidence, form unique",throateral,THROATERAL,10,adjective,1664,1664,printed date range,compound,0,,language/linguistics/phonetics,Guttural.,0,,http://www.oed.com/dictionary/throateral_adj
"1 - single year of evidence, form unique",throat room,THROATROOM,10,noun,1843,1843,printed date range,compound,0,,,Opportunity to speak or shout.,0,,http://www.oed.com/dictionary/throat-room_n
"1 - single year of evidence, form unique",thumpatory,THUMPATORY,10,adjective,1693,1693,printed date range,derivative,0,,,Characterized by thumping.,0,,http://www.oed.com/dictionary/thumpatory_adj
"1 - single year of evidence, form unique",tigerantic,TIGERANTIC,10,adjective,a1704,1704,printed date range,,0,,,"= tigerish, adj. 1.",0,,http://www.oed.com/dictionary/tigerantic_adj
"1 - single year of evidence, form unique",tobaccical,TOBACCICAL,10,adjective,1604,1604,printed date range,,0,humorous,consumables/tobacco,"Pertaining to, addicted to, or caused by tobacco.",0,,http://www.oed.com/dictionary/tobaccical_adj
"1 - single year of evidence, form unique",top-honours,TOPHONOURS,10,noun,1700,1700,printed date range,compound,0,,transport/nautical,"The topsails of a ship, in reference to the…",0,,http://www.oed.com/dictionary/top-honours_n
"1 - single year of evidence, form unique",tradentine,TRADENTINE,10,adjective,1653,1653,printed date range,borrowing,0,,,Situated beyond or outside the teeth.,0,,http://www.oed.com/dictionary/tradentine_adj
"1 - single year of evidence, form unique",transclout,TRANSCLOUT,10,verb,1647,1647,printed date range,derivative,0,,crafts and trades/costume,transitive. To transform or disfigure with clouts…,0,,http://www.oed.com/dictionary/transclout_v
"1 - single year of evidence, form unique",trianglify,TRIANGLIFY,10,verb,1589,1589,printed date range,derivative,0,,,transitive. To make into or arrange in a triangle…,0,,http://www.oed.com/dictionary/trianglify_v
"1 - single year of evidence, form unique",trinketing,TRINKETING,10,adjective,1674,1674,printed date range,,0,,religion and belief/religion,"Having to do with trinkets, toys, or trivial…",0,,http://www.oed.com/dictionary/trinketing_adj
"1 - single year of evidence, form unique",turn-served,TURNSERVED,10,adjective,1613,1613,printed date range,compound,0,,,That has acted in a self-interested way. See to…,0,,http://www.oed.com/dictionary/turn-served_adj
"1 - single year of evidence, form unique",uranopathy,URANOPATHY,10,noun,1868,1868,printed date range,compound,0,,,Emotional or sentimental responsiveness to…,0,,http://www.oed.com/dictionary/uranopathy_n
"1 - single year of evidence, form unique",visuriency,VISURIENCY,10,noun,1652,1652,printed date range,borrowing,0,,,The desire of seeing.,0,,http://www.oed.com/dictionary/visuriency_n
"1 - single year of evidence, form unique",watch-birth,WATCHBIRTH,10,noun,1608,1608,printed date range,compound,0,,arts/literature,A literary work brought into being by watching.,0,,http://www.oed.com/dictionary/watch-birth_n
"1 - single year of evidence, form unique",whole-steal,WHOLESTEAL,10,noun,1649,1649,printed date range,compound,0,,,"Theft of something in its entirety, or on a large…",0,,http://www.oed.com/dictionary/whole-steal_n
"1 - single year of evidence, form unique",wilfulling,WILFULLING,10,noun,1606,1606,printed date range,,0,,,A wilful act.,0,,http://www.oed.com/dictionary/wilfulling_n
"1 - single year of evidence, form unique",with-worker,WITHWORKER,10,noun,1884,1884,printed date range,compound,0,,,"A fellow-worker, co-worker.",0,,http://www.oed.com/dictionary/with-worker_n
"1 - single year of evidence, form unique",womanshire,WOMANSHIRE,10,noun,1606,1606,printed date range,compound,0,,,A notional place in which women reside.,0,,http://www.oed.com/dictionary/womanshire_n
"1 - single year of evidence, form unique",wondernize,WONDERNIZE,10,verb,1599,1599,printed date range,derivative,0,,,transitive. To make a wonder or marvel of.,0,,http://www.oed.com/dictionary/wondernize_v
"1 - single year of evidence, form unique",zoomantist,ZOOMANTIST,10,noun,1861,1861,printed date range,compound,0,,sciences/life sciences/animals,A person who a person who practises divination by…,0,,http://www.oed.com/dictionary/zoomantist_n
"1 - single year of evidence, form unique",aequaliform,AEQUALIFORM,11,adjective,1660,1660,printed date range,borrowing,0,,,"Having a uniform, constant, or indivisible form.",0,,http://www.oed.com/dictionary/aequaliform_adj
"1 - single year of evidence, form unique",airgonation,AIRGONATION,11,noun,1784,1784,printed date range,derivative,0,humorous,transport/aviation,Travel through the air by means of a hot-air…,0,,http://www.oed.com/dictionary/airgonation_n
"1 - single year of evidence, form unique",anapaganize,ANAPAGANIZE,11,verb,1831,1831,printed date range,derivative,0,,religion and belief/religion,transitive. To make (something) pagan again.,0,,http://www.oed.com/dictionary/anapaganize_v
"1 - single year of evidence, form unique",animability,ANIMABILITY,11,noun,1814,1814,printed date range,derivative,0,,,The ability to experience sensations…,0,,http://www.oed.com/dictionary/animability_n
"1 - single year of evidence, form unique",annihilment,ANNIHILMENT,11,noun,1526,1526,printed date range,derivative,0,,,"Annihilation, complete destruction.",0,,http://www.oed.com/dictionary/annihilment_n
"1 - single year of evidence, form unique",ante-Noahite,ANTENOAHITE,11,noun,1810,1810,printed date range,,0,,,A person from before the time of Noah.,0,,http://www.oed.com/dictionary/ante-noahite_n
"1 - single year of evidence, form unique",anticlimate,ANTICLIMATE,11,noun,1625,1625,printed date range,derivative,0,,,In early modern geography: each of the bands on…,0,,http://www.oed.com/dictionary/anticlimate_n
"1 - single year of evidence, form unique",appendicing,APPENDICING,11,adjective,1661,1661,printed date range,borrowing,0,,,"Attached; hanging, suspended.",0,,http://www.oed.com/dictionary/appendicing_adj
"1 - single year of evidence, form unique",auto-burglar,AUTOBURGLAR,11,noun,1884,1884,printed date range,compound,0,,,A person who burgles his or her own house.,0,,http://www.oed.com/dictionary/auto-burglar_n
"1 - single year of evidence, form unique",balloonical,BALLOONICAL,11,adjective,1851,1851,printed date range,derivative,0,,transport/aviation,Connected with balloons; aeronautical.,0,,http://www.oed.com/dictionary/balloonical_adj
"1 - single year of evidence, form unique",bawdreaminy,BAWDREAMINY,11,noun,1608,1608,printed date range,compound,0,,,"Probably: bawdiness (bawdiness, n.¹); lewdness…",0,,http://www.oed.com/dictionary/bawdreaminy_n
"1 - single year of evidence, form unique",bias drawing,BIASDRAWING,11,noun,a1616,1616,printed date range,compound,0,,,"Deviation from the truth, insincerity.",0,,http://www.oed.com/dictionary/bias-drawing_n
"1 - single year of evidence, form unique",bill-patched,BILLPATCHED,11,adjective,1598,1598,printed date range,compound,0,,,Covered with notices demanding payment.,0,,http://www.oed.com/dictionary/bill-patched_adj
"1 - single year of evidence, form unique",birth-puffed,BIRTHPUFFED,11,adjective,1793,1793,printed date range,compound,0,poetic and literary,,"Proud of one's ancestry; cf. birth, n.¹ 2a.",0,,http://www.oed.com/dictionary/birth-puffed_adj
"1 - single year of evidence, form unique",blanket love,BLANKETLOVE,11,noun,a1657,1657,printed date range,compound,0,,,Illicit love outside of marriage.,0,,http://www.oed.com/dictionary/blanket-love_n
"1 - single year of evidence, form unique",bocardizing,BOCARDIZING,11,adjective,1652,1652,printed date range,derivative,0,,,Forming awkward or bad syllogisms; reasoning awkwardly.,0,,http://www.oed.com/dictionary/bocardizing_adj
"1 - single year of evidence, form unique",break-covert,BREAKCOVERT,11,adjective,1820,1820,printed date range,compound,0,poetic and literary,"sport and leisure/hunting, fishing, and shooting/hunting",That breaks covert; that starts forth from a…,0,,http://www.oed.com/dictionary/break-covert_adj
"1 - single year of evidence, form unique",break league,BREAKLEAGUE,11,noun,1582,1582,printed date range,compound,0,,politics,A person who fails to keep the terms of a league…,0,,http://www.oed.com/dictionary/break-league_n
"1 - single year of evidence, form unique",break-pulpit,BREAKPULPIT,11,noun,1588,1588,printed date range,compound,0,,religion and belief/religion,"An impassioned, vehement, or bombastic preacher.",0,,http://www.oed.com/dictionary/break-pulpit_n
"1 - single year of evidence, form unique",briar-wooder,BRIARWOODER,11,noun,1886,1886,printed date range,derivative,0,,,"A person who smokes a briarwood pipe, esp…",0,,http://www.oed.com/dictionary/briar-wooder_n
"1 - single year of evidence, form unique",bull-begging,BULLBEGGING,11,adjective,1592,1592,printed date range,,0,,,That operates as a terror.,0,,http://www.oed.com/dictionary/bull-begging_adj
"1 - single year of evidence, form unique",butter bowzy,BUTTERBOWZY,11,adjective,1719,1719,printed date range,compound,0,,,Designating a Dutchman.,0,,http://www.oed.com/dictionary/butter-bowzy_adj
"1 - single year of evidence, form unique",buttery-worn,BUTTERYWORN,11,adjective,1885,1885,printed date range,compound,0,,,(Of a person's body) worn out as a result of time…,0,,http://www.oed.com/dictionary/buttery-worn_adj
"1 - single year of evidence, form unique",callography,CALLOGRAPHY,11,noun,1841,1841,printed date range,borrowing,0,,arts/literature,In the terminology of the U.S. academic Roswell…,0,,http://www.oed.com/dictionary/callography_n
"1 - single year of evidence, form unique",calophantic,CALOPHANTIC,11,adjective,1596,1596,printed date range,borrowing,0,,,Pretending or making a show of excellence.,0,,http://www.oed.com/dictionary/calophantic_adj
"1 - single year of evidence, form unique",cameranious,CAMERANIOUS,11,adjective,1791,1791,printed date range,borrowing,0,,,Of the nature of chamber music.,0,,http://www.oed.com/dictionary/cameranious_adj
"1 - single year of evidence, form unique",canting-coat,CANTINGCOAT,11,noun,1687,1687,printed date range,compound,0,disparaging,religion and belief/religion,The black gown worn by Puritan ministers.,0,,http://www.oed.com/dictionary/canting-coat_n
"1 - single year of evidence, form unique",cardophagus,CARDOPHAGUS,11,noun,1858,1858,printed date range,borrowing,0,,,"A thistle-eater, i.e. a donkey.",0,,http://www.oed.com/dictionary/cardophagus_n
"1 - single year of evidence, form unique",cataphysics,CATAPHYSICS,11,noun,1654,1654,printed date range,derivative,0,,,plural (see quot. 1654).,0,,http://www.oed.com/dictionary/cataphysics_n
"1 - single year of evidence, form unique",catarumpant,CATARUMPANT,11,adjective,1689,1689,printed date range,borrowing,0,,,"(Humorous): cf. Greek κατά, cat and rampant.",0,,http://www.oed.com/dictionary/catarumpant_adj
"1 - single year of evidence, form unique",centessence,CENTESSENCE,11,noun,1871,1871,printed date range,borrowing,0,,,In hyperbolic use: the most characteristic…,0,,http://www.oed.com/dictionary/centessence_n
"1 - single year of evidence, form unique",chapelizing,CHAPELIZING,11,noun,1659,1659,printed date range,derivative,0,,,The establishment of a place as a chapel.,0,,http://www.oed.com/dictionary/chapelizing_n
"1 - single year of evidence, form unique",check-bitted,CHECKBITTED,11,adjective,1845,1845,printed date range,derivative,0,,sport and leisure/horses and riding,Of a horse: fitted with a check bit.,0,,http://www.oed.com/dictionary/check-bitted_adj
"1 - single year of evidence, form unique",chickenable,CHICKENABLE,11,adjective,1853,1853,printed date range,derivative,0,,,Of an egg: capable of producing a chicken.,0,,http://www.oed.com/dictionary/chickenable_adj
"1 - single year of evidence, form unique",coach coffer,COACHCOFFER,11,noun,1607,1607,printed date range,compound,0,,"crafts and trades/carriage-building, sport and leisure/horses and riding",A box belonging to the driver of a horse-drawn…,0,,http://www.oed.com/dictionary/coach-coffer_n
"1 - single year of evidence, form unique",coach-horser,COACHHORSER,11,noun,1837,1837,printed date range,derivative,0,,,A person who provides horses for coaches. Cf…,0,,http://www.oed.com/dictionary/coach-horser_n
"1 - single year of evidence, form unique",coach-leaves,COACHLEAVES,11,noun,1631,1631,printed date range,compound,0,,crafts and trades/carriage-building,Folding blinds that cover the window of a coach.,0,,http://www.oed.com/dictionary/coach-leaves_n
"1 - single year of evidence, form unique",coach treats,COACHTREATS,11,noun,1607,1607,printed date range,compound,0,,,"The straps, chains, or ropes by which a horse is…",0,,http://www.oed.com/dictionary/coach-treats_n
"1 - single year of evidence, form unique",commentiter,COMMENTITER,11,noun,1645,1645,printed date range,borrowing,0,,,"A deviser of lies, a liar.",0,,http://www.oed.com/dictionary/commentiter_n
"1 - single year of evidence, form unique",competencer,COMPETENCER,11,noun,1621,1621,printed date range,derivative,0,,,The possessor of a competency (of means).,0,,http://www.oed.com/dictionary/competencer_n
"1 - single year of evidence, form unique",compolitize,COMPOLITIZE,11,verb,1647,1647,printed date range,derivative,0,,,transitive. To combine in citizenship.,0,,http://www.oed.com/dictionary/compolitize_v
"1 - single year of evidence, form unique",condunghill,CONDUNGHILL,11,verb,1650,1650,printed date range,derivative,0,,,transitive. To make like a dunghill.,0,,http://www.oed.com/dictionary/condunghill_v
"1 - single year of evidence, form unique",consciuncle,CONSCIUNCLE,11,noun,a1670,1670,printed date range,derivative,0,,,A minute or hair-splitting conscience.,0,,http://www.oed.com/dictionary/consciuncle_n
"1 - single year of evidence, form unique",conservient,CONSERVIENT,11,adjective,1651,1651,printed date range,derivative,0,,,Serving conjointly.,0,,http://www.oed.com/dictionary/conservient_adj
"1 - single year of evidence, form unique",conventment,CONVENTMENT,11,noun,1690,1690,printed date range,derivative,0,,politics,A body of people convened or set up for a…,0,,http://www.oed.com/dictionary/conventment_n
"1 - single year of evidence, form unique",convicinity,CONVICINITY,11,noun,1783,1783,printed date range,derivative,0,,,Vicinity to each other.,0,,http://www.oed.com/dictionary/convicinity_n
"1 - single year of evidence, form unique",co-regnation,COREGNATION,11,noun,1654,1654,printed date range,derivative,0,,,A period of joint rule.,0,,http://www.oed.com/dictionary/co-regnation_n
"1 - single year of evidence, form unique",cotqueanity,COTQUEANITY,11,noun,1602,1602,printed date range,derivative,0,,,Character or quality of a (female) cotquean.,0,,http://www.oed.com/dictionary/cotqueanity_n
"1 - single year of evidence, form unique",cottagehood,COTTAGEHOOD,11,noun,1860,1860,printed date range,derivative,0,,,The state or condition of being a cottage.,0,,http://www.oed.com/dictionary/cottagehood_n
"1 - single year of evidence, form unique",coxcomb bird,COXCOMBBIRD,11,noun,1734,1734,printed date range,compound,0,,sciences/life sciences/animals/birds,A parrot.,0,,http://www.oed.com/dictionary/coxcomb-bird_n
"1 - single year of evidence, form unique",cramp spider,CRAMPSPIDER,11,noun,1721,1721,printed date range,compound,0,,"sciences/life sciences/animals/invertebrates/insects, sport and leisure/sport/winter sports/skating",An insect that stands and runs on the surface of…,0,,http://www.oed.com/dictionary/cramp-spider_n
"1 - single year of evidence, form unique",criniparous,CRINIPAROUS,11,adjective,1798,1798,printed date range,compound,0,,,Producing hair.,0,,http://www.oed.com/dictionary/criniparous_adj
"1 - single year of evidence, form unique",criticiasis,CRITICIASIS,11,noun,1874,1874,printed date range,derivative,0,,,Criticism regarded as a disease.,0,,http://www.oed.com/dictionary/criticiasis_n
"1 - single year of evidence, form unique",cupstantial,CUPSTANTIAL,11,adjective,1583,1583,printed date range,variant,0,humorous,,"Arising from, or associated with, intoxication or…",0,,http://www.oed.com/dictionary/cupstantial_adj
"1 - single year of evidence, form unique",decipherage,DECIPHERAGE,11,noun,1851,1851,printed date range,derivative,0,,language/cryptography,The action or result of deciphering.,0,,http://www.oed.com/dictionary/decipherage_n
"1 - single year of evidence, form unique",depraveress,DEPRAVERESS,11,noun,1557,1557,printed date range,derivative,0,,,A female depraver.,0,,http://www.oed.com/dictionary/depraveress_n
"1 - single year of evidence, form unique",directitude,DIRECTITUDE,11,noun,a1616,1616,printed date range,compound,0,,,"Apparently: discredit, disgrace.",0,,http://www.oed.com/dictionary/directitude_n
"1 - single year of evidence, form unique",disconjured,DISCONJURED,11,adjective,1837,1837,printed date range,derivative,0,,arts/performing arts/conjuring,Apparently: deprived of the power of conjuring.,0,,http://www.oed.com/dictionary/disconjured_adj
"1 - single year of evidence, form unique",dissimilies,DISSIMILIES,11,noun,1659,1659,printed date range,borrowing,0,,,With plural agreement. Dissimilar things; things…,0,,http://www.oed.com/dictionary/dissimilies_n
"1 - single year of evidence, form unique",distectured,DISTECTURED,11,adjective,1632,1632,printed date range,derivative,0,,,Deprived of the roof; unroofed.,0,,http://www.oed.com/dictionary/distectured_adj
"1 - single year of evidence, form unique",divisionate,DIVISIONATE,11,verb,a1586,1586,printed date range,derivative,0,,,"transitive. To make division of, divide.",0,,http://www.oed.com/dictionary/divisionate_v
"1 - single year of evidence, form unique",elisionable,ELISIONABLE,11,adjective,1877,1877,printed date range,derivative,0,,arts/literature/prosody,That may be elided; elidible.,0,,http://www.oed.com/dictionary/elisionable_adj
"1 - single year of evidence, form unique",empiricutic,EMPIRICUTIC,11,adjective,a1616,1616,printed date range,variant,0,,sciences/medicine/pharmacology,Empirical.,0,,http://www.oed.com/dictionary/empiricutic_adj
"1 - single year of evidence, form unique",enixibility,ENIXIBILITY,11,noun,1652,1652,printed date range,borrowing,0,,,? Possibility of being brought forth.,0,,http://www.oed.com/dictionary/enixibility_n
"1 - single year of evidence, form unique",equestriana,EQUESTRIANA,11,noun,1825,1825,printed date range,,0,,sport and leisure/horses and riding,A female equestrian.,0,,http://www.oed.com/dictionary/equestriana_n
"1 - single year of evidence, form unique",expeccation,EXPECCATION,11,noun,a1631,1631,printed date range,borrowing,0,,religion and belief/religion,(See quot. 1631.),0,,http://www.oed.com/dictionary/expeccation_n
"1 - single year of evidence, form unique",fatidicency,FATIDICENCY,11,noun,1693,1693,printed date range,derivative,0,,religion and belief/belief systems and practices/occult,The action or practice of foretelling the future…,0,,http://www.oed.com/dictionary/fatidicency_n
"1 - single year of evidence, form unique",fickle-force,FICKLEFORCE,11,noun,1567,1567,printed date range,compound,0,,,(See quot. 1567.),0,,http://www.oed.com/dictionary/fickle-force_n
"1 - single year of evidence, form unique",finger-shade,FINGERSHADE,11,noun,1711,1711,printed date range,compound,0,,sport and leisure/games/gambling,The action of concealing the mouth with the fingers.,0,,http://www.oed.com/dictionary/finger-shade_n
"1 - single year of evidence, form unique",flail-finned,FLAILFINNED,11,adjective,a1631,1631,printed date range,compound,0,,,Having a long fin which resembles a flail. Cf…,0,,http://www.oed.com/dictionary/flail-finned_adj
"1 - single year of evidence, form unique",gallantship,GALLANTSHIP,11,noun,1579,1579,printed date range,derivative,0,,,"With possessive adjective, as a mock title of…",0,,http://www.oed.com/dictionary/gallantship_n
"1 - single year of evidence, form unique",geldingeity,GELDINGEITY,11,noun,a1774,1774,printed date range,derivative,0,,,The quality of being a gelding.,0,,http://www.oed.com/dictionary/geldingeity_n
"1 - single year of evidence, form unique",gout-justice,GOUTJUSTICE,11,noun,1619,1619,printed date range,compound,0,,,"Justice that is delayed or slow, as if hampered…",0,,http://www.oed.com/dictionary/gout-justice_n
"1 - single year of evidence, form unique",hecatontome,HECATONTOME,11,noun,1641,1641,printed date range,borrowing,0,,,A collection of a hundred volumes.,0,,http://www.oed.com/dictionary/hecatontome_n
"1 - single year of evidence, form unique",heel sophist,HEELSOPHIST,11,noun,1743,1743,printed date range,compound,0,humorous,arts/performing arts/dance,A person knowledgeable in the art of dancing.,0,,http://www.oed.com/dictionary/heel-sophist_n
"1 - single year of evidence, form unique",hobby headed,HOBBYHEADED,11,adjective,a1625,1625,printed date range,compound,0,,,"Having thick, shaggy hair.",0,,http://www.oed.com/dictionary/hobby-headed_adj
"1 - single year of evidence, form unique",hobgoblinet,HOBGOBLINET,11,noun,1615,1615,printed date range,derivative,0,,religion and belief/mythology,A small hobgoblin.,0,,http://www.oed.com/dictionary/hobgoblinet_n
"1 - single year of evidence, form unique",hyperbyssal,HYPERBYSSAL,11,adjective,1691,1691,printed date range,borrowing,0,,,Of or belonging to surpassing depth or profundity.,0,,http://www.oed.com/dictionary/hyperbyssal_adj
"1 - single year of evidence, form unique",improveress,IMPROVERESS,11,noun,1744,1744,printed date range,derivative,0,,,A female improver.,0,,http://www.oed.com/dictionary/improveress_n
"1 - single year of evidence, form unique",inobstinate,INOBSTINATE,11,verb,1599,1599,printed date range,derivative,0,,,"transitive. To render obstinate, confirm in obstinacy.",0,,http://www.oed.com/dictionary/inobstinate_v
"1 - single year of evidence, form unique",inseparized,INSEPARIZED,11,adjective,a1618,1618,printed date range,derivative,0,,,"= inseparate, adj.",0,,http://www.oed.com/dictionary/inseparized_adj
"1 - single year of evidence, form unique",jail-deliver,JAILDELIVER,11,verb,?1632,1632,printed date range,compound,0,,,"transitive. To rescue, save, or set (a prisoner)…",0,,http://www.oed.com/dictionary/jail-deliver_v
"1 - single year of evidence, form unique",legerdeheel,LEGERDEHEEL,11,noun,1605,1605,printed date range,variant,0,,,to play legerdeheel: (of a woman) to be sexually…,0,,http://www.oed.com/dictionary/legerdeheel_n
"1 - single year of evidence, form unique",leopardized,LEOPARDIZED,11,adjective,1762,1762,printed date range,derivative,0,,,A lion represented as passant guardant.,0,,http://www.oed.com/dictionary/leopardized_adj
"1 - single year of evidence, form unique",little-bless,LITTLEBLESS,11,verb,1610,1610,printed date range,compound,0,,,transitive to curse.,0,,http://www.oed.com/dictionary/little-bless_v
"1 - single year of evidence, form unique",loco-restive,LOCORESTIVE,11,adjective,1796,1796,printed date range,compound,0,,,Inclined to remain in one place.,0,,http://www.oed.com/dictionary/loco-restive_adj
"1 - single year of evidence, form unique",macropicide,MACROPICIDE,11,noun,1866,1866,printed date range,borrowing,0,,,A person who kills kangaroos.,0,,http://www.oed.com/dictionary/macropicide_n
"1 - single year of evidence, form unique",majestarian,MAJESTARIAN,11,adjective,1847,1847,printed date range,derivative,0,,,Of or relating to the sovereign.,0,,http://www.oed.com/dictionary/majestarian_adj
"1 - single year of evidence, form unique",man-huckster,MANHUCKSTER,11,noun,a1640,1640,printed date range,compound,0,,,The manager of a male brothel.,0,,http://www.oed.com/dictionary/man-huckster_n
"1 - single year of evidence, form unique",march panado,MARCHPANADO,11,verb,1650,1650,printed date range,derivative,0,,,"transitive. To mould (a thing), in the manner of…",0,,http://www.oed.com/dictionary/march-panado_v
"1 - single year of evidence, form unique",mariturient,MARITURIENT,11,adjective,1765,1765,printed date range,borrowing,0,,,Eager to marry.,0,,http://www.oed.com/dictionary/mariturient_adj
"1 - single year of evidence, form unique",massing-mate,MASSINGMATE,11,noun,1607,1607,printed date range,compound,0,,religion and belief/religion,The priest who celebrates mass.,0,,http://www.oed.com/dictionary/massing-mate_n
"1 - single year of evidence, form unique",meet-helping,MEETHELPING,11,noun,1869,1869,printed date range,derivative,0,,,The action of a helpmeet.,0,,http://www.oed.com/dictionary/meet-helping_n
"1 - single year of evidence, form unique",merchantish,MERCHANTISH,11,adjective,1848,1848,printed date range,derivative,0,,,Resembling or characteristic of a merchant.,0,,http://www.oed.com/dictionary/merchantish_adj
"1 - single year of evidence, form unique",mimo-prophet,MIMOPROPHET,11,noun,1668,1668,printed date range,borrowing,0,,,A mock or pretended prophet.,0,,http://www.oed.com/dictionary/mimo-prophet_n
"1 - single year of evidence, form unique",modernicide,MODERNICIDE,11,noun,1760,1760,printed date range,compound,0,,,"A person who kills ‘moderns’ (see modernist, n. A.2).",0,,http://www.oed.com/dictionary/modernicide_n
"1 - single year of evidence, form unique",mofussilize,MOFUSSILIZE,11,verb,1863,1863,printed date range,derivative,0,,,"intransitive. To live in a remote, rural, or…",0,,http://www.oed.com/dictionary/mofussilize_v
"1 - single year of evidence, form unique",momentarian,MOMENTARIAN,11,noun,1863,1863,printed date range,derivative,0,,sciences/mathematics,"= infinitesimalist, n. Cf. moment, n. I.3b.",0,,http://www.oed.com/dictionary/momentarian_n
"1 - single year of evidence, form unique",mononeirist,MONONEIRIST,11,noun,1763,1763,printed date range,borrowing,0,,,A person who has only ever dreamed once.,0,,http://www.oed.com/dictionary/mononeirist_n
"1 - single year of evidence, form unique",monstricide,MONSTRICIDE,11,noun,1859,1859,printed date range,borrowing,0,,,The killing of a monster.,0,,http://www.oed.com/dictionary/monstricide_n
"1 - single year of evidence, form unique",musophobist,MUSOPHOBIST,11,noun,1880,1880,printed date range,borrowing,0,,,A person who dislikes or mistrusts poetry.,0,,http://www.oed.com/dictionary/musophobist_n
"1 - single year of evidence, form unique",mutteration,MUTTERATION,11,noun,1753,1753,printed date range,derivative,0,,,The action of muttering.,0,,http://www.oed.com/dictionary/mutteration_n
"1 - single year of evidence, form unique",neoterizing,NEOTERIZING,11,noun,1873,1873,printed date range,borrowing,0,,language/linguistics,The coining of new words or phrases; = neologism…,0,,http://www.oed.com/dictionary/neoterizing_n
"1 - single year of evidence, form unique",netherlings,NETHERLINGS,11,noun,1852,1852,printed date range,derivative,0,,crafts and trades/costume,"Nether garments (see nether, adj. A.2b).",0,,http://www.oed.com/dictionary/netherlings_n
"1 - single year of evidence, form unique",nux-vomicize,NUXVOMICIZE,11,verb,1866,1866,printed date range,derivative,0,,,transitive. To adulterate (a drink) with nux vomica.,0,,http://www.oed.com/dictionary/nux-vomicize_v
"1 - single year of evidence, form unique",ob-and-soller,OBANDSOLLER,11,noun,1678,1678,printed date range,derivative,0,,,A person who engages in scholastic disputation…,0,,http://www.oed.com/dictionary/ob-and-soller_n
"1 - single year of evidence, form unique",orthoglossy,ORTHOGLOSSY,11,noun,1877,1877,printed date range,borrowing,0,,,Accepted or customary pronunciation.,0,,http://www.oed.com/dictionary/orthoglossy_n
"1 - single year of evidence, form unique",out-of-doorer,OUTOFDOORER,11,noun,1839,1839,printed date range,derivative,0,,,A person who prefers to live or stay in the open air.,0,,http://www.oed.com/dictionary/out-of-doorer_n
"1 - single year of evidence, form unique",packishness,PACKISHNESS,11,noun,1672,1672,printed date range,derivative,0,,,The condition or quality of being a pack.,0,,http://www.oed.com/dictionary/packishness_n
"1 - single year of evidence, form unique",palace-mouse,PALACEMOUSE,11,noun,1608,1608,printed date range,compound,0,,,An obsequious courtier.,0,,http://www.oed.com/dictionary/palace-mouse_n
"1 - single year of evidence, form unique",palaeolatry,PALAEOLATRY,11,noun,1887,1887,printed date range,compound,0,,sciences/physical sciences/earth sciences/geology,"Worship of, or excessive reverence for, that…",0,,http://www.oed.com/dictionary/palaeolatry_n
"1 - single year of evidence, form unique",pamphletage,PAMPHLETAGE,11,noun,1896,1896,printed date range,derivative,0,,,The totality of pamphlets on a particular…,0,,http://www.oed.com/dictionary/pamphletage_n
"1 - single year of evidence, form unique",pampinulate,PAMPINULATE,11,verb,1592,1592,printed date range,borrowing,0,,crafts and trades/textiles/needlework,transitive. To cover with convoluted strands or…,0,,http://www.oed.com/dictionary/pampinulate_v
"1 - single year of evidence, form unique",papaphobist,PAPAPHOBIST,11,noun,a1834,1834,printed date range,derivative,0,,religion and belief/religion/Christianity/Roman Catholic Church,A person affected with papaphobia.,0,,http://www.oed.com/dictionary/papaphobist_n
"1 - single year of evidence, form unique",papisticate,PAPISTICATE,11,verb,1746,1746,printed date range,derivative,0,,religion and belief/religion/Christianity/Roman Catholic Church,transitive. To convert to Roman Catholicism.,0,,http://www.oed.com/dictionary/papisticate_v
"1 - single year of evidence, form unique",papyrocracy,PAPYROCRACY,11,noun,1843,1843,printed date range,compound,0,,,Government by excessive paperwork.,0,,http://www.oed.com/dictionary/papyrocracy_n
"1 - single year of evidence, form unique",paradoxling,PARADOXLING,11,noun,1863,1863,printed date range,derivative,0,,philosophy/logic,A little paradox.,0,,http://www.oed.com/dictionary/paradoxling_n
"1 - single year of evidence, form unique",parakeetism,PARAKEETISM,11,noun,1658,1658,printed date range,derivative,0,,,An example of speaking without understanding what…,0,,http://www.oed.com/dictionary/parakeetism_n
"1 - single year of evidence, form unique",parochialic,PAROCHIALIC,11,adjective,1848,1848,printed date range,borrowing,0,,,Parochial.,0,,http://www.oed.com/dictionary/parochialic_adj
"1 - single year of evidence, form unique",par-rational,PARRATIONAL,11,adjective,1647,1647,printed date range,borrowing,0,,,Equally rational or reasonable.,0,,http://www.oed.com/dictionary/par-rational_adj
"1 - single year of evidence, form unique",parsonarchy,PARSONARCHY,11,noun,1830,1830,printed date range,derivative,0,,,A body of ruling parsons.,0,,http://www.oed.com/dictionary/parsonarchy_n
"1 - single year of evidence, form unique",patheticate,PATHETICATE,11,verb,1885,1885,printed date range,derivative,0,,,"transitive. To make pathetic, to give a pathetic…",0,,http://www.oed.com/dictionary/patheticate_v
"1 - single year of evidence, form unique",pedometrist,PEDOMETRIST,11,noun,1827,1827,printed date range,derivative,0,,technology/measurement,A person who uses a pedometer.,0,,http://www.oed.com/dictionary/pedometrist_n
"1 - single year of evidence, form unique",permoralize,PERMORALIZE,11,verb,1888,1888,printed date range,derivative,0,,,transitive. To permeate or imbue with moral influence.,0,,http://www.oed.com/dictionary/permoralize_v
"1 - single year of evidence, form unique",per-sheeting,PERSHEETING,11,noun,1805,1805,printed date range,derivative,0,,,The practice of charging at so much per sheet…,0,,http://www.oed.com/dictionary/per-sheeting_n
"1 - single year of evidence, form unique",phantomizer,PHANTOMIZER,11,noun,1860,1860,printed date range,derivative,0,,religion and belief/religion/Christianity,"= spiritualizer, n. 1.",0,,http://www.oed.com/dictionary/phantomizer_n
"1 - single year of evidence, form unique",philocubist,PHILOCUBIST,11,noun,1822,1822,printed date range,borrowing,0,,sport and leisure/games/gambling/dice,"A dice player, a gambler.",0,,http://www.oed.com/dictionary/philocubist_n
"1 - single year of evidence, form unique",philogalist,PHILOGALIST,11,noun,1819,1819,printed date range,,0,,sciences/life sciences/animals,"= philofelist, n.",0,,http://www.oed.com/dictionary/philogalist_n
"1 - single year of evidence, form unique",piece-bright,PIECEBRIGHT,11,adjective,1877,1877,printed date range,compound,0,,,Bright in parts.,0,,http://www.oed.com/dictionary/piece-bright_adj
"1 - single year of evidence, form unique",piglinghood,PIGLINGHOOD,11,noun,1885,1885,printed date range,derivative,0,,sciences/life sciences/animals,The state or condition of being a pigling.,0,,http://www.oed.com/dictionary/piglinghood_n
"1 - single year of evidence, form unique",pirouettism,PIROUETTISM,11,noun,1839,1839,printed date range,derivative,0,,,An inclination towards or habit of pirouetting.,0,,http://www.oed.com/dictionary/pirouettism_n
"1 - single year of evidence, form unique",piscitarian,PISCITARIAN,11,noun,1880,1880,printed date range,borrowing,0,,,A fishmonger.,0,,http://www.oed.com/dictionary/piscitarian_n
"1 - single year of evidence, form unique",placentiate,PLACENTIATE,11,verb,1694,1694,printed date range,borrowing,0,,,"transitive. To please, satisfy.",0,,http://www.oed.com/dictionary/placentiate_v
"1 - single year of evidence, form unique",planeticose,PLANETICOSE,11,adjective,1849,1849,printed date range,borrowing,0,,,Given to wandering; itinerant.,0,,http://www.oed.com/dictionary/planeticose_adj
"1 - single year of evidence, form unique",plenorderly,PLENORDERLY,11,adverb,1650,1650,printed date range,compound,0,,,Under the orders or authority of all.,0,,http://www.oed.com/dictionary/plenorderly_adv
"1 - single year of evidence, form unique",plenty price,PLENTYPRICE,11,noun,1860,1860,printed date range,compound,0,,economics and commerce,A price appropriate to a time of plenty (cf…,0,,http://www.oed.com/dictionary/plenty-price_n
"1 - single year of evidence, form unique",plumeletage,PLUMELETAGE,11,noun,1855,1855,printed date range,derivative,0,,sciences/life sciences/animals/birds,"Small, delicate plumage.",0,,http://www.oed.com/dictionary/plumeletage_n
"1 - single year of evidence, form unique",pluranimous,PLURANIMOUS,11,adjective,1650,1650,printed date range,borrowing,0,,,Not unanimous.,0,,http://www.oed.com/dictionary/pluranimous_adj
"1 - single year of evidence, form unique",polemomania,POLEMOMANIA,11,noun,1874,1874,printed date range,borrowing,0,,sciences/medicine/psychology/psychiatry,Excessive desire for conflict; militant anger.,0,,http://www.oed.com/dictionary/polemomania_n
"1 - single year of evidence, form unique",polyadamite,POLYADAMITE,11,adjective,1832,1832,printed date range,compound,0,,,"Asserting the existence of many ‘Adams’, or first…",0,,http://www.oed.com/dictionary/polyadamite_adj
"1 - single year of evidence, form unique",polygrammar,POLYGRAMMAR,11,noun,1812,1812,printed date range,compound,0,,language/linguistics/grammar,A grammar of several different languages.,0,,http://www.oed.com/dictionary/polygrammar_n
"1 - single year of evidence, form unique",pooh-poohist,POOHPOOHIST,11,noun,1861,1861,printed date range,derivative,0,,,"= pooh-pooher, n.",0,,http://www.oed.com/dictionary/pooh-poohist_n
"1 - single year of evidence, form unique",popedomship,POPEDOMSHIP,11,noun,1588,1588,printed date range,derivative,0,,religion and belief/religion,The office or authority of a pope.,0,,http://www.oed.com/dictionary/popedomship_n
"1 - single year of evidence, form unique",Poplocratic,POPLOCRATIC,11,adjective,1895,1895,printed date range,compound,0,,politics/United States politics,"= Popocratic, adj.",0,,http://www.oed.com/dictionary/poplocratic_adj
"1 - single year of evidence, form unique",postferment,POSTFERMENT,11,noun,a1661,1661,printed date range,derivative,0,,,Removal to an inferior office. Opposed to preferment.,0,,http://www.oed.com/dictionary/postferment_n
"1 - single year of evidence, form unique",posture-make,POSTUREMAKE,11,verb,1853,1853,printed date range,compound,0,,,intransitive. To make postures. Only in present…,0,,http://www.oed.com/dictionary/posture-make_v
"1 - single year of evidence, form unique",potestolate,POTESTOLATE,11,noun,1522,1522,printed date range,variant,0,,,Perhaps: a ruler; a powerful person.,0,,http://www.oed.com/dictionary/potestolate_n
"1 - single year of evidence, form unique",prenuntiate,PRENUNTIATE,11,noun,1866,1866,printed date range,borrowing,0,,,"A foreteller, a harbinger.",0,,http://www.oed.com/dictionary/prenuntiate_n
"1 - single year of evidence, form unique",proculstant,PROCULSTANT,11,noun,1589,1589,printed date range,borrowing,0,,religion and belief/religion/Christianity,A Protestant.,0,,http://www.oed.com/dictionary/proculstant_n
"1 - single year of evidence, form unique",pro-dialogue,PRODIALOGUE,11,noun,1884,1884,printed date range,derivative,0,,,An introductory dialogue.,0,,http://www.oed.com/dictionary/pro-dialogue_n
"1 - single year of evidence, form unique",proof-favour,PROOFFAVOUR,11,noun,a1625,1625,printed date range,compound,0,,,Favour or goodwill of proven strength.,0,,http://www.oed.com/dictionary/proof-favour_n
"1 - single year of evidence, form unique",propinquial,PROPINQUIAL,11,adjective,1891,1891,printed date range,derivative,0,,,Relating to or carried out in the vicinity.,0,,http://www.oed.com/dictionary/propinquial_adj
"1 - single year of evidence, form unique",pulicarious,PULICARIOUS,11,adjective,1872,1872,printed date range,borrowing,0,,,Of the nature of or resembling a flea.,0,,http://www.oed.com/dictionary/pulicarious_adj
"1 - single year of evidence, form unique",punctiuncle,PUNCTIUNCLE,11,noun,1874,1874,printed date range,borrowing,0,,,An extremely minute or trifling point.,0,,http://www.oed.com/dictionary/punctiuncle_n
"1 - single year of evidence, form unique",purveyancer,PURVEYANCER,11,noun,1800,1800,printed date range,derivative,0,,,"= purveyor, n. 1c.",0,,http://www.oed.com/dictionary/purveyancer_n
"1 - single year of evidence, form unique",pyramidaire,PYRAMIDAIRE,11,noun,1876,1876,printed date range,derivative,0,,,A person to whom a pyramid is erected as a monument.,0,,http://www.oed.com/dictionary/pyramidaire_n
"1 - single year of evidence, form unique",pythonizing,PYTHONIZING,11,noun,1654,1654,printed date range,derivative,0,,,An act of ventriloquizing (apparently used of the…,0,,http://www.oed.com/dictionary/pythonizing_n
"1 - single year of evidence, form unique",quadru-pawed,QUADRUPAWED,11,adjective,1828,1828,printed date range,compound,0,,,Having four paws.,0,,http://www.oed.com/dictionary/quadru-pawed_adj
"1 - single year of evidence, form unique",qualityship,QUALITYSHIP,11,noun,1865,1865,printed date range,derivative,0,,,Social position.,0,,http://www.oed.com/dictionary/qualityship_n
"1 - single year of evidence, form unique",Queenomania,QUEENOMANIA,11,noun,1820,1820,printed date range,compound,0,,,Devotion to the cause of Queen Caroline…,0,,http://www.oed.com/dictionary/queenomania_n
"1 - single year of evidence, form unique",questionful,QUESTIONFUL,11,noun,1647,1647,printed date range,derivative,0,,,A full reply to a question.,0,,http://www.oed.com/dictionary/questionful_n
"1 - single year of evidence, form unique",quinquagint,QUINQUAGINT,11,noun,1843,1843,printed date range,borrowing,0,,,A group of fifty persons.,0,,http://www.oed.com/dictionary/quinquagint_n
"1 - single year of evidence, form unique",quizzacious,QUIZZACIOUS,11,adjective,1843,1843,printed date range,derivative,0,,,Mocking; satirical.,0,,http://www.oed.com/dictionary/quizzacious_adj
"1 - single year of evidence, form unique",Raphaelhood,RAPHAELHOOD,11,noun,1851,1851,printed date range,proper name,0,,,The state or condition of being considered like…,0,,http://www.oed.com/dictionary/raphaelhood_n
"1 - single year of evidence, form unique",ratiocinant,RATIOCINANT,11,adjective,1693,1693,printed date range,borrowing,0,,,That reasons; reasoning.,0,,http://www.oed.com/dictionary/ratiocinant_adj
"1 - single year of evidence, form unique",reconciless,RECONCILESS,11,noun,1865,1865,printed date range,derivative,0,,,A female reconciler.,0,,http://www.oed.com/dictionary/reconciless_n
"1 - single year of evidence, form unique",repatrioted,REPATRIOTED,11,adjective,1755,1755,printed date range,derivative,0,,,That has become patriotic again.,0,,http://www.oed.com/dictionary/repatrioted_adj
"1 - single year of evidence, form unique",reporterize,REPORTERIZE,11,verb,1891,1891,printed date range,derivative,0,,,transitive to treat in the manner of a reporter.,0,,http://www.oed.com/dictionary/reporterize_v
"1 - single year of evidence, form unique",respectance,RESPECTANCE,11,noun,1820,1820,printed date range,derivative,0,,,"= respect, n.",0,,http://www.oed.com/dictionary/respectance_n
"1 - single year of evidence, form unique",rhabdosophy,RHABDOSOPHY,11,noun,1820,1820,printed date range,compound,0,humorous,,The practice of gesturing with one's cane or…,0,,http://www.oed.com/dictionary/rhabdosophy_n
"1 - single year of evidence, form unique",righteouser,RIGHTEOUSER,11,noun,1866,1866,printed date range,derivative,0,,,A person who makes another or others righteous…,0,,http://www.oed.com/dictionary/righteouser_n
"1 - single year of evidence, form unique",robustihood,ROBUSTIHOOD,11,noun,1834,1834,printed date range,derivative,0,,,Robustness.,0,,http://www.oed.com/dictionary/robustihood_n
"1 - single year of evidence, form unique",romanceress,ROMANCERESS,11,noun,1841,1841,printed date range,derivative,0,,arts/literature,A female romancer.,0,,http://www.oed.com/dictionary/romanceress_n
"1 - single year of evidence, form unique",roundliness,ROUNDLINESS,11,noun,1870,1870,printed date range,derivative,0,,,The quality of having a rounded outline or contour.,0,,http://www.oed.com/dictionary/roundliness_n
"1 - single year of evidence, form unique",routinarity,ROUTINARITY,11,noun,1868,1868,printed date range,derivative,0,,,The condition of being dependent on routine.,0,,http://www.oed.com/dictionary/routinarity_n
"1 - single year of evidence, form unique",ruiniferous,RUINIFEROUS,11,adjective,1854,1854,printed date range,compound,0,,,Rich in ruins.,0,,http://www.oed.com/dictionary/ruiniferous_adj
"1 - single year of evidence, form unique",scarlatical,SCARLATICAL,11,adjective,1672,1672,printed date range,derivative,0,,religion and belief/religion,Having the prejudices characteristic of those who…,0,,http://www.oed.com/dictionary/scarlatical_adj
"1 - single year of evidence, form unique",schoolingly,SCHOOLINGLY,11,adverb,1871,1871,printed date range,derivative,0,,,So as to provide a lesson.,0,,http://www.oed.com/dictionary/schoolingly_adv
"1 - single year of evidence, form unique",seringahood,SERINGAHOOD,11,noun,1754,1754,printed date range,derivative,0,,,The condition of abounding in seringa blossom.,0,,http://www.oed.com/dictionary/seringahood_n
"1 - single year of evidence, form unique",shrill-bated,SHRILLBATED,11,adjective,1582,1582,printed date range,compound,0,poetic and literary,,With a shrill sound like the voices of people arguing.,0,,http://www.oed.com/dictionary/shrill-bated_adj
"1 - single year of evidence, form unique",specimenify,SPECIMENIFY,11,verb,1820,1820,printed date range,derivative,0,,,transitive. To select (something) as a specimen…,0,,http://www.oed.com/dictionary/specimenify_v
"1 - single year of evidence, form unique",spirituelly,SPIRITUELLY,11,adverb,1825,1825,printed date range,derivative,0,,,In a refined or witty manner.,0,,http://www.oed.com/dictionary/spirituelly_adv
"1 - single year of evidence, form unique",stead mother,STEADMOTHER,11,noun,1591,1591,printed date range,compound,0,,,(See quot. 1591).,0,,http://www.oed.com/dictionary/stead-mother_n
"1 - single year of evidence, form unique",stir-passion,STIRPASSION,11,noun,1604,1604,printed date range,compound,0,,,Something that stirs or excites passion.,0,,http://www.oed.com/dictionary/stir-passion_n
"1 - single year of evidence, form unique",stretchling,STRETCHLING,11,noun,1674,1674,printed date range,derivative,0,,,A minute quantity of space.,0,,http://www.oed.com/dictionary/stretchling_n
"1 - single year of evidence, form unique",superfinish,SUPERFINISH,11,adjective,1866,1866,printed date range,derivative,0,,,Somewhat superfine.,0,,http://www.oed.com/dictionary/superfinish_adj
"1 - single year of evidence, form unique",surcingling,SURCINGLING,11,noun,1654,1654,printed date range,derivative,0,,,A flogging with a surcingle.,0,,http://www.oed.com/dictionary/surcingling_n
"1 - single year of evidence, form unique",tacturiency,TACTURIENCY,11,noun,1652,1652,printed date range,borrowing,0,,,The desire of touching.,0,,http://www.oed.com/dictionary/tacturiency_n
"1 - single year of evidence, form unique",tapinophoby,TAPINOPHOBY,11,noun,1773,1773,printed date range,borrowing,0,,,(See quot. 1773.),0,,http://www.oed.com/dictionary/tapinophoby_n
"1 - single year of evidence, form unique",thinkingdom,THINKINGDOM,11,noun,1880,1880,printed date range,derivative,0,,,A social structure of thinking persons.,0,,http://www.oed.com/dictionary/thinkingdom_n
"1 - single year of evidence, form unique",thrononical,THRONONICAL,11,adjective,a1626,1626,printed date range,derivative,0,,,Of or relating to a ruler occupying a throne.,0,,http://www.oed.com/dictionary/thrononical_adj
"1 - single year of evidence, form unique",thwarterous,THWARTEROUS,11,adjective,1625,1625,printed date range,derivative,0,,sciences/life sciences/plants,"Tortuous, twisted, gnarled.",0,,http://www.oed.com/dictionary/thwarterous_adj
"1 - single year of evidence, form unique",tomorrowing,TOMORROWING,11,adjective,1824,1824,printed date range,derivative,0,,,That procrastinates.,0,,http://www.oed.com/dictionary/tomorrowing_adj
"1 - single year of evidence, form unique",totipresent,TOTIPRESENT,11,adjective,1768,1768,printed date range,borrowing,0,,,Present throughout the whole of a space.,0,,http://www.oed.com/dictionary/totipresent_adj
"1 - single year of evidence, form unique",trans-spirit,TRANSSPIRIT,11,verb,1652,1652,printed date range,derivative,0,,religion and belief/religion/Christianity,transitive. To convey the spirit of (a thing)…,0,,http://www.oed.com/dictionary/trans-spirit_v
"1 - single year of evidence, form unique",truch sprite,TRUCHSPRITE,11,noun,1582,1582,printed date range,,0,,,A spirit acting as interpreter or messenger.,0,,http://www.oed.com/dictionary/truch-sprite_n
"1 - single year of evidence, form unique",vagabundulo,VAGABUNDULO,11,noun,1631,1631,printed date range,derivative,0,,,? A roguish trick.,0,,http://www.oed.com/dictionary/vagabundulo_n
"1 - single year of evidence, form unique",ventilabral,VENTILABRAL,11,adjective,1882,1882,printed date range,borrowing,0,,,Concerning or relating to a (handheld) fan or fans.,0,,http://www.oed.com/dictionary/ventilabral_adj
"1 - single year of evidence, form unique",watch George,WATCHGEORGE,11,noun,1614,1614,printed date range,compound,0,,crafts and trades/costume/jewellery,A representation of St George in the form of a…,0,,http://www.oed.com/dictionary/watch-george_n
"1 - single year of evidence, form unique",well-woulder,WELLWOULDER,11,noun,1643,1643,printed date range,compound,0,,,A conditional or would-be well-wisher. Cf…,0,,http://www.oed.com/dictionary/well-woulder_n
"1 - single year of evidence, form unique",whimseycado,WHIMSEYCADO,11,noun,1654,1654,printed date range,borrowing,0,,,(?) A whim.,0,,http://www.oed.com/dictionary/whimseycado_n
"1 - single year of evidence, form unique",altilatitude,ALTILATITUDE,12,noun,1633,1633,printed date range,compound,0,,,Altitude and latitude combined (in quot. as a…,0,,http://www.oed.com/dictionary/altilatitude_n
"1 - single year of evidence, form unique",any-lengthian,ANYLENGTHIAN,12,adjective,1805,1805,printed date range,derivative,0,,,Unscrupulous; ready to go any lengths (see…,0,,http://www.oed.com/dictionary/any-lengthian_adj
"1 - single year of evidence, form unique",balloonicism,BALLOONICISM,12,noun,1838,1838,printed date range,derivative,0,,,A technical phrase in ballooning.,0,,http://www.oed.com/dictionary/balloonicism_n
"1 - single year of evidence, form unique",ballotically,BALLOTICALLY,12,adverb,c1842,1842,printed date range,derivative,0,,,In reference to the ballot.,0,,http://www.oed.com/dictionary/ballotically_adv
"1 - single year of evidence, form unique",black-apronry,BLACKAPRONRY,12,noun,1832,1832,printed date range,compound,0,,law,"The wearers of black aprons, spec. the clerical…",0,,http://www.oed.com/dictionary/black-apronry_n
"1 - single year of evidence, form unique",black artship,BLACKARTSHIP,12,noun,a1692,1692,printed date range,derivative,0,,,Only in your Black Artship: a mock title or form…,0,,http://www.oed.com/dictionary/black-artship_n
"1 - single year of evidence, form unique",blockheadess,BLOCKHEADESS,12,noun,1827,1827,printed date range,derivative,0,,,A stupid or foolish woman.,0,,http://www.oed.com/dictionary/blockheadess_n
"1 - single year of evidence, form unique",calodemonial,CALODEMONIAL,12,adjective,a1529,1529,printed date range,compound,0,,religion and belief/mythology/classical mythology,Of or pertaining to beautiful or good spirits.,0,,http://www.oed.com/dictionary/calodemonial_adj
"1 - single year of evidence, form unique",Catacatholic,CATACATHOLIC,12,adjective,1608,1608,printed date range,derivative,0,,,Of or relating to an apparent or supposed form of…,0,,http://www.oed.com/dictionary/catacatholic_adj
"1 - single year of evidence, form unique",centilingued,CENTILINGUED,12,adjective,1853,1853,printed date range,compound,0,,,Having a hundred tongues.,0,,http://www.oed.com/dictionary/centilingued_adj
"1 - single year of evidence, form unique",chuffe chaffe,CHUFFECHAFFE,12,adjective,1582,1582,printed date range,variant,0,,,Meaning uncertain: perhaps ‘swollen’ or ‘puffed…,0,,http://www.oed.com/dictionary/chuffe-chaffe_adj
"1 - single year of evidence, form unique",clericometer,CLERICOMETER,12,noun,1864,1864,printed date range,compound,0,,,A standard or device for measuring the outlook…,0,,http://www.oed.com/dictionary/clericometer_n
"1 - single year of evidence, form unique",climacterian,CLIMACTERIAN,12,noun,a1734,1734,printed date range,derivative,0,,arts/literature/rhetoric,A person who uses the rhetorical device of climax…,0,,http://www.oed.com/dictionary/climacterian_n
"1 - single year of evidence, form unique",cloakatively,CLOAKATIVELY,12,adverb,1674,1674,printed date range,derivative,0,,,Superficially.,0,,http://www.oed.com/dictionary/cloakatively_adv
"1 - single year of evidence, form unique",codicillular,CODICILLULAR,12,adjective,1829,1829,printed date range,borrowing,0,,,Of the nature of a codicil or supplement.,0,,http://www.oed.com/dictionary/codicillular_adj
"1 - single year of evidence, form unique",concloutment,CONCLOUTMENT,12,noun,1593,1593,printed date range,derivative,0,,,"A clouting together, a patchwork.",0,,http://www.oed.com/dictionary/concloutment_n
"1 - single year of evidence, form unique",conformalist,CONFORMALIST,12,noun,1631,1631,printed date range,derivative,0,,religion and belief/religion,"= conformist, n.",0,,http://www.oed.com/dictionary/conformalist_n
"1 - single year of evidence, form unique",conversioner,CONVERSIONER,12,noun,1655,1655,printed date range,derivative,0,,religion and belief/religion/Christianity,A writer on conversion.,0,,http://www.oed.com/dictionary/conversioner_n
"1 - single year of evidence, form unique",cornucopious,CORNUCOPIOUS,12,adjective,1654,1654,printed date range,derivative,0,,,"(Cf. cornucopia, n. d.)",0,,http://www.oed.com/dictionary/cornucopious_adj
"1 - single year of evidence, form unique",counterpacer,COUNTERPACER,12,noun,1556,1556,printed date range,derivative,0,,,One who paces or walks opposite; in plural =…,0,,http://www.oed.com/dictionary/counterpacer_n
"1 - single year of evidence, form unique",countyocracy,COUNTYOCRACY,12,noun,1859,1859,printed date range,compound,0,,,The aristocracy and leading families of a county.,0,,http://www.oed.com/dictionary/countyocracy_n
"1 - single year of evidence, form unique",crotchet-hero,CROTCHETHERO,12,noun,1807,1807,printed date range,compound,0,humorous,arts/performing arts/music,A musician.,0,,http://www.oed.com/dictionary/crotchet-hero_n
"1 - single year of evidence, form unique",decatessarad,DECATESSARAD,12,noun,a1614,1614,printed date range,borrowing,0,,arts/literature,A poem of 14 lines.,0,,http://www.oed.com/dictionary/decatessarad_n
"1 - single year of evidence, form unique",decillionist,DECILLIONIST,12,noun,1865,1865,printed date range,derivative,0,,sciences/medicine/alternative medicine,One who deals in infinitesimal doses (of a drug)…,0,,http://www.oed.com/dictionary/decillionist_n
"1 - single year of evidence, form unique",dehomination,DEHOMINATION,12,noun,1647,1647,printed date range,borrowing,0,,,Deprival of the character or attributes of humanity.,0,,http://www.oed.com/dictionary/dehomination_n
"1 - single year of evidence, form unique",demonosopher,DEMONOSOPHER,12,noun,1780,1780,printed date range,compound,0,,religion and belief/belief systems and practices/occult,A person inspired by a demon or by the Devil.,0,,http://www.oed.com/dictionary/demonosopher_n
"1 - single year of evidence, form unique",deparochiate,DEPAROCHIATE,12,verb,1762,1762,printed date range,borrowing,0,,,intransitive. To depart from one's own parish.,0,,http://www.oed.com/dictionary/deparochiate_v
"1 - single year of evidence, form unique",discursative,DISCURSATIVE,12,adjective,1819,1819,printed date range,borrowing,0,,,That tends to pass from one object of thought to…,0,,http://www.oed.com/dictionary/discursative_adj
"1 - single year of evidence, form unique",disdetermine,DISDETERMINE,12,verb,1651,1651,printed date range,derivative,0,,,"transitive. To undo that which is determined, to annul.",0,,http://www.oed.com/dictionary/disdetermine_v
"1 - single year of evidence, form unique",disknowledge,DISKNOWLEDGE,12,verb,1576,1576,printed date range,derivative,0,,,"transitive. To put out of knowledge, make…",0,,http://www.oed.com/dictionary/disknowledge_v
"1 - single year of evidence, form unique",dogmatopoeic,DOGMATOPOEIC,12,adjective,1893,1893,printed date range,borrowing,0,,,Creating dogmas.,0,,http://www.oed.com/dictionary/dogmatopoeic_adj
"1 - single year of evidence, form unique",Dutch defence,DUTCHDEFENCE,12,noun,1749,1749,printed date range,compound,0,,,"Surrender, capitulation.",0,,http://www.oed.com/dictionary/dutch-defence_n
"1 - single year of evidence, form unique",effumability,EFFUMABILITY,12,noun,1680,1680,printed date range,borrowing,0,,,Capability of being converted into vapour.,0,,http://www.oed.com/dictionary/effumability_n
"1 - single year of evidence, form unique",elvish-marked,ELVISHMARKED,12,adjective,1597,1597,printed date range,compound,0,,religion and belief/mythology,Marked or afflicted by elves; (hence) spiteful or…,0,,http://www.oed.com/dictionary/elvish-marked_adj
"1 - single year of evidence, form unique",embabuinized,EMBABUINIZED,12,adjective,1603,1603,printed date range,borrowing,0,,,Infatuated (with).,0,,http://www.oed.com/dictionary/embabuinized_adj
"1 - single year of evidence, form unique",etceterarist,ETCETERARIST,12,noun,a1843,1843,printed date range,derivative,0,,,A person who uses the word ‘etcetera’.,0,,http://www.oed.com/dictionary/etceterarist_n
"1 - single year of evidence, form unique",everywayness,EVERYWAYNESS,12,noun,1674,1674,printed date range,derivative,0,,,The quality of extending in every direction.,0,,http://www.oed.com/dictionary/everywayness_n
"1 - single year of evidence, form unique",feather-glory,FEATHERGLORY,12,noun,a1626,1626,printed date range,compound,0,,,Light and transitory glory.,0,,http://www.oed.com/dictionary/feather-glory_n
"1 - single year of evidence, form unique",firesideship,FIRESIDESHIP,12,noun,1845,1845,printed date range,derivative,0,,,(With preceding possessive adjective) a mock…,0,,http://www.oed.com/dictionary/firesideship_n
"1 - single year of evidence, form unique",goblet-office,GOBLETOFFICE,12,noun,1653,1653,printed date range,compound,0,,consumables/drink/wine,A place for storing wine and other alcoholic drinks.,0,,http://www.oed.com/dictionary/goblet-office_n
"1 - single year of evidence, form unique",goldsmithess,GOLDSMITHESS,12,noun,c1450,1450,printed date range,derivative,0,,,A female goldsmith.,0,,http://www.oed.com/dictionary/goldsmithess_n
"1 - single year of evidence, form unique",hardfastness,HARDFASTNESS,12,noun,1674,1674,printed date range,compound,0,,,Density.,0,,http://www.oed.com/dictionary/hardfastness_n
"1 - single year of evidence, form unique",holiday woman,HOLIDAYWOMAN,12,noun,1548,1548,printed date range,compound,0,,,A woman who is at rest instead of working; an…,0,,http://www.oed.com/dictionary/holiday-woman_n
"1 - single year of evidence, form unique",hurricanious,HURRICANIOUS,12,adjective,1706,1706,printed date range,derivative,0,,,Hurricane-like.,0,,http://www.oed.com/dictionary/hurricanious_adj
"1 - single year of evidence, form unique",husband-field,HUSBANDFIELD,12,noun,1811,1811,printed date range,compound,0,,agriculture and horticulture/agriculture,A cultivated field.,0,,http://www.oed.com/dictionary/husband-field_n
"1 - single year of evidence, form unique",immonarchize,IMMONARCHIZE,12,verb,1679,1679,printed date range,derivative,0,,,transitive. To confer monarchy upon; to make into…,0,,http://www.oed.com/dictionary/immonarchize_v
"1 - single year of evidence, form unique",immonastered,IMMONASTERED,12,adjective,1622,1622,printed date range,derivative,0,,,Shut up in a monastery.,0,,http://www.oed.com/dictionary/immonastered_adj
"1 - single year of evidence, form unique",impaletocked,IMPALETOCKED,12,adjective,1653,1653,printed date range,borrowing,0,,,"Rendering French empaletoqué ‘muffled, or lapt vp…",0,,http://www.oed.com/dictionary/impaletocked_adj
"1 - single year of evidence, form unique",insensiblist,INSENSIBLIST,12,noun,1782,1782,printed date range,derivative,0,,,One who professes insensibility or apathy.,0,,http://www.oed.com/dictionary/insensiblist_n
"1 - single year of evidence, form unique",jewel-darling,JEWELDARLING,12,adjective,1643,1643,printed date range,compound,0,,,That is as precious or highly prized as a jewel.,0,,http://www.oed.com/dictionary/jewel-darling_adj
"1 - single year of evidence, form unique",junketaceous,JUNKETACEOUS,12,adjective,1760,1760,printed date range,derivative,0,,,Given to junketing or merrymaking.,0,,http://www.oed.com/dictionary/junketaceous_adj
"1 - single year of evidence, form unique",kirkomanetic,KIRKOMANETIC,12,adjective,1652,1652,printed date range,derivative,0,,religion and belief/religion/Christianity/Scottish Church,Fervently supportive of the Kirk or Church of Scotland.,0,,http://www.oed.com/dictionary/kirkomanetic_adj
"1 - single year of evidence, form unique",letter-struck,LETTERSTRUCK,12,adjective,1667,1667,printed date range,compound,0,,arts/literature,Smitten with love of literature and learning.,0,,http://www.oed.com/dictionary/letter-struck_adj
"1 - single year of evidence, form unique",magistricide,MAGISTRICIDE,12,noun,1670,1670,printed date range,borrowing,0,,,A person who kills his or her master or teacher.,0,,http://www.oed.com/dictionary/magistricide_n
"1 - single year of evidence, form unique",memorandumer,MEMORANDUMER,12,noun,1787,1787,printed date range,derivative,0,,,A person who makes memoranda.,0,,http://www.oed.com/dictionary/memorandumer_n
"1 - single year of evidence, form unique",metheglinist,METHEGLINIST,12,noun,1655,1655,printed date range,derivative,0,,,A brewer of metheglin.,0,,http://www.oed.com/dictionary/metheglinist_n
"1 - single year of evidence, form unique",micranthrope,MICRANTHROPE,12,noun,1822,1822,printed date range,borrowing,0,,,"= micranthropos, n.",0,,http://www.oed.com/dictionary/micranthrope_n
"1 - single year of evidence, form unique",microscopize,MICROSCOPIZE,12,verb,1846,1846,printed date range,derivative,0,,sciences,intransitive. To work with a microscope.,0,,http://www.oed.com/dictionary/microscopize_v
"1 - single year of evidence, form unique",middleageism,MIDDLEAGEISM,12,noun,1840,1840,printed date range,derivative,0,,,Medievalism.,0,,http://www.oed.com/dictionary/middleageism_n
"1 - single year of evidence, form unique",mosstroopery,MOSSTROOPERY,12,noun,1845,1845,printed date range,derivative,0,,,The practices of the moss-troopers.,0,,http://www.oed.com/dictionary/mosstroopery_n
"1 - single year of evidence, form unique",neighbourize,NEIGHBOURIZE,12,verb,1899,1899,printed date range,derivative,0,,,intransitive. To associate with others as…,0,,http://www.oed.com/dictionary/neighbourize_v
"1 - single year of evidence, form unique",nephelolater,NEPHELOLATER,12,noun,1895,1895,printed date range,compound,0,,sciences/physical sciences/earth sciences/geography/weather,A person who admires clouds.,0,,http://www.oed.com/dictionary/nephelolater_n
"1 - single year of evidence, form unique",nigricanting,NIGRICANTING,12,adjective,?1715,1715,printed date range,borrowing,0,,,That blackens (figurative in quot. 1715).,0,,http://www.oed.com/dictionary/nigricanting_adj
"1 - single year of evidence, form unique",nothingizing,NOTHINGIZING,12,noun,1834,1834,printed date range,derivative,0,,,"Reduction to nothing, obliteration.",0,,http://www.oed.com/dictionary/nothingizing_n
"1 - single year of evidence, form unique",obitaneously,OBITANEOUSLY,12,adverb,a1834,1834,printed date range,derivative,0,,,"By the way, in passing. Cf. obiter, adv.",0,,http://www.oed.com/dictionary/obitaneously_adv
"1 - single year of evidence, form unique",obscenometer,OBSCENOMETER,12,noun,1828,1828,printed date range,compound,0,humorous,,An imaginary instrument for measuring the degree…,0,,http://www.oed.com/dictionary/obscenometer_n
"1 - single year of evidence, form unique",octagon-faced,OCTAGONFACED,12,adjective,1892,1892,printed date range,compound,0,,,"Able to show eight different faces, extremely…",0,,http://www.oed.com/dictionary/octagon-faced_adj
"1 - single year of evidence, form unique",omnisciolism,OMNISCIOLISM,12,noun,1892,1892,printed date range,compound,0,,,The quality of knowing a little about everything.,0,,http://www.oed.com/dictionary/omnisciolism_n
"1 - single year of evidence, form unique",omnivorosity,OMNIVOROSITY,12,noun,1896,1896,printed date range,derivative,0,,,"= omnivorousness, n.",0,,http://www.oed.com/dictionary/omnivorosity_n
"1 - single year of evidence, form unique",otherselfish,OTHERSELFISH,12,adjective,1877,1877,printed date range,derivative,0,,,Altruistic.,0,,http://www.oed.com/dictionary/otherselfish_adj
"1 - single year of evidence, form unique",overturcased,OVERTURCASED,12,adjective,1647,1647,printed date range,derivative,0,,,Covered with turquoises.,0,,http://www.oed.com/dictionary/overturcased_adj
"1 - single year of evidence, form unique",palaeomachic,PALAEOMACHIC,12,adjective,1877,1877,printed date range,,0,,military,Of or relating to ancient warfare.,0,,http://www.oed.com/dictionary/palaeomachic_adj
"1 - single year of evidence, form unique",pancakewards,PANCAKEWARDS,12,adverb,1867,1867,printed date range,derivative,0,,,Towards or for a pancake.,0,,http://www.oed.com/dictionary/pancakewards_adv
"1 - single year of evidence, form unique",panfrivolium,PANFRIVOLIUM,12,noun,1834,1834,printed date range,compound,0,humorous,,A place or scene of utter frivolity. (In quot…,0,,http://www.oed.com/dictionary/panfrivolium_n
"1 - single year of evidence, form unique",papyrophobia,PAPYROPHOBIA,12,noun,1790,1790,printed date range,compound,0,,sciences/medicine/psychology/psychiatry,Fear of paper.,0,,http://www.oed.com/dictionary/papyrophobia_n
"1 - single year of evidence, form unique",parsonolatry,PARSONOLATRY,12,noun,1852,1852,printed date range,derivative,0,,religion and belief/religion,The worship of parsons.,0,,http://www.oed.com/dictionary/parsonolatry_n
"1 - single year of evidence, form unique",passericidal,PASSERICIDAL,12,adjective,a1876,1876,printed date range,borrowing,0,,,That kills sparrows; sparrow-killing.,0,,http://www.oed.com/dictionary/passericidal_adj
"1 - single year of evidence, form unique",pastelleteer,PASTELLETEER,12,noun,1893,1893,printed date range,derivative,0,,arts/literature,A writer of literary pastels.,0,,http://www.oed.com/dictionary/pastelleteer_n
"1 - single year of evidence, form unique",past-meridian,PASTMERIDIAN,12,adjective,1898,1898,printed date range,compound,0,,,"Past one's prime, elderly.",0,,http://www.oed.com/dictionary/past-meridian_adj
"1 - single year of evidence, form unique",paterophobia,PATEROPHOBIA,12,noun,1840,1840,printed date range,borrowing,0,,religion and belief/religion/Christianity,Fear or mistrust of the early Christian Fathers.,0,,http://www.oed.com/dictionary/paterophobia_n
"1 - single year of evidence, form unique",patrollotism,PATROLLOTISM,12,noun,1837,1837,printed date range,compound,0,,,The systematic use of patrols.,0,,http://www.oed.com/dictionary/patrollotism_n
"1 - single year of evidence, form unique",patronessing,PATRONESSING,12,noun,1834,1834,printed date range,derivative,0,,,"The behaviour of a patroness, esp. in support of…",0,,http://www.oed.com/dictionary/patronessing_n
"1 - single year of evidence, form unique",pedicularity,PEDICULARITY,12,noun,1876,1876,printed date range,derivative,0,,,The nature or set of characteristics of a louse.,0,,http://www.oed.com/dictionary/pedicularity_n
"1 - single year of evidence, form unique",pen-and-inkage,PENANDINKAGE,12,noun,1894,1894,printed date range,derivative,0,,,The use of pen and ink.,0,,http://www.oed.com/dictionary/pen-and-inkage_n
"1 - single year of evidence, form unique",perruquerian,PERRUQUERIAN,12,adjective,1836,1836,printed date range,derivative,0,,crafts and trades/hairdressing,Of or relating to a perruquier.,0,,http://www.oed.com/dictionary/perruquerian_adj
"1 - single year of evidence, form unique",philarchaist,PHILARCHAIST,12,noun,1652,1652,printed date range,borrowing,0,,,A person who prefers ancient things to their…,0,,http://www.oed.com/dictionary/philarchaist_n
"1 - single year of evidence, form unique",philobrutish,PHILOBRUTISH,12,adjective,1826,1826,printed date range,compound,0,,,Characterized by kindness to animals.,0,,http://www.oed.com/dictionary/philobrutish_adj
"1 - single year of evidence, form unique",philobrutist,PHILOBRUTIST,12,noun,1826,1826,printed date range,derivative,0,,,A person who is fond of or kind to animals; an…,0,,http://www.oed.com/dictionary/philobrutist_n
"1 - single year of evidence, form unique",philokleptic,PHILOKLEPTIC,12,adjective,1865,1865,printed date range,compound,0,,,Supporting or associating with thieves.,0,,http://www.oed.com/dictionary/philokleptic_adj
"1 - single year of evidence, form unique",phobanthropy,PHOBANTHROPY,12,noun,1848,1848,printed date range,borrowing,0,,,Morbid dread or strong dislike of humankind; =…,0,,http://www.oed.com/dictionary/phobanthropy_n
"1 - single year of evidence, form unique",pianoforting,PIANOFORTING,12,noun,1822,1822,printed date range,derivative,0,,arts/performing arts/music,The action of playing the pianoforte.,0,,http://www.oed.com/dictionary/pianoforting_n
"1 - single year of evidence, form unique",pinguiferous,PINGUIFEROUS,12,adjective,1855,1855,printed date range,borrowing,0,humorous,,"Fatty, greasy; causing fatness.",0,,http://www.oed.com/dictionary/pinguiferous_adj
"1 - single year of evidence, form unique",platformally,PLATFORMALLY,12,adverb,1870,1870,printed date range,derivative,0,,,In the manner of a platform speaker.,0,,http://www.oed.com/dictionary/platformally_adv
"1 - single year of evidence, form unique",play-wrightry,PLAYWRIGHTRY,12,noun,1851,1851,printed date range,derivative,0,,arts/performing arts/theatre,"= playwrighting, n.",0,,http://www.oed.com/dictionary/play-wrightry_n
"1 - single year of evidence, form unique",plousiocracy,PLOUSIOCRACY,12,noun,1839,1839,printed date range,borrowing,0,,,"The wealthy ruling class. Cf. plutocracy, n.",0,,http://www.oed.com/dictionary/plousiocracy_n
"1 - single year of evidence, form unique",pollutionate,POLLUTIONATE,12,adjective,1593,1593,printed date range,derivative,0,,,"Polluted, desecrated.",0,,http://www.oed.com/dictionary/pollutionate_adj
"1 - single year of evidence, form unique",polybuttoned,POLYBUTTONED,12,adjective,1846,1846,printed date range,compound,0,,crafts and trades/costume,Wearing many buttons.,0,,http://www.oed.com/dictionary/polybuttoned_adj
"1 - single year of evidence, form unique",polylychnous,POLYLYCHNOUS,12,adjective,1839,1839,printed date range,,0,,,Having many lamps or lights.,0,,http://www.oed.com/dictionary/polylychnous_adj
"1 - single year of evidence, form unique",polypragmist,POLYPRAGMIST,12,noun,1613,1613,printed date range,borrowing,0,,,"= polypragmatist, n.",0,,http://www.oed.com/dictionary/polypragmist_n
"1 - single year of evidence, form unique",pontitecture,PONTITECTURE,12,noun,1853,1853,printed date range,borrowing,0,,manufacturing and industry/building,The building of bridges.,0,,http://www.oed.com/dictionary/pontitecture_n
"1 - single year of evidence, form unique",postparative,POSTPARATIVE,12,noun,1581,1581,printed date range,derivative,0,,,An action performed after an exercise by way of…,0,,http://www.oed.com/dictionary/postparative_n
"1 - single year of evidence, form unique",postponeless,POSTPONELESS,12,adjective,c1862,1862,printed date range,derivative,0,,,That cannot be put off or averted.,0,,http://www.oed.com/dictionary/postponeless_adj
"1 - single year of evidence, form unique",pot-walloping,POTWALLOPING,12,noun,1849,1849,printed date range,compound,0,,technology/engineering/mechanics/steam engines,The sound produced by the boiler of a steam engine.,0,,http://www.oed.com/dictionary/pot-walloping_n
"1 - single year of evidence, form unique",poundiferous,POUNDIFEROUS,12,adjective,1871,1871,printed date range,compound,0,humorous,,Accompanied by loud pounding.,0,,http://www.oed.com/dictionary/poundiferous_adj
"1 - single year of evidence, form unique",praelectress,PRAELECTRESS,12,noun,1889,1889,printed date range,derivative,0,,,A female lecturer.,0,,http://www.oed.com/dictionary/praelectress_n
"1 - single year of evidence, form unique",praying-jenny,PRAYINGJENNY,12,noun,1817,1817,printed date range,compound,0,,religion and belief/religion,A prayer wheel.,0,,http://www.oed.com/dictionary/praying-jenny_n
"1 - single year of evidence, form unique",precinctuary,PRECINCTUARY,12,adjective,1897,1897,printed date range,derivative,0,,,Concerned with a cathedral precinct or close.,0,,http://www.oed.com/dictionary/precinctuary_adj
"1 - single year of evidence, form unique",predecessrix,PREDECESSRIX,12,noun,1640,1640,printed date range,derivative,0,,,"= predecessoress, n.",0,,http://www.oed.com/dictionary/predecessrix_n
"1 - single year of evidence, form unique",pretiefollie,PRETIEFOLLIE,12,noun,1591,1591,printed date range,variant,0,,sciences/medicine/alternative medicine/herbalism,The tree trefoil Medicago arborea (family…,0,,http://www.oed.com/dictionary/pretiefollie_n
"1 - single year of evidence, form unique",proditomania,PRODITOMANIA,12,noun,1898,1898,printed date range,borrowing,0,,sciences/medicine/psychology/psychiatry,The irrational belief that everyone is a traitor.,0,,http://www.oed.com/dictionary/proditomania_n
"1 - single year of evidence, form unique",prolepsarian,PROLEPSARIAN,12,noun,1694,1694,printed date range,derivative,0,,,A person who explains something on the basis of a…,0,,http://www.oed.com/dictionary/prolepsarian_n
"1 - single year of evidence, form unique",prolusionize,PROLUSIONIZE,12,verb,1864,1864,printed date range,derivative,0,,,(intransitive) to deliver a prolusion (cf…,0,,http://www.oed.com/dictionary/prolusionize_v
"1 - single year of evidence, form unique",propugnacled,PROPUGNACLED,12,adjective,1875,1875,printed date range,derivative,0,,military/fortification,Having ramparts; battlemented. (In quot. figurative.),0,,http://www.oed.com/dictionary/propugnacled_adj
"1 - single year of evidence, form unique",prosody bigot,PROSODYBIGOT,12,noun,1869,1869,printed date range,compound,0,,arts/literature/prosody,A rigid follower of prosodic rules.,0,,http://www.oed.com/dictionary/prosody-bigot_n
"1 - single year of evidence, form unique",proximiority,PROXIMIORITY,12,noun,1720,1720,printed date range,borrowing,0,,,The fact of being nearer; greater proximity.,0,,http://www.oed.com/dictionary/proximiority_n
"1 - single year of evidence, form unique",Puginesquery,PUGINESQUERY,12,noun,1848,1848,printed date range,derivative,0,,manufacturing and industry/building/architecture,Matters related to Pugin or his architectural style.,0,,http://www.oed.com/dictionary/puginesquery_n
"1 - single year of evidence, form unique",Pullmanizing,PULLMANIZING,12,noun,1882,1882,printed date range,derivative,0,,,The practice of travelling in a Pullman car.,0,,http://www.oed.com/dictionary/pullmanizing_n
"1 - single year of evidence, form unique",pulpitolatry,PULPITOLATRY,12,noun,1853,1853,printed date range,derivative,0,,,Inordinate reverence for the pulpit or preaching.,0,,http://www.oed.com/dictionary/pulpitolatry_n
"1 - single year of evidence, form unique",pupilability,PUPILABILITY,12,noun,1761,1761,printed date range,derivative,0,,,"Perhaps: confidentiality, confidential character…",0,,http://www.oed.com/dictionary/pupilability_n
"1 - single year of evidence, form unique",puppy-peeping,PUPPYPEEPING,12,adjective,1895,1895,printed date range,compound,0,,,That looks with half-closed eyes like a puppy.,0,,http://www.oed.com/dictionary/puppy-peeping_adj
"1 - single year of evidence, form unique",quidnunckery,QUIDNUNCKERY,12,noun,1804,1804,printed date range,derivative,0,,,"= quidnuncism, n.",0,,http://www.oed.com/dictionary/quidnunckery_n
"1 - single year of evidence, form unique",quizzatorial,QUIZZATORIAL,12,adjective,1821,1821,printed date range,derivative,0,,,"= quizzacious, adj.",0,,http://www.oed.com/dictionary/quizzatorial_adj
"1 - single year of evidence, form unique",quotidiarian,QUOTIDIARIAN,12,noun,a1641,1641,printed date range,borrowing,0,,,Among the Essenes: a daily official.,0,,http://www.oed.com/dictionary/quotidiarian_n
"1 - single year of evidence, form unique",railroadship,RAILROADSHIP,12,noun,1883,1883,printed date range,derivative,0,,transport/railways,The connection between separate places provided…,0,,http://www.oed.com/dictionary/railroadship_n
"1 - single year of evidence, form unique",rat-tattooing,RATTATTOOING,12,noun,c1852,1852,printed date range,blend,0,,,The action of beating a drum repeatedly. Cf…,0,,http://www.oed.com/dictionary/rat-tattooing_n
"1 - single year of evidence, form unique",recklesshood,RECKLESSHOOD,12,noun,1831,1831,printed date range,derivative,0,,,"Recklessness, carelessness, negligence.",0,,http://www.oed.com/dictionary/recklesshood_n
"1 - single year of evidence, form unique",regicidation,REGICIDATION,12,noun,1661,1661,printed date range,derivative,0,,,"= regicide, n.²",0,,http://www.oed.com/dictionary/regicidation_n
"1 - single year of evidence, form unique",ruffianosity,RUFFIANOSITY,12,noun,1823,1823,printed date range,derivative,0,,sport and leisure/sport/boxing,"Boxing without regard to rules. Cf. ruffian, n. A.2c.",0,,http://www.oed.com/dictionary/ruffianosity_n
"1 - single year of evidence, form unique",sacramenting,SACRAMENTING,12,adjective,1687,1687,printed date range,derivative,0,,religion and belief/religion/Christianity/liturgical,? That celebrates the Mass.,0,,http://www.oed.com/dictionary/sacramenting_adj
"1 - single year of evidence, form unique",Scotch-sleeve,SCOTCHSLEEVE,12,noun,?1706,1706,printed date range,compound,0,,crafts and trades/costume,(Probably) a person wearing sleeves of Scotch…,0,,http://www.oed.com/dictionary/scotch-sleeve_n
"1 - single year of evidence, form unique",scribblatory,SCRIBBLATORY,12,adjective,1827,1827,printed date range,derivative,0,,,Tending to produce a large amount of worthless…,0,,http://www.oed.com/dictionary/scribblatory_adj
"1 - single year of evidence, form unique",sentimentize,SENTIMENTIZE,12,verb,1753,1753,printed date range,derivative,0,,,"intransitive. ? = sentimentalize, v. 1.",0,,http://www.oed.com/dictionary/sentimentize_v
"1 - single year of evidence, form unique",septi-fronted,SEPTIFRONTED,12,adjective,a1708,1708,printed date range,,0,,religion and belief/mythology,Having seven foreheads.,0,,http://www.oed.com/dictionary/septi-fronted_adj
"1 - single year of evidence, form unique",shirt-studded,SHIRTSTUDDED,12,adjective,1855,1855,printed date range,derivative,0,,crafts and trades/costume,(Of a person) wearing shirt studs.,0,,http://www.oed.com/dictionary/shirt-studded_adj
"1 - single year of evidence, form unique",sonneteeress,SONNETEERESS,12,noun,1822,1822,printed date range,derivative,0,,arts/literature,A female sonneteer.,0,,http://www.oed.com/dictionary/sonneteeress_n
"1 - single year of evidence, form unique",sovereignful,SOVEREIGNFUL,12,adjective,1508,1508,printed date range,derivative,0,,,Befitting or worthy of a sovereign; noble.,0,,http://www.oed.com/dictionary/sovereignful_adj
"1 - single year of evidence, form unique",Spaniardship,SPANIARDSHIP,12,noun,1734,1734,printed date range,derivative,0,,,Used as a (mock) title of respect in speaking to…,0,,http://www.oed.com/dictionary/spaniardship_n
"1 - single year of evidence, form unique",stall-epistle,STALLEPISTLE,12,noun,1642,1642,printed date range,compound,0,,,An ‘open letter’ or pamphlet sold on the stalls.,0,,http://www.oed.com/dictionary/stall-epistle_n
"1 - single year of evidence, form unique",startle-brain,STARTLEBRAIN,12,noun,a1652,1652,printed date range,compound,0,,,A thing which upsets the brain.,0,,http://www.oed.com/dictionary/startle-brain_n
"1 - single year of evidence, form unique",stitty stitty,STITTYSTITTY,12,adjective,1600,1600,printed date range,imitative,0,,,A derisive epithet applied to a stammerer.,0,,http://www.oed.com/dictionary/stitty-stitty_adj
"1 - single year of evidence, form unique",stomach-anger,STOMACHANGER,12,noun,1640,1640,printed date range,compound,0,,,Concealed anger.,0,,http://www.oed.com/dictionary/stomach-anger_n
"1 - single year of evidence, form unique",successanean,SUCCESSANEAN,12,adjective,1635,1635,printed date range,borrowing,0,,,Characterized by or involving succession; successive.,0,,http://www.oed.com/dictionary/successanean_adj
"1 - single year of evidence, form unique",sugar-candian,SUGARCANDIAN,12,noun,1597,1597,printed date range,variant,0,,,"= sugar candy, n. A.1.",0,,http://www.oed.com/dictionary/sugar-candian_n
"1 - single year of evidence, form unique",summer-broach,SUMMERBROACH,12,noun,1619,1619,printed date range,compound,0,,,"A maypole, (apparently) regarded as a temporary…",0,,http://www.oed.com/dictionary/summer-broach_n
"1 - single year of evidence, form unique",superweening,SUPERWEENING,12,adjective,1862,1862,printed date range,derivative,0,,,"= overweening, adj.",0,,http://www.oed.com/dictionary/superweening_adj
"1 - single year of evidence, form unique",swartrutting,SWARTRUTTING,12,adjective,1592,1592,printed date range,derivative,0,,,"Violent, aggressive; characteristic of a…",0,,http://www.oed.com/dictionary/swartrutting_adj
"1 - single year of evidence, form unique",swingebreech,SWINGEBREECH,12,noun,1581,1581,printed date range,compound,0,,,? One who struts or flaunts about.,0,,http://www.oed.com/dictionary/swingebreech_n
"1 - single year of evidence, form unique",tantillation,TANTILLATION,12,noun,1651,1651,printed date range,borrowing,0,,,A trifling space (of time).,0,,http://www.oed.com/dictionary/tantillation_n
"1 - single year of evidence, form unique",terrapin-paws,TERRAPINPAWS,12,noun,1876,1876,printed date range,compound,0,,,Long-handled tongs used for capturing terrapins.,0,,http://www.oed.com/dictionary/terrapin-paws_n
"1 - single year of evidence, form unique",traitorology,TRAITOROLOGY,12,noun,1647,1647,printed date range,compound,0,,,A roll or register of traitors.,0,,http://www.oed.com/dictionary/traitorology_n
"1 - single year of evidence, form unique",tramontation,TRAMONTATION,12,noun,1599,1599,printed date range,borrowing,0,,,Setting (of the sun).,0,,http://www.oed.com/dictionary/tramontation_n
"1 - single year of evidence, form unique",transformity,TRANSFORMITY,12,noun,1622,1622,printed date range,derivative,0,,,The state or condition of being transformed.,0,,http://www.oed.com/dictionary/transformity_n
"1 - single year of evidence, form unique",trans-village,TRANSVILLAGE,12,verb,1608,1608,printed date range,derivative,0,,,transitive. To transform or reduce (a town) to…,0,,http://www.oed.com/dictionary/trans-village_v
"1 - single year of evidence, form unique",troll-the-bowl,TROLLTHEBOWL,12,noun,1599,1599,printed date range,compound,0,,,A person playing bowls.,0,,http://www.oed.com/dictionary/troll-the-bowl_n
"1 - single year of evidence, form unique",unpindarical,UNPINDARICAL,12,adjective,1729,1729,printed date range,derivative,0,,,Not Pindaric: unlike Pindar in style or character.,0,,http://www.oed.com/dictionary/unpindarical_adj
"1 - single year of evidence, form unique",upper-flapped,UPPERFLAPPED,12,adjective,1850,1850,printed date range,derivative,0,,sport and leisure/horses and riding,Apparently (of a saddle): having a pair of flaps…,0,,http://www.oed.com/dictionary/upper-flapped_adj
"1 - single year of evidence, form unique",well-to-passer,WELLTOPASSER,12,noun,1654,1654,printed date range,derivative,0,,,A person of high social status.,0,,http://www.oed.com/dictionary/well-to-passer_n
"1 - single year of evidence, form unique",worn-outiness,WORNOUTINESS,12,noun,1842,1842,printed date range,derivative,0,,,"Worn-out condition; = worn-outness, n.",0,,http://www.oed.com/dictionary/worn-outiness_n
"1 - single year of evidence, form unique",worshipfulty,WORSHIPFULTY,12,noun,1589,1589,printed date range,derivative,0,,,"= worshipfulness, n. 2.",0,,http://www.oed.com/dictionary/worshipfulty_n
"1 - single year of evidence, form unique",wouldingness,WOULDINGNESS,12,noun,1645,1645,printed date range,derivative,0,,,"Desire, inclination.",0,,http://www.oed.com/dictionary/wouldingness_n
"1 - single year of evidence, form unique",zeal-scoffing,ZEALSCOFFING,12,adjective,1605,1605,printed date range,compound,0,,religion and belief/religion,That ridicules or derides religious devotion or zeal.,0,,http://www.oed.com/dictionary/zeal-scoffing_adj
"1 - single year of evidence, form unique",almsbasket man,ALMSBASKETMAN,13,noun,a1634,1634,printed date range,compound,0,,,"= almsman, n. 1.",0,,http://www.oed.com/dictionary/almsbasket-man_n
"1 - single year of evidence, form unique",anti-conductor,ANTICONDUCTOR,13,noun,1779,1779,printed date range,derivative,0,,,In a frictional electrostatic machine: a glass…,0,,http://www.oed.com/dictionary/anti-conductor_n
"1 - single year of evidence, form unique",broker between,BROKERBETWEEN,13,noun,1609,1609,printed date range,compound,0,,,An intermediary in romantic or sexual relationships.,0,,http://www.oed.com/dictionary/broker-between_n
"1 - single year of evidence, form unique",bumdockdousse,BUMDOCKDOUSSE,13,noun,1653,1653,printed date range,compound,0,,sport and leisure/games,Apparently: a children's game in which three…,0,,http://www.oed.com/dictionary/bumdockdousse_n
"1 - single year of evidence, form unique",caravanserial,CARAVANSERIAL,13,adjective,1864,1864,printed date range,derivative,0,,,Resembling or reminiscent of a caravanserai.,0,,http://www.oed.com/dictionary/caravanserial_adj
"1 - single year of evidence, form unique",card gospeller,CARDGOSPELLER,13,noun,1550,1550,printed date range,compound,0,,"religion and belief/religion/Christianity, sport and leisure/games/cards, sport and leisure/games/gambling","A professed Christian who gambles at cards, as a…",0,,http://www.oed.com/dictionary/card-gospeller_n
"1 - single year of evidence, form unique",catapresbyter,CATAPRESBYTER,13,noun,1659,1659,printed date range,derivative,0,,,A presbyter catachrestically so called; or an…,0,,http://www.oed.com/dictionary/catapresbyter_n
"1 - single year of evidence, form unique",China-metalled,CHINAMETALLED,13,adjective,1642,1642,printed date range,derivative,0,,crafts and trades/ceramics,"Resembling porcelain in its fineness, delicacy…",0,,http://www.oed.com/dictionary/china-metalled_adj
"1 - single year of evidence, form unique",coal-carrierly,COALCARRIERLY,13,adjective,1606,1606,printed date range,derivative,0,,,"Servile, low.",0,,http://www.oed.com/dictionary/coal-carrierly_adj
"1 - single year of evidence, form unique",collectionize,COLLECTIONIZE,13,verb,1859,1859,printed date range,derivative,0,,,transitive. To gather or collect (things); to put…,0,,http://www.oed.com/dictionary/collectionize_v
"1 - single year of evidence, form unique",confectioness,CONFECTIONESS,13,noun,1640,1640,printed date range,derivative,0,,consumables/food and cooking,A female confectioner.,0,,http://www.oed.com/dictionary/confectioness_n
"1 - single year of evidence, form unique",counter-footed,COUNTERFOOTED,13,adjective,1556,1556,printed date range,derivative,0,,,"A transl. of Greek ἀντίποδες antipodes, n. & adv.",0,,http://www.oed.com/dictionary/counter-footed_adj
"1 - single year of evidence, form unique",counter-plight,COUNTERPLIGHT,13,noun,1625,1625,printed date range,derivative,0,,,A fold in the opposite direction.,0,,http://www.oed.com/dictionary/counter-plight_n
"1 - single year of evidence, form unique",counter-walker,COUNTERWALKER,13,noun,1625,1625,printed date range,derivative,0,,,One who walks on the opposite side; in plural =…,0,,http://www.oed.com/dictionary/counter-walker_n
"1 - single year of evidence, form unique",courtshipment,COURTSHIPMENT,13,noun,1649,1649,printed date range,derivative,0,,,"Flattery. Cf. courtship, n. I.2.",0,,http://www.oed.com/dictionary/courtshipment_n
"1 - single year of evidence, form unique",crochetolatry,CROCHETOLATRY,13,noun,1859,1859,printed date range,compound,0,,,Intense or excessive devotion to crocheting.,0,,http://www.oed.com/dictionary/crochetolatry_n
"1 - single year of evidence, form unique",demoniculture,DEMONICULTURE,13,noun,1879,1879,printed date range,compound,0,,religion and belief/religion,Worship of demons.,0,,http://www.oed.com/dictionary/demoniculture_n
"1 - single year of evidence, form unique",despotomaniac,DESPOTOMANIAC,13,noun,1825,1825,printed date range,compound,0,,politics,One who has a mania in favour of despots…,0,,http://www.oed.com/dictionary/despotomaniac_n
"1 - single year of evidence, form unique",disarithmetic,DISARITHMETIC,13,verb,1606,1606,printed date range,derivative,0,,,transitive. Perhaps: to exclude from an…,0,,http://www.oed.com/dictionary/disarithmetic_v
"1 - single year of evidence, form unique",discompensate,DISCOMPENSATE,13,verb,1705,1705,printed date range,derivative,0,,,transitive. To remove (a compensation); to…,0,,http://www.oed.com/dictionary/discompensate_v
"1 - single year of evidence, form unique",disghibelline,DISGHIBELLINE,13,verb,1672,1672,printed date range,derivative,0,,,"transitive. To distinguish, as a Guelph from a…",0,,http://www.oed.com/dictionary/disghibelline_v
"1 - single year of evidence, form unique",dispersuasion,DISPERSUASION,13,noun,1653,1653,printed date range,derivative,0,,,Want of persuasion or feeling of certainty.,0,,http://www.oed.com/dictionary/dispersuasion_n
"1 - single year of evidence, form unique",dissubjection,DISSUBJECTION,13,noun,1672,1672,printed date range,derivative,0,,,The opposite of subjection; disobedience.,0,,http://www.oed.com/dictionary/dissubjection_n
"1 - single year of evidence, form unique",disuniversity,DISUNIVERSITY,13,verb,1665,1665,printed date range,derivative,0,,,transitive. To deprive of a university.,0,,http://www.oed.com/dictionary/disuniversity_v
"1 - single year of evidence, form unique",enquerouresse,ENQUEROURESSE,13,noun,c1430,1430,printed date range,borrowing,0,,,A female inquisitor.,0,,http://www.oed.com/dictionary/enquerouresse_n
"1 - single year of evidence, form unique",faggoty-minded,FAGGOTYMINDED,13,adjective,1856,1856,printed date range,derivative,0,,religion and belief/religion,Inclined towards harsh punishment for those who…,0,,http://www.oed.com/dictionary/faggoty-minded_adj
"1 - single year of evidence, form unique",figure-servant,FIGURESERVANT,13,noun,1850,1850,printed date range,compound,0,,,A commercial clerk.,0,,http://www.oed.com/dictionary/figure-servant_n
"1 - single year of evidence, form unique",fine-ladically,FINELADICALLY,13,adverb,1811,1811,printed date range,derivative,0,,,In the manner of a fine lady.,0,,http://www.oed.com/dictionary/fine-ladically_adv
"1 - single year of evidence, form unique",flantitanting,FLANTITANTING,13,adjective,1596,1596,printed date range,compound,0,,,Flaunting.,0,,http://www.oed.com/dictionary/flantitanting_adj
"1 - single year of evidence, form unique",foster-feeling,FOSTERFEELING,13,noun,1784,1784,printed date range,compound,0,,,"One who ‘fosters feeling’, a sentimental person.",0,,http://www.oed.com/dictionary/foster-feeling_n
"1 - single year of evidence, form unique",gone cooniness,GONECOONINESS,13,noun,1883,1883,printed date range,derivative,0,colloquial and slang,,The quality or state of being a ‘gone coon’.,0,,http://www.oed.com/dictionary/gone-cooniness_n
"1 - single year of evidence, form unique",hobber-nobbers,HOBBERNOBBERS,13,adverb,1789,1789,printed date range,variant,0,,,Perhaps (with reference to drinking together)…,0,,http://www.oed.com/dictionary/hobber-nobbers_adv
"1 - single year of evidence, form unique",husbandically,HUSBANDICALLY,13,adverb,1654,1654,printed date range,derivative,0,,,With regard to a husband.,0,,http://www.oed.com/dictionary/husbandically_adv
"1 - single year of evidence, form unique",hyperochality,HYPEROCHALITY,13,noun,1637,1637,printed date range,borrowing,0,,religion and belief/religion,"Eminence, distinguished position.",0,,http://www.oed.com/dictionary/hyperochality_n
"1 - single year of evidence, form unique",instabulation,INSTABULATION,13,noun,1654,1654,printed date range,borrowing,0,,,Installment as in a stable.,0,,http://www.oed.com/dictionary/instabulation_n
"1 - single year of evidence, form unique",intellectuate,INTELLECTUATE,13,noun,1600,1600,printed date range,borrowing,0,,,Intellectual character or position.,0,,http://www.oed.com/dictionary/intellectuate_n
"1 - single year of evidence, form unique",intronificate,INTRONIFICATE,13,verb,1653,1653,printed date range,borrowing,0,,,transitive. To enthrone.,0,,http://www.oed.com/dictionary/intronificate_v
"1 - single year of evidence, form unique",justice-height,JUSTICEHEIGHT,13,adverb,1614,1614,printed date range,compound,0,,,"At or to the level of a justice (justice, n. II.5).",0,,http://www.oed.com/dictionary/justice-height_adv
"1 - single year of evidence, form unique",maiden-widowed,MAIDENWIDOWED,13,adjective,1599,1599,printed date range,compound,0,,,Widowed while still a maiden.,0,,http://www.oed.com/dictionary/maiden-widowed_adj
"1 - single year of evidence, form unique",marquetrizing,MARQUETRIZING,13,adjective,1610,1610,printed date range,derivative,0,,,That works in marquetry (in quot. 1610 figurative).,0,,http://www.oed.com/dictionary/marquetrizing_adj
"1 - single year of evidence, form unique",melancholy hat,MELANCHOLYHAT,13,noun,1614,1614,printed date range,compound,0,,crafts and trades/costume/hats,(Probably) a mourning hat (but cf. quot. 1598 at…,0,,http://www.oed.com/dictionary/melancholy-hat_n
"1 - single year of evidence, form unique",meretriculate,MERETRICULATE,13,verb,1611,1611,printed date range,blend,0,,,transitive. To deceive in the manner of a prostitute.,0,,http://www.oed.com/dictionary/meretriculate_v
"1 - single year of evidence, form unique",Methusalemess,METHUSALEMESS,13,noun,1790,1790,printed date range,derivative,0,,,A very old or long-lived woman.,0,,http://www.oed.com/dictionary/methusalemess_n
"1 - single year of evidence, form unique",metonomatosis,METONOMATOSIS,13,noun,1838,1838,printed date range,borrowing,0,,,A change of name.,0,,http://www.oed.com/dictionary/metonomatosis_n
"1 - single year of evidence, form unique",millionocracy,MILLIONOCRACY,13,noun,1860,1860,printed date range,compound,0,,,"Millionaires regarded as a distinct, esp…",0,,http://www.oed.com/dictionary/millionocracy_n
"1 - single year of evidence, form unique",misepiscopist,MISEPISCOPIST,13,noun,1659,1659,printed date range,borrowing,0,,,A hater of bishops.,0,,http://www.oed.com/dictionary/misepiscopist_n
"1 - single year of evidence, form unique",motive-grinder,MOTIVEGRINDER,13,noun,1834,1834,printed date range,compound,0,,,A person who laboriously or sophistically…,0,,http://www.oed.com/dictionary/motive-grinder_n
"1 - single year of evidence, form unique",mousetrap-line,MOUSETRAPLINE,13,noun,1678,1678,printed date range,compound,0,,,A line written to ensnare a person.,0,,http://www.oed.com/dictionary/mousetrap-line_n
"1 - single year of evidence, form unique",murrain-strike,MURRAINSTRIKE,13,verb,1613,1613,printed date range,compound,0,,,transitive. To infect with murrain.,0,,http://www.oed.com/dictionary/murrain-strike_v
"1 - single year of evidence, form unique",nebulochaotic,NEBULOCHAOTIC,13,adjective,1881,1881,printed date range,compound,0,,,Hazily confused.,0,,http://www.oed.com/dictionary/nebulochaotic_adj
"1 - single year of evidence, form unique",needle-spitter,NEEDLESPITTER,13,noun,1805,1805,printed date range,compound,0,,,A person who snaps or is sharp in speech.,0,,http://www.oed.com/dictionary/needle-spitter_n
"1 - single year of evidence, form unique",nephelosphere,NEPHELOSPHERE,13,noun,1883,1883,printed date range,compound,0,,sciences/physical sciences/astronomy,A cloudy atmosphere surrounding a planet or other…,0,,http://www.oed.com/dictionary/nephelosphere_n
"1 - single year of evidence, form unique",nightingalize,NIGHTINGALIZE,13,verb,1799,1799,printed date range,derivative,0,,arts/performing arts/music,intransitive. To sing like a nightingale.,0,,http://www.oed.com/dictionary/nightingalize_v
"1 - single year of evidence, form unique",nimble-fingers,NIMBLEFINGERS,13,noun,1781,1781,printed date range,compound,0,,arts/performing arts/conjuring,(Applied to) a juggler.,0,,http://www.oed.com/dictionary/nimble-fingers_n
"1 - single year of evidence, form unique",non-surrective,NONSURRECTIVE,13,adjective,1668,1668,printed date range,borrowing,0,,sciences/medicine,Incapable of getting up.,0,,http://www.oed.com/dictionary/non-surrective_adj
"1 - single year of evidence, form unique",nothingousian,NOTHINGOUSIAN,13,noun,1791,1791,printed date range,compound,0,,religion and belief/religion,A person who has no opinion concerning the Second…,0,,http://www.oed.com/dictionary/nothingousian_n
"1 - single year of evidence, form unique",omni-versifier,OMNIVERSIFIER,13,noun,1833,1833,printed date range,compound,0,,,A writer of very large quantities of verse.,0,,http://www.oed.com/dictionary/omni-versifier_n
"1 - single year of evidence, form unique",organomorphic,ORGANOMORPHIC,13,adjective,1886,1886,printed date range,compound,0,,,"(Perhaps) taking the form, or representing as, an…",0,,http://www.oed.com/dictionary/organomorphic_adj
"1 - single year of evidence, form unique",ornithotrophe,ORNITHOTROPHE,13,noun,1826,1826,printed date range,,0,,,(J. F. M. Dovaston's name for) a place to which…,0,,http://www.oed.com/dictionary/ornithotrophe_n
"1 - single year of evidence, form unique",ororotundoism,OROROTUNDOISM,13,noun,1840,1840,printed date range,derivative,0,,,"= orotundity, n.",0,,http://www.oed.com/dictionary/ororotundoism_n
"1 - single year of evidence, form unique",papa-prelatist,PAPAPRELATIST,13,noun,1816,1816,printed date range,derivative,0,,religion and belief/religion,A supporter of prelates who behave papally.,0,,http://www.oed.com/dictionary/papa-prelatist_n
"1 - single year of evidence, form unique",park-keeperess,PARKKEEPERESS,13,noun,1852,1852,printed date range,derivative,0,,agriculture and horticulture/horticulture,A female park-keeper; a park-keeper's wife.,0,,http://www.oed.com/dictionary/park-keeperess_n
"1 - single year of evidence, form unique",peacockically,PEACOCKICALLY,13,adverb,1834,1834,printed date range,derivative,0,,,"= peacockishly, adv.",0,,http://www.oed.com/dictionary/peacockically_adv
"1 - single year of evidence, form unique",pedometrician,PEDOMETRICIAN,13,noun,1827,1827,printed date range,derivative,0,,,A person who makes pedometers.,0,,http://www.oed.com/dictionary/pedometrician_n
"1 - single year of evidence, form unique",percunctorily,PERCUNCTORILY,13,adverb,1615,1615,printed date range,borrowing,0,,,Lazily; in a dilatory manner.,0,,http://www.oed.com/dictionary/percunctorily_adv
"1 - single year of evidence, form unique",philodendrist,PHILODENDRIST,13,noun,1870,1870,printed date range,borrowing,0,,sciences/life sciences/plants,A lover of trees.,0,,http://www.oed.com/dictionary/philodendrist_n
"1 - single year of evidence, form unique",phlyarologist,PHLYAROLOGIST,13,noun,1867,1867,printed date range,borrowing,0,,,A person who talks nonsense.,0,,http://www.oed.com/dictionary/phlyarologist_n
"1 - single year of evidence, form unique",pitch-speeched,PITCHSPEECHED,13,adjective,1596,1596,printed date range,compound,0,,,"Using foul or offensive speech, foul-mouthed.",0,,http://www.oed.com/dictionary/pitch-speeched_adj
"1 - single year of evidence, form unique",pneumatophany,PNEUMATOPHANY,13,noun,1892,1892,printed date range,compound,0,,religion and belief/religion/Christianity,An appearance or manifestation of the Holy Spirit.,0,,http://www.oed.com/dictionary/pneumatophany_n
"1 - single year of evidence, form unique",polycephalist,POLYCEPHALIST,13,noun,1659,1659,printed date range,borrowing,0,,,A person who has many heads. In quot. figurative…,0,,http://www.oed.com/dictionary/polycephalist_n
"1 - single year of evidence, form unique",polydiabolism,POLYDIABOLISM,13,noun,1876,1876,printed date range,compound,0,,religion and belief/religion,Belief in many devils or evil spirits.,0,,http://www.oed.com/dictionary/polydiabolism_n
"1 - single year of evidence, form unique",polydiabolist,POLYDIABOLIST,13,noun,1876,1876,printed date range,,0,,religion and belief/religion,A person who believes in many devils or evil spirits.,0,,http://www.oed.com/dictionary/polydiabolist_n
"1 - single year of evidence, form unique",polyfenestral,POLYFENESTRAL,13,adjective,1838,1838,printed date range,,0,,,Having many windows.,0,,http://www.oed.com/dictionary/polyfenestral_adj
"1 - single year of evidence, form unique",polystigmatic,POLYSTIGMATIC,13,adjective,1881,1881,printed date range,,0,,,Relating to many spots.,0,,http://www.oed.com/dictionary/polystigmatic_adj
"1 - single year of evidence, form unique",polythelemism,POLYTHELEMISM,13,noun,1905,1905,printed date range,,0,,religion and belief/religion/Christianity,Belief in many divine wills.,0,,http://www.oed.com/dictionary/polythelemism_n
"1 - single year of evidence, form unique",possessionist,POSSESSIONIST,13,noun,1726,1726,printed date range,derivative,0,,,A person who claims knowledge of or familiarity…,0,,http://www.oed.com/dictionary/possessionist_n
"1 - single year of evidence, form unique",post-temporary,POSTTEMPORARY,13,adjective,1905,1905,printed date range,,0,,,a. Later than the time of the actual events; b…,0,,http://www.oed.com/dictionary/post-temporary_adj
"1 - single year of evidence, form unique",potamophilous,POTAMOPHILOUS,13,adjective,1827,1827,printed date range,borrowing,0,,,River-loving.,0,,http://www.oed.com/dictionary/potamophilous_adj
"1 - single year of evidence, form unique",pot-punishment,POTPUNISHMENT,13,noun,1598,1598,printed date range,compound,0,,,The punishment of being forced to drink alcohol.,0,,http://www.oed.com/dictionary/pot-punishment_n
"1 - single year of evidence, form unique",pre-existerian,PREEXISTERIAN,13,noun,1837,1837,printed date range,derivative,0,,religion and belief/religion,"= pre-existentiary, n.",0,,http://www.oed.com/dictionary/pre-existerian_n
"1 - single year of evidence, form unique",prefermentary,PREFERMENTARY,13,noun,1660,1660,printed date range,derivative,0,,,"A recipient of a preferment (preferment, n. II.5).",0,,http://www.oed.com/dictionary/prefermentary_n
"1 - single year of evidence, form unique",presentialist,PRESENTIALIST,13,noun,1656,1656,printed date range,derivative,0,,,"A believer in the Real Presence; see real presence, n.",0,,http://www.oed.com/dictionary/presentialist_n
"1 - single year of evidence, form unique",pretextatized,PRETEXTATIZED,13,adjective,1854,1854,printed date range,borrowing,0,,,Rendered equivocal or obscene.,0,,http://www.oed.com/dictionary/pretextatized_adj
"1 - single year of evidence, form unique",prosopologist,PROSOPOLOGIST,13,noun,1820,1820,printed date range,borrowing,0,,,A person who studies the face or facial features.,0,,http://www.oed.com/dictionary/prosopologist_n
"1 - single year of evidence, form unique",protoquamquam,PROTOQUAMQUAM,13,noun,1670,1670,printed date range,borrowing,0,humorous,law,A chief clerk or notary.,0,,http://www.oed.com/dictionary/protoquamquam_n
"1 - single year of evidence, form unique",psellismology,PSELLISMOLOGY,13,noun,1856,1856,printed date range,borrowing,0,,,The study or treatment of stammering.,0,,http://www.oed.com/dictionary/psellismology_n
"1 - single year of evidence, form unique",punctilionist,PUNCTILIONIST,13,noun,1825,1825,printed date range,derivative,0,,,A punctilious person.,0,,http://www.oed.com/dictionary/punctilionist_n
"1 - single year of evidence, form unique",punctilioship,PUNCTILIOSHIP,13,noun,1714,1714,printed date range,derivative,0,,,"Observance of niceties, punctiliousness.",0,,http://www.oed.com/dictionary/punctilioship_n
"1 - single year of evidence, form unique",pupil-teachery,PUPILTEACHERY,13,noun,1890,1890,printed date range,derivative,0,,education,The character or practice of a pupil teacher.,0,,http://www.oed.com/dictionary/pupil-teachery_n
"1 - single year of evidence, form unique",quatre-crested,QUATRECRESTED,13,adjective,1791,1791,printed date range,borrowing,0,,military/armour,Having four crests.,0,,http://www.oed.com/dictionary/quatre-crested_adj
"1 - single year of evidence, form unique",ragamuffiness,RAGAMUFFINESS,13,noun,1868,1868,printed date range,derivative,0,,,A female ragamuffin.,0,,http://www.oed.com/dictionary/ragamuffiness_n
"1 - single year of evidence, form unique",roaring school,ROARINGSCHOOL,13,noun,1617,1617,printed date range,compound,0,,education,"A school for (learning) roaring (roaring, n.¹ 2).",0,,http://www.oed.com/dictionary/roaring-school_n
"1 - single year of evidence, form unique",Sabbath-ceased,SABBATHCEASED,13,adjective,1593,1593,printed date range,compound,0,,religion and belief/religion,Halted or paused for the duration of the Sabbath.,0,,http://www.oed.com/dictionary/sabbath-ceased_adj
"1 - single year of evidence, form unique",sepulchromany,SEPULCHROMANY,13,noun,1606,1606,printed date range,compound,0,,,‘Mania’ relating to burial.,0,,http://www.oed.com/dictionary/sepulchromany_n
"1 - single year of evidence, form unique",seven-champion,SEVENCHAMPION,13,noun,1676,1676,printed date range,compound,0,,,A person likened to one of the Seven Champions…,0,,http://www.oed.com/dictionary/seven-champion_n
"1 - single year of evidence, form unique",sevensomeness,SEVENSOMENESS,13,noun,1853,1853,printed date range,derivative,0,,,The quality of consisting of seven parts or…,0,,http://www.oed.com/dictionary/sevensomeness_n
"1 - single year of evidence, form unique",small-talkable,SMALLTALKABLE,13,adjective,1859,1859,printed date range,derivative,0,,,That is capable of being engaged in small talk.,0,,http://www.oed.com/dictionary/small-talkable_adj
"1 - single year of evidence, form unique",super-Jesuited,SUPERJESUITED,13,adjective,a1628,1628,printed date range,derivative,0,,religion and belief/religion/Christianity/Roman Catholic Church,Ruled over by Jesuits.,0,,http://www.oed.com/dictionary/super-jesuited_adj
"1 - single year of evidence, form unique",surreverently,SURREVERENTLY,13,adverb,a1637,1637,printed date range,derivative,0,ironic,,Very reverently: ironically with reference to…,0,,http://www.oed.com/dictionary/surreverently_adv
"1 - single year of evidence, form unique",sylly-jestical,SYLLYJESTICAL,13,adjective,1601,1601,printed date range,variant,0,,philosophy/logic,"= syllogistical, adj.",0,,http://www.oed.com/dictionary/sylly-jestical_adj
"1 - single year of evidence, form unique",temporizement,TEMPORIZEMENT,13,noun,1647,1647,printed date range,derivative,0,,,"= temporization, n. 1.",0,,http://www.oed.com/dictionary/temporizement_n
"1 - single year of evidence, form unique",thelyphthoric,THELYPHTHORIC,13,adjective,1794,1794,printed date range,borrowing,0,,,That corrupts or ruins women.,0,,http://www.oed.com/dictionary/thelyphthoric_adj
"1 - single year of evidence, form unique",tippet-scuffle,TIPPETSCUFFLE,13,noun,1641,1641,printed date range,compound,0,,religion and belief/religion/Christianity/ecclesiastical,An ecclesiastical wrangle.,0,,http://www.oed.com/dictionary/tippet-scuffle_n
"1 - single year of evidence, form unique",transcendiary,TRANSCENDIARY,13,noun,1654,1654,printed date range,borrowing,0,,,"A transcendent person or thing; in quot. 1654, an…",0,,http://www.oed.com/dictionary/transcendiary_n
"1 - single year of evidence, form unique",unlayholdable,UNLAYHOLDABLE,13,adjective,1860,1860,printed date range,derivative,0,,,That cannot be seized on or laid hold of.,0,,http://www.oed.com/dictionary/unlayholdable_adj
"1 - single year of evidence, form unique",whiggological,WHIGGOLOGICAL,13,adjective,1817,1817,printed date range,derivative,0,"disparaging, humorous",politics/British politics,Relating to or influenced by Whig principles; Whiggish.,0,,http://www.oed.com/dictionary/whiggological_adj
"1 - single year of evidence, form unique",anticyclometer,ANTICYCLOMETER,14,noun,1866,1866,printed date range,derivative,0,,,"A person hostile to, or sceptical of, those who…",0,,http://www.oed.com/dictionary/anticyclometer_n
"1 - single year of evidence, form unique",archpresbytery,ARCHPRESBYTERY,14,noun,1649,1649,printed date range,compound,0,,religion and belief/religion/Christianity/Scottish Church,‘The absolute dominion of presbytery’ (Todd)…,0,,http://www.oed.com/dictionary/archpresbytery_n
"1 - single year of evidence, form unique",astro-alchemist,ASTROALCHEMIST,14,noun,1876,1876,printed date range,compound,0,,"religion and belief/belief systems and practices/astrology, sciences/physical sciences/chemistry/alchemy",A person who combines astrology and alchemy.,0,,http://www.oed.com/dictionary/astro-alchemist_n
"1 - single year of evidence, form unique",bastard-bellied,BASTARDBELLIED,14,adjective,1640,1640,printed date range,compound,0,,,Pregnant with an illegitimate child.,0,,http://www.oed.com/dictionary/bastard-bellied_adj
"1 - single year of evidence, form unique",brother-manhood,BROTHERMANHOOD,14,noun,1864,1864,printed date range,derivative,0,,,A sense of brotherhood or fellow feeling.,0,,http://www.oed.com/dictionary/brother-manhood_n
"1 - single year of evidence, form unique",bullion-heretic,BULLIONHERETIC,14,noun,1662,1662,printed date range,compound,0,,religion and belief/religion/Christianity,Someone who conforms to the doctrine and…,0,,http://www.oed.com/dictionary/bullion-heretic_n
"1 - single year of evidence, form unique",calvinisticate,CALVINISTICATE,14,verb,1834,1834,printed date range,derivative,0,,,transitive. To instil a Calvinistic or…,0,,http://www.oed.com/dictionary/calvinisticate_v
"1 - single year of evidence, form unique",centireligious,CENTIRELIGIOUS,14,adjective,1650,1650,printed date range,compound,0,,religion and belief/religion,Of a hundred religions.,0,,http://www.oed.com/dictionary/centireligious_adj
"1 - single year of evidence, form unique",Christo-crucian,CHRISTOCRUCIAN,14,noun,1654,1654,printed date range,,0,,religion and belief/religion/Christianity,A follower or worshipper of the crucified Christ…,0,,http://www.oed.com/dictionary/christo-crucian_n
"1 - single year of evidence, form unique",churchwardened,CHURCHWARDENED,14,adjective,1598,1598,printed date range,derivative,0,,,Placed in the care of a churchwarden.,0,,http://www.oed.com/dictionary/churchwardened_adj
"1 - single year of evidence, form unique",conventualship,CONVENTUALSHIP,14,noun,1687,1687,printed date range,derivative,0,,,The condition or status of being conventual…,0,,http://www.oed.com/dictionary/conventualship_n
"1 - single year of evidence, form unique",correpugnation,CORREPUGNATION,14,noun,1623,1623,printed date range,derivative,0,,sciences/medicine,A symptom accessory to the main opposing symptom.,0,,http://www.oed.com/dictionary/correpugnation_n
"1 - single year of evidence, form unique",costermongered,COSTERMONGERED,14,adjective,1891,1891,printed date range,derivative,0,,,Occupied by costermongers.,0,,http://www.oed.com/dictionary/costermongered_adj
"1 - single year of evidence, form unique",cynicocratical,CYNICOCRATICAL,14,adjective,1881,1881,printed date range,compound,0,,,Composed of a ruling body of cynics (see cynic…,0,,http://www.oed.com/dictionary/cynicocratical_adj
"1 - single year of evidence, form unique",democratometer,DEMOCRATOMETER,14,noun,1859,1859,printed date range,compound,0,"disparaging, humorous",,A means of ascertaining or gauging public opinion.,0,,http://www.oed.com/dictionary/democratometer_n
"1 - single year of evidence, form unique",dinner-doctrine,DINNERDOCTRINE,14,noun,1649,1649,printed date range,compound,0,,,Theological doctrine motivated only by material…,0,,http://www.oed.com/dictionary/dinner-doctrine_n
"1 - single year of evidence, form unique",dispirituality,DISPIRITUALITY,14,noun,1684,1684,printed date range,derivative,0,,religion and belief/religion,An unspiritual or worldly act.,0,,http://www.oed.com/dictionary/dispirituality_n
"1 - single year of evidence, form unique",disworkmanship,DISWORKMANSHIP,14,noun,1610,1610,printed date range,derivative,0,,,Bad or defective workmanship.,0,,http://www.oed.com/dictionary/disworkmanship_n
"1 - single year of evidence, form unique",extendlessness,EXTENDLESSNESS,14,noun,a1676,1676,printed date range,derivative,0,,,Perhaps: boundlessness.,0,,http://www.oed.com/dictionary/extendlessness_n
"1 - single year of evidence, form unique",fluster-bluster,FLUSTERBLUSTER,14,noun,1708,1708,printed date range,compound,0,,,A ‘blustering’ wind.,0,,http://www.oed.com/dictionary/fluster-bluster_n
"1 - single year of evidence, form unique",highwaymanhood,HIGHWAYMANHOOD,14,noun,1861,1861,printed date range,derivative,0,,,The fact or condition of being a highwayman.,0,,http://www.oed.com/dictionary/highwaymanhood_n
"1 - single year of evidence, form unique",incorruptarian,INCORRUPTARIAN,14,noun,1690,1690,printed date range,derivative,0,,,One who holds the world to be incorruptible or…,0,,http://www.oed.com/dictionary/incorruptarian_n
"1 - single year of evidence, form unique",influenzacized,INFLUENZACIZED,14,adjective,1849,1849,printed date range,derivative,0,,sciences/medicine/pathology,Having influenza.,0,,http://www.oed.com/dictionary/influenzacized_adj
"1 - single year of evidence, form unique",inquisiturient,INQUISITURIENT,14,adjective,1644,1644,printed date range,borrowing,0,,,Desirous of making inquisition; eager to play the…,0,,http://www.oed.com/dictionary/inquisiturient_adj
"1 - single year of evidence, form unique",man-mountainism,MANMOUNTAINISM,14,noun,1842,1842,printed date range,compound,0,,,The great stature enjoyed by a person of…,0,,http://www.oed.com/dictionary/man-mountainism_n
"1 - single year of evidence, form unique",mattress rubber,MATTRESSRUBBER,14,noun,a1627,1627,printed date range,compound,0,,,(Perhaps) a rough mattress cover.,0,,http://www.oed.com/dictionary/mattress-rubber_n
"1 - single year of evidence, form unique",needle-alphabet,NEEDLEALPHABET,14,noun,1663,1663,printed date range,compound,0,,language/cryptography,A sampler consisting of embroidered letters of…,0,,http://www.oed.com/dictionary/needle-alphabet_n
"1 - single year of evidence, form unique",nephelological,NEPHELOLOGICAL,14,adjective,1881,1881,printed date range,compound,0,,sciences/physical sciences/earth sciences/geography/weather,Of or relating to clouds or cloudiness.,0,,http://www.oed.com/dictionary/nephelological_adj
"1 - single year of evidence, form unique",North-Britonize,NORTHBRITONIZE,14,verb,1764,1764,printed date range,proper name,0,,,"transitive. To publish in The North Briton, esp…",0,,http://www.oed.com/dictionary/north-britonize_v
"1 - single year of evidence, form unique",olla-podrida-ish,OLLAPODRIDAISH,14,adjective,1827,1827,printed date range,derivative,0,,,"Heterogeneous, diverse.",0,,http://www.oed.com/dictionary/olla-podrida-ish_adj
"1 - single year of evidence, form unique",olla-podridical,OLLAPODRIDICAL,14,adjective,1830,1830,printed date range,derivative,0,,,"= olla-podrida-ish, adj.",0,,http://www.oed.com/dictionary/olla-podridical_adj
"1 - single year of evidence, form unique",omniswallowing,OMNISWALLOWING,14,adjective,1831,1831,printed date range,compound,0,,,Having a propensity to swallow or drink anything.,0,,http://www.oed.com/dictionary/omniswallowing_adj
"1 - single year of evidence, form unique",on-carryingness,ONCARRYINGNESS,14,noun,1832,1832,printed date range,compound,0,,,"Flow, continuity.",0,,http://www.oed.com/dictionary/on-carryingness_n
"1 - single year of evidence, form unique",out-grandfather,OUTGRANDFATHER,14,verb,1747,1747,printed date range,derivative,0,,,(transitive) to do out of a grandfather.,0,,http://www.oed.com/dictionary/out-grandfather_v
"1 - single year of evidence, form unique",papa-prelatical,PAPAPRELATICAL,14,adjective,1692,1692,printed date range,derivative,0,,religion and belief/religion/Christianity/Roman Catholic Church,"Of, relating to, or resembling papal prelates, or…",0,,http://www.oed.com/dictionary/papa-prelatical_adj
"1 - single year of evidence, form unique",participatress,PARTICIPATRESS,14,noun,1827,1827,printed date range,derivative,0,,,A female who participates.,0,,http://www.oed.com/dictionary/participatress_n
"1 - single year of evidence, form unique",pathomyotomist,PATHOMYOTOMIST,14,noun,a1706,1706,printed date range,compound,0,,,A person who studies the muscles concerned in the…,0,,http://www.oed.com/dictionary/pathomyotomist_n
"1 - single year of evidence, form unique",penny-a-linerism,PENNYALINERISM,14,noun,1872,1872,printed date range,derivative,0,,manufacturing and industry/publishing and the book trade/journalism,An expression in the style of a penny-a-liner.,0,,http://www.oed.com/dictionary/penny-a-linerism_n
"1 - single year of evidence, form unique",pennycratching,PENNYCRATCHING,14,noun,1581,1581,printed date range,compound,0,,,"(Probably) money-grubbing (cf. cratch, v. 2).",0,,http://www.oed.com/dictionary/pennycratching_n
"1 - single year of evidence, form unique",peripateticate,PERIPATETICATE,14,verb,1793,1793,printed date range,derivative,0,,,transitive with it as object. To walk on foot.,0,,http://www.oed.com/dictionary/peripateticate_v
"1 - single year of evidence, form unique",perquisquilian,PERQUISQUILIAN,14,adjective,1647,1647,printed date range,borrowing,0,,,Thoroughly trifling or worthless.,0,,http://www.oed.com/dictionary/perquisquilian_adj
"1 - single year of evidence, form unique",pewter language,PEWTERLANGUAGE,14,noun,1615,1615,printed date range,compound,0,,,The language of the tavern.,0,,http://www.oed.com/dictionary/pewter-language_n
"1 - single year of evidence, form unique",philoepiorcian,PHILOEPIORCIAN,14,adjective,1838,1838,printed date range,,0,,,Tending to favour perjury.,0,,http://www.oed.com/dictionary/philoepiorcian_adj
"1 - single year of evidence, form unique",philosophyship,PHILOSOPHYSHIP,14,noun,1798,1798,printed date range,derivative,0,,philosophy,With possessive adjective: a mock title for a…,0,,http://www.oed.com/dictionary/philosophyship_n
"1 - single year of evidence, form unique",pishery pashery,PISHERYPASHERY,14,noun,1600,1600,printed date range,compound,0,,,Perhaps: depreciatory or disparaging talk.,0,,http://www.oed.com/dictionary/pishery-pashery_n
"1 - single year of evidence, form unique",pithecological,PITHECOLOGICAL,14,adjective,1865,1865,printed date range,borrowing,0,,sciences/life sciences/animals,Relating to the scientific study of apes.,0,,http://www.oed.com/dictionary/pithecological_adj
"1 - single year of evidence, form unique",pocket-tortoise,POCKETTORTOISE,14,noun,1687,1687,printed date range,compound,0,,crafts and trades/hairdressing,A pocket tortoiseshell comb.,0,,http://www.oed.com/dictionary/pocket-tortoise_n
"1 - single year of evidence, form unique",polydiabolical,POLYDIABOLICAL,14,noun,1876,1876,printed date range,compound,0,,religion and belief/religion,"= polydiabolist, n.",0,,http://www.oed.com/dictionary/polydiabolical_n
"1 - single year of evidence, form unique",pot-proof-armour,POTPROOFARMOUR,14,noun,1653,1653,printed date range,compound,0,,,Liquor as a source of bravery or courage.,0,,http://www.oed.com/dictionary/pot-proof-armour_n
"1 - single year of evidence, form unique",predicamentist,PREDICAMENTIST,14,noun,1827,1827,printed date range,derivative,0,humorous,,A person who is in a predicament.,0,,http://www.oed.com/dictionary/predicamentist_n
"1 - single year of evidence, form unique",Prester-Johnian,PRESTERJOHNIAN,14,adjective,a1643,1643,printed date range,derivative,0,,,Of or relating to Prester John.,0,,http://www.oed.com/dictionary/prester-johnian_adj
"1 - single year of evidence, form unique",Prometheically,PROMETHEICALLY,14,adverb,1816,1816,printed date range,proper name,0,,,In the manner of Prometheus.,0,,http://www.oed.com/dictionary/prometheically_adv
"1 - single year of evidence, form unique",prosai-comi-epic,PROSAICOMIEPIC,14,adjective,1749,1749,printed date range,compound,0,,,"Combining prosaic, comic, and epic qualities or…",0,,http://www.oed.com/dictionary/prosai-comi-epic_adj
"1 - single year of evidence, form unique",puritano-papist,PURITANOPAPIST,14,noun,1601,1601,printed date range,compound,0,,religion and belief/religion,"= Puritan papist, n.",0,,http://www.oed.com/dictionary/puritano-papist_n
"1 - single year of evidence, form unique",rattatattatory,RATTATATTATORY,14,adjective,1709,1709,printed date range,derivative,0,,,Characterized by a succession of sharp rapping…,0,,http://www.oed.com/dictionary/rattatattatory_adj
"1 - single year of evidence, form unique",robberaceously,ROBBERACEOUSLY,14,adverb,1772,1772,printed date range,derivative,0,,,In a manner suggestive of robbers.,0,,http://www.oed.com/dictionary/robberaceously_adv
"1 - single year of evidence, form unique",scurrilitiship,SCURRILITISHIP,14,noun,1592,1592,printed date range,derivative,0,,,? the state of persons who indulge in scurrility.,0,,http://www.oed.com/dictionary/scurrilitiship_n
"1 - single year of evidence, form unique",self-condemnant,SELFCONDEMNANT,14,adjective,1846,1846,printed date range,variant,0,,,That condemns itself; self-condemning.,0,,http://www.oed.com/dictionary/self-condemnant_adj
"1 - single year of evidence, form unique",septemdecenary,SEPTEMDECENARY,14,noun,1843,1843,printed date range,compound,0,,,Recurring every seventeen years. Cf…,0,,http://www.oed.com/dictionary/septemdecenary_n
"1 - single year of evidence, form unique",shrill-breasted,SHRILLBREASTED,14,adjective,1594,1594,printed date range,compound,0,,,"Having a sharp, high-pitched call.",0,,http://www.oed.com/dictionary/shrill-breasted_adj
"1 - single year of evidence, form unique",swallow-swifter,SWALLOWSWIFTER,14,adjective,1605,1605,printed date range,compound,0,,,Swifter than a swallow.,0,,http://www.oed.com/dictionary/swallow-swifter_adj
"1 - single year of evidence, form unique",tiffety-taffety,TIFFETYTAFFETY,14,adjective,1595,1595,printed date range,compound,0,,crafts and trades/costume,"Reduplicated form of taffety, adj. B.2a (cf…",0,,http://www.oed.com/dictionary/tiffety-taffety_adj
"1 - single year of evidence, form unique",trading-peopled,TRADINGPEOPLED,14,adjective,1727,1727,printed date range,compound,0,,,Inhabited by people engaged in trade or commerce.,0,,http://www.oed.com/dictionary/trading-peopled_adj
"1 - single year of evidence, form unique",transfisticate,TRANSFISTICATE,14,verb,1600,1600,printed date range,borrowing,0,humorous,,To strike or smash with the fist.,0,,http://www.oed.com/dictionary/transfisticate_v
"1 - single year of evidence, form unique",virtuoso-mastix,VIRTUOSOMASTIX,14,noun,1671,1671,printed date range,compound,0,,,A person who is hostile to scholars. Cf…,0,,http://www.oed.com/dictionary/virtuoso-mastix_n
"1 - single year of evidence, form unique",Zenocratically,ZENOCRATICALLY,14,adverb,1588,1588,printed date range,borrowing,0,,religion and belief/mythology/classical mythology,With the power or authority of Zeus (Jupiter in…,0,,http://www.oed.com/dictionary/zenocratically_adv
"1 - single year of evidence, form unique",anti-Bartholomew,ANTIBARTHOLOMEW,15,noun,1864,1864,printed date range,derivative,0,,religion and belief/religion/Christianity,A massacre regarded as constituting a counterpart…,0,,http://www.oed.com/dictionary/anti-bartholomew_n
"1 - single year of evidence, form unique",anti-pent-agonist,ANTIPENTAGONIST,15,noun,1642,1642,printed date range,derivative,0,,religion and belief/religion/Christianity/ecclesiastical,Each of five individuals holding an opposing view…,0,,http://www.oed.com/dictionary/anti-pent-agonist_n
"1 - single year of evidence, form unique",common-sense-o-dox,COMMONSENSEODOX,15,adjective,1866,1866,printed date range,derivative,0,,,In accordance with the principles of common…,0,,http://www.oed.com/dictionary/common-sense-o-dox_adj
"1 - single year of evidence, form unique",democratifiable,DEMOCRATIFIABLE,15,adjective,1812,1812,printed date range,derivative,0,,,Capable of being persuaded to advocate or support…,0,,http://www.oed.com/dictionary/democratifiable_adj
"1 - single year of evidence, form unique",disobedientiary,DISOBEDIENTIARY,15,"adjective, noun",1537,1537,printed date range,derivative,0,,,"= disobedient, n.",0,,http://www.oed.com/dictionary/disobedientiary_adj
"1 - single year of evidence, form unique",disobstetricate,DISOBSTETRICATE,15,verb,1652,1652,printed date range,derivative,0,,sciences/medicine/obstetrics,transitive. To reverse the office of a midwife…,0,,http://www.oed.com/dictionary/disobstetricate_v
"1 - single year of evidence, form unique",equisufficiency,EQUISUFFICIENCY,15,noun,1612,1612,printed date range,compound,0,,,The being equally sufficient.,0,,http://www.oed.com/dictionary/equisufficiency_n
"1 - single year of evidence, form unique",fool-cunningness,FOOLCUNNINGNESS,15,noun,a1834,1834,printed date range,compound,0,,,Apparent cunning that in fact betrays foolishness…,0,,http://www.oed.com/dictionary/fool-cunningness_n
"1 - single year of evidence, form unique",gingerbread-trap,GINGERBREADTRAP,15,noun,1864,1864,printed date range,compound,0,,,(In quot. 1864) a selection of gingerbread cakes…,0,,http://www.oed.com/dictionary/gingerbread-trap_n
"1 - single year of evidence, form unique",glossomachicall,GLOSSOMACHICALL,15,adjective,1597,1597,printed date range,borrowing,0,,,Given to wordy strife.,0,,http://www.oed.com/dictionary/glossomachicall_adj
"1 - single year of evidence, form unique",gone coonishness,GONECOONISHNESS,15,noun,1890,1890,printed date range,derivative,0,colloquial and slang,,"= gone cooniness, n.",0,,http://www.oed.com/dictionary/gone-coonishness_n
"1 - single year of evidence, form unique",governess-tongue,GOVERNESSTONGUE,15,noun,1892,1892,printed date range,compound,0,,,Language as taught by a governess; standard…,0,,http://www.oed.com/dictionary/governess-tongue_n
"1 - single year of evidence, form unique",grand-junctioner,GRANDJUNCTIONER,15,noun,1860,1860,printed date range,compound,0,,transport/railways,(Perhaps) a director of the ‘Grand Junction’ railway.,0,,http://www.oed.com/dictionary/grand-junctioner_n
"1 - single year of evidence, form unique",hippomaniacally,HIPPOMANIACALLY,15,adverb,1876,1876,printed date range,compound,0,,,In a manner reminiscent of a mad horse…,0,,http://www.oed.com/dictionary/hippomaniacally_adv
"1 - single year of evidence, form unique",incorporationer,INCORPORATIONER,15,noun,1594,1594,printed date range,derivative,0,,,A member of an incorporation.,0,,http://www.oed.com/dictionary/incorporationer_n
"1 - single year of evidence, form unique",inunderstanding,INUNDERSTANDING,15,adjective,1659,1659,printed date range,derivative,0,,,Not understanding; without apprehension.,0,,http://www.oed.com/dictionary/inunderstanding_adj
"1 - single year of evidence, form unique",metamorphosical,METAMORPHOSICAL,15,adjective,1811,1811,printed date range,derivative,0,,,Changeable.,0,,http://www.oed.com/dictionary/metamorphosical_adj
"1 - single year of evidence, form unique",multo-scribbling,MULTOSCRIBBLING,15,adjective,1822,1822,printed date range,borrowing,0,,arts/literature,Designating a person who writes or ‘scribbles’…,0,,http://www.oed.com/dictionary/multo-scribbling_adj
"1 - single year of evidence, form unique",mysterizingness,MYSTERIZINGNESS,15,noun,1817,1817,printed date range,derivative,0,,,The tendency in a person to make mysteries of things.,0,,http://www.oed.com/dictionary/mysterizingness_n
"1 - single year of evidence, form unique",newspaperacious,NEWSPAPERACIOUS,15,adjective,1843,1843,printed date range,derivative,0,,manufacturing and industry/publishing and the book trade/journalism,Of a form or style associated with newspapers.,0,,http://www.oed.com/dictionary/newspaperacious_adj
"1 - single year of evidence, form unique",nimblecomequick,NIMBLECOMEQUICK,15,adjective,1863,1863,printed date range,compound,0,,,Of rapid growth.,0,,http://www.oed.com/dictionary/nimblecomequick_adj
"1 - single year of evidence, form unique",omniverbivorous,OMNIVERBIVOROUS,15,adjective,1858,1858,printed date range,,0,humorous,,Having a large or inexhaustible appetite for words.,0,,http://www.oed.com/dictionary/omniverbivorous_adj
"1 - single year of evidence, form unique",own-litter-loving,OWNLITTERLOVING,15,adjective,1647,1647,printed date range,compound,0,,,(Perhaps) that has strong feelings of affection…,0,,http://www.oed.com/dictionary/own-litter-loving_adj
"1 - single year of evidence, form unique",peddelapotecary,PEDDELAPOTECARY,15,noun,1561,1561,printed date range,blend,0,,sciences/medicine,"Perhaps: an apothecary who peddles medicines, an…",0,,http://www.oed.com/dictionary/peddelapotecary_n
"1 - single year of evidence, form unique",Petrarchistical,PETRARCHISTICAL,15,adjective,1603,1603,printed date range,proper name,0,,arts/literature,Imitative of Petrarch.,0,,http://www.oed.com/dictionary/petrarchistical_adj
"1 - single year of evidence, form unique",pingui-substance,PINGUISUBSTANCE,15,noun,1621,1621,printed date range,borrowing,0,,,Fatty substance.,0,,http://www.oed.com/dictionary/pingui-substance_n
"1 - single year of evidence, form unique",pirouettiveness,PIROUETTIVENESS,15,noun,1844,1844,printed date range,derivative,0,,,The art or practice of pirouetting.,0,,http://www.oed.com/dictionary/pirouettiveness_n
"1 - single year of evidence, form unique",pneumatomorphic,PNEUMATOMORPHIC,15,adjective,1886,1886,printed date range,compound,0,,,Relating to the attribution of a spiritual form…,0,,http://www.oed.com/dictionary/pneumatomorphic_adj
"1 - single year of evidence, form unique",poly-affectioned,POLYAFFECTIONED,15,adjective,1893,1893,printed date range,compound,0,,,Displaying many affections or emotions.,0,,http://www.oed.com/dictionary/poly-affectioned_adj
"1 - single year of evidence, form unique",polyphloisboiic,POLYPHLOISBOIIC,15,adjective,1863,1863,printed date range,borrowing,0,humorous,,"= polyphloisboian, adj.",0,,http://www.oed.com/dictionary/polyphloisboiic_adj
"1 - single year of evidence, form unique",polypragmonetic,POLYPRAGMONETIC,15,adjective,1693,1693,printed date range,derivative,0,,,"= polypragmatic, adj.",0,,http://www.oed.com/dictionary/polypragmonetic_adj
"1 - single year of evidence, form unique",prerogativeship,PREROGATIVESHIP,15,noun,1645,1645,printed date range,derivative,0,,,With possessive adjective: a mock title of…,0,,http://www.oed.com/dictionary/prerogativeship_n
"1 - single year of evidence, form unique",pretererogation,PRETEREROGATION,15,noun,1617,1617,printed date range,,0,,,Performance beyond or outside what is demanded or…,0,,http://www.oed.com/dictionary/pretererogation_n
"1 - single year of evidence, form unique",punkah-wallahing,PUNKAHWALLAHING,15,noun,1890,1890,printed date range,compound,0,,,The job of a punkah-wallah; the period spent…,0,,http://www.oed.com/dictionary/punkah-wallahing_n
"1 - single year of evidence, form unique",pyrgopolinizing,PYRGOPOLINIZING,15,adjective,1605,1605,printed date range,proper name,0,,,Acting in a manner characteristic of…,0,,http://www.oed.com/dictionary/pyrgopolinizing_adj
"1 - single year of evidence, form unique",rementimutation,REMENTIMUTATION,15,noun,1650,1650,printed date range,derivative,0,,,A second or new change of mind.,0,,http://www.oed.com/dictionary/rementimutation_n
"1 - single year of evidence, form unique",roundaboutility,ROUNDABOUTILITY,15,noun,1863,1863,printed date range,derivative,0,,,"= roundaboutness, n.",0,,http://www.oed.com/dictionary/roundaboutility_n
"1 - single year of evidence, form unique",scientintically,SCIENTINTICALLY,15,adverb,1761,1761,printed date range,variant,0,humorous,,With reference to the scientific study of colour.,0,,http://www.oed.com/dictionary/scientintically_adv
"1 - single year of evidence, form unique",self-snatchation,SELFSNATCHATION,15,noun,1840,1840,printed date range,derivative,0,,,The action of saving oneself from something…,0,,http://www.oed.com/dictionary/self-snatchation_n
"1 - single year of evidence, form unique",self-subsidation,SELFSUBSIDATION,15,noun,1868,1868,printed date range,derivative,0,,"manufacturing and industry/manufacturing/metal industry, sport and leisure/sport/billiards, pool, and snooker",The formation of a pool of metal during smelting.,0,,http://www.oed.com/dictionary/self-subsidation_n
"1 - single year of evidence, form unique",sex-abolitionist,SEXABOLITIONIST,15,noun,1887,1887,printed date range,compound,0,,,A person who seeks to abolish sexual differences…,0,,http://www.oed.com/dictionary/sex-abolitionist_n
"1 - single year of evidence, form unique",subterlapsarian,SUBTERLAPSARIAN,15,adjective,1893,1893,printed date range,derivative,0,,,Of or relating to a view of redemption which…,0,,http://www.oed.com/dictionary/subterlapsarian_adj
"1 - single year of evidence, form unique",sunshine-showery,SUNSHINESHOWERY,15,adjective,1830,1830,printed date range,compound,0,,,(Perhaps) cheerful in the midst of difficult…,0,,http://www.oed.com/dictionary/sunshine-showery_adj
"1 - single year of evidence, form unique",superordinanced,SUPERORDINANCED,15,adjective,1656,1656,printed date range,derivative,0,,religion and belief/religion,Of a person: that has rejected or refused to…,0,,http://www.oed.com/dictionary/superordinanced_adj
"1 - single year of evidence, form unique",teatabellically,TEATABELLICALLY,15,adverb,1768,1768,printed date range,,0,humorous,,"At the tea-table, in familiar conversation at tea.",0,,http://www.oed.com/dictionary/teatabellically_adv
"1 - single year of evidence, form unique",technicophilist,TECHNICOPHILIST,15,noun,1861,1861,printed date range,compound,0,,,A person who is fond of using technical terms.,0,,http://www.oed.com/dictionary/technicophilist_n
"1 - single year of evidence, form unique",trafficableness,TRAFFICABLENESS,15,noun,1889,1889,printed date range,derivative,0,,economics and commerce,The quality or condition of being tradable…,0,,http://www.oed.com/dictionary/trafficableness_n
"1 - single year of evidence, form unique",transnihilation,TRANSNIHILATION,15,noun,1820,1820,printed date range,borrowing,0,,,Transformation (of nothing) into nothings.,0,,http://www.oed.com/dictionary/transnihilation_n
"1 - single year of evidence, form unique",transplantively,TRANSPLANTIVELY,15,adverb,1606,1606,printed date range,derivative,0,,,In the way of transplantation.,0,,http://www.oed.com/dictionary/transplantively_adv
"1 - single year of evidence, form unique",unlycanthropize,UNLYCANTHROPIZE,15,verb,1660,1660,printed date range,derivative,0,,,transitive. To change (a person who has been…,0,,http://www.oed.com/dictionary/unlycanthropize_v
"1 - single year of evidence, form unique",walking-matching,WALKINGMATCHING,15,noun,1847,1847,printed date range,compound,0,,sport and leisure/sport/athletics,Participation in walking matches.,0,,http://www.oed.com/dictionary/walking-matching_n
"1 - single year of evidence, form unique",blind beetledness,BLINDBEETLEDNESS,16,noun,1649,1649,printed date range,compound,0,,,"The quality of being extremely deluded, ignorant…",0,,http://www.oed.com/dictionary/blind-beetledness_n
"1 - single year of evidence, form unique",Christiano-mastix,CHRISTIANOMASTIX,16,noun,1678,1678,printed date range,,0,,religion and belief/religion/Christianity,A persecutor of Christians; a person who argues…,0,,http://www.oed.com/dictionary/christiano-mastix_n
"1 - single year of evidence, form unique",compresentiality,COMPRESENTIALITY,16,noun,1686,1686,printed date range,derivative,0,,religion and belief/religion/Christianity/liturgical,The quality of being present together.,0,,http://www.oed.com/dictionary/compresentiality_n
"1 - single year of evidence, form unique",daily breadliness,DAILYBREADLINESS,16,noun,1863,1863,printed date range,derivative,0,,,A feeling of fellowship between people who earn…,0,,http://www.oed.com/dictionary/daily-breadliness_n
"1 - single year of evidence, form unique",directo-executive,DIRECTOEXECUTIVE,16,adjective,1863,1863,printed date range,compound,0,,,Involving or characterized by a combination of…,0,,http://www.oed.com/dictionary/directo-executive_adj
"1 - single year of evidence, form unique",gospel massmonger,GOSPELMASSMONGER,16,noun,a1555,1555,printed date range,compound,0,,religion and belief/religion/Christianity,Apparently: a Protestant who attends the mass.,0,,http://www.oed.com/dictionary/gospel-massmonger_n
"1 - single year of evidence, form unique",gospel perdurable,GOSPELPERDURABLE,16,noun,a1425,1425,printed date range,compound,0,,,A ‘gospel of the Holy Spirit’ supposed to…,0,,http://www.oed.com/dictionary/gospel-perdurable_n
"1 - single year of evidence, form unique",hystero-proterize,HYSTEROPROTERIZE,16,verb,a1834,1834,printed date range,derivative,0,,,intransitive. To invert the natural order; to…,0,,http://www.oed.com/dictionary/hystero-proterize_v
"1 - single year of evidence, form unique",meritorious-equal,MERITORIOUSEQUAL,16,adjective,1821,1821,printed date range,compound,0,,,Equal in merit.,0,,http://www.oed.com/dictionary/meritorious-equal_adj
"1 - single year of evidence, form unique",moistened chicken,MOISTENEDCHICKEN,16,noun,1859,1859,printed date range,compound,0,,,A person excessively afraid of incurring any…,0,,http://www.oed.com/dictionary/moistened-chicken_n
"1 - single year of evidence, form unique",motive-millwright,MOTIVEMILLWRIGHT,16,noun,1834,1834,printed date range,compound,0,,,"= motive-grinder, n.",0,,http://www.oed.com/dictionary/motive-millwright_n
"1 - single year of evidence, form unique",nihili-parturient,NIHILIPARTURIENT,16,adjective,1812,1812,printed date range,borrowing,0,,,Producing nothing.,0,,http://www.oed.com/dictionary/nihili-parturient_adj
"1 - single year of evidence, form unique",oyster-barrel muff,OYSTERBARRELMUFF,16,noun,1703,1703,printed date range,compound,0,,crafts and trades/costume,A muff made in the shape of an oyster-barrel.,0,,http://www.oed.com/dictionary/oyster-barrel-muff_n
"1 - single year of evidence, form unique",paragraphistical,PARAGRAPHISTICAL,16,adjective,a1640,1640,printed date range,derivative,0,humorous,crafts and trades/printing and typography,"Probably: = paragraphic, adj.¹ Perhaps…",0,,http://www.oed.com/dictionary/paragraphistical_adj
"1 - single year of evidence, form unique",parlour cattle-car,PARLOURCATTLECAR,16,noun,1881,1881,printed date range,compound,0,,"agriculture and horticulture/agriculture, transport/railways",A railway car for cattle providing more than…,0,,http://www.oed.com/dictionary/parlour-cattle-car_n
"1 - single year of evidence, form unique",past-the-middle-age,PASTTHEMIDDLEAGE,16,adjective,1844,1844,printed date range,compound,0,,,Older than middle-aged.,0,,http://www.oed.com/dictionary/past-the-middle-age_adj
"1 - single year of evidence, form unique",pen-and-inkmanship,PENANDINKMANSHIP,16,noun,1804,1804,printed date range,derivative,0,,,The occupation of writing.,0,,http://www.oed.com/dictionary/pen-and-inkmanship_n
"1 - single year of evidence, form unique",philorchidaceous,PHILORCHIDACEOUS,16,adjective,1884,1884,printed date range,compound,0,,,Fond of or interested in orchids.,0,,http://www.oed.com/dictionary/philorchidaceous_adj
"1 - single year of evidence, form unique",philosophercraft,PHILOSOPHERCRAFT,16,noun,1865,1865,printed date range,compound,0,,,Philosophical skill.,0,,http://www.oed.com/dictionary/philosophercraft_n
"1 - single year of evidence, form unique",quodlibetificate,QUODLIBETIFICATE,16,verb,?1743,1743,printed date range,compound,0,,,transitive. To deal with (a word) quibblingly.,0,,http://www.oed.com/dictionary/quodlibetificate_v
"1 - single year of evidence, form unique",supplejackically,SUPPLEJACKICALLY,16,adverb,1844,1844,printed date range,derivative,0,humorous,,In a manner threatening punishment with a supplejack.,0,,http://www.oed.com/dictionary/supplejackically_adv
"1 - single year of evidence, form unique",testamentiferous,TESTAMENTIFEROUS,16,adjective,1772,1772,printed date range,borrowing,0,,,Bearing the covenant: applied to the Jewish ‘ark…,0,,http://www.oed.com/dictionary/testamentiferous_adj
"1 - single year of evidence, form unique",transtemporation,TRANSTEMPORATION,16,noun,1651,1651,printed date range,borrowing,0,,,"Intermission of time, delay.",0,,http://www.oed.com/dictionary/transtemporation_n
"1 - single year of evidence, form unique",younger-sisterish,YOUNGERSISTERISH,16,adjective,1864,1864,printed date range,compound,0,,,Having the character of a younger sister; spec…,0,,http://www.oed.com/dictionary/younger-sisterish_adj
"1 - single year of evidence, form unique",attorney universal,ATTORNEYUNIVERSAL,17,noun,1637,1637,printed date range,compound,0,,law,An attorney general.,0,,http://www.oed.com/dictionary/attorney-universal_n
"1 - single year of evidence, form unique",card coney-catching,CARDCONEYCATCHING,17,noun,1592,1592,printed date range,compound,0,,sport and leisure/games/cards,"Swindling by cheating at cards, card-sharping…",0,,http://www.oed.com/dictionary/card-coney-catching_n
"1 - single year of evidence, form unique",Christ-apostatical,CHRISTAPOSTATICAL,17,adjective,a1638,1638,printed date range,compound,0,,,That apostatizes from or abandons Christ.,0,,http://www.oed.com/dictionary/christ-apostatical_adj
"1 - single year of evidence, form unique",cross-questionable,CROSSQUESTIONABLE,17,adjective,1877,1877,printed date range,derivative,0,,,Capable of being cross-questioned.,0,,http://www.oed.com/dictionary/cross-questionable_adj
"1 - single year of evidence, form unique",needle-housewifery,NEEDLEHOUSEWIFERY,17,noun,1747,1747,printed date range,compound,0,,crafts and trades/textiles/needlework,Darning.,0,,http://www.oed.com/dictionary/needle-housewifery_n
"1 - single year of evidence, form unique",panichthyophagous,PANICHTHYOPHAGOUS,17,adjective,1853,1853,printed date range,compound,0,,,That eats fish of all kinds indiscriminately.,0,,http://www.oed.com/dictionary/panichthyophagous_adj
"1 - single year of evidence, form unique",picturesquiescity,PICTURESQUIESCITY,17,noun,1828,1828,printed date range,derivative,0,,,Picturesqueness.,0,,http://www.oed.com/dictionary/picturesquiescity_n
"1 - single year of evidence, form unique",polyphloisboiotic,POLYPHLOISBOIOTIC,17,adjective,1843,1843,printed date range,borrowing,0,humorous,,"= polyphloisboian, adj.",0,,http://www.oed.com/dictionary/polyphloisboiotic_adj
"1 - single year of evidence, form unique",propositionalness,PROPOSITIONALNESS,17,noun,1864,1864,printed date range,derivative,0,,,A propensity for asserting propositions.,0,,http://www.oed.com/dictionary/propositionalness_n
"1 - single year of evidence, form unique",quomodocunquizing,QUOMODOCUNQUIZING,17,adjective,1652,1652,printed date range,borrowing,0,,,That makes money in any possible way.,0,,http://www.oed.com/dictionary/quomodocunquizing_adj
"1 - single year of evidence, form unique",subtle-subtilizing,SUBTLESUBTILIZING,17,noun,1866,1866,printed date range,compound,0,,,An act of making an excessively fine distinction…,0,,http://www.oed.com/dictionary/subtle-subtilizing_n
"1 - single year of evidence, form unique",wet-blanketiveness,WETBLANKETIVENESS,17,noun,1834,1834,printed date range,derivative,0,,,The quality of being a wet blanket (wet blanket…,0,,http://www.oed.com/dictionary/wet-blanketiveness_n
"1 - single year of evidence, form unique",windpipe-stretcher,WINDPIPESTRETCHER,17,noun,1617,1617,printed date range,compound,0,humorous,,A hangman.,0,,http://www.oed.com/dictionary/windpipe-stretcher_n
"1 - single year of evidence, form unique",autopsychographize,AUTOPSYCHOGRAPHIZE,18,verb,c1833,1833,printed date range,compound,0,,,transitive to submit to autopsychography…,0,,http://www.oed.com/dictionary/autopsychographize_v
"1 - single year of evidence, form unique",discommonwealthing,DISCOMMONWEALTHING,18,noun,1647,1647,printed date range,derivative,0,,,An instance of being cut off from the…,0,,http://www.oed.com/dictionary/discommonwealthing_n
"1 - single year of evidence, form unique",half channelled over,HALFCHANNELLEDOVER,18,adjective,1709,1709,printed date range,compound,0,humorous,,"Half drunk; = half-seas-over, adj.",0,,http://www.oed.com/dictionary/half-channelled-over_adj
"1 - single year of evidence, form unique",meteorosophistical,METEOROSOPHISTICAL,18,adjective,1814,1814,printed date range,borrowing,0,,,Ingeniously or elaborately sophistical.,0,,http://www.oed.com/dictionary/meteorosophistical_adj
"1 - single year of evidence, form unique",metropolitaneously,METROPOLITANEOUSLY,18,adverb,1852,1852,printed date range,derivative,0,,,In metropolitan fashion.,0,,http://www.oed.com/dictionary/metropolitaneously_adv
"1 - single year of evidence, form unique",mispersuasibleness,MISPERSUASIBLENESS,18,noun,a1684,1684,printed date range,derivative,0,,,Inability to be persuaded.,0,,http://www.oed.com/dictionary/mispersuasibleness_n
"1 - single year of evidence, form unique",necrodialogistical,NECRODIALOGISTICAL,18,adjective,1715,1715,printed date range,compound,0,,arts/literature,Consisting of dialogues of the dead.,0,,http://www.oed.com/dictionary/necrodialogistical_adj
"1 - single year of evidence, form unique",polysyllabilingual,POLYSYLLABILINGUAL,18,adjective,1824,1824,printed date range,compound,0,,,Of or relating to polysyllabic languages.,0,,http://www.oed.com/dictionary/polysyllabilingual_adj
"1 - single year of evidence, form unique",seventh-heaven-arian,SEVENTHHEAVENARIAN,18,noun,1857,1857,printed date range,derivative,0,humorous,,A person who is always extremely happy.,0,,http://www.oed.com/dictionary/seventh-heaven-arian_n
"1 - single year of evidence, form unique",lumperdee clumperdee,LUMPERDEECLUMPERDEE,19,adverb,a1556,1556,printed date range,variant,0,,,Used to express clumsy movement.,0,,http://www.oed.com/dictionary/lumperdee-clumperdee_adv
"1 - single year of evidence, form unique",picturesquification,PICTURESQUIFICATION,19,noun,1834,1834,printed date range,derivative,0,,,The act of making something picturesque.,0,,http://www.oed.com/dictionary/picturesquification_n
"1 - single year of evidence, form unique",seven mountain-seated,SEVENMOUNTAINSEATED,19,adjective,1624,1624,printed date range,compound,0,,,(As an epithet of the city of Rome) seated on…,0,,http://www.oed.com/dictionary/seven-mountain-seated_adj
"1 - single year of evidence, form unique",quartermasteriveness,QUARTERMASTERIVENESS,20,noun,1824,1824,printed date range,derivative,0,,,The qualities of a quartermaster.,0,,http://www.oed.com/dictionary/quartermasteriveness_n
"1 - single year of evidence, form unique",statico-physiological,STATICOPHYSIOLOGICAL,20,adjective,1764,1764,printed date range,compound,0,,"sciences/medicine/physiology, sciences/physical sciences/physics/dynamics",Concerned with both statics and physiology in…,0,,http://www.oed.com/dictionary/statico-physiological_adj
"1 - single year of evidence, form unique",paulo-post-futuratively,PAULOPOSTFUTURATIVELY,21,adverb,a1843,1843,printed date range,derivative,0,,,As belonging to the near future.,0,,http://www.oed.com/dictionary/paulo-post-futuratively_adv
"1 - single year of evidence, form unique",pneumatico-hedonistics,PNEUMATICOHEDONISTICS,21,noun,1817,1817,printed date range,compound,0,,,In the writings of Jeremy Bentham: the branch of…,0,,http://www.oed.com/dictionary/pneumatico-hedonistics_n
"1 - single year of evidence, form unique",polyphloisboiotatotic,POLYPHLOISBOIOTATOTIC,21,adjective,1843,1843,printed date range,variant,0,humorous,,That roars most loudly of all or very loudly indeed.,0,,http://www.oed.com/dictionary/polyphloisboiotatotic_adj
"1 - single year of evidence, form unique",preterpluparenthetical,PRETERPLUPARENTHETICAL,22,adjective,1650,1650,printed date range,compound,0,humorous,,Favouring or tending to use parenthesis.,0,,http://www.oed.com/dictionary/preterpluparenthetical_adj
"2 - single year of evidence, but form is another word too",re,RE,2,verb,1597,1597,printed date range,conversion,0,,arts/performing arts/music,transitive. Used as a humorous threat to a…,8,,http://www.oed.com/dictionary/re_v
"2 - single year of evidence, but form is another word too",his,HIS,3,verb,1621,1621,printed date range,conversion,0,,,"transitive. To use ‘his’ of, to qualify with ‘his’.",3,,http://www.oed.com/dictionary/his_v
"2 - single year of evidence, but form is another word too",moy,MOY,3,noun,a1616,1616,printed date range,borrowing,0,,,Apparently: a coin of an imaginary type.,1,yes,http://www.oed.com/dictionary/moy_n2
"2 - single year of evidence, but form is another word too",now,NOW,3,verb,1647,1647,printed date range,conversion,0,,,transitive. In to now and then (something): to…,2,yes,http://www.oed.com/dictionary/now_v2
"2 - single year of evidence, but form is another word too",orc,ORC,3,verb,1631,1631,printed date range,conversion,0,,,transitive. To make an orc or monster of.,2,,http://www.oed.com/dictionary/orc_v
"2 - single year of evidence, but form is another word too",pat,PAT,3,verb,1575,1575,printed date range,conversion,0,,,transitive. To produce (an answer) pat.,8,yes,http://www.oed.com/dictionary/pat_v2
"2 - single year of evidence, but form is another word too",pie,PIE,3,verb,1657,1657,printed date range,conversion,0,,,transitive. To repeat like a magpie.,8,yes,http://www.oed.com/dictionary/pie_v2
"2 - single year of evidence, but form is another word too",rat,RAT,3,verb,1713,1713,printed date range,imitative,0,,sciences/life sciences/animals,"intransitive. = rattle, v.¹ 2b.",7,yes,http://www.oed.com/dictionary/rat_v4
"2 - single year of evidence, but form is another word too",bony,BONY,4,verb,1814,1814,printed date range,conversion,0,,,transitive. To cause to resemble bone; to harden.,2,,http://www.oed.com/dictionary/bony_v
"2 - single year of evidence, but form is another word too",earl,EARL,4,verb,c1450,1450,printed date range,conversion,0,,,transitive. Perhaps: to be the lord of.,2,yes,http://www.oed.com/dictionary/earl_v1
"2 - single year of evidence, but form is another word too",jowl,JOWL,4,verb,1654,1654,printed date range,conversion,0,,,transitive. To place ‘cheek by jowl’.,6,yes,http://www.oed.com/dictionary/jowl_v3
"2 - single year of evidence, but form is another word too",port,PORT,4,verb,1825,1825,printed date range,conversion,0,,,transitive with it as object. To drink port.,0,yes,http://www.oed.com/dictionary/port_v5
"2 - single year of evidence, but form is another word too",pote,POTE,4,noun,1694,1694,printed date range,borrowing,0,,,Drink.,0,yes,http://www.oed.com/dictionary/pote_n3
"2 - single year of evidence, but form is another word too",sape,SAPE,4,verb,1694,1694,printed date range,borrowing,0,humorous,,intransitive. To be wise.,0,yes,http://www.oed.com/dictionary/sape_v2
"2 - single year of evidence, but form is another word too",text,TEXT,4,noun,1854,1854,printed date range,borrowing,0,,,"Texture, structure, tissue.",2,yes,http://www.oed.com/dictionary/text_n2
"2 - single year of evidence, but form is another word too",thus,THUS,4,verb,1606,1606,printed date range,conversion,0,,,(intransitive) to do thus.,2,,http://www.oed.com/dictionary/thus_v
"2 - single year of evidence, but form is another word too",wham,WHAM,4,noun,1691,1691,printed date range,variant,0,,,A whimsical or fantastic person.,2,yes,http://www.oed.com/dictionary/wham_n1
"2 - single year of evidence, but form is another word too",botch,BOTCH,5,verb,1699,1699,printed date range,conversion,0,,,"transitive. To mark with botches, sores, or…",3,yes,http://www.oed.com/dictionary/botch_v2
"2 - single year of evidence, but form is another word too",cause,CAUSE,5,verb,1845,1845,printed date range,borrowing,0,,,intransitive. To speak familiarly; to converse…,4,yes,http://www.oed.com/dictionary/cause_v3
"2 - single year of evidence, but form is another word too",gadge,GADGE,5,noun,1846,1846,printed date range,arbitrary,0,archaic,,A torturing iron (see note in etymology).,1,yes,http://www.oed.com/dictionary/gadge_n1
"2 - single year of evidence, but form is another word too",hobby,HOBBY,5,verb,a1529,1529,printed date range,conversion,0,,"sport and leisure/hunting, fishing, and shooting/hawking and falconry",intransitive. To hunt game with a trained hobby…,2,,http://www.oed.com/dictionary/hobby_v
"2 - single year of evidence, but form is another word too",idiot,IDIOT,5,verb,1864,1864,printed date range,conversion,0,,,transitive. To call (a person) ‘idiot’.,1,,http://www.oed.com/dictionary/idiot_v
"2 - single year of evidence, but form is another word too",madly,MADLY,5,adjective,1816,1816,printed date range,derivative,0,,sciences/medicine,Characteristic of a mad person.,1,,http://www.oed.com/dictionary/madly_adj
"2 - single year of evidence, but form is another word too",poesy,POESY,5,verb,1820,1820,printed date range,conversion,0,,arts/literature,intransitive. To produce poetry. In quot. figurative.,0,,http://www.oed.com/dictionary/poesy_v
"2 - single year of evidence, but form is another word too",point,POINT,5,adjective,a1637,1637,printed date range,conversion,0,,,Complete; ready.,0,,http://www.oed.com/dictionary/point_adj
"2 - single year of evidence, but form is another word too",punch,PUNCH,5,verb,a1834,1834,printed date range,conversion,0,,,intransitive. To drink punch.,6,yes,http://www.oed.com/dictionary/punch_v2
"2 - single year of evidence, but form is another word too",quash,QUASH,5,adverb,1827,1827,printed date range,conversion,0,,,to go quash: with the action or effect of quashing.,1,,http://www.oed.com/dictionary/quash_adv
"2 - single year of evidence, but form is another word too",scrib,SCRIB,5,noun,1795,1795,printed date range,shortening,0,,,A quickly or carelessly composed letter; =…,0,yes,http://www.oed.com/dictionary/scrib_n2
"2 - single year of evidence, but form is another word too",skrae,SKRAE,5,adjective,1846,1846,printed date range,conversion,0,,,"Thin, lean.",0,,http://www.oed.com/dictionary/skrae_adj
"2 - single year of evidence, but form is another word too",suine,SUINE,5,adjective,1922,1922,printed date range,borrowing,0,,,"Piglike, porcine.",1,,http://www.oed.com/dictionary/suine_adj
"2 - single year of evidence, but form is another word too",twine,TWINE,5,noun,1606,1606,printed date range,blend,0,,,"Division, separation, disunion.",6,yes,http://www.oed.com/dictionary/twine_n2
"2 - single year of evidence, but form is another word too",beleve,BELEVE,6,noun,1575,1575,printed date range,conversion,0,,,"= leave, n.¹",0,,http://www.oed.com/dictionary/beleve_n
"2 - single year of evidence, but form is another word too",canage,CANAGE,6,noun,1881,1881,printed date range,derivative,0,humorous,,Used humorously for: a harvest of canes (cf…,0,yes,http://www.oed.com/dictionary/canage_n2
"2 - single year of evidence, but form is another word too",cherry,CHERRY,6,verb,1608,1608,printed date range,conversion,0,,,transitive. To impart a cherry-like colour to; to…,1,yes,http://www.oed.com/dictionary/cherry_v1
"2 - single year of evidence, but form is another word too",deader,DEADER,6,noun,a1640,1640,printed date range,derivative,0,,,"Something which deadens. Cf. deadener, n. 1.",1,yes,http://www.oed.com/dictionary/deader_n1
"2 - single year of evidence, but form is another word too",de-port,DEPORT,6,verb,1691,1691,printed date range,derivative,0,,,transitive. To deprive of the character of a…,1,yes,http://www.oed.com/dictionary/de-port_v2
"2 - single year of evidence, but form is another word too",dismal,DISMAL,6,verb,1780,1780,printed date range,conversion,0,,,intransitive. To feel dismal or melancholy.,1,,http://www.oed.com/dictionary/dismal_v
"2 - single year of evidence, but form is another word too",dismay,DISMAY,6,verb,1610,1610,printed date range,derivative,0,,,transitive. To strip of May-blossom.,2,yes,http://www.oed.com/dictionary/dismay_v2
"2 - single year of evidence, but form is another word too",halfen,HALFEN,6,adjective,1590,1590,printed date range,variant,0,poetic and literary,,Halved. In quot. 1590: designating a partially…,1,,http://www.oed.com/dictionary/halfen_adj
"2 - single year of evidence, but form is another word too",heroic,HEROIC,6,verb,1599,1599,printed date range,compound,0,,,transitive with it as object. To write heroic verse.,1,,http://www.oed.com/dictionary/heroic_v
"2 - single year of evidence, but form is another word too",mollet,MOLLET,6,verb,1559,1559,printed date range,conversion,0,,,intransitive. Perhaps: to ride using a curb; to…,0,,http://www.oed.com/dictionary/mollet_v
"2 - single year of evidence, but form is another word too",musery,MUSERY,6,noun,1869,1869,printed date range,derivative,0,,arts,Embellishment of the work of the Muses.,0,yes,http://www.oed.com/dictionary/musery_n2
"2 - single year of evidence, but form is another word too",Nimrod,NIMROD,6,verb,1836,1836,printed date range,proper name,0,,,transitive. To make into a hunter.,1,,http://www.oed.com/dictionary/nimrod_v
"2 - single year of evidence, but form is another word too",over-do,OVERDO,6,adjective,1748,1748,printed date range,conversion,0,,,"= overdoing, adj.",1,,http://www.oed.com/dictionary/over-do_adj
"2 - single year of evidence, but form is another word too",Pegase,PEGASE,6,verb,1614,1614,printed date range,conversion,0,,,transitive. To serve or dispatch in the manner of…,0,,http://www.oed.com/dictionary/pegase_v
"2 - single year of evidence, but form is another word too",pistle,PISTLE,6,verb,1589,1589,printed date range,conversion,0,,arts/literature,"transitive. To write an epistle upon, to satirize.",1,,http://www.oed.com/dictionary/pistle_v
"2 - single year of evidence, but form is another word too",pumper,PUMPER,6,noun,a1627,1627,printed date range,derivative,0,,,"A person who puts pumps on someone (see pump, n.²).",1,yes,http://www.oed.com/dictionary/pumper_n1
"2 - single year of evidence, but form is another word too",punzie,PUNZIE,6,noun,1827,1827,printed date range,conversion,0,,military/weaponry,"A prick, a stab.",0,,http://www.oed.com/dictionary/punzie_n
"2 - single year of evidence, but form is another word too",rappee,RAPPEE,6,noun,1819,1819,printed date range,derivative,0,,,A person who raps or knocks; a rapper.,1,yes,http://www.oed.com/dictionary/rappee_n2
"2 - single year of evidence, but form is another word too",riddle,RIDDLE,6,noun,1880,1880,printed date range,conversion,0,,,A hole made by a bullet.,5,yes,http://www.oed.com/dictionary/riddle_n4
"2 - single year of evidence, but form is another word too",rouncy,ROUNCY,6,noun,1616,1616,printed date range,derivative,0,,,The sound of a clap of thunder. Cf. rounce robble…,1,yes,http://www.oed.com/dictionary/rouncy_n2
"2 - single year of evidence, but form is another word too",unline,UNLINE,6,verb,1598,1598,printed date range,derivative,0,,,transitive (reflexive). To desist from lechery or…,1,yes,http://www.oed.com/dictionary/unline_v1
"2 - single year of evidence, but form is another word too",whelky,WHELKY,6,adjective,1591,1591,printed date range,derivative,0,,sciences/life sciences/animals/invertebrates/shells and shellfish,Formed in a shell.,1,yes,http://www.oed.com/dictionary/whelky_adj1
"2 - single year of evidence, but form is another word too",zounds,ZOUNDS,6,verb,1680,1680,printed date range,conversion,0,,,(intransitive) to exclaim ‘zounds’.,1,,http://www.oed.com/dictionary/zounds_v
"2 - single year of evidence, but form is another word too",aerobat,AEROBAT,7,noun,1879,1879,printed date range,borrowing,0,,transport/aviation,A flying machine.,2,yes,http://www.oed.com/dictionary/aerobat_n1
"2 - single year of evidence, but form is another word too",Alcoran,ALCORAN,7,verb,a1678,1678,printed date range,conversion,0,,religion and belief/religion/Islam,transitive. To put into the Qur'an.,1,,http://www.oed.com/dictionary/alcoran_v
"2 - single year of evidence, but form is another word too",bullish,BULLISH,7,adjective,1551,1551,printed date range,derivative,0,,religion and belief/religion/Christianity/Roman Catholic Church,Of or pertaining to papal bulls.,0,yes,http://www.oed.com/dictionary/bullish_adj1
"2 - single year of evidence, but form is another word too",caesura,CAESURA,7,verb,1661,1661,printed date range,conversion,0,,,transitive. To utter with a cæsura (ludicrously…,1,,http://www.oed.com/dictionary/caesura_v
"2 - single year of evidence, but form is another word too",crusado,CRUSADO,7,verb,1671,1671,printed date range,conversion,0,historical,religion and belief/religion,transitive. To mark (a person) with the cross…,0,,http://www.oed.com/dictionary/crusado_v
"2 - single year of evidence, but form is another word too",dingily,DINGILY,7,adverb,a1555,1555,printed date range,derivative,0,,,Perhaps: vehemently or with force.,1,yes,http://www.oed.com/dictionary/dingily_adv1
"2 - single year of evidence, but form is another word too",gordian,GORDIAN,7,verb,1818,1818,printed date range,conversion,0,,,transitive. To tie in a Gordian knot.,1,,http://www.oed.com/dictionary/gordian_v
"2 - single year of evidence, but form is another word too",heroine,HEROINE,7,verb,1760,1760,printed date range,conversion,0,,,transitive with it as object. To act or play the…,2,,http://www.oed.com/dictionary/heroine_v
"2 - single year of evidence, but form is another word too",modesty,MODESTY,7,verb,1748,1748,printed date range,conversion,0,,,transitive. To throw away through prudery.,1,,http://www.oed.com/dictionary/modesty_v
"2 - single year of evidence, but form is another word too",out-fort,OUTFORT,7,verb,1755,1755,printed date range,derivative,0,,military/fortification,transitive. To have more forts than.,1,,http://www.oed.com/dictionary/out-fort_v
"2 - single year of evidence, but form is another word too",out-rail,OUTRAIL,7,verb,1866,1866,printed date range,derivative,0,,,transitive. To outdo in respect of railings.,0,yes,http://www.oed.com/dictionary/out-rail_v2
"2 - single year of evidence, but form is another word too",overlip,OVERLIP,7,verb,1868,1868,printed date range,derivative,0,,,transitive. To provide with a lip on top.,1,yes,http://www.oed.com/dictionary/overlip_v1
"2 - single year of evidence, but form is another word too",penning,PENNING,7,adjective,1854,1854,printed date range,derivative,0,,agriculture and horticulture/agriculture,Apparently: (of the sheep of a fold) entering or…,3,,http://www.oed.com/dictionary/penning_adj
"2 - single year of evidence, but form is another word too",pot-hook,POTHOOK,7,verb,1876,1876,printed date range,conversion,0,,,transitive (reflexive). To curve oneself into the…,0,,http://www.oed.com/dictionary/pot-hook_v
"2 - single year of evidence, but form is another word too",prebend,PREBEND,7,verb,1868,1868,printed date range,conversion,0,,,transitive. To give a daily allowance to (a canon).,1,,http://www.oed.com/dictionary/prebend_v
"2 - single year of evidence, but form is another word too",private,PRIVATE,7,verb,1884,1884,printed date range,conversion,0,,,transitive. To provide (an army) with privates…,3,yes,http://www.oed.com/dictionary/private_v3
"2 - single year of evidence, but form is another word too",raccoon,RACCOON,7,verb,1855,1855,printed date range,conversion,0,,,"intransitive. To walk about at night, in a manner…",1,,http://www.oed.com/dictionary/raccoon_v
"2 - single year of evidence, but form is another word too",requiem,REQUIEM,7,verb,1838,1838,printed date range,conversion,0,poetic and literary,,"intransitive. Of a storm: to quieten down, blow over.",2,,http://www.oed.com/dictionary/requiem_v
"2 - single year of evidence, but form is another word too",silvery,SILVERY,7,noun,a1387,1387,printed date range,derivative,0,,law,"= Silver sickness (silver, n. & adj.compounds C.2).",2,,http://www.oed.com/dictionary/silvery_n
"2 - single year of evidence, but form is another word too",triable,TRIABLE,7,adjective,1647,1647,printed date range,derivative,0,,,Divisible into three.,0,yes,http://www.oed.com/dictionary/triable_adj2
"2 - single year of evidence, but form is another word too",turnway,TURNWAY,7,noun,1589,1589,printed date range,compound,0,,arts/literature/rhetoric,A rhetorical device in which the speaker breaks…,1,yes,http://www.oed.com/dictionary/turnway_n1
"2 - single year of evidence, but form is another word too",valiant,VALIANT,7,verb,1628,1628,printed date range,conversion,0,,,transitive. To make (something) valiant; to embolden.,1,,http://www.oed.com/dictionary/valiant_v
"2 - single year of evidence, but form is another word too",war-lock,WARLOCK,7,verb,1800,1800,printed date range,compound,0,,military,transitive. Perhaps: to defend (a place) from…,3,yes,http://www.oed.com/dictionary/war-lock_v2
"2 - single year of evidence, but form is another word too",weedery,WEEDERY,7,noun,1908,1908,printed date range,derivative,0,poetic and literary,crafts and trades/costume,Mourning clothes.,1,yes,http://www.oed.com/dictionary/weedery_n2
"2 - single year of evidence, but form is another word too",whisker,WHISKER,7,noun,1723,1723,printed date range,derivative,0,,sport and leisure/games/cards/whist,A whist-player.,2,yes,http://www.oed.com/dictionary/whisker_n2
"2 - single year of evidence, but form is another word too",buckling,BUCKLING,8,noun,1778,1778,printed date range,derivative,0,,,A young buck; a little fop.,3,yes,http://www.oed.com/dictionary/buckling_n2
"2 - single year of evidence, but form is another word too",camerist,CAMERIST,8,noun,1838,1838,printed date range,borrowing,0,,,"A chambermaid, a lady's maid.",1,yes,http://www.oed.com/dictionary/camerist_n1
"2 - single year of evidence, but form is another word too",coursing,COURSING,8,noun,1549,1549,printed date range,derivative,0,,,Perhaps: the activity of following one's natural…,2,yes,http://www.oed.com/dictionary/coursing_n1
"2 - single year of evidence, but form is another word too",dietical,DIETICAL,8,adjective,1854,1854,printed date range,derivative,0,,politics/parliament,"Of or belonging to the Diet (diet, n.² 1b) of the…",1,yes,http://www.oed.com/dictionary/dietical_adj3
"2 - single year of evidence, but form is another word too",discribe,DISCRIBE,8,verb,1647,1647,printed date range,borrowing,0,,,transitive. To dissolve (a body or organization)…,0,yes,http://www.oed.com/dictionary/discribe_v2
"2 - single year of evidence, but form is another word too",Don Diego,DONDIEGO,8,verb,1709,1709,printed date range,conversion,0,,,transitive. To cheat or swindle (a person).,0,,http://www.oed.com/dictionary/don-diego_v
"2 - single year of evidence, but form is another word too",effigies,EFFIGIES,8,verb,1652,1652,printed date range,conversion,0,,arts/visual arts,"transitive. To portray, picture.",1,,http://www.oed.com/dictionary/effigies_v
"2 - single year of evidence, but form is another word too",foolscap,FOOLSCAP,8,verb,1917,1917,printed date range,conversion,0,,,transitive. To consider (someone) to be foolish…,2,,http://www.oed.com/dictionary/foolscap_v
"2 - single year of evidence, but form is another word too",improper,IMPROPER,8,verb,1791,1791,printed date range,conversion,0,,,intransitive. To behave improperly.,1,yes,http://www.oed.com/dictionary/improper_v2
"2 - single year of evidence, but form is another word too",nomarchy,NOMARCHY,8,noun,a1843,1843,printed date range,borrowing,0,,law,The legal class in a state.,1,yes,http://www.oed.com/dictionary/nomarchy_n2
"2 - single year of evidence, but form is another word too",over-bark,OVERBARK,8,verb,1648,1648,printed date range,derivative,0,,,transitive. To bark louder than. (In quot. 1648…,1,,http://www.oed.com/dictionary/over-bark_v
"2 - single year of evidence, but form is another word too",overline,OVERLINE,8,verb,1853,1853,printed date range,derivative,0,,,transitive. To cover with a second layer of material.,2,yes,http://www.oed.com/dictionary/overline_v2
"2 - single year of evidence, but form is another word too",over-word,OVERWORD,8,verb,a1656,1656,printed date range,derivative,0,,,transitive (reflexive). To express oneself too wordily.,1,,http://www.oed.com/dictionary/over-word_v
"2 - single year of evidence, but form is another word too",penal-law,PENALLAW,8,verb,1689,1689,printed date range,conversion,0,,law,transitive. To execute a penal law against.,1,,http://www.oed.com/dictionary/penal-law_v
"2 - single year of evidence, but form is another word too",pettitoe,PETTITOE,8,verb,1651,1651,printed date range,conversion,0,,arts/performing arts/dance,"transitive. With it: to dance, move about on the toes.",1,,http://www.oed.com/dictionary/pettitoe_v
"2 - single year of evidence, but form is another word too",pray away,PRAYAWAY,8,noun,1601,1601,printed date range,conversion,0,,,"A person who (habitually) says ‘pray, (go) away’…",0,,http://www.oed.com/dictionary/pray-away_n
"2 - single year of evidence, but form is another word too",publican,PUBLICAN,8,verb,1648,1648,printed date range,conversion,0,,,transitive. To treat or regard as a publican…,2,,http://www.oed.com/dictionary/publican_v
"2 - single year of evidence, but form is another word too",punketto,PUNKETTO,8,noun,1601,1601,printed date range,borrowing,0,,,"A young prostitute. Cf. punkettee, n.",0,yes,http://www.oed.com/dictionary/punketto_n1
"2 - single year of evidence, but form is another word too",rue-raddy,RUERADDY,8,verb,1856,1856,printed date range,conversion,0,,,transitive (in passive). To attach by means of a…,0,,http://www.oed.com/dictionary/rue-raddy_v
"2 - single year of evidence, but form is another word too",starling,STARLING,8,noun,1839,1839,printed date range,derivative,0,,,"An inhabitant of a star. Cf. earthling, n.²",2,yes,http://www.oed.com/dictionary/starling_n3
"2 - single year of evidence, but form is another word too",superial,SUPERIAL,8,adjective,1885,1885,printed date range,derivative,0,,,Of or belonging to a theatrical extra or ‘super‘…,1,yes,http://www.oed.com/dictionary/superial_adj2
"2 - single year of evidence, but form is another word too",tapering,TAPERING,8,noun,1599,1599,printed date range,derivative,0,,religion and belief/religion,The using of tapers.,2,yes,http://www.oed.com/dictionary/tapering_n1
"2 - single year of evidence, but form is another word too",tory-rory,TORYRORY,8,verb,1685,1685,printed date range,conversion,0,,,intransitive. To behave in a noisy or boisterous…,1,,http://www.oed.com/dictionary/tory-rory_v
"2 - single year of evidence, but form is another word too",welladay,WELLADAY,8,verb,1835,1835,printed date range,conversion,0,,,intransitive. To cry ‘welladay’.,1,,http://www.oed.com/dictionary/welladay_v
"2 - single year of evidence, but form is another word too",bastardry,BASTARDRY,9,verb,1658,1658,printed date range,conversion,0,,,transitive. To declare or render illegitimate; =…,1,,http://www.oed.com/dictionary/bastardry_v
"2 - single year of evidence, but form is another word too",conventer,CONVENTER,9,noun,1671,1671,printed date range,derivative,0,,religion and belief/religion,"A person who lives in a convent; a monk, nun, etc.",0,yes,http://www.oed.com/dictionary/conventer_n2
"2 - single year of evidence, but form is another word too",conventer,CONVENTER,9,noun,1598,1598,printed date range,derivative,0,,law,An officer who notifies a person to appear in…,0,yes,http://www.oed.com/dictionary/conventer_n1
"2 - single year of evidence, but form is another word too",diaconate,DIACONATE,9,adjective,a1680,1680,printed date range,borrowing,0,,religion and belief/religion,"Having, or managed by, deacons.",1,,http://www.oed.com/dictionary/diaconate_adj
"2 - single year of evidence, but form is another word too",head-lined,HEADLINED,9,adjective,1607,1607,printed date range,compound,0,,"crafts and trades/costume/hats, military/armour",Of a helmet: enclosing a head.,1,yes,http://www.oed.com/dictionary/head-lined_adj1
"2 - single year of evidence, but form is another word too",idiocracy,IDIOCRACY,9,noun,1878,1878,printed date range,compound,0,,,Personal rule or government.,1,yes,http://www.oed.com/dictionary/idiocracy_n1
"2 - single year of evidence, but form is another word too",muscarium,MUSCARIUM,9,noun,1872,1872,printed date range,borrowing,0,,,A place where flies are kept.,0,yes,http://www.oed.com/dictionary/muscarium_n2
"2 - single year of evidence, but form is another word too",opodeldoc,OPODELDOC,9,verb,1797,1797,printed date range,conversion,0,,sciences/medicine,transitive. To treat with opodeldoc.,1,,http://www.oed.com/dictionary/opodeldoc_v
"2 - single year of evidence, but form is another word too",ovivorous,OVIVOROUS,9,adjective,1865,1865,printed date range,compound,0,,,Sheep-eating.,1,yes,http://www.oed.com/dictionary/ovivorous_adj2
"2 - single year of evidence, but form is another word too",prescript,PRESCRIPT,9,adjective,1883,1883,printed date range,derivative,0,,,Before the age of writing.,1,yes,http://www.oed.com/dictionary/prescript_adj2
"2 - single year of evidence, but form is another word too",reincense,REINCENSE,9,verb,1654,1654,printed date range,derivative,0,,,transitive. To offer incense before (a person)…,1,yes,http://www.oed.com/dictionary/reincense_v2
"2 - single year of evidence, but form is another word too",rubberize,RUBBERIZE,9,verb,?1820,1820,printed date range,derivative,0,,sport and leisure/games/cards/whist,intransitive. Apparently: to play a rubber or…,0,yes,http://www.oed.com/dictionary/rubberize_v1
"2 - single year of evidence, but form is another word too",step-bairn,STEPBAIRN,9,verb,1606,1606,printed date range,conversion,0,,,transitive. To treat (a person) as a stepchild…,1,,http://www.oed.com/dictionary/step-bairn_v
"2 - single year of evidence, but form is another word too",teleflash,TELEFLASH,9,verb,1904,1904,printed date range,compound,0,,technology/telecommunications/telegraphy,To transmit by wireless telegraph.,1,,http://www.oed.com/dictionary/teleflash_v
"2 - single year of evidence, but form is another word too",tollbooth,TOLLBOOTH,9,verb,a1635,1635,printed date range,conversion,0,,,To imprison in a tollbooth.,1,,http://www.oed.com/dictionary/tollbooth_v
"2 - single year of evidence, but form is another word too",toppingly,TOPPINGLY,9,adjective,1573,1573,printed date range,derivative,0,,consumables/food and cooking/cheese,Perhaps: relating to cheese or cheese-making (see…,1,yes,http://www.oed.com/dictionary/toppingly_adj1
"2 - single year of evidence, but form is another word too",breakdance,BREAKDANCE,10,adjective,1587,1587,printed date range,compound,0,,,That causes disturbance or disorder; disruptive.,2,,http://www.oed.com/dictionary/breakdance_adj
"2 - single year of evidence, but form is another word too",groundwork,GROUNDWORK,10,verb,a1557,1557,printed date range,conversion,0,,manufacturing and industry/building,"(transitive) to lay the foundations of, to found…",1,,http://www.oed.com/dictionary/groundwork_v
"2 - single year of evidence, but form is another word too",High-Church,HIGHCHURCH,10,verb,1863,1863,printed date range,conversion,0,,religion and belief/religion/Christianity/Anglican Church,transitive. To make High Church in doctrine and…,1,,http://www.oed.com/dictionary/high-church_v
"2 - single year of evidence, but form is another word too",milligrade,MILLIGRADE,10,adjective,1827,1827,printed date range,compound,0,,,Of a scale of measurement: having a thousand degrees.,1,,http://www.oed.com/dictionary/milligrade_adj
"2 - single year of evidence, but form is another word too",Observator,OBSERVATOR,10,verb,1710,1710,printed date range,proper name,0,,,transitive (in passive). To be mentioned in ‘The…,1,,http://www.oed.com/dictionary/observator_v
"2 - single year of evidence, but form is another word too",over-dubbed,OVERDUBBED,10,adjective,1650,1650,printed date range,derivative,0,,,Of a person: having had too many titles conferred…,1,yes,http://www.oed.com/dictionary/over-dubbed_adj1
"2 - single year of evidence, but form is another word too",over-leaven,OVERLEAVEN,10,adjective,1648,1648,printed date range,conversion,0,,,Having an excess of leaven.,0,,http://www.oed.com/dictionary/over-leaven_adj
"2 - single year of evidence, but form is another word too",over-living,OVERLIVING,10,noun,1817,1817,printed date range,derivative,0,,,Living in too self-indulgent a manner.,1,,http://www.oed.com/dictionary/over-living_n
"2 - single year of evidence, but form is another word too",palatinate,PALATINATE,10,verb,a1661,1661,printed date range,conversion,0,,,transitive. To make into a palatinate or county…,1,,http://www.oed.com/dictionary/palatinate_v
"2 - single year of evidence, but form is another word too",pigwidgeon,PIGWIDGEON,10,verb,1852,1852,printed date range,conversion,0,,,transitive. To make a fool of or to cheat (a…,1,,http://www.oed.com/dictionary/pigwidgeon_v
"2 - single year of evidence, but form is another word too",plagueship,PLAGUESHIP,10,noun,1628,1628,printed date range,derivative,0,humorous,,With possessive adjective: a title of mock…,1,yes,http://www.oed.com/dictionary/plagueship_n1
"2 - single year of evidence, but form is another word too",puppet-play,PUPPETPLAY,10,verb,1649,1649,printed date range,compound,0,,,transitive (in passive). To be manoeuvred into an…,1,,http://www.oed.com/dictionary/puppet-play_v
"2 - single year of evidence, but form is another word too",serving-man,SERVINGMAN,10,verb,1609,1609,printed date range,conversion,0,,,transitive (in passive). To be attended by a…,1,,http://www.oed.com/dictionary/serving-man_v
"2 - single year of evidence, but form is another word too",synaloepha,SYNALOEPHA,10,verb,1661,1661,printed date range,conversion,0,,language/linguistics/grammar,(transitive) to contract by synaloepha (in quot…,1,,http://www.oed.com/dictionary/synaloepha_v
"2 - single year of evidence, but form is another word too",wind screen,WINDSCREEN,10,noun,1757,1757,printed date range,compound,0,,,A free-standing apparatus used for winnowing…,1,yes,http://www.oed.com/dictionary/wind-screen_n2
"2 - single year of evidence, but form is another word too",equivalence,EQUIVALENCE,11,verb,1646,1646,printed date range,conversion,0,,,"transitive. To balance, serve as equipoise to.",1,,http://www.oed.com/dictionary/equivalence_v
"2 - single year of evidence, but form is another word too",father-in-law,FATHERINLAW,11,verb,1749,1749,printed date range,conversion,0,,,transitive. To call (a man) father-in-law.,1,,http://www.oed.com/dictionary/father-in-law_v
"2 - single year of evidence, but form is another word too",imposturize,IMPOSTURIZE,11,verb,1772,1772,printed date range,derivative,0,,,transitive. To mimic the postures of.,0,yes,http://www.oed.com/dictionary/imposturize_v2
"2 - single year of evidence, but form is another word too",magnificent,MAGNIFICENT,11,verb,1656,1656,printed date range,conversion,0,,,transitive. To make or proclaim great.,1,,http://www.oed.com/dictionary/magnificent_v
"2 - single year of evidence, but form is another word too",non-parallel,NONPARALLEL,11,noun,1631,1631,printed date range,variant,0,,,"= nonpareil, n.",1,,http://www.oed.com/dictionary/non-parallel_n
"2 - single year of evidence, but form is another word too",over-cunning,OVERCUNNING,11,verb,1801,1801,printed date range,conversion,0,,,transitive. To manage too cunningly.,1,,http://www.oed.com/dictionary/over-cunning_v
"2 - single year of evidence, but form is another word too",prejudicial,PREJUDICIAL,11,verb,a1637,1637,printed date range,conversion,0,,,transitive. To prejudice or harm (a person).,2,,http://www.oed.com/dictionary/prejudicial_v
"2 - single year of evidence, but form is another word too",blue-stocking,BLUESTOCKING,12,verb,1784,1784,printed date range,conversion,0,,,transitive (reflexive). To don blue stockings…,1,,http://www.oed.com/dictionary/blue-stocking_v
"2 - single year of evidence, but form is another word too",commissariat,COMMISSARIAT,12,verb,1865,1865,printed date range,conversion,0,,,intransitive. To oversee the commissariat of an army.,1,,http://www.oed.com/dictionary/commissariat_v
"2 - single year of evidence, but form is another word too",fatidicating,FATIDICATING,12,adjective,1867,1867,printed date range,derivative,0,,,Foretelling or predicting fate; prophetic.,1,,http://www.oed.com/dictionary/fatidicating_adj
"2 - single year of evidence, but form is another word too",incorporeity,INCORPOREITY,12,noun,a1774,1774,printed date range,derivative,0,,,The quality of being incorporated.,1,yes,http://www.oed.com/dictionary/incorporeity_n2
"2 - single year of evidence, but form is another word too",jack-o'-lantern,JACKOLANTERN,12,verb,1891,1891,printed date range,conversion,0,,,intransitive. To play or move erratically like a…,1,,http://www.oed.com/dictionary/jack-o-lantern_v
"2 - single year of evidence, but form is another word too",long and short,LONGANDSHORT,12,verb,a1824,1824,printed date range,compound,0,,,intransitive. To compose in elegiac meter. Cf…,1,,http://www.oed.com/dictionary/long-and-short_v
"2 - single year of evidence, but form is another word too",mouth to mouth,MOUTHTOMOUTH,12,verb,1607,1607,printed date range,compound,0,humorous,,intransitive. To speak face to face.,1,,http://www.oed.com/dictionary/mouth-to-mouth_v
"2 - single year of evidence, but form is another word too",palaeologian,PALAEOLOGIAN,12,noun,1894,1894,printed date range,compound,0,,,An antiquarian.,1,,http://www.oed.com/dictionary/palaeologian_n
"2 - single year of evidence, but form is another word too",fate-fencedness,FATEFENCEDNESS,14,noun,1827,1827,printed date range,compound,0,,,The fact or condition of being constrained or…,1,,http://www.oed.com/dictionary/fate-fencedness_n
"2 - single year of evidence, but form is another word too",philo-sophistry,PHILOSOPHISTRY,14,noun,1894,1894,printed date range,compound,0,,,Love of or inclination towards sophistry.,1,yes,http://www.oed.com/dictionary/philo-sophistry_n2
"2 - single year of evidence, but form is another word too",mustard-poultice,MUSTARDPOULTICE,15,verb,1858,1858,printed date range,conversion,0,,sciences/medicine,transitive. To treat with a mustard poultice.,1,,http://www.oed.com/dictionary/mustard-poultice_v
3 - evidence at two or more separated dates,cog,COG,3,noun,c1555-1855,1555,printed date range,conversion,0,,,The act of cogging at dice; a particular method…,8,yes,http://www.oed.com/dictionary/cog_n4
3 - evidence at two or more separated dates,ergo,ERGO,4,noun,1590-1867,1590,printed date range,conversion,0,,,The adverb ergo used as a name for itself; hence…,2,,http://www.oed.com/dictionary/ergo_n
3 - evidence at two or more separated dates,waft,WAFT,4,verb,1578-1782,1578,printed date range,variant,0,,,transitive. To wave (the hand or something held…,2,yes,http://www.oed.com/dictionary/waft_v2
3 - evidence at two or more separated dates,built,BUILT,5,noun,?1614-1846,1614,printed date range,conversion,0,,,The way in which something (esp. a ship) is…,1,,http://www.oed.com/dictionary/built_n
3 - evidence at two or more separated dates,sacre,SACRE,5,verb,?c1225-1976,1225,printed date range,borrowing,0,,religion and belief/religion/Christianity/liturgical,"transitive. To consecrate (the elements, or the…",3,yes,http://www.oed.com/dictionary/sacre_v1
3 - evidence at two or more separated dates,swarf,SWARF,5,noun,a1599-1664,1599,printed date range,variant,0,,,"= sward, n. 2.",4,yes,http://www.oed.com/dictionary/swarf_n3
3 - evidence at two or more separated dates,wyver,WYVER,5,noun,c1374-1857,1374,printed date range,borrowing,0,,"heraldry, sciences/life sciences/animals",A viper. Also figurative and in figurative context.,0,,http://www.oed.com/dictionary/wyver_n
3 - evidence at two or more separated dates,creant,CREANT,6,adjective,a1250-1833,1250,printed date range,borrowing,0,,,"In phrases to yield oneself creant, to cry (or…",1,yes,http://www.oed.com/dictionary/creant_adj1
3 - evidence at two or more separated dates,devite,DEVITE,6,verb,1549-1833,1549,printed date range,borrowing,0,,,transitive. To shun.,0,,http://www.oed.com/dictionary/devite_v
3 - evidence at two or more separated dates,flight,FLIGHT,6,adjective,1579-1797,1579,printed date range,conversion,0,,,"Swift, fleet, fast-moving.",3,,http://www.oed.com/dictionary/flight_adj
3 - evidence at two or more separated dates,honest,HONEST,6,verb,a1382-1684,1382,printed date range,borrowing,0,,,transitive. To confer honour or dignity on; to do…,1,,http://www.oed.com/dictionary/honest_v
3 - evidence at two or more separated dates,incend,INCEND,6,verb,?1504-1872,1504,printed date range,borrowing,0,,,"transitive. To kindle, set alight, set on fire…",0,,http://www.oed.com/dictionary/incend_v
3 - evidence at two or more separated dates,pedary,PEDARY,6,"noun, adjective",1537-1716,1537,printed date range,borrowing,0,,,A pardon or indulgence for a pilgrim (who had…,0,,http://www.oed.com/dictionary/pedary_n
3 - evidence at two or more separated dates,peerly,PEERLY,6,adverb,a1398-1888,1398,printed date range,derivative,0,humorous,,In the manner of an equal or compeer.,0,,http://www.oed.com/dictionary/peerly_adv
3 - evidence at two or more separated dates,piminy,PIMINY,6,"noun, adjective",1819-90,1819,printed date range,shortening,0,,,Perhaps: something expressive of affectation or vanity.,1,,http://www.oed.com/dictionary/piminy_n
3 - evidence at two or more separated dates,saddle,SADDLE,6,noun,1454-1717,1454,printed date range,variant,0,,,"A type of chair or seat; a bench, a settle…",2,yes,http://www.oed.com/dictionary/saddle_n2
3 - evidence at two or more separated dates,despect,DESPECT,7,noun,1624-1834,1624,printed date range,borrowing,0,,,A looking down upon; contempt.,0,,http://www.oed.com/dictionary/despect_n
3 - evidence at two or more separated dates,kingdom,KINGDOM,7,verb,1599-1891,1599,printed date range,conversion,0,,,transitive with it as object. To assume the…,1,,http://www.oed.com/dictionary/kingdom_v
3 - evidence at two or more separated dates,manuary,MANUARY,7,"noun, adjective",1537-1860,1537,printed date range,borrowing,0,,,An indulgence given for touching a sacred relic.,0,,http://www.oed.com/dictionary/manuary_n
3 - evidence at two or more separated dates,mobship,MOBSHIP,7,noun,1830-93,1830,printed date range,derivative,0,ironic,,ironic. With possessive adjective: a mock title…,0,,http://www.oed.com/dictionary/mobship_n
3 - evidence at two or more separated dates,opposit,OPPOSIT,7,verb,1600-1881,1600,printed date range,borrowing,0,,philosophy/logic,transitive. To oppose; to be situated opposite or…,0,,http://www.oed.com/dictionary/opposit_v
3 - evidence at two or more separated dates,playman,PLAYMAN,7,noun,Old English-1844,1000,printed date range,compound,0,,"sport and leisure/games/gambling, sport and leisure/sport/athletics",A person who practises physical exercise; an athlete.,0,,http://www.oed.com/dictionary/playman_n
3 - evidence at two or more separated dates,pot-sick,POTSICK,7,adjective,1611-1872,1611,printed date range,compound,0,,"agriculture and horticulture/horticulture, sciences/life sciences/plants","a. Drunk, intoxicated; b. (of a plant) pot-bound…",0,,http://www.oed.com/dictionary/pot-sick_adj
3 - evidence at two or more separated dates,sacrify,SACRIFY,7,verb,a1325-1827,1325,printed date range,borrowing,0,,religion and belief/religion,transitive. To offer as a sacrifice.,0,,http://www.oed.com/dictionary/sacrify_v
3 - evidence at two or more separated dates,seether,SEETHER,7,noun,1377-1700,1377,printed date range,derivative,0,,consumables/food and cooking,One who is employed in boiling.,0,,http://www.oed.com/dictionary/seether_n
3 - evidence at two or more separated dates,survene,SURVENE,7,verb,1665-1716,1665,printed date range,variant,0,,,"intransitive. = supervene, v. 1.",0,,http://www.oed.com/dictionary/survene_v
3 - evidence at two or more separated dates,worthen,WORTHEN,7,verb,1868-94,1868,printed date range,derivative,0,,,"transitive. To earn, win.",0,,http://www.oed.com/dictionary/worthen_v
3 - evidence at two or more separated dates,attorney,ATTORNEY,8,verb,a1475-1876,1475,printed date range,conversion,0,,law,transitive. To appoint (someone) as one's legal…,1,,http://www.oed.com/dictionary/attorney_v
3 - evidence at two or more separated dates,crotchet,CROTCHET,8,verb,1587-1892,1587,printed date range,conversion,0,,,transitive. To sing or play (a piece) using…,1,,http://www.oed.com/dictionary/crotchet_v
3 - evidence at two or more separated dates,digitate,DIGITATE,8,verb,1657-1859,1657,printed date range,borrowing,0,,"sciences/life sciences/animals, sciences/life sciences/plants",intransitive. To indicate or determine a direction.,1,,http://www.oed.com/dictionary/digitate_v
3 - evidence at two or more separated dates,gorbelly,GORBELLY,8,noun,1519-1888,1519,printed date range,compound,0,,,A protuberant belly. Obsolete.,0,,http://www.oed.com/dictionary/gorbelly_n
3 - evidence at two or more separated dates,gospelly,GOSPELLY,8,adverb,?1542-1869,1542,printed date range,derivative,0,,religion and belief/religion/Christianity,In accordance with the Christian gospel.,0,,http://www.oed.com/dictionary/gospelly_adv
3 - evidence at two or more separated dates,instinct,INSTINCT,8,verb,a1538-1865,1538,printed date range,borrowing,0,,,"transitive. To instigate, prompt, impel internally.",2,,http://www.oed.com/dictionary/instinct_v
3 - evidence at two or more separated dates,killbuck,KILLBUCK,8,noun,1612-1826,1612,printed date range,compound,0,,agriculture and horticulture/agriculture,A fierce-looking fellow.,0,,http://www.oed.com/dictionary/killbuck_n
3 - evidence at two or more separated dates,midnight,MIDNIGHT,8,verb,1628-1861,1628,printed date range,conversion,0,poetic and literary,,transitive. To afflict or overwhelm with darkness.,1,,http://www.oed.com/dictionary/midnight_v
3 - evidence at two or more separated dates,overtrow,OVERTROW,8,noun,Old English-1891,1000,printed date range,derivative,0,,,Overconfidence.,0,,http://www.oed.com/dictionary/overtrow_n
3 - evidence at two or more separated dates,pantiler,PANTILER,8,noun,1825-89,1825,printed date range,derivative,0,"derogatory, historical",religion and belief/religion,derogatory. A member of a Nonconformist…,0,,http://www.oed.com/dictionary/pantiler_n
3 - evidence at two or more separated dates,parsonet,PARSONET,8,noun,1812-77,1812,printed date range,derivative,0,humorous,religion and belief/religion,A parson's child.,0,,http://www.oed.com/dictionary/parsonet_n
3 - evidence at two or more separated dates,positive,POSITIVE,8,verb,1656-1894,1656,printed date range,conversion,0,,technology/photography,"transitive. To affirm positively, assert.",0,,http://www.oed.com/dictionary/positive_v
3 - evidence at two or more separated dates,sprucery,SPRUCERY,8,noun,1603-1844,1603,printed date range,derivative,0,humorous,,humorous. The notional department responsible for…,0,,http://www.oed.com/dictionary/sprucery_n
3 - evidence at two or more separated dates,standard,STANDARD,8,verb,1606-1873,1606,printed date range,conversion,0,,,transitive. Scottish. With out. To display (a…,1,,http://www.oed.com/dictionary/standard_v
3 - evidence at two or more separated dates,whip-jack,WHIPJACK,8,noun,a1556-1753,1556,printed date range,compound,0,,transport/nautical,A vagabond or beggar who pretends to be a…,0,,http://www.oed.com/dictionary/whip-jack_n
3 - evidence at two or more separated dates,Christdom,CHRISTDOM,9,noun,c1500-1843,1500,printed date range,derivative,0,,religion and belief/religion/Christianity,The parts of the world where Christianity is the…,0,,http://www.oed.com/dictionary/christdom_n
3 - evidence at two or more separated dates,field wife,FIELDWIFE,9,noun,?a1500-1617,1500,printed date range,compound,0,,law,a. A peasant woman; b. a woman who is taken from…,0,,http://www.oed.com/dictionary/field-wife_n
3 - evidence at two or more separated dates,materiate,MATERIATE,9,verb,1680-1823,1680,printed date range,borrowing,0,,,transitive. To supply or be the matter or…,1,,http://www.oed.com/dictionary/materiate_v
3 - evidence at two or more separated dates,mendicate,MENDICATE,9,verb,1618-1869,1618,printed date range,borrowing,0,,,"transitive. To beg for, ask for like a beggar; to…",0,,http://www.oed.com/dictionary/mendicate_v
3 - evidence at two or more separated dates,necessity,NECESSITY,9,verb,a1616-1827,1616,printed date range,conversion,0,,,transitive. To bring into a state of need or…,1,,http://www.oed.com/dictionary/necessity_v
3 - evidence at two or more separated dates,overboard,OVERBOARD,9,verb,1585-6,1585,printed date range,conversion,0,,,transitive. To throw overboard.,1,,http://www.oed.com/dictionary/overboard_v
3 - evidence at two or more separated dates,podometry,PODOMETRY,9,noun,1656-93,1656,printed date range,compound,0,humorous,technology/measurement,a. Measurement using the feet (rare); b. humorous…,0,,http://www.oed.com/dictionary/podometry_n
3 - evidence at two or more separated dates,start-away,STARTAWAY,9,noun,1574-1840,1574,printed date range,compound,0,poetic and literary,,"a. A deserter, a renegade; b. poetic an act of…",0,,http://www.oed.com/dictionary/start-away_n
3 - evidence at two or more separated dates,turn-penny,TURNPENNY,9,noun,1800-72,1800,printed date range,compound,0,,economics and commerce/finance,"A matter of chance or luck. Cf. turn-up, n. A.3a.",0,,http://www.oed.com/dictionary/turn-penny_n
3 - evidence at two or more separated dates,unmeasure,UNMEASURE,9,noun,a1400-1821,1400,printed date range,derivative,0,,law,Lack of measure or restraint; excess.,0,,http://www.oed.com/dictionary/unmeasure_n
3 - evidence at two or more separated dates,consultive,CONSULTIVE,10,adjective,1620-1823,1620,printed date range,borrowing,0,,,Having the function of counselling or consulting…,0,,http://www.oed.com/dictionary/consultive_adj
3 - evidence at two or more separated dates,dissonancy,DISSONANCY,10,noun,1584-1748,1584,printed date range,borrowing,0,,arts/performing arts/music,"= dissonance, n. 1.",0,,http://www.oed.com/dictionary/dissonancy_n
3 - evidence at two or more separated dates,enclitical,ENCLITICAL,10,adjective,1612-1773,1612,printed date range,borrowing,0,,language/linguistics/phonetics,"= enclitic, adj.",0,,http://www.oed.com/dictionary/enclitical_adj
3 - evidence at two or more separated dates,hithercome,HITHERCOME,10,noun,Old English-1863,1000,printed date range,compound,0,,religion and belief/religion/Christianity,The action of coming hither; arrival.,0,,http://www.oed.com/dictionary/hithercome_n
3 - evidence at two or more separated dates,inchastity,INCHASTITY,10,noun,1590-1972,1590,printed date range,derivative,0,,,Want of chastity; unchastity.,0,,http://www.oed.com/dictionary/inchastity_n
3 - evidence at two or more separated dates,miraculize,MIRACULIZE,10,verb,1709-1892,1709,printed date range,borrowing,0,,religion and belief/belief systems and practices/occult,transitive. To make miraculous; to consider or…,0,,http://www.oed.com/dictionary/miraculize_v
3 - evidence at two or more separated dates,mischanced,MISCHANCED,10,adjective,1488-1875,1488,printed date range,derivative,0,,,"Unlucky, unfortunate, ill-fated.",0,,http://www.oed.com/dictionary/mischanced_adj
3 - evidence at two or more separated dates,molendinar,MOLENDINAR,10,"adjective, noun",1820-28,1820,printed date range,borrowing,0,humorous,sciences/medicine/anatomy,Of or relating to a mill or miller.,0,,http://www.oed.com/dictionary/molendinar_adj
3 - evidence at two or more separated dates,mystery-man,MYSTERYMAN,10,noun,1626-71,1626,printed date range,compound,0,,,Perhaps: a collector of trade inventions…,1,yes,http://www.oed.com/dictionary/mystery-man_n1
3 - evidence at two or more separated dates,orthograph,ORTHOGRAPH,10,noun,1835-75,1835,printed date range,compound,0,,arts/decorative arts/handwriting and calligraphy,"A person's handwriting, a ‘hand’.",0,,http://www.oed.com/dictionary/orthograph_n
3 - evidence at two or more separated dates,saturnized,SATURNIZED,10,adjective,1616-1846,1616,printed date range,derivative,0,,sciences/physical sciences,Astrology. Under the supposed influence of…,0,,http://www.oed.com/dictionary/saturnized_adj
3 - evidence at two or more separated dates,sergeantry,SERGEANTRY,10,noun,c1400-1840,1400,printed date range,borrowing,0,,law,"= sergeanty, n. 1.",0,,http://www.oed.com/dictionary/sergeantry_n
3 - evidence at two or more separated dates,discruciate,DISCRUCIATE,11,verb,1596-1834,1596,printed date range,borrowing,0,,,"transitive. To torment, torture.",0,,http://www.oed.com/dictionary/discruciate_v
3 - evidence at two or more separated dates,disoccident,DISOCCIDENT,11,verb,1672-3,1672,printed date range,derivative,0,,,transitive. To throw out of his or her reckoning…,0,,http://www.oed.com/dictionary/disoccident_v
3 - evidence at two or more separated dates,metallician,METALLICIAN,11,noun,1861-90,1861,printed date range,derivative,0,colloquial and slang,"manufacturing and industry/building/masonry, sport and leisure/games/gambling/betting, sport and leisure/horses and riding/horse racing",Horse Racing slang. A bookmaker (see quot. 1874).,0,,http://www.oed.com/dictionary/metallician_n
3 - evidence at two or more separated dates,metropolize,METROPOLIZE,11,verb,a1658-1815,1658,printed date range,derivative,0,,,transitive. Perhaps: to concentrate in one place.,0,,http://www.oed.com/dictionary/metropolize_v
3 - evidence at two or more separated dates,molendinary,MOLENDINARY,11,"adjective, noun",1820-77,1820,printed date range,borrowing,0,,,"Of, belonging to, or relating to a mill.",0,,http://www.oed.com/dictionary/molendinary_adj
3 - evidence at two or more separated dates,state-statue,STATESTATUE,11,noun,1623-1799,1623,printed date range,compound,0,,,A mere image of a statesman.,0,,http://www.oed.com/dictionary/state-statue_n
3 - evidence at two or more separated dates,Whiggissimi,WHIGGISSIMI,11,noun,1725-1832,1725,printed date range,derivative,0,"disparaging, humorous",politics/British politics,Whigs whose commitment to Whig principles is…,0,,http://www.oed.com/dictionary/whiggissimi_n
3 - evidence at two or more separated dates,butteraceous,BUTTERACEOUS,12,adjective,?1795-1898,1795,printed date range,derivative,0,,,Of the nature or consistency of butter; buttery.,0,,http://www.oed.com/dictionary/butteraceous_adj
3 - evidence at two or more separated dates,fashionative,FASHIONATIVE,12,adjective,1584-1693,1584,printed date range,derivative,0,,,Concerned only with outward appearance; superficial.,0,,http://www.oed.com/dictionary/fashionative_adj
3 - evidence at two or more separated dates,maintenantly,MAINTENANTLY,12,adverb,1528-77,1528,printed date range,derivative,0,,,"= maintenant, adv.",0,,http://www.oed.com/dictionary/maintenantly_adv
3 - evidence at two or more separated dates,milk-and-water,MILKANDWATER,12,verb,1831-39,1831,printed date range,conversion,0,,,"transitive. With down. To weaken, to water down…",1,,http://www.oed.com/dictionary/milk-and-water_v
3 - evidence at two or more separated dates,nasoductility,NASODUCTILITY,13,noun,1817-25,1817,printed date range,compound,0,,,Capacity for being led by the nose.,0,,http://www.oed.com/dictionary/nasoductility_n
3 - evidence at two or more separated dates,plumification,PLUMIFICATION,13,noun,1819-41,1819,printed date range,borrowing,0,,sciences/life sciences/animals/birds,The fact or process of being tarred and feathered…,0,,http://www.oed.com/dictionary/plumification_n
3 - evidence at two or more separated dates,processionade,PROCESSIONADE,13,noun,1745-1809,1745,printed date range,derivative,0,,arts,An epic of a procession.,0,,http://www.oed.com/dictionary/processionade_n
3 - evidence at two or more separated dates,margaritiferous,MARGARITIFEROUS,15,adjective,1656-1887,1656,printed date range,borrowing,0,,sciences/life sciences/animals/invertebrates/shells and shellfish,Of a bivalve mollusc: that yields pearls. Of a…,0,,http://www.oed.com/dictionary/margaritiferous_adj
3 - evidence at two or more separated dates,platoon swearing,PLATOONSWEARING,15,noun,1793-1883,1793,printed date range,compound,0,,,The utterance of a rapid succession of oaths or…,0,,http://www.oed.com/dictionary/platoon-swearing_n
3 - evidence at two or more separated dates,telelectrograph,TELELECTROGRAPH,15,noun,1857-1911,1857,printed date range,,0,,technology/telecommunications/telegraphy,a. (an alternative name proposed for) a…,0,,http://www.oed.com/dictionary/telelectrograph_n
"4 - unresolved: not marked obsolete, last-quotation year hidden",by,BY,2,"preposition, adverb, conjunction, interjection",Old English-,1000,printed date range,inherited,8,,,Indicating the agent after a… With nouns denoting…,4,,http://www.oed.com/dictionary/by_prep
"4 - unresolved: not marked obsolete, last-quotation year hidden",do,DO,2,verb,Old English-,1000,printed date range,inherited,8,,,transitive. As periphrastic… In interrogative…,3,,http://www.oed.com/dictionary/do_v
"4 - unresolved: not marked obsolete, last-quotation year hidden",so,SO,2,"adverb, conjunction, adjective",Old English-,1000,printed date range,inherited,8,,,With forward reference: in this way; thus; as follows.,1,,http://www.oed.com/dictionary/so_adv
"4 - unresolved: not marked obsolete, last-quotation year hidden",up,UP,2,noun,1536-,1536,printed date range,conversion,5,colloquial and slang,,A rise in life; a spell of prosperity; a success…,0,,http://www.oed.com/dictionary/up_n
"4 - unresolved: not marked obsolete, last-quotation year hidden",vo,VO,2,noun,1847-,1847,printed date range,shortening,5,,,A size of book.,1,,http://www.oed.com/dictionary/vo_n
"4 - unresolved: not marked obsolete, last-quotation year hidden",ass,ASS,3,verb,1593-,1593,printed date range,conversion,4,,,intransitive. to ass around (or about): to fool…,2,,http://www.oed.com/dictionary/ass_v
"4 - unresolved: not marked obsolete, last-quotation year hidden",bed,BED,3,verb,Old English-,1000,printed date range,inherited,5,,,transitive. To provide (a person) with a place to…,2,,http://www.oed.com/dictionary/bed_v
"4 - unresolved: not marked obsolete, last-quotation year hidden",bus,BUS,3,noun,1832-,1832,printed date range,shortening,6,,,A large public vehicle carrying passengers by…,0,yes,http://www.oed.com/dictionary/bus_n1
"4 - unresolved: not marked obsolete, last-quotation year hidden",dog,DOG,3,noun,Old English-,1000,printed date range,unknown,6,,,"A domesticated carnivorous mammal, Canis…",3,yes,http://www.oed.com/dictionary/dog_n1
"4 - unresolved: not marked obsolete, last-quotation year hidden",dog,DOG,3,verb,1519-,1519,printed date range,conversion,5,,,transitive. To follow like a dog on the heels of…,3,yes,http://www.oed.com/dictionary/dog_v1
"4 - unresolved: not marked obsolete, last-quotation year hidden",fad,FAD,3,verb,1847-,1847,printed date range,unknown,4,,,intransitive. dialect. (See quots.),2,,http://www.oed.com/dictionary/fad_v
"4 - unresolved: not marked obsolete, last-quotation year hidden",fin,FIN,3,verb,1508-,1508,printed date range,conversion,4,,"sciences/life sciences/animals/fish, sport and leisure/sport/swimming/diving","intransitive. To swim, as a fish; hence used of…",2,,http://www.oed.com/dictionary/fin_v
"4 - unresolved: not marked obsolete, last-quotation year hidden",fob,FOB,3,noun,a1652-,1652,printed date range,unknown,4,,crafts and trades/costume,A small pocket formerly made in the waistband of…,8,yes,http://www.oed.com/dictionary/fob_n2
"4 - unresolved: not marked obsolete, last-quotation year hidden",how,HOW,3,"adverb, interjection, noun",Old English-,1000,printed date range,inherited,7,,,In what way or manner; by what means. In direct…,5,,http://www.oed.com/dictionary/how_adv
"4 - unresolved: not marked obsolete, last-quotation year hidden",imp,IMP,3,verb,Old English-,1000,printed date range,inherited,3,,"sciences/life sciences/animals/birds, sport and leisure/hunting, fishing, and shooting/hawking and falconry",Falconry. To engraft feathers in… To imp a wing…,2,,http://www.oed.com/dictionary/imp_v
"4 - unresolved: not marked obsolete, last-quotation year hidden",ish,ISH,3,verb,1898-,1898,printed date range,imitative,4,,,intransitive. To make the sound ish! or sh! as in…,5,yes,http://www.oed.com/dictionary/ish_v2
"4 - unresolved: not marked obsolete, last-quotation year hidden",joy,JOY,3,verb,c1260-,1260,printed date range,borrowing,4,,,intransitive. To feel or manifest joy; to be…,1,,http://www.oed.com/dictionary/joy_v
"4 - unresolved: not marked obsolete, last-quotation year hidden",man,MAN,3,verb,late Old English-,9999,printed date range,conversion,5,,transport/nautical,transitive. Originally Military and Nautical. To…,2,,http://www.oed.com/dictionary/man_v
"4 - unresolved: not marked obsolete, last-quotation year hidden",mem,MEM,3,verb,1915-,1915,printed date range,conversion,4,,,transitive. To note or write down as a memorandum.,2,,http://www.oed.com/dictionary/mem_v
"4 - unresolved: not marked obsolete, last-quotation year hidden",mob,MOB,3,verb,1696-,1696,printed date range,conversion,4,,,"transitive. To attack or surround in, or as in, a…",3,yes,http://www.oed.com/dictionary/mob_v2
"4 - unresolved: not marked obsolete, last-quotation year hidden",mow,MOW,3,verb,c1425-,1425,printed date range,conversion,3,,crafts and trades/hairdressing,"intransitive. To make a face, to grimace…",7,yes,http://www.oed.com/dictionary/mow_v3
"4 - unresolved: not marked obsolete, last-quotation year hidden",mph,MPH,3,noun,1909-,1909,printed date range,initialism,0,,,Miles per hour; (also as v. intransitive) to travel.,1,,http://www.oed.com/dictionary/mph_n
"4 - unresolved: not marked obsolete, last-quotation year hidden",owl,OWL,3,verb,1656-,1656,printed date range,conversion,3,,sciences/life sciences/animals/birds,intransitive. U.S. regional. To imitate the…,1,,http://www.oed.com/dictionary/owl_v
"4 - unresolved: not marked obsolete, last-quotation year hidden",ray,RAY,3,noun,c1400-,1400,printed date range,borrowing,6,,sciences,A single line or narrow beam of light; each of…,6,yes,http://www.oed.com/dictionary/ray_n5
"4 - unresolved: not marked obsolete, last-quotation year hidden",red,RED,3,"adjective, noun",Old English-,1000,printed date range,inherited,6,,,"Designating the colour of blood, a ruby, a ripe…",3,,http://www.oed.com/dictionary/red_adj
"4 - unresolved: not marked obsolete, last-quotation year hidden",row,ROW,3,verb,1789-,1789,printed date range,conversion,4,colloquial and slang,,"intransitive. To make a row, commotion, or…",11,yes,http://www.oed.com/dictionary/row_v6
"4 - unresolved: not marked obsolete, last-quotation year hidden",row,ROW,3,verb,Old English-,1000,printed date range,inherited,5,,sport and leisure/sport/water sports/rowing,transitive. To propel (a boat or other vessel) by…,11,yes,http://www.oed.com/dictionary/row_v1
"4 - unresolved: not marked obsolete, last-quotation year hidden",sea,SEA,3,verb,1839-,1839,printed date range,conversion,2,,,intransitive. To go along as a part of the sea.,1,,http://www.oed.com/dictionary/sea_v
"4 - unresolved: not marked obsolete, last-quotation year hidden",see,SEE,3,verb,Old English-,1000,printed date range,inherited,8,,,To perceive with the eyes (a… transitive. With…,2,,http://www.oed.com/dictionary/see_v
"4 - unresolved: not marked obsolete, last-quotation year hidden",set,SET,3,verb,Old English-,1000,printed date range,inherited,7,,,"To put or place, cause to be, lie, rest, or…",7,yes,http://www.oed.com/dictionary/set_v1
"4 - unresolved: not marked obsolete, last-quotation year hidden",sew,SEW,3,verb,Old English-,1000,printed date range,inherited,5,,crafts and trades/textiles/needlework,"transitive. To fasten, attach, or join (pieces of…",3,yes,http://www.oed.com/dictionary/sew_v1
"4 - unresolved: not marked obsolete, last-quotation year hidden",sic,SIC,3,verb,1889-,1889,printed date range,conversion,3,,,To mark with a ‘sic’.,2,,http://www.oed.com/dictionary/sic_v
"4 - unresolved: not marked obsolete, last-quotation year hidden",van,VAN,3,verb,1839-,1839,printed date range,conversion,3,,sport and leisure/horses and riding/horse racing,transitive. To convey or transport (something…,7,yes,http://www.oed.com/dictionary/van_v2
"4 - unresolved: not marked obsolete, last-quotation year hidden",wax,WAX,3,noun,Old English-,1000,printed date range,inherited,5,,,A substance (also distinctively called beeswax…,6,yes,http://www.oed.com/dictionary/wax_n1
"4 - unresolved: not marked obsolete, last-quotation year hidden",yah,YAH,3,verb,1904-,1904,printed date range,conversion,2,,,(intransitive) to shout ‘yah!’,3,,http://www.oed.com/dictionary/yah_v
"4 - unresolved: not marked obsolete, last-quotation year hidden",arse,ARSE,4,verb,1664-,1664,printed date range,conversion,3,colloquial and slang,,to arse about. intransitive. To turn around so…,1,,http://www.oed.com/dictionary/arse_v
"4 - unresolved: not marked obsolete, last-quotation year hidden",bass,BASS,4,verb,a1616-,1616,printed date range,conversion,3,,,To utter or proclaim with bass voice or sound.,5,yes,http://www.oed.com/dictionary/bass_v2
"4 - unresolved: not marked obsolete, last-quotation year hidden",bias,BIAS,4,"noun, adjective, adverb",1530-,1530,printed date range,borrowing,6,,,Tendency to favour or dislike a person or thing…,1,,http://www.oed.com/dictionary/bias_n
"4 - unresolved: not marked obsolete, last-quotation year hidden",boxy,BOXY,4,adjective,1558-,1558,printed date range,derivative,4,,,Resembling a box in shape; comparable to a box…,0,yes,http://www.oed.com/dictionary/boxy_adj2
"4 - unresolved: not marked obsolete, last-quotation year hidden",buff,BUFF,4,verb,1608-,1608,printed date range,shortening,3,,,In phrase to buff it. To play blind man's buff…,7,yes,http://www.oed.com/dictionary/buff_v5
"4 - unresolved: not marked obsolete, last-quotation year hidden",burl,BURL,4,verb,1483-,1483,printed date range,conversion,3,,crafts and trades/textiles,"transitive. To dress (cloth), esp. by removing…",0,yes,http://www.oed.com/dictionary/burl_v1
"4 - unresolved: not marked obsolete, last-quotation year hidden",bush,BUSH,4,"noun, adjective",?c1250-,1250,printed date range,inherited,6,,,A perennial woody plant that is smaller than a…,0,yes,http://www.oed.com/dictionary/bush_n1
"4 - unresolved: not marked obsolete, last-quotation year hidden",chip,CHIP,4,noun,a1393-,1393,printed date range,conversion,6,,,A small piece or fragment of any relatively hard…,6,yes,http://www.oed.com/dictionary/chip_n2
"4 - unresolved: not marked obsolete, last-quotation year hidden",clog,CLOG,4,verb,a1398-,1398,printed date range,conversion,5,,,transitive. To fill (something) up with anything…,1,,http://www.oed.com/dictionary/clog_v
"4 - unresolved: not marked obsolete, last-quotation year hidden",coax,COAX,4,noun,1829-,1829,printed date range,conversion,3,colloquial and slang,,colloquial. One who coaxes.,2,yes,http://www.oed.com/dictionary/coax_n1
"4 - unresolved: not marked obsolete, last-quotation year hidden",derb,DERB,4,adjective,1825-,1825,printed date range,borrowing,2,,sciences/physical sciences/earth sciences/minerals,"Rough, uncrystallized, massive.",0,,http://www.oed.com/dictionary/derb_adj
"4 - unresolved: not marked obsolete, last-quotation year hidden",desk,DESK,4,noun,1363-,1363,printed date range,borrowing,6,,,A piece of furniture with a surface used for…,0,,http://www.oed.com/dictionary/desk_n
"4 - unresolved: not marked obsolete, last-quotation year hidden",dote,DOTE,4,noun,a1275-,1275,printed date range,conversion,3,,,"A foolish, incompetent, or slow-witted person.",2,yes,http://www.oed.com/dictionary/dote_n1
"4 - unresolved: not marked obsolete, last-quotation year hidden",dove,DOVE,4,verb,1864-,1864,printed date range,conversion,3,,,transitive. To treat as a dove; to call ‘dove’.,1,,http://www.oed.com/dictionary/dove_v
"4 - unresolved: not marked obsolete, last-quotation year hidden",edge,EDGE,4,noun,Old English-,1000,printed date range,inherited,6,,,The line which forms the boundary of any object…,2,,http://www.oed.com/dictionary/edge_n
"4 - unresolved: not marked obsolete, last-quotation year hidden",fame,FAME,4,verb,1303-,1303,printed date range,borrowing,5,,,"To report (a person or thing) as, for, to be (so…",1,yes,http://www.oed.com/dictionary/fame_v1
"4 - unresolved: not marked obsolete, last-quotation year hidden",fiff,FIFF,4,verb,1886-,1886,printed date range,imitative,2,,,To play on the Pandean pipes. (In quot. 1886…,0,,http://www.oed.com/dictionary/fiff_v
"4 - unresolved: not marked obsolete, last-quotation year hidden",flim,FLIM,4,noun,1825-,1825,printed date range,shortening,3,,,"= flam, n.¹ A.3.",1,yes,http://www.oed.com/dictionary/flim_n1
"4 - unresolved: not marked obsolete, last-quotation year hidden",foam,FOAM,4,verb,Old English-,1000,printed date range,inherited,5,,,"Of water or other liquid: To froth, gather foam…",1,,http://www.oed.com/dictionary/foam_v
"4 - unresolved: not marked obsolete, last-quotation year hidden",font,FONT,4,noun,Old English-,1000,printed date range,borrowing,5,,religion and belief/religion/Christianity,Christian Church. A receptacle in a church for…,1,yes,http://www.oed.com/dictionary/font_n1
"4 - unresolved: not marked obsolete, last-quotation year hidden",fork,FORK,4,noun,Old English-,1000,printed date range,borrowing,5,,,"An instrument with two, three, or four prongs…",1,,http://www.oed.com/dictionary/fork_n
"4 - unresolved: not marked obsolete, last-quotation year hidden",frog,FROG,4,verb,1605-,1605,printed date range,conversion,3,colloquial and slang,,"intransitive, and transitive with it as object…",4,,http://www.oed.com/dictionary/frog_v
"4 - unresolved: not marked obsolete, last-quotation year hidden",glow,GLOW,4,verb,Old English-,1000,printed date range,inherited,5,,,To burn with bodily heat; usually with the…,2,yes,http://www.oed.com/dictionary/glow_v1
"4 - unresolved: not marked obsolete, last-quotation year hidden",glum,GLUM,4,noun,?1499-,1499,printed date range,conversion,4,,,"Glumness, sullenness.",2,,http://www.oed.com/dictionary/glum_n
"4 - unresolved: not marked obsolete, last-quotation year hidden",grin,GRIN,4,verb,Old English-,1000,printed date range,inherited,6,,sciences/medicine,intransitive. Of persons or… By way of a forced…,3,yes,http://www.oed.com/dictionary/grin_v2
"4 - unresolved: not marked obsolete, last-quotation year hidden",head,HEAD,4,verb,Old English-,1000,printed date range,conversion,6,,,transitive. To go in front or at the head of; to…,4,,http://www.oed.com/dictionary/head_v
"4 - unresolved: not marked obsolete, last-quotation year hidden",heel,HEEL,4,verb,1598-,1598,printed date range,conversion,4,,,"transitive. To provide (a stocking, shoe, etc.)…",5,yes,http://www.oed.com/dictionary/heel_v3
"4 - unresolved: not marked obsolete, last-quotation year hidden",hide,HIDE,4,noun,Old English-,1000,printed date range,inherited,4,historical,technology/measurement,"A measure of land in Old English times, continued…",4,yes,http://www.oed.com/dictionary/hide_n2
"4 - unresolved: not marked obsolete, last-quotation year hidden",hope,HOPE,4,verb,Old English-,1000,printed date range,inherited,6,,,intransitive. To entertain expectation of…,2,,http://www.oed.com/dictionary/hope_v
"4 - unresolved: not marked obsolete, last-quotation year hidden",idol,IDOL,4,noun,Old English-,1000,printed date range,borrowing,5,,,"A person who is highly revered, admired, beloved…",1,,http://www.oed.com/dictionary/idol_n
"4 - unresolved: not marked obsolete, last-quotation year hidden",I-ism,IISM,4,noun,1840-,1840,printed date range,derivative,0,,philosophy,a. Metaphysics the reference of all things to…,0,,http://www.oed.com/dictionary/i-ism_n
"4 - unresolved: not marked obsolete, last-quotation year hidden",imit,IMIT,4,noun,1885-,1885,printed date range,borrowing,3,,,Lowest point.,0,,http://www.oed.com/dictionary/imit_n
"4 - unresolved: not marked obsolete, last-quotation year hidden",inbe,INBE,4,verb,1921-,1921,printed date range,derivative,2,poetic and literary,,To be within.,0,,http://www.oed.com/dictionary/inbe_v
"4 - unresolved: not marked obsolete, last-quotation year hidden",jack,JACK,4,verb,1833-,1833,printed date range,conversion,5,,,transitive. To raise or hoist by means of a jack…,14,yes,http://www.oed.com/dictionary/jack_v2
"4 - unresolved: not marked obsolete, last-quotation year hidden",jure,JURE,4,verb,1598-,1598,printed date range,backformation,4,,law,"Used contextually with reference to juror, as if…",1,,http://www.oed.com/dictionary/jure_v
"4 - unresolved: not marked obsolete, last-quotation year hidden",keel,KEEL,4,verb,1807-,1807,printed date range,conversion,4,,,"transitive. To turn up the keel of, show the…",5,yes,http://www.oed.com/dictionary/keel_v2
"4 - unresolved: not marked obsolete, last-quotation year hidden",kick,KICK,4,verb,c1380-,1380,printed date range,unknown,6,,,intransitive. To strike out with the foot.,3,yes,http://www.oed.com/dictionary/kick_v1
"4 - unresolved: not marked obsolete, last-quotation year hidden",king,KING,4,verb,?c1425-,1425,printed date range,conversion,2,,,transitive with it as object. To act as or be a…,1,,http://www.oed.com/dictionary/king_v
"4 - unresolved: not marked obsolete, last-quotation year hidden",lame,LAME,4,"adjective, adverb",Old English-,1000,printed date range,inherited,5,,,Of a person or animal. Experiencing physical…,4,,http://www.oed.com/dictionary/lame_adj
"4 - unresolved: not marked obsolete, last-quotation year hidden",land,LAND,4,verb,a1300-,1300,printed date range,conversion,6,,transport,To bring to land; to set on shore; to disembark.,2,,http://www.oed.com/dictionary/land_v
"4 - unresolved: not marked obsolete, last-quotation year hidden",lard,LARD,4,verb,a1325-,1325,printed date range,borrowing,4,,,transitive. Cookery. To prepare (lean meat…,1,,http://www.oed.com/dictionary/lard_v
"4 - unresolved: not marked obsolete, last-quotation year hidden",life,LIFE,4,noun,Old English-,1000,printed date range,inherited,7,,,"The condition, quality, or fact of being a living…",1,,http://www.oed.com/dictionary/life_n
"4 - unresolved: not marked obsolete, last-quotation year hidden",logy,LOGY,4,noun,1856-,1856,printed date range,derivative,3,,,"= ology, n.",2,,http://www.oed.com/dictionary/logy_n
"4 - unresolved: not marked obsolete, last-quotation year hidden",mate,MATE,4,noun,c1380-,1380,printed date range,borrowing,6,,,"A companion, fellow, comrade, friend; a fellow…",4,yes,http://www.oed.com/dictionary/mate_n2
"4 - unresolved: not marked obsolete, last-quotation year hidden",milk,MILK,4,verb,Old English-,1000,printed date range,inherited,5,,,transitive. To draw milk from (a cow or other…,2,,http://www.oed.com/dictionary/milk_v
"4 - unresolved: not marked obsolete, last-quotation year hidden",miss,MISS,4,noun,Old English-,1000,printed date range,borrowing,4,,,"Disadvantage or regret caused by loss, absence…",4,yes,http://www.oed.com/dictionary/miss_n1
"4 - unresolved: not marked obsolete, last-quotation year hidden",monk,MONK,4,verb,Old English-,1000,printed date range,conversion,3,derogatory,religion and belief/religion,"intransitive, and transitive with it as object…",3,,http://www.oed.com/dictionary/monk_v
"4 - unresolved: not marked obsolete, last-quotation year hidden",moon,MOON,4,verb,1601-,1601,printed date range,conversion,4,colloquial and slang,,colloquial. intransitive. To move or behave…,3,,http://www.oed.com/dictionary/moon_v
"4 - unresolved: not marked obsolete, last-quotation year hidden",mort,MORT,4,noun,c1330-,1330,printed date range,borrowing,4,,"arts/performing arts/music, sport and leisure/hunting, fishing, and shooting/hunting","Death, slaughter. Obsolete.",5,yes,http://www.oed.com/dictionary/mort_n1
"4 - unresolved: not marked obsolete, last-quotation year hidden",piky,PIKY,4,adjective,1922-,1922,printed date range,derivative,1,,sciences/life sciences/animals/fish,Suggestive of a pike in appearance.,0,yes,http://www.oed.com/dictionary/piky_adj2
"4 - unresolved: not marked obsolete, last-quotation year hidden",pipe,PIPE,4,verb,?1578-,1578,printed date range,conversion,4,,,"transitive. To convey (water, gas, oil, etc.)…",5,yes,http://www.oed.com/dictionary/pipe_v3
"4 - unresolved: not marked obsolete, last-quotation year hidden",port,PORT,4,verb,a1625-,1625,printed date range,conversion,3,,transport/nautical,transitive. To bring (a ship or boat) to a port…,0,yes,http://www.oed.com/dictionary/port_v4
"4 - unresolved: not marked obsolete, last-quotation year hidden",pour,POUR,4,verb,c1330-,1330,printed date range,borrowing,6,,,"intransitive. To gush out, flow steadily or…",0,,http://www.oed.com/dictionary/pour_v
"4 - unresolved: not marked obsolete, last-quotation year hidden",pull,PULL,4,verb,Old English-,1000,printed date range,uncertain,6,,,transitive. To exert upon (something) a force…,2,,http://www.oed.com/dictionary/pull_v
"4 - unresolved: not marked obsolete, last-quotation year hidden",puss,PUSS,4,verb,a1953-,1953,printed date range,conversion,2,,,intransitive. To move or act like a cat; to move…,2,,http://www.oed.com/dictionary/puss_v
"4 - unresolved: not marked obsolete, last-quotation year hidden",rear,REAR,4,verb,Old English-,1000,printed date range,inherited,5,,,transitive. To bring up (a child) to maturity; to…,3,yes,http://www.oed.com/dictionary/rear_v1
"4 - unresolved: not marked obsolete, last-quotation year hidden",ritz,RITZ,4,verb,1911-,1911,printed date range,conversion,2,colloquial and slang,,transitive. To make ritzy; to glamorize. Also with up.,1,,http://www.oed.com/dictionary/ritz_v
"4 - unresolved: not marked obsolete, last-quotation year hidden",road,ROAD,4,verb,1600-,1600,printed date range,conversion,3,,,transitive. Originally New Zealand. To provide…,2,yes,http://www.oed.com/dictionary/road_v1
"4 - unresolved: not marked obsolete, last-quotation year hidden",rump,RUMP,4,noun,c1425-,1425,printed date range,borrowing,5,,,The part of an animal's body to which the tail is…,0,yes,http://www.oed.com/dictionary/rump_n1
"4 - unresolved: not marked obsolete, last-quotation year hidden",rusk,RUSK,4,verb,1754-,1754,printed date range,conversion,2,,consumables/food and cooking,transitive. To toast or crisp (bread or cake)…,0,yes,http://www.oed.com/dictionary/rusk_v2
"4 - unresolved: not marked obsolete, last-quotation year hidden",sake,SAKE,4,noun,Old English-,1000,printed date range,inherited,6,,,Out of consideration for; on account of one's…,2,yes,http://www.oed.com/dictionary/sake_n1
"4 - unresolved: not marked obsolete, last-quotation year hidden",seam,SEAM,4,noun,Old English-,1000,printed date range,inherited,5,,crafts and trades,The junction made by sewing together the edges of…,4,yes,http://www.oed.com/dictionary/seam_n1
"4 - unresolved: not marked obsolete, last-quotation year hidden",sell,SELL,4,noun,1824-,1824,printed date range,conversion,5,colloquial and slang,,Originally U.S. The action or an act of…,3,,http://www.oed.com/dictionary/sell_n
"4 - unresolved: not marked obsolete, last-quotation year hidden",shot,SHOT,4,noun,Old English-,1000,printed date range,inherited,6,,,"An act of shooting, an individual discharge of a…",4,yes,http://www.oed.com/dictionary/shot_n1
"4 - unresolved: not marked obsolete, last-quotation year hidden",sick,SICK,4,verb,Old English-,1000,printed date range,conversion,3,,sciences/medicine/pathology,intransitive. To act as a sick-nurse.,2,yes,http://www.oed.com/dictionary/sick_v1
"4 - unresolved: not marked obsolete, last-quotation year hidden",snap,SNAP,4,noun,1495-,1495,printed date range,conversion,5,,,"A quick, sharp sound or report.",4,,http://www.oed.com/dictionary/snap_n
"4 - unresolved: not marked obsolete, last-quotation year hidden",snob,SNOB,4,"noun, adjective",1737-,1737,printed date range,unknown,4,,,A person who strives to be recognized as having…,2,yes,http://www.oed.com/dictionary/snob_n1
"4 - unresolved: not marked obsolete, last-quotation year hidden",soul,SOUL,4,verb,Old English-,1000,printed date range,conversion,4,poetic and literary,religion and belief/religion,intransitive. English regional (chiefly northern…,1,,http://www.oed.com/dictionary/soul_v
"4 - unresolved: not marked obsolete, last-quotation year hidden",stab,STAB,4,verb,1487-,1487,printed date range,variant,5,,"military/weaponry, sciences/medicine",transitive. To wound (often to kill) with a…,5,,http://www.oed.com/dictionary/stab_v
"4 - unresolved: not marked obsolete, last-quotation year hidden",tang,TANG,4,verb,1556-,1556,printed date range,imitative,3,,,transitive. To strike (a bell or the like) so as…,6,yes,http://www.oed.com/dictionary/tang_v2
"4 - unresolved: not marked obsolete, last-quotation year hidden",term,TERM,4,verb,a1475-,1475,printed date range,conversion,6,,,transitive. To bring to an end or conclusion; to…,1,,http://www.oed.com/dictionary/term_v
"4 - unresolved: not marked obsolete, last-quotation year hidden",thaw,THAW,4,verb,Old English-,1000,printed date range,inherited,5,,sciences/physical sciences/earth sciences/geography/weather,"intransitive. Of ice, snow, or other substance…",1,,http://www.oed.com/dictionary/thaw_v
"4 - unresolved: not marked obsolete, last-quotation year hidden",tolt,TOLT,4,verb,1896-,1896,printed date range,conversion,1,,law/medieval law,"(transitive) to raise, lift up.",1,,http://www.oed.com/dictionary/tolt_v
"4 - unresolved: not marked obsolete, last-quotation year hidden",trap,TRAP,4,verb,1390-,1390,printed date range,conversion,6,,sport and leisure,"To catch in or as in a trap, entrap, ensnare.",0,yes,http://www.oed.com/dictionary/trap_v1
"4 - unresolved: not marked obsolete, last-quotation year hidden",tuft,TUFT,4,noun,c1405-,1405,printed date range,borrowing,5,,sciences/life sciences/plants,A bunch (natural or artificial) of small things…,1,,http://www.oed.com/dictionary/tuft_n
"4 - unresolved: not marked obsolete, last-quotation year hidden",Turk,TURK,4,noun,c1330-,1330,printed date range,borrowing,6,historical,,"Originally: a Seljuk (Seljuk, n.) or Ottoman…",1,yes,http://www.oed.com/dictionary/turk_n1
"4 - unresolved: not marked obsolete, last-quotation year hidden",type,TYPE,4,noun,?a1500-,1500,printed date range,borrowing,7,,,That by which something is symbolized or figured…,4,,http://www.oed.com/dictionary/type_n
"4 - unresolved: not marked obsolete, last-quotation year hidden",ulys,ULYS,4,noun,1912-,1912,printed date range,unknown,0,,,An imaginary mountain flower.,0,,http://www.oed.com/dictionary/ulys_n
"4 - unresolved: not marked obsolete, last-quotation year hidden",vert,VERT,4,adjective,1947-,1947,printed date range,conversion,2,poetic and literary,,Turning.,5,yes,http://www.oed.com/dictionary/vert_adj2
"4 - unresolved: not marked obsolete, last-quotation year hidden",wade,WADE,4,verb,Old English-,1000,printed date range,inherited,5,,,To walk through water or any liquid or soft…,1,,http://www.oed.com/dictionary/wade_v
"4 - unresolved: not marked obsolete, last-quotation year hidden",wane,WANE,4,verb,Old English-,1000,printed date range,inherited,5,,,Of the moon: To undergo the periodical decrease…,1,,http://www.oed.com/dictionary/wane_v
"4 - unresolved: not marked obsolete, last-quotation year hidden",want,WANT,4,verb,c1175-,1175,printed date range,borrowing,7,,,transitive. With infinitive as object. To wish or…,2,,http://www.oed.com/dictionary/want_v
"4 - unresolved: not marked obsolete, last-quotation year hidden",warp,WARP,4,noun,Old English-,1000,printed date range,inherited,5,,,"A twist or bending, esp. in wood not properly…",1,yes,http://www.oed.com/dictionary/warp_n1
"4 - unresolved: not marked obsolete, last-quotation year hidden",wart,WART,4,verb,1819-,1819,printed date range,conversion,2,,,transitive. To form a wart-like excrescence on.,1,,http://www.oed.com/dictionary/wart_v
"4 - unresolved: not marked obsolete, last-quotation year hidden",weed,WEED,4,verb,Old English-,1000,printed date range,inherited,5,,agriculture and horticulture/agriculture,"transitive. To clear (land, a crop, etc.) of…",3,,http://www.oed.com/dictionary/weed_v
"4 - unresolved: not marked obsolete, last-quotation year hidden",Whig,WHIG,4,"noun, adjective",1657-,1657,printed date range,shortening,5,historical,politics/British politics,"A member, supporter, or representative of the…",3,yes,http://www.oed.com/dictionary/whig_n2
"4 - unresolved: not marked obsolete, last-quotation year hidden",whom,WHOM,4,pronoun,Old English-,1000,printed date range,inherited,7,,,As indirect object (in Old English… In direct…,0,,http://www.oed.com/dictionary/whom_pron
"4 - unresolved: not marked obsolete, last-quotation year hidden",wile,WILE,4,noun,1154-,1154,printed date range,borrowing,4,"archaic, poetic and literary",,"A crafty, cunning, or deceitful trick; a sly…",1,,http://www.oed.com/dictionary/wile_n
"4 - unresolved: not marked obsolete, last-quotation year hidden",will,WILL,4,noun,Old English-,1000,printed date range,inherited,6,,,The faculty by which a person exercises his or…,5,yes,http://www.oed.com/dictionary/will_n1
"4 - unresolved: not marked obsolete, last-quotation year hidden",wind,WIND,4,verb,Old English-,1000,printed date range,inherited,6,,,"Of a road, river, etc.: to follow… intransitive.",6,yes,http://www.oed.com/dictionary/wind_v1
"4 - unresolved: not marked obsolete, last-quotation year hidden",wine,WINE,4,verb,?1624-,1624,printed date range,conversion,4,colloquial and slang,,transitive. colloquial. To entertain (a person)…,3,yes,http://www.oed.com/dictionary/wine_v1
"4 - unresolved: not marked obsolete, last-quotation year hidden",wing,WING,4,verb,1486-,1486,printed date range,conversion,5,,,intransitive (†occasionally reflexive). To use…,1,,http://www.oed.com/dictionary/wing_v
"4 - unresolved: not marked obsolete, last-quotation year hidden",womb,WOMB,4,verb,1557-,1557,printed date range,conversion,3,poetic and literary,,transitive. To enclose as in the womb; to incubate.,1,,http://www.oed.com/dictionary/womb_v
"4 - unresolved: not marked obsolete, last-quotation year hidden",word,WORD,4,verb,Old English-,1000,printed date range,conversion,5,,,To express in or put into words… transitive. With…,1,,http://www.oed.com/dictionary/word_v
"4 - unresolved: not marked obsolete, last-quotation year hidden",yawl,YAWL,4,verb,1884-,1884,printed date range,conversion,1,,transport/nautical,transitive. To convey in a yawl.,3,yes,http://www.oed.com/dictionary/yawl_v2
"4 - unresolved: not marked obsolete, last-quotation year hidden",annex,ANNEX,5,noun,1499-,1499,printed date range,borrowing,4,,,A subsidiary building joined to or associated…,1,,http://www.oed.com/dictionary/annex_n
"4 - unresolved: not marked obsolete, last-quotation year hidden",bosom,BOSOM,5,verb,a1525-,1525,printed date range,conversion,4,,,"transitive. To take to the bosom, embrace…",1,,http://www.oed.com/dictionary/bosom_v
"4 - unresolved: not marked obsolete, last-quotation year hidden",break,BREAK,5,verb,Old English-,1000,printed date range,inherited,7,,,transitive. To separate or sever (an object) into…,1,,http://www.oed.com/dictionary/break_v
"4 - unresolved: not marked obsolete, last-quotation year hidden",cabal,CABAL,5,verb,1645-,1645,printed date range,borrowing,3,disparaging,,intransitive. To join together or meet with…,1,,http://www.oed.com/dictionary/cabal_v
"4 - unresolved: not marked obsolete, last-quotation year hidden",caged,CAGED,5,adjective,1609-,1609,printed date range,derivative,4,,,"Confined in, or as in, a cage. Also with in.",0,,http://www.oed.com/dictionary/caged_adj
"4 - unresolved: not marked obsolete, last-quotation year hidden",chair,CHAIR,5,noun,c1300-,1300,printed date range,borrowing,6,,,"A seat for one person, typically movable…",1,yes,http://www.oed.com/dictionary/chair_n1
"4 - unresolved: not marked obsolete, last-quotation year hidden",cored,CORED,5,adjective,1645-,1645,printed date range,derivative,4,,,"Having a core, esp. of a specified kind…",0,,http://www.oed.com/dictionary/cored_adj
"4 - unresolved: not marked obsolete, last-quotation year hidden",craze,CRAZE,5,noun,1534-,1534,printed date range,conversion,4,,sciences/medicine/psychology/psychiatry,"A personal obsession, compulsion, or obsessive…",1,yes,http://www.oed.com/dictionary/craze_n1
"4 - unresolved: not marked obsolete, last-quotation year hidden",cream,CREAM,5,verb,c1440-,1440,printed date range,conversion,4,,,"To work (butter and sugar, yolk of eggs and…",1,,http://www.oed.com/dictionary/cream_v
"4 - unresolved: not marked obsolete, last-quotation year hidden",cross,CROSS,5,noun,c1225-,1225,printed date range,borrowing,6,,,"Any object, figure, or mark formed by two or more…",5,,http://www.oed.com/dictionary/cross_n
"4 - unresolved: not marked obsolete, last-quotation year hidden",dashy,DASHY,5,adjective,1822-,1822,printed date range,derivative,2,colloquial and slang,,"Showy, ostentatiously fashionable, stylish; =…",0,,http://www.oed.com/dictionary/dashy_adj
"4 - unresolved: not marked obsolete, last-quotation year hidden",demic,DEMIC,5,adjective,1834-,1834,printed date range,borrowing,3,,,Belonging to or characteristic of the people.,0,,http://www.oed.com/dictionary/demic_adj
"4 - unresolved: not marked obsolete, last-quotation year hidden",dense,DENSE,5,verb,1888-,1888,printed date range,conversion,3,,,To make dense; ˈdensing n.,1,,http://www.oed.com/dictionary/dense_v
"4 - unresolved: not marked obsolete, last-quotation year hidden",enact,ENACT,5,verb,1430-,1430,printed date range,derivative,6,,law,Of a legislative authority: To make into an act…,0,,http://www.oed.com/dictionary/enact_v
"4 - unresolved: not marked obsolete, last-quotation year hidden",essay,ESSAY,5,noun,1597-,1597,printed date range,borrowing,6,,,A composition of moderate length on any…,1,,http://www.oed.com/dictionary/essay_n
"4 - unresolved: not marked obsolete, last-quotation year hidden",evade,EVADE,5,verb,a1522-,1522,printed date range,borrowing,5,,,"transitive. To escape or avoid (attack, pursuit…",0,,http://www.oed.com/dictionary/evade_v
"4 - unresolved: not marked obsolete, last-quotation year hidden",exalt,EXALT,5,verb,?a1400-,1400,printed date range,borrowing,5,,,"In various figurative or… To praise, extol…",1,,http://www.oed.com/dictionary/exalt_v
"4 - unresolved: not marked obsolete, last-quotation year hidden",faint,FAINT,5,verb,a1375-,1375,printed date range,conversion,5,,,To fall into a swoon. Also with away.,2,,http://www.oed.com/dictionary/faint_v
"4 - unresolved: not marked obsolete, last-quotation year hidden",farcy,FARCY,5,verb,1830-,1830,printed date range,borrowing,1,,,transitive. To stuff.,1,,http://www.oed.com/dictionary/farcy_v
"4 - unresolved: not marked obsolete, last-quotation year hidden",fetch,FETCH,5,noun,a1547-,1547,printed date range,conversion,4,,,Nautical. (See quots.) More generally: the…,3,yes,http://www.oed.com/dictionary/fetch_n1
"4 - unresolved: not marked obsolete, last-quotation year hidden",finny,FINNY,5,adjective,1590-,1590,printed date range,derivative,3,,sciences/life sciences/animals/fish,Provided with or having fins; finned.,0,,http://www.oed.com/dictionary/finny_adj
"4 - unresolved: not marked obsolete, last-quotation year hidden",first,FIRST,5,verb,1607-,1607,printed date range,conversion,3,,,"transitive. To propose (a resolution), to be the…",2,,http://www.oed.com/dictionary/first_v
"4 - unresolved: not marked obsolete, last-quotation year hidden",flake,FLAKE,5,verb,1513-,1513,printed date range,conversion,5,,,To break or rub away or off in flakes; to take…,6,yes,http://www.oed.com/dictionary/flake_v1
"4 - unresolved: not marked obsolete, last-quotation year hidden",fleer,FLEER,5,noun,a1616-,1616,printed date range,conversion,2,,,"A mocking look or speech; a sneer, a gibe…",2,yes,http://www.oed.com/dictionary/fleer_n2
"4 - unresolved: not marked obsolete, last-quotation year hidden",float,FLOAT,5,verb,Old English-,1000,printed date range,inherited,6,,,To rest on the surface of any liquid; to be…,1,,http://www.oed.com/dictionary/float_v
"4 - unresolved: not marked obsolete, last-quotation year hidden",flock,FLOCK,5,verb,c1275-,1275,printed date range,conversion,5,,,intransitive (rarely †reflexive). To gather in a…,3,yes,http://www.oed.com/dictionary/flock_v1
"4 - unresolved: not marked obsolete, last-quotation year hidden",fosse,FOSSE,5,noun,Old English-,1000,printed date range,borrowing,4,historical,,"Usually with capital initial. = Fosse Way, n. In…",0,yes,http://www.oed.com/dictionary/fosse_n1
"4 - unresolved: not marked obsolete, last-quotation year hidden",frond,FROND,5,verb,1866-,1866,printed date range,conversion,3,,,intransitive. To wave with fronds.,2,,http://www.oed.com/dictionary/frond_v
"4 - unresolved: not marked obsolete, last-quotation year hidden",fuzzy,FUZZY,5,noun,1825-,1825,printed date range,conversion,4,"colloquial and slang, derogatory, offensive",,Now usually derogatory and offensive when used of…,1,,http://www.oed.com/dictionary/fuzzy_n
"4 - unresolved: not marked obsolete, last-quotation year hidden",gazee,GAZEE,5,noun,1853-,1853,printed date range,derivative,1,,,One who is stared at.,0,,http://www.oed.com/dictionary/gazee_n
"4 - unresolved: not marked obsolete, last-quotation year hidden",glass,GLASS,5,verb,1540-,1540,printed date range,conversion,4,,,"To protect by a covering of glass, to enclose or…",1,,http://www.oed.com/dictionary/glass_v
"4 - unresolved: not marked obsolete, last-quotation year hidden",glory,GLORY,5,noun,c1340-,1340,printed date range,borrowing,6,,,"objectively. Exalted (and, in modern use…",1,,http://www.oed.com/dictionary/glory_n
"4 - unresolved: not marked obsolete, last-quotation year hidden",gorge,GORGE,5,noun,c1390-,1390,printed date range,borrowing,5,,,A narrow opening between hills; a ravine with…,2,yes,http://www.oed.com/dictionary/gorge_n1
"4 - unresolved: not marked obsolete, last-quotation year hidden",grave,GRAVE,5,verb,Old English-,1000,printed date range,inherited,4,archaic,arts/visual arts/sculpture,"To engrave (an inscription, figures, etc.) upon a…",0,yes,http://www.oed.com/dictionary/grave_v1
"4 - unresolved: not marked obsolete, last-quotation year hidden",groom,GROOM,5,verb,1781-,1781,printed date range,conversion,5,,,"transitive. Originally: to feed, water, and take…",2,,http://www.oed.com/dictionary/groom_v
"4 - unresolved: not marked obsolete, last-quotation year hidden",gruel,GRUEL,5,verb,1804-,1804,printed date range,conversion,4,,,To feed with gruel.,1,,http://www.oed.com/dictionary/gruel_v
"4 - unresolved: not marked obsolete, last-quotation year hidden",gular,GULAR,5,adjective,1828-,1828,printed date range,derivative,3,,sciences/life sciences/animals/invertebrates/insects,"Of, pertaining to, or situated upon the gula.",0,,http://www.oed.com/dictionary/gular_adj
"4 - unresolved: not marked obsolete, last-quotation year hidden",hardy,HARDY,5,verb,c1225-,1225,printed date range,conversion,2,,,transitive. To make hardy or robust; (also) to…,2,,http://www.oed.com/dictionary/hardy_v
"4 - unresolved: not marked obsolete, last-quotation year hidden",hawky,HAWKY,5,adjective,a1871-,1871,printed date range,derivative,1,,,Characterized by hawking.,1,yes,http://www.oed.com/dictionary/hawky_adj2
"4 - unresolved: not marked obsolete, last-quotation year hidden",hayey,HAYEY,5,adjective,1611-,1611,printed date range,derivative,1,,,Of the nature of or resembling hay.,0,,http://www.oed.com/dictionary/hayey_adj
"4 - unresolved: not marked obsolete, last-quotation year hidden",heady,HEADY,5,adjective,a1382-,1382,printed date range,derivative,5,,,"Originally: (of drink) intoxicating, potent…",0,,http://www.oed.com/dictionary/heady_adj
"4 - unresolved: not marked obsolete, last-quotation year hidden",heave,HEAVE,5,noun,a1571-,1571,printed date range,conversion,4,,,"An act of heaving, in various senses; a lift; an…",1,,http://www.oed.com/dictionary/heave_n
"4 - unresolved: not marked obsolete, last-quotation year hidden",ingle,INGLE,5,noun,1592-,1592,printed date range,conversion,3,historical,,"A lover, a sexual partner; esp. a boy or young…",2,yes,http://www.oed.com/dictionary/ingle_n2
"4 - unresolved: not marked obsolete, last-quotation year hidden",inlaw,INLAW,5,noun,1880-,1880,printed date range,derivative,4,,,(See quot. 1880.),4,yes,http://www.oed.com/dictionary/inlaw_n2
"4 - unresolved: not marked obsolete, last-quotation year hidden",inner,INNER,5,"adjective, noun",Old English-,1000,printed date range,inherited,6,,,"Situated more within; more or… literal, of…",1,,http://www.oed.com/dictionary/inner_adj
"4 - unresolved: not marked obsolete, last-quotation year hidden",inrag,INRAG,5,verb,1856-,1856,printed date range,derivative,0,,,transitive. To embody in the form of rags.,0,,http://www.oed.com/dictionary/inrag_v
"4 - unresolved: not marked obsolete, last-quotation year hidden",iotal,IOTAL,5,adjective,1810-,1810,printed date range,derivative,2,,,Existing with respect to every iota; absolute in…,0,,http://www.oed.com/dictionary/iotal_adj
"4 - unresolved: not marked obsolete, last-quotation year hidden",jelly,JELLY,5,adjective,1906-,1906,printed date range,derivative,2,colloquial and slang,,Jealous.,4,yes,http://www.oed.com/dictionary/jelly_adj2
"4 - unresolved: not marked obsolete, last-quotation year hidden",jingo,JINGO,5,"interjection, noun, adjective",1663-,1663,printed date range,arbitrary,3,,military,colloquial. by jingo: used to emphasize an…,1,,http://www.oed.com/dictionary/jingo_int
"4 - unresolved: not marked obsolete, last-quotation year hidden",kaily,KAILY,5,adjective,a1605-,1605,printed date range,derivative,1,,,Having the characteristics of the ‘kailyard…,0,,http://www.oed.com/dictionary/kaily_adj
"4 - unresolved: not marked obsolete, last-quotation year hidden",kudos,KUDOS,5,verb,1799-,1799,printed date range,conversion,2,colloquial and slang/university slang,education/university,"To praise, laud, glorify.",1,,http://www.oed.com/dictionary/kudos_v
"4 - unresolved: not marked obsolete, last-quotation year hidden",laney,LANEY,5,adjective,1876-,1876,printed date range,derivative,2,,,Of or pertaining to a lane.,0,,http://www.oed.com/dictionary/laney_adj
"4 - unresolved: not marked obsolete, last-quotation year hidden",lapse,LAPSE,5,verb,a1616-,1616,printed date range,borrowing,5,,,"Law. Of a benefice, an estate, a right, etc.: To…",1,,http://www.oed.com/dictionary/lapse_v
"4 - unresolved: not marked obsolete, last-quotation year hidden",lefty,LEFTY,5,"adjective, noun",1886-,1886,printed date range,derivative,4,colloquial and slang,politics,Characterized by or relating to views to the left…,0,,http://www.oed.com/dictionary/lefty_adj
"4 - unresolved: not marked obsolete, last-quotation year hidden",lispy,LISPY,5,adjective,1873-,1873,printed date range,derivative,2,,,Characterized by a lisp; inclined to lisp.,0,,http://www.oed.com/dictionary/lispy_adj
"4 - unresolved: not marked obsolete, last-quotation year hidden",lusty,LUSTY,5,adjective,a1225-,1225,printed date range,derivative,4,archaic,,Full of healthy vigour. Of persons and animals…,0,,http://www.oed.com/dictionary/lusty_adj
"4 - unresolved: not marked obsolete, last-quotation year hidden",lynch,LYNCH,5,verb,1835-,1835,printed date range,proper name,5,,,transitive. To inflict extralegal summary…,2,,http://www.oed.com/dictionary/lynch_v
"4 - unresolved: not marked obsolete, last-quotation year hidden",meist,MEIST,5,noun,1737-,1737,printed date range,derivative,4,,,An egotist.,0,,http://www.oed.com/dictionary/meist_n
"4 - unresolved: not marked obsolete, last-quotation year hidden",milch,MILCH,5,adjective,c1300-,1300,printed date range,uncertain,4,,,"Of an animal, originally and… Bred or kept to…",2,,http://www.oed.com/dictionary/milch_adj
"4 - unresolved: not marked obsolete, last-quotation year hidden",minus,MINUS,5,verb,1801-,1801,printed date range,conversion,3,colloquial and slang,sciences/mathematics,"transitive. colloquial. To subtract, remove…",1,,http://www.oed.com/dictionary/minus_v
"4 - unresolved: not marked obsolete, last-quotation year hidden",mount,MOUNT,5,verb,c1300-,1300,printed date range,borrowing,6,,,"transitive. To raise in honour, estimation…",2,,http://www.oed.com/dictionary/mount_v
"4 - unresolved: not marked obsolete, last-quotation year hidden",mouth,MOUTH,5,verb,a1400-,1400,printed date range,conversion,5,,,"transitive. To articulate (a word, etc.) silently…",1,,http://www.oed.com/dictionary/mouth_v
"4 - unresolved: not marked obsolete, last-quotation year hidden",neddy,NEDDY,5,noun,1545-,1545,printed date range,proper name,2,colloquial and slang,,A donkey; an ass.,2,yes,http://www.oed.com/dictionary/neddy_n1
"4 - unresolved: not marked obsolete, last-quotation year hidden",nefie,NEFIE,5,noun,1951-,1951,printed date range,borrowing,1,,,"As a form of address: = neef, n.",0,,http://www.oed.com/dictionary/nefie_n
"4 - unresolved: not marked obsolete, last-quotation year hidden",panic,PANIC,5,"adjective, noun",a1586-,1586,printed date range,borrowing,6,,,"Of the nature of, resulting from, or exhibiting a…",2,,http://www.oed.com/dictionary/panic_adj
"4 - unresolved: not marked obsolete, last-quotation year hidden",pants,PANTS,5,verb,1936-,1936,printed date range,conversion,3,colloquial and slang,crafts and trades/costume,transitive. To pull down or remove the trousers…,1,,http://www.oed.com/dictionary/pants_v
"4 - unresolved: not marked obsolete, last-quotation year hidden",parle,PARLE,5,noun,1552-,1552,printed date range,conversion,4,"archaic, historical",,A debate or conference; discussion; negotiation…,1,,http://www.oed.com/dictionary/parle_n
"4 - unresolved: not marked obsolete, last-quotation year hidden",plasm,PLASM,5,noun,1620-,1620,printed date range,borrowing,4,,sciences/life sciences/cell biology,"Biology. Protoplasm; cytoplasm; = plasma, n. 5.",1,,http://www.oed.com/dictionary/plasm_n
"4 - unresolved: not marked obsolete, last-quotation year hidden",poker,POKER,5,verb,1774-,1774,printed date range,conversion,3,,,"transitive. To take a poker to; to poke, stir, or…",0,,http://www.oed.com/dictionary/poker_v
"4 - unresolved: not marked obsolete, last-quotation year hidden",pound,POUND,5,noun,Old English-,1000,printed date range,inherited,6,,economics and commerce,A unit of weight and mass originally derived from…,0,yes,http://www.oed.com/dictionary/pound_n1
"4 - unresolved: not marked obsolete, last-quotation year hidden",raily,RAILY,5,adjective,1858-,1858,printed date range,derivative,2,,transport/railways,"Railway-like (in quot. after of the earth, earthy…",0,,http://www.oed.com/dictionary/raily_adj
"4 - unresolved: not marked obsolete, last-quotation year hidden",randy,RANDY,5,verb,1961-,1961,printed date range,conversion,1,,,transitive. To make (a person) lustful.,3,yes,http://www.oed.com/dictionary/randy_v3
"4 - unresolved: not marked obsolete, last-quotation year hidden",range,RANGE,5,verb,c1450-,1450,printed date range,borrowing,6,,,intransitive. To vary within certain limits; to…,4,yes,http://www.oed.com/dictionary/range_v1
"4 - unresolved: not marked obsolete, last-quotation year hidden",rivet,RIVET,5,verb,a1450-,1450,printed date range,conversion,5,,,To secure or fasten with or as… transitive…,2,,http://www.oed.com/dictionary/rivet_v
"4 - unresolved: not marked obsolete, last-quotation year hidden",screw,SCREW,5,verb,?1597-,1597,printed date range,conversion,5,,,transitive. To attach or fix with an inserted…,2,,http://www.oed.com/dictionary/screw_v
"4 - unresolved: not marked obsolete, last-quotation year hidden",sedge,SEDGE,5,noun,Old English-,1000,printed date range,inherited,4,,,A name for various coarse grassy… As the name of…,1,yes,http://www.oed.com/dictionary/sedge_n1
"4 - unresolved: not marked obsolete, last-quotation year hidden",shade,SHADE,5,noun,Old English-,1000,printed date range,variant,6,,,Cover afforded by the interposition of some…,2,,http://www.oed.com/dictionary/shade_n
"4 - unresolved: not marked obsolete, last-quotation year hidden",shade,SHADE,5,verb,1393-,1393,printed date range,conversion,5,,,"transitive. To screen from light or heat, to…",2,yes,http://www.oed.com/dictionary/shade_v1
"4 - unresolved: not marked obsolete, last-quotation year hidden",shady,SHADY,5,adjective,1579-,1579,printed date range,derivative,5,,,"Shaded, protected by shade.",0,,http://www.oed.com/dictionary/shady_adj
"4 - unresolved: not marked obsolete, last-quotation year hidden",share,SHARE,5,verb,1570-,1570,printed date range,conversion,6,,,transitive. To have a part or portion of…,3,yes,http://www.oed.com/dictionary/share_v2
"4 - unresolved: not marked obsolete, last-quotation year hidden",shove,SHOVE,5,verb,Old English-,1000,printed date range,inherited,5,,,transitive. To push (a person) with one's body or…,3,yes,http://www.oed.com/dictionary/shove_v1
"4 - unresolved: not marked obsolete, last-quotation year hidden",skunk,SKUNK,5,noun,1634-,1634,printed date range,borrowing,4,colloquial and slang,,"A weasel-like mammal of North America, Mephitis…",1,,http://www.oed.com/dictionary/skunk_n
"4 - unresolved: not marked obsolete, last-quotation year hidden",snaky,SNAKY,5,adjective,1567-,1567,printed date range,derivative,3,,,Formed or composed of snakes.,0,,http://www.oed.com/dictionary/snaky_adj
"4 - unresolved: not marked obsolete, last-quotation year hidden",stagy,STAGY,5,adjective,1596-,1596,printed date range,derivative,3,,arts/performing arts/theatre,Characteristic or reminiscent of theatrical…,0,,http://www.oed.com/dictionary/stagy_adj
"4 - unresolved: not marked obsolete, last-quotation year hidden",stand,STAND,5,noun,Old English-,1000,printed date range,conversion,6,,,A base or elevated surface on which something…,2,yes,http://www.oed.com/dictionary/stand_n1
"4 - unresolved: not marked obsolete, last-quotation year hidden",state,STATE,5,verb,a1590-,1590,printed date range,conversion,7,,,To express in speech or writing… transitive. With…,1,,http://www.oed.com/dictionary/state_v
"4 - unresolved: not marked obsolete, last-quotation year hidden",steal,STEAL,5,verb,Old English-,1000,printed date range,inherited,6,,,transitive. To take away dishonestly (portable…,3,yes,http://www.oed.com/dictionary/steal_v1
"4 - unresolved: not marked obsolete, last-quotation year hidden",sting,STING,5,verb,Old English-,1000,printed date range,inherited,5,,sciences/medicine,"‘To pierce or wound with a point darted out, as…",3,yes,http://www.oed.com/dictionary/sting_v1
"4 - unresolved: not marked obsolete, last-quotation year hidden",stone,STONE,5,verb,c1175-,1175,printed date range,conversion,5,,,"transitive. To throw stones at, pelt with stones…",1,,http://www.oed.com/dictionary/stone_v
"4 - unresolved: not marked obsolete, last-quotation year hidden",stump,STUMP,5,verb,c1250-,1250,printed date range,conversion,4,,,(Originally U.S.) To cause to be at a loss; to…,5,yes,http://www.oed.com/dictionary/stump_v1
"4 - unresolved: not marked obsolete, last-quotation year hidden",surly,SURLY,5,adjective,1566-,1566,printed date range,variant,4,,,Churlishly ill-humoured; rude and cross…,0,,http://www.oed.com/dictionary/surly_adj
"4 - unresolved: not marked obsolete, last-quotation year hidden",sward,SWARD,5,noun,Old English-,1000,printed date range,inherited,4,,,Without qualification: = 2b.,1,,http://www.oed.com/dictionary/sward_n
"4 - unresolved: not marked obsolete, last-quotation year hidden",sword,SWORD,5,verb,a1640-,1640,printed date range,conversion,4,,"military/weaponry, sciences/medicine","To strike, slash, or kill with a sword. Also…",1,,http://www.oed.com/dictionary/sword_v
"4 - unresolved: not marked obsolete, last-quotation year hidden",teaey,TEAEY,5,adjective,1890-,1890,printed date range,derivative,0,,,Having the characteristic properties of tea.,0,,http://www.oed.com/dictionary/teaey_adj
"4 - unresolved: not marked obsolete, last-quotation year hidden",title,TITLE,5,verb,Old English-,1000,printed date range,borrowing,5,,,"transitive. To give a title to (a book, poem…",1,,http://www.oed.com/dictionary/title_v
"4 - unresolved: not marked obsolete, last-quotation year hidden",torey,TOREY,5,adjective,1893-,1893,printed date range,derivative,1,,agriculture and horticulture/agriculture,Of the nature of or consisting of ‘tore’ or…,0,,http://www.oed.com/dictionary/torey_adj
"4 - unresolved: not marked obsolete, last-quotation year hidden",trail,TRAIL,5,verb,1303-,1303,printed date range,inherited,5,,,To draw behind one; to drag along upon the ground…,0,yes,http://www.oed.com/dictionary/trail_v1
"4 - unresolved: not marked obsolete, last-quotation year hidden",trunk,TRUNK,5,verb,1608-,1608,printed date range,conversion,3,,manufacturing and industry/mining,To cover or enclose as with a casing; see quots.,0,yes,http://www.oed.com/dictionary/trunk_v2
"4 - unresolved: not marked obsolete, last-quotation year hidden",truth,TRUTH,5,verb,?c1250-,1250,printed date range,conversion,3,,,intransitive. U.S. colloquial and regional. To…,0,,http://www.oed.com/dictionary/truth_v
"4 - unresolved: not marked obsolete, last-quotation year hidden",vicar,VICAR,5,noun,a1300-,1300,printed date range,borrowing,5,,religion and belief/religion/Christianity,Originally: a person ministering to a parish in…,0,,http://www.oed.com/dictionary/vicar_n
"4 - unresolved: not marked obsolete, last-quotation year hidden",wafty,WAFTY,5,adjective,1611-,1611,printed date range,derivative,2,,,Of the wind: That wafts a perfume.,0,,http://www.oed.com/dictionary/wafty_adj
"4 - unresolved: not marked obsolete, last-quotation year hidden",watch,WATCH,5,noun,Old English-,1000,printed date range,inherited,6,,,"A timepiece, usually portable and worn on the…",1,,http://www.oed.com/dictionary/watch_n
"4 - unresolved: not marked obsolete, last-quotation year hidden",waxen,WAXEN,5,adjective,Old English-,1000,printed date range,derivative,4,,,transferred and figurative. As if… With reference…,0,yes,http://www.oed.com/dictionary/waxen_adj1
"4 - unresolved: not marked obsolete, last-quotation year hidden",which,WHICH,5,"adjective, pronoun",Old English-,1000,printed date range,inherited,8,,,"In predicative use: of what kind, quality, or…",0,,http://www.oed.com/dictionary/which_adj
"4 - unresolved: not marked obsolete, last-quotation year hidden",whist,WHIST,5,adjective,a1500-,1500,printed date range,conversion,3,archaic,,"Silent, quiet, still, hushed; making no sound…",7,yes,http://www.oed.com/dictionary/whist_adj1
"4 - unresolved: not marked obsolete, last-quotation year hidden",whoop,WHOOP,5,verb,c1390-,1390,printed date range,borrowing,4,,,intransitive. To utter a ‘whoop!’ or a cry or…,3,,http://www.oed.com/dictionary/whoop_v
"4 - unresolved: not marked obsolete, last-quotation year hidden",woofy,WOOFY,5,adjective,1960-,1960,printed date range,derivative,1,,,? Talkative.,2,yes,http://www.oed.com/dictionary/woofy_adj3
"4 - unresolved: not marked obsolete, last-quotation year hidden",age-ago,AGEAGO,6,adjective,1923-,1923,printed date range,compound,0,,,That happened (or seemed to happen) an age ago…,0,,http://www.oed.com/dictionary/age-ago_adj
"4 - unresolved: not marked obsolete, last-quotation year hidden",age-new,AGENEW,6,adjective,1938-,1938,printed date range,compound,0,poetic and literary,,"existing in the current age, recent.",0,,http://www.oed.com/dictionary/age-new_adj
"4 - unresolved: not marked obsolete, last-quotation year hidden",aleing,ALEING,6,noun,c1736-,1736,printed date range,derivative,1,historical,,English regional (south-eastern). A social…,0,,http://www.oed.com/dictionary/aleing_n
"4 - unresolved: not marked obsolete, last-quotation year hidden",bearer,BEARER,6,noun,Old English-,1000,printed date range,derivative,5,,,"A person who, or animal which, carries, brings…",0,,http://www.oed.com/dictionary/bearer_n
"4 - unresolved: not marked obsolete, last-quotation year hidden",beseek,BESEEK,6,verb,1880-,1880,printed date range,derivative,1,,,transitive. To seek or search about.,0,,http://www.oed.com/dictionary/beseek_v
"4 - unresolved: not marked obsolete, last-quotation year hidden",betail,BETAIL,6,verb,1860-,1860,printed date range,derivative,2,,,transitive. To deprive of the tail.,0,,http://www.oed.com/dictionary/betail_v
"4 - unresolved: not marked obsolete, last-quotation year hidden",bethel,BETHEL,6,verb,a1734-,1734,printed date range,proper name,1,,,(See quot. 1734.),1,,http://www.oed.com/dictionary/bethel_v
"4 - unresolved: not marked obsolete, last-quotation year hidden",birder,BIRDER,6,noun,1308-,1308,printed date range,derivative,4,,"sciences/life sciences/animals, sport and leisure/hunting, fishing, and shooting/hunting",Originally U.S. A birdwatcher.,0,,http://www.oed.com/dictionary/birder_n
"4 - unresolved: not marked obsolete, last-quotation year hidden",bolero,BOLERO,6,verb,1834-,1834,printed date range,conversion,2,,,To dance a bolero.,1,,http://www.oed.com/dictionary/bolero_v
"4 - unresolved: not marked obsolete, last-quotation year hidden",boster,BOSTER,6,noun,1866-,1866,printed date range,variant,0,,,"An excellent, impressive, or remarkable person…",0,,http://www.oed.com/dictionary/boster_n
"4 - unresolved: not marked obsolete, last-quotation year hidden",boxing,BOXING,6,noun,?c1425-,1425,printed date range,derivative,5,,,"The action or process of box, v.² (in various…",2,yes,http://www.oed.com/dictionary/boxing_n1
"4 - unresolved: not marked obsolete, last-quotation year hidden",breath,BREATH,6,noun,Old English-,1000,printed date range,inherited,6,,sciences,The air inhaled into and exhaled from the lungs…,0,,http://www.oed.com/dictionary/breath_n
"4 - unresolved: not marked obsolete, last-quotation year hidden",bullet,BULLET,6,verb,1884-,1884,printed date range,conversion,4,,,transitive. To shoot with a bullet.,1,,http://www.oed.com/dictionary/bullet_v
"4 - unresolved: not marked obsolete, last-quotation year hidden",candle,CANDLE,6,verb,1676-,1676,printed date range,conversion,3,,,To test by allowing the light of a candle to…,1,,http://www.oed.com/dictionary/candle_v
"4 - unresolved: not marked obsolete, last-quotation year hidden",capkin,CAPKIN,6,noun,1844-,1844,printed date range,derivative,0,,crafts and trades/costume/hats,A little cap.,0,,http://www.oed.com/dictionary/capkin_n
"4 - unresolved: not marked obsolete, last-quotation year hidden",capric,CAPRIC,6,adjective,1836-,1836,printed date range,borrowing,3,,sciences/physical sciences/chemistry,Of or belonging to a goat.,0,,http://www.oed.com/dictionary/capric_adj
"4 - unresolved: not marked obsolete, last-quotation year hidden",casein,CASEIN,6,noun,1823-,1823,printed date range,borrowing,5,,sciences/physical sciences/chemistry/organic chemistry,Biochemistry. Any of a group of closely related…,0,,http://www.oed.com/dictionary/casein_n
"4 - unresolved: not marked obsolete, last-quotation year hidden",causal,CAUSAL,6,"noun, adjective",a1398-,1398,printed date range,borrowing,6,,,Of the nature of cause and effect.,1,,http://www.oed.com/dictionary/causal_n
"4 - unresolved: not marked obsolete, last-quotation year hidden",chapel,CHAPEL,6,noun,c1225-,1225,printed date range,borrowing,5,historical,religion and belief/religion,Originally: any place for Christian worship other…,3,,http://www.oed.com/dictionary/chapel_n
"4 - unresolved: not marked obsolete, last-quotation year hidden",chasee,CHASEE,6,noun,1886-,1886,printed date range,derivative,2,,,One who is chased.,0,,http://www.oed.com/dictionary/chasee_n
"4 - unresolved: not marked obsolete, last-quotation year hidden",chaser,CHASER,6,noun,a1300-,1300,printed date range,borrowing,4,,,One who pursues (esp. with hostile intent).,2,yes,http://www.oed.com/dictionary/chaser_n1
"4 - unresolved: not marked obsolete, last-quotation year hidden",checky,CHECKY,6,"adjective, noun",1443-,1443,printed date range,borrowing,2,,heraldry,Somewhat colloquial. In general use: checked…,0,,http://www.oed.com/dictionary/checky_adj
"4 - unresolved: not marked obsolete, last-quotation year hidden",climed,CLIMED,6,adjective,1838-,1838,printed date range,derivative,2,,,Allotted to a (particular) clime.,0,,http://www.oed.com/dictionary/climed_adj
"4 - unresolved: not marked obsolete, last-quotation year hidden",colour,COLOUR,6,verb,a1325-,1325,printed date range,borrowing,6,,,transitive. To impart colour to; to impregnate…,1,,http://www.oed.com/dictionary/colour_v
"4 - unresolved: not marked obsolete, last-quotation year hidden",column,COLUMN,6,verb,1839-,1839,printed date range,conversion,3,,,intransitive. To form or move in column.,1,,http://www.oed.com/dictionary/column_v
"4 - unresolved: not marked obsolete, last-quotation year hidden",co-peer,COPEER,6,noun,1811-,1811,printed date range,derivative,1,,,A fellow-peer.,0,,http://www.oed.com/dictionary/co-peer_n
"4 - unresolved: not marked obsolete, last-quotation year hidden",course,COURSE,6,"noun, adverb",c1300-,1300,printed date range,borrowing,7,,,"A series of lectures, lessons, or instructional…",3,yes,http://www.oed.com/dictionary/course_n1
"4 - unresolved: not marked obsolete, last-quotation year hidden",course,COURSE,6,verb,c1500-,1500,printed date range,conversion,5,,,"intransitive. Of fluid, a current, etc.: to move…",3,,http://www.oed.com/dictionary/course_v
"4 - unresolved: not marked obsolete, last-quotation year hidden",crammy,CRAMMY,6,adjective,1873-,1873,printed date range,derivative,1,,,Characterized by cramming or crowding; affording…,0,,http://www.oed.com/dictionary/crammy_adj
"4 - unresolved: not marked obsolete, last-quotation year hidden",cravat,CRAVAT,6,verb,1814-,1814,printed date range,conversion,3,,crafts and trades/costume,"transitive. To encircle (the neck, throat, etc.)…",1,,http://www.oed.com/dictionary/cravat_v
"4 - unresolved: not marked obsolete, last-quotation year hidden",cubdom,CUBDOM,6,noun,1892-,1892,printed date range,derivative,0,,,The state of being a cub.,0,,http://www.oed.com/dictionary/cubdom_n
"4 - unresolved: not marked obsolete, last-quotation year hidden",cuplet,CUPLET,6,noun,1885-,1885,printed date range,derivative,2,,,A little cup.,0,,http://www.oed.com/dictionary/cuplet_n
"4 - unresolved: not marked obsolete, last-quotation year hidden",cursee,CURSEE,6,noun,1829-,1829,printed date range,derivative,1,,,One who is cursed.,0,,http://www.oed.com/dictionary/cursee_n
"4 - unresolved: not marked obsolete, last-quotation year hidden",deject,DEJECT,6,verb,c1420-,1420,printed date range,borrowing,4,,,"To depress in spirits; to cast down, dispirit…",1,,http://www.oed.com/dictionary/deject_v
"4 - unresolved: not marked obsolete, last-quotation year hidden",devive,DEVIVE,6,verb,1869-,1869,printed date range,derivative,1,,,"transitive. To render lifeless, devitalize.",0,,http://www.oed.com/dictionary/devive_v
"4 - unresolved: not marked obsolete, last-quotation year hidden",difoil,DIFOIL,6,adjective,1860-,1860,printed date range,compound,0,,,(See quot. 1860.),0,,http://www.oed.com/dictionary/difoil_adj
"4 - unresolved: not marked obsolete, last-quotation year hidden",dinner,DINNER,6,verb,?c1570-,1570,printed date range,conversion,4,,,intransitive. To eat dinner; to dine. Also…,1,,http://www.oed.com/dictionary/dinner_v
"4 - unresolved: not marked obsolete, last-quotation year hidden",divine,DIVINE,6,verb,1362-,1362,printed date range,borrowing,5,,,To figure out or understand (something) by…,2,,http://www.oed.com/dictionary/divine_v
"4 - unresolved: not marked obsolete, last-quotation year hidden",donkey,DONKEY,6,verb,1843-,1843,printed date range,conversion,3,,sport and leisure/horses and riding,(intransitive) to ride a donkey.,1,,http://www.oed.com/dictionary/donkey_v
"4 - unresolved: not marked obsolete, last-quotation year hidden",dulian,DULIAN,6,adjective,1635-,1635,printed date range,derivative,0,,religion and belief/religion,Pertaining to dulia.,0,,http://www.oed.com/dictionary/dulian_adj
"4 - unresolved: not marked obsolete, last-quotation year hidden",dumple,DUMPLE,6,verb,1633-,1633,printed date range,backformation,2,,,To bend or compress into a dumpy shape.,0,,http://www.oed.com/dictionary/dumple_v
"4 - unresolved: not marked obsolete, last-quotation year hidden",egglet,EGGLET,6,noun,1883-,1883,printed date range,derivative,1,,,A small egg.,0,,http://www.oed.com/dictionary/egglet_n
"4 - unresolved: not marked obsolete, last-quotation year hidden",elapse,ELAPSE,6,verb,a1644-,1644,printed date range,borrowing,5,,,"intransitive. Of time, a period of time: To slip…",1,,http://www.oed.com/dictionary/elapse_v
"4 - unresolved: not marked obsolete, last-quotation year hidden",emerge,EMERGE,6,noun,1878-,1878,printed date range,conversion,4,,,A surface that has emerged.,2,,http://www.oed.com/dictionary/emerge_n
"4 - unresolved: not marked obsolete, last-quotation year hidden",engine,ENGINE,6,verb,c1300-,1300,printed date range,borrowing,4,,,transitive. To equip (a vessel) with an engine or…,1,,http://www.oed.com/dictionary/engine_v
"4 - unresolved: not marked obsolete, last-quotation year hidden",entice,ENTICE,6,verb,1297-,1297,printed date range,borrowing,5,,,"To allure, attract by the offer of pleasure or…",0,,http://www.oed.com/dictionary/entice_v
"4 - unresolved: not marked obsolete, last-quotation year hidden",errant,ERRANT,6,verb,1807-,1807,printed date range,conversion,3,,,intransitive. To travel abroad (like a knight errant).,1,,http://www.oed.com/dictionary/errant_v
"4 - unresolved: not marked obsolete, last-quotation year hidden",figure,FIGURE,6,noun,?c1225-,1225,printed date range,borrowing,7,,,A numerical character or symbol; esp. any of the…,1,,http://www.oed.com/dictionary/figure_n
"4 - unresolved: not marked obsolete, last-quotation year hidden",firkin,FIRKIN,6,verb,1570-,1570,printed date range,conversion,1,,,(transitive) to store up in firkins.,1,,http://www.oed.com/dictionary/firkin_v
"4 - unresolved: not marked obsolete, last-quotation year hidden",flatus,FLATUS,6,noun,1669-,1669,printed date range,borrowing,4,,sciences/medicine/pathology,Pathology. An accumulation or development of wind…,0,,http://www.oed.com/dictionary/flatus_n
"4 - unresolved: not marked obsolete, last-quotation year hidden",flingy,FLINGY,6,adjective,1838-,1838,printed date range,derivative,1,,,Inclined to fling or move abruptly; jerky.,0,,http://www.oed.com/dictionary/flingy_adj
"4 - unresolved: not marked obsolete, last-quotation year hidden",flip-up,FLIPUP,6,adjective,1888-,1888,printed date range,compound,3,,,Designating something which can be flipped or…,0,,http://www.oed.com/dictionary/flip-up_adj
"4 - unresolved: not marked obsolete, last-quotation year hidden",fluent,FLUENT,6,"adjective, noun",1589-,1589,printed date range,borrowing,5,,,"Of a speaker, etc.: Ready in the use of words…",0,,http://www.oed.com/dictionary/fluent_adj
"4 - unresolved: not marked obsolete, last-quotation year hidden",fontal,FONTAL,6,"adjective, noun",a1500-,1500,printed date range,borrowing,2,,,That is the source or origin of other things…,0,,http://www.oed.com/dictionary/fontal_adj
"4 - unresolved: not marked obsolete, last-quotation year hidden",forest,FOREST,6,verb,1818-,1818,printed date range,conversion,4,,agriculture and horticulture/forestry,"transitive. To plant with trees, convert into a forest.",1,,http://www.oed.com/dictionary/forest_v
"4 - unresolved: not marked obsolete, last-quotation year hidden",forked,FORKED,6,adjective,1398-,1398,printed date range,derivative,4,,,Having a fork or fork-like end; shaped like a…,0,,http://www.oed.com/dictionary/forked_adj
"4 - unresolved: not marked obsolete, last-quotation year hidden",French,FRENCH,6,verb,1639-,1639,printed date range,conversion,5,,,transitive. Cookery (now chiefly U.S.). To…,2,,http://www.oed.com/dictionary/french_v
"4 - unresolved: not marked obsolete, last-quotation year hidden",galled,GALLED,6,adjective,1604-,1604,printed date range,derivative,1,,,"Mixed with gall, made bitter.",2,yes,http://www.oed.com/dictionary/galled_adj1
"4 - unresolved: not marked obsolete, last-quotation year hidden",galley,GALLEY,6,verb,1864-,1864,printed date range,conversion,3,,,transitive. To transport in a galley.,1,,http://www.oed.com/dictionary/galley_v
"4 - unresolved: not marked obsolete, last-quotation year hidden",galosh,GALOSH,6,noun,1373-,1373,printed date range,borrowing,4,,crafts and trades/costume/shoes,In later use: An over-shoe (now usually made of…,1,,http://www.oed.com/dictionary/galosh_n
"4 - unresolved: not marked obsolete, last-quotation year hidden",garlic,GARLIC,6,verb,1830-,1830,printed date range,conversion,3,,,To dose with garlic.,1,,http://www.oed.com/dictionary/garlic_v
"4 - unresolved: not marked obsolete, last-quotation year hidden",gather,GATHER,6,verb,Old English-,1000,printed date range,inherited,6,,,"To bring (persons, or occasionally animals)…",1,,http://www.oed.com/dictionary/gather_v
"4 - unresolved: not marked obsolete, last-quotation year hidden",gimlet,GIMLET,6,verb,1828-,1828,printed date range,conversion,2,,,transitive. To pierce with or as with a gimlet.,1,,http://www.oed.com/dictionary/gimlet_v
"4 - unresolved: not marked obsolete, last-quotation year hidden",Gothic,GOTHIC,6,"adjective, noun",1611-,1611,printed date range,borrowing,5,,,"Of, pertaining to, or concerned with the Goths or…",0,,http://www.oed.com/dictionary/gothic_adj
"4 - unresolved: not marked obsolete, last-quotation year hidden",gougee,GOUGEE,6,noun,1814-,1814,printed date range,derivative,0,,,A victim of gouging.,0,,http://www.oed.com/dictionary/gougee_n
"4 - unresolved: not marked obsolete, last-quotation year hidden",gutter,GUTTER,6,verb,1387-,1387,printed date range,conversion,4,,,intransitive. Of a candle: To melt away rapidly…,0,,http://www.oed.com/dictionary/gutter_v
"4 - unresolved: not marked obsolete, last-quotation year hidden",handed,HANDED,6,adjective,Old English-,1000,printed date range,derivative,4,,,Having a hand or hands of a specified kind; esp…,0,,http://www.oed.com/dictionary/handed_adj
"4 - unresolved: not marked obsolete, last-quotation year hidden",hear-so,HEARSO,6,noun,1639-,1639,printed date range,compound,0,,,One who has heard so: one who knows by hearsay.,0,,http://www.oed.com/dictionary/hear-so_n
"4 - unresolved: not marked obsolete, last-quotation year hidden",hobnob,HOBNOB,6,"adverb, interjection, adjective",a1616-,1616,printed date range,variant,2,,,to drink hobnob and variants: to drink a toast…,3,,http://www.oed.com/dictionary/hobnob_adv
"4 - unresolved: not marked obsolete, last-quotation year hidden",hodded,HODDED,6,adjective,1812-,1812,printed date range,derivative,1,,,Bearing a hod.,0,,http://www.oed.com/dictionary/hodded_adj
"4 - unresolved: not marked obsolete, last-quotation year hidden",hornet,HORNET,6,noun,1825-,1825,printed date range,derivative,2,,,A diminutive horn.,1,yes,http://www.oed.com/dictionary/hornet_n2
"4 - unresolved: not marked obsolete, last-quotation year hidden",humble,HUMBLE,6,verb,c1380-,1380,printed date range,conversion,5,,,transitive. To render humble or meek in spirit…,2,yes,http://www.oed.com/dictionary/humble_v1
"4 - unresolved: not marked obsolete, last-quotation year hidden",hunker,HUNKER,6,noun,1864-,1864,printed date range,derivative,2,,,A cutter of hunks.,1,,http://www.oed.com/dictionary/hunker_n-a
"4 - unresolved: not marked obsolete, last-quotation year hidden",hyenic,HYENIC,6,adjective,1885-,1885,printed date range,derivative,1,,sciences/life sciences/animals,"= hyenaish, adj.",0,,http://www.oed.com/dictionary/hyenic_adj
"4 - unresolved: not marked obsolete, last-quotation year hidden",imbeam,IMBEAM,6,verb,1839-,1839,printed date range,derivative,0,,,transitive. To cast as a beam.,0,,http://www.oed.com/dictionary/imbeam_v
"4 - unresolved: not marked obsolete, last-quotation year hidden",incuba,INCUBA,6,noun,1708-,1708,printed date range,variant,2,,,"A female incubus (see incubus, n. 1).",0,,http://www.oed.com/dictionary/incuba_n
"4 - unresolved: not marked obsolete, last-quotation year hidden",insect,INSECT,6,verb,1879-,1879,printed date range,conversion,3,,"sport and leisure/hunting, fishing, and shooting/hunting",intransitive. To hunt or catch insects.,1,yes,http://www.oed.com/dictionary/insect_v2
"4 - unresolved: not marked obsolete, last-quotation year hidden",jackal,JACKAL,6,verb,1803-,1803,printed date range,conversion,3,,,intransitive. Originally: to carry out menial…,1,,http://www.oed.com/dictionary/jackal_v
"4 - unresolved: not marked obsolete, last-quotation year hidden",kitist,KITIST,6,noun,1844-,1844,printed date range,derivative,0,,,One skilled in flying kites.,0,,http://www.oed.com/dictionary/kitist_n
"4 - unresolved: not marked obsolete, last-quotation year hidden",lambly,LAMBLY,6,adjective,1868-,1868,printed date range,derivative,0,,,"Resembling (that of) a lamb, lamb-like.",0,,http://www.oed.com/dictionary/lambly_adj
"4 - unresolved: not marked obsolete, last-quotation year hidden",larked,LARKED,6,adjective,1952-,1952,printed date range,derivative,1,poetic and literary,sciences/life sciences/animals/birds,"With larks overhead, noisy with the song of larks.",0,,http://www.oed.com/dictionary/larked_adj
"4 - unresolved: not marked obsolete, last-quotation year hidden",lawnly,LAWNLY,6,adverb,1834-,1834,printed date range,derivative,1,,,After the manner of a wearer of lawn.,0,,http://www.oed.com/dictionary/lawnly_adv
"4 - unresolved: not marked obsolete, last-quotation year hidden",levity,LEVITY,6,noun,1564-,1564,printed date range,borrowing,4,,,"As a moral or mental quality, in… Want of serious…",0,yes,http://www.oed.com/dictionary/levity_n1
"4 - unresolved: not marked obsolete, last-quotation year hidden",lissom,LISSOM,6,adjective,a1800-,1800,printed date range,variant,3,,,"Supple, limber; lithesome; lithe and agile.",0,,http://www.oed.com/dictionary/lissom_adj
"4 - unresolved: not marked obsolete, last-quotation year hidden",litter,LITTER,6,verb,a1398-,1398,printed date range,conversion,5,,,"To cover as with litter, to strew with objects…",1,,http://www.oed.com/dictionary/litter_v
"4 - unresolved: not marked obsolete, last-quotation year hidden",luggee,LUGGEE,6,noun,1830-,1830,printed date range,derivative,0,,,One who is lugged or pulled.,0,,http://www.oed.com/dictionary/luggee_n
"4 - unresolved: not marked obsolete, last-quotation year hidden",magnum,MAGNUM,6,noun,1788-,1788,printed date range,shortening,4,,,"A bottle for wine, spirits, etc., twice the…",1,yes,http://www.oed.com/dictionary/magnum_n1
"4 - unresolved: not marked obsolete, last-quotation year hidden",manure,MANURE,6,verb,1416-,1416,printed date range,borrowing,4,,agriculture and horticulture/agriculture,transitive. To enrich (land) with manure; to…,1,,http://www.oed.com/dictionary/manure_v
"4 - unresolved: not marked obsolete, last-quotation year hidden",marker,MARKER,6,noun,Old English-,1000,printed date range,derivative,6,,,An object or indicator that acts as a guide to…,0,,http://www.oed.com/dictionary/marker_n
"4 - unresolved: not marked obsolete, last-quotation year hidden",matter,MATTER,6,noun,?c1225-,1225,printed date range,borrowing,7,,,"An event, circumstance, fact, question, state or…",1,yes,http://www.oed.com/dictionary/matter_n1
"4 - unresolved: not marked obsolete, last-quotation year hidden",mellah,MELLAH,6,noun,1809-,1809,printed date range,borrowing,3,,,A Jewish quarter in a Moroccan town or city. Also…,0,,http://www.oed.com/dictionary/mellah_n
"4 - unresolved: not marked obsolete, last-quotation year hidden",meninx,MENINX,6,noun,1545-,1545,printed date range,borrowing,3,,sciences/medicine/anatomy,Each of the three membranes enveloping the brain…,0,,http://www.oed.com/dictionary/meninx_n
"4 - unresolved: not marked obsolete, last-quotation year hidden",mental,MENTAL,6,"adjective, noun",?c1422-,1422,printed date range,borrowing,6,,,Of or relating to the mind.,1,yes,http://www.oed.com/dictionary/mental_adj1
"4 - unresolved: not marked obsolete, last-quotation year hidden",mingle,MINGLE,6,verb,a1475-,1475,printed date range,derivative,5,,,"transitive. To bring together, intersperse, or…",1,,http://www.oed.com/dictionary/mingle_v
"4 - unresolved: not marked obsolete, last-quotation year hidden",modish,MODISH,6,"adjective, noun",1652-,1652,printed date range,derivative,4,,,Of a person: attentive to or following the mode…,0,,http://www.oed.com/dictionary/modish_adj
"4 - unresolved: not marked obsolete, last-quotation year hidden",motted,MOTTED,6,adjective,1947-,1947,printed date range,derivative,1,,,"Probably: having a motte (motte, n.¹).",0,,http://www.oed.com/dictionary/motted_adj
"4 - unresolved: not marked obsolete, last-quotation year hidden",mulish,MULISH,6,adjective,1600-,1600,printed date range,derivative,3,,,Characteristic of a mule; resembling a mule…,0,,http://www.oed.com/dictionary/mulish_adj
"4 - unresolved: not marked obsolete, last-quotation year hidden",non-ism,NONISM,6,noun,1961-,1961,printed date range,derivative,0,,,The practice of abstaining from substances and…,0,,http://www.oed.com/dictionary/non-ism_n
"4 - unresolved: not marked obsolete, last-quotation year hidden",oblong,OBLONG,6,"adjective, noun",?a1425-,1425,printed date range,borrowing,5,,,Elongated (usually as a deviation from an exact…,0,,http://www.oed.com/dictionary/oblong_adj
"4 - unresolved: not marked obsolete, last-quotation year hidden",office,OFFICE,6,verb,c1449-,1449,printed date range,conversion,2,colloquial and slang,,intransitive. North American. To have or work in…,2,,http://www.oed.com/dictionary/office_v
"4 - unresolved: not marked obsolete, last-quotation year hidden",owling,OWLING,6,noun,1542-,1542,printed date range,derivative,2,historical,economics and commerce,U.S. regional. The action of imitating the…,0,,http://www.oed.com/dictionary/owling_n
"4 - unresolved: not marked obsolete, last-quotation year hidden",parade,PARADE,6,verb,1748-,1748,printed date range,conversion,5,,,"intransitive. Of troops, etc.: to assemble for…",2,,http://www.oed.com/dictionary/parade_v
"4 - unresolved: not marked obsolete, last-quotation year hidden",parafe,PARAFE,6,verb,1919-,1919,printed date range,variant,1,,,transitive. To sign (one's name) using one's initials.,0,,http://www.oed.com/dictionary/parafe_v
"4 - unresolved: not marked obsolete, last-quotation year hidden",paroch,PAROCH,6,noun,1900-,1900,printed date range,borrowing,2,,religion and belief/religion,A member of the clergy of a parish.,0,,http://www.oed.com/dictionary/paroch_n
"4 - unresolved: not marked obsolete, last-quotation year hidden",peeper,PEEPER,6,noun,1607-,1607,printed date range,derivative,3,colloquial and slang,,A person who peeps or peers; esp. one who pries…,1,yes,http://www.oed.com/dictionary/peeper_n2
"4 - unresolved: not marked obsolete, last-quotation year hidden",pignut,PIGNUT,6,noun,a1616-,1616,printed date range,compound,3,,sciences/life sciences/plants,"The sweetish edible tuber of Conopodium majus, a…",0,,http://www.oed.com/dictionary/pignut_n
"4 - unresolved: not marked obsolete, last-quotation year hidden",pippet,PIPPET,6,noun,1940-,1940,printed date range,derivative,1,,sport and leisure/games/cards,"A pip on a playing card. See pip, n.³ 1a.",0,,http://www.oed.com/dictionary/pippet_n
"4 - unresolved: not marked obsolete, last-quotation year hidden",pistol,PISTOL,6,verb,1598-,1598,printed date range,conversion,4,,"military/weaponry/gunnery and firearms, sciences/medicine","transitive. To shoot (a person, etc.) with a…",1,,http://www.oed.com/dictionary/pistol_v
"4 - unresolved: not marked obsolete, last-quotation year hidden",pitkin,PITKIN,6,noun,1917-,1917,printed date range,derivative,2,,,A small pit.,0,,http://www.oed.com/dictionary/pitkin_n
"4 - unresolved: not marked obsolete, last-quotation year hidden",podium,PODIUM,6,verb,1948-,1948,printed date range,conversion,2,,sport and leisure/sport,"intransitive. Sport. To finish in first, second…",0,,http://www.oed.com/dictionary/podium_v
"4 - unresolved: not marked obsolete, last-quotation year hidden",polity,POLITY,6,noun,a1538-,1538,printed date range,borrowing,5,,politics,A particular form of government or political…,0,yes,http://www.oed.com/dictionary/polity_n1
"4 - unresolved: not marked obsolete, last-quotation year hidden",pounce,POUNCE,6,noun,1367-,1367,printed date range,shortening,3,"archaic, historical","sciences/life sciences/animals/birds, sport and leisure/hunting, fishing, and shooting/hawking and falconry",A claw or talon of a bird of prey. Also…,0,yes,http://www.oed.com/dictionary/pounce_n1
"4 - unresolved: not marked obsolete, last-quotation year hidden",prance,PRANCE,6,noun,1648-,1648,printed date range,conversion,3,,,The action of prancing; an instance of this; a…,1,,http://www.oed.com/dictionary/prance_n
"4 - unresolved: not marked obsolete, last-quotation year hidden",quince,QUINCE,6,noun,1907-,1907,printed date range,variant,2,,,"= quintet, n. 2.",1,yes,http://www.oed.com/dictionary/quince_n2
"4 - unresolved: not marked obsolete, last-quotation year hidden",rarefy,RAREFY,6,verb,a1398-,1398,printed date range,borrowing,4,,,"transitive. To make (esp. air) thin, usually by…",0,,http://www.oed.com/dictionary/rarefy_v
"4 - unresolved: not marked obsolete, last-quotation year hidden",rasted,RASTED,6,adverb,1919-,1919,printed date range,variant,1,,,"Used as an intensifier: dreadfully, damnably. Cf…",0,,http://www.oed.com/dictionary/rasted_adv
"4 - unresolved: not marked obsolete, last-quotation year hidden",reason,REASON,6,verb,a1400-,1400,printed date range,borrowing,6,,,To think in a connected or logical… intransitive…,1,,http://www.oed.com/dictionary/reason_v
"4 - unresolved: not marked obsolete, last-quotation year hidden",repeat,REPEAT,6,verb,a1382-,1382,printed date range,borrowing,6,,,transitive. To say again (something which one has…,1,,http://www.oed.com/dictionary/repeat_v
"4 - unresolved: not marked obsolete, last-quotation year hidden",reskin,RESKIN,6,verb,1820-,1820,printed date range,derivative,2,,"transport/aviation, transport/motoring",transitive. In vehicle repair or design: to…,0,,http://www.oed.com/dictionary/reskin_v
"4 - unresolved: not marked obsolete, last-quotation year hidden",righty,RIGHTY,6,"noun, adverb, adjective",1906-,1906,printed date range,derivative,3,colloquial and slang,sport and leisure/sport/baseball,North American. A right-handed person; spec…,0,,http://www.oed.com/dictionary/righty_n
"4 - unresolved: not marked obsolete, last-quotation year hidden",riotry,RIOTRY,6,noun,?a1400-,1400,printed date range,derivative,1,,,"Riotousness, esp. unruly or riotous behaviour.",0,,http://www.oed.com/dictionary/riotry_n
"4 - unresolved: not marked obsolete, last-quotation year hidden",rocker,ROCKER,6,noun,a1325-,1325,printed date range,derivative,5,,,A person who performs rock music; (esp. in early…,2,yes,http://www.oed.com/dictionary/rocker_n1
"4 - unresolved: not marked obsolete, last-quotation year hidden",sacked,SACKED,6,adjective,1847-,1847,printed date range,derivative,2,,crafts and trades/costume,Wearing a sack.,2,yes,http://www.oed.com/dictionary/sacked_adj2
"4 - unresolved: not marked obsolete, last-quotation year hidden",safety,SAFETY,6,noun,c1380-,1380,printed date range,borrowing,6,,,The state of being protected from or guarded…,1,,http://www.oed.com/dictionary/safety_n
"4 - unresolved: not marked obsolete, last-quotation year hidden",sallet,SALLET,6,noun,c1440-,1440,printed date range,borrowing,3,historical,military/armour,"In medieval armour, a light globular headpiece…",0,,http://www.oed.com/dictionary/sallet_n
"4 - unresolved: not marked obsolete, last-quotation year hidden",scammy,SCAMMY,6,adjective,1968-,1968,printed date range,derivative,3,colloquial and slang,,Involving or suggestive of a swindle or scam; (of…,0,,http://www.oed.com/dictionary/scammy_adj
"4 - unresolved: not marked obsolete, last-quotation year hidden",sconce,SCONCE,6,verb,1842-,1842,printed date range,shortening,1,,,"transitive. = ensconce, v. 3b.",5,yes,http://www.oed.com/dictionary/sconce_v3
"4 - unresolved: not marked obsolete, last-quotation year hidden",screen,SCREEN,6,noun,1348-,1348,printed date range,borrowing,6,,,A movable piece of furniture consisting of an…,1,yes,http://www.oed.com/dictionary/screen_n1
"4 - unresolved: not marked obsolete, last-quotation year hidden",secede,SECEDE,6,verb,1702-,1702,printed date range,borrowing,5,,religion and belief/religion,"To withdraw formally from an alliance, an…",0,,http://www.oed.com/dictionary/secede_v
"4 - unresolved: not marked obsolete, last-quotation year hidden",see-saw,SEESAW,6,"interjection, noun, adjective",1640-,1640,printed date range,compound,4,,,A piece of play equipment consisting of a long…,1,,http://www.oed.com/dictionary/see-saw_int
"4 - unresolved: not marked obsolete, last-quotation year hidden",select,SELECT,6,verb,1567-,1567,printed date range,borrowing,6,,,transitive. To choose or pick out in preference…,1,,http://www.oed.com/dictionary/select_v
"4 - unresolved: not marked obsolete, last-quotation year hidden",selion,SELION,6,noun,c1450-,1450,printed date range,borrowing,3,historical,agriculture and horticulture/agriculture,A portion of land of indeterminate area…,0,,http://www.oed.com/dictionary/selion_n
"4 - unresolved: not marked obsolete, last-quotation year hidden",severe,SEVERE,6,adjective,1548-,1548,printed date range,borrowing,6,,,"Of pain, suffering, loss, or the like: Grievous…",0,,http://www.oed.com/dictionary/severe_adj
"4 - unresolved: not marked obsolete, last-quotation year hidden",shammy,SHAMMY,6,noun,1822-,1822,printed date range,derivative,1,,,A spurious imitation.,1,yes,http://www.oed.com/dictionary/shammy_n2
"4 - unresolved: not marked obsolete, last-quotation year hidden",shelly,SHELLY,6,noun,1613-,1613,printed date range,derivative,1,,,A shell.,1,,http://www.oed.com/dictionary/shelly_n
"4 - unresolved: not marked obsolete, last-quotation year hidden",siress,SIRESS,6,noun,1804-,1804,printed date range,derivative,2,,,A mother; a matron.,0,,http://www.oed.com/dictionary/siress_n
"4 - unresolved: not marked obsolete, last-quotation year hidden",sornee,SORNEE,6,noun,1797-,1797,printed date range,derivative,0,,,One who is sorned upon; a victim of sorning.,0,,http://www.oed.com/dictionary/sornee_n
"4 - unresolved: not marked obsolete, last-quotation year hidden",stanza,STANZA,6,verb,1796-,1796,printed date range,conversion,4,,arts/literature,transitive to write stanzas upon.,1,,http://www.oed.com/dictionary/stanza_v
"4 - unresolved: not marked obsolete, last-quotation year hidden",sticky,STICKY,6,noun,1851-,1851,printed date range,conversion,3,colloquial and slang,,A small piece of (typically yellow) notepaper…,3,,http://www.oed.com/dictionary/sticky_n
"4 - unresolved: not marked obsolete, last-quotation year hidden",stigma,STIGMA,6,noun,1596-,1596,printed date range,borrowing,5,,sciences/medicine,figurative. A mark of disgrace or infamy; a sign…,0,,http://www.oed.com/dictionary/stigma_n
"4 - unresolved: not marked obsolete, last-quotation year hidden",stride,STRIDE,6,noun,Old English-,1000,printed date range,inherited,5,,,An act of striding; a long step in walking…,1,,http://www.oed.com/dictionary/stride_n
"4 - unresolved: not marked obsolete, last-quotation year hidden",stride,STRIDE,6,verb,Old English-,1000,printed date range,inherited,5,,,To walk with long or extended steps; to stalk.,1,,http://www.oed.com/dictionary/stride_v
"4 - unresolved: not marked obsolete, last-quotation year hidden",stroke,STROKE,6,verb,1598-,1598,printed date range,conversion,4,,sport and leisure/sport,transitive. To mark with streaks or stripes…,6,yes,http://www.oed.com/dictionary/stroke_v2
"4 - unresolved: not marked obsolete, last-quotation year hidden",subtle,SUBTLE,6,verb,c1300-,1300,printed date range,borrowing,3,,,transitive. Chiefly U.S. To make more faint…,1,,http://www.oed.com/dictionary/subtle_v
"4 - unresolved: not marked obsolete, last-quotation year hidden",swimmy,SWIMMY,6,adjective,1827-,1827,printed date range,derivative,2,,sciences/medicine/pathology,Inclined to dizziness or giddiness. Also in…,0,,http://www.oed.com/dictionary/swimmy_adj
"4 - unresolved: not marked obsolete, last-quotation year hidden",symbol,SYMBOL,6,verb,1832-,1832,printed date range,conversion,3,,,"transitive. = symbolize, v.¹ II.3.",1,,http://www.oed.com/dictionary/symbol_v
"4 - unresolved: not marked obsolete, last-quotation year hidden",tariff,TARIFF,6,verb,1756-,1756,printed date range,conversion,4,,economics and commerce,transitive. To subject to a tariff-duty; to fix…,1,,http://www.oed.com/dictionary/tariff_v
"4 - unresolved: not marked obsolete, last-quotation year hidden",teaism,TEAISM,6,noun,1904-,1904,printed date range,derivative,1,,,Addiction to tea.,0,,http://www.oed.com/dictionary/teaism_n
"4 - unresolved: not marked obsolete, last-quotation year hidden",texter,TEXTER,6,noun,1682-,1682,printed date range,derivative,2,,"technology/computing, technology/telecommunications/telephony",A person who sends an electronic text message…,0,,http://www.oed.com/dictionary/texter_n
"4 - unresolved: not marked obsolete, last-quotation year hidden",theist,THEIST,6,noun,c1818-,1818,printed date range,borrowing,3,,,A person given to immoderate tea-drinking.,1,yes,http://www.oed.com/dictionary/theist_n2
"4 - unresolved: not marked obsolete, last-quotation year hidden",topazy,TOPAZY,6,adjective,1892-,1892,printed date range,derivative,1,,,Like topaz.,0,,http://www.oed.com/dictionary/topazy_adj
"4 - unresolved: not marked obsolete, last-quotation year hidden",totive,TOTIVE,6,adjective,1874-,1874,printed date range,borrowing,2,,,Denoting a whole: see quot. 1874.,0,,http://www.oed.com/dictionary/totive_adj
"4 - unresolved: not marked obsolete, last-quotation year hidden",touchy,TOUCHY,6,adjective,1602-,1602,printed date range,derivative,4,,,Highly sensitive in temper or disposition; easily…,0,,http://www.oed.com/dictionary/touchy_adj
"4 - unresolved: not marked obsolete, last-quotation year hidden",towser,TOWSER,6,verb,c1680-,1680,printed date range,conversion,1,,,(transitive) to worry as a dog does.,1,,http://www.oed.com/dictionary/towser_v
"4 - unresolved: not marked obsolete, last-quotation year hidden",toxify,TOXIFY,6,verb,1863-,1863,printed date range,derivative,3,,,transitive. figurative. To cause (something or…,0,,http://www.oed.com/dictionary/toxify_v
"4 - unresolved: not marked obsolete, last-quotation year hidden",tubber,TUBBER,6,noun,1825-,1825,printed date range,derivative,2,,,"One who makes tubs, a cooper.",1,yes,http://www.oed.com/dictionary/tubber_n1
"4 - unresolved: not marked obsolete, last-quotation year hidden",tubify,TUBIFY,6,verb,1928-,1928,printed date range,derivative,0,,,transitive. ? To give a tubular form to.,0,,http://www.oed.com/dictionary/tubify_v
"4 - unresolved: not marked obsolete, last-quotation year hidden",tuptow,TUPTOW,6,verb,1824-,1824,printed date range,borrowing,0,,,intransitive. To conjugate τύπτω; ‘grinding’ at…,0,,http://www.oed.com/dictionary/tuptow_v
"4 - unresolved: not marked obsolete, last-quotation year hidden",Turkic,TURKIC,6,"adjective, noun",1661-,1661,printed date range,borrowing,4,,,Designating a large group of closely related…,0,,http://www.oed.com/dictionary/turkic_adj
"4 - unresolved: not marked obsolete, last-quotation year hidden",turtle,TURTLE,6,verb,a1756-,1756,printed date range,conversion,3,,,intransitive. To catch or ‘fish’ for turtle.,2,yes,http://www.oed.com/dictionary/turtle_v2
"4 - unresolved: not marked obsolete, last-quotation year hidden",twinly,TWINLY,6,adjective,1796-,1796,printed date range,derivative,1,,,Characteristic of or befitting a twin (brother or…,1,,http://www.oed.com/dictionary/twinly_adj
"4 - unresolved: not marked obsolete, last-quotation year hidden",typefy,TYPEFY,6,verb,1856-,1856,printed date range,derivative,2,,crafts and trades/printing and typography,"(transitive) to put into type, to print.",0,,http://www.oed.com/dictionary/typefy_v
"4 - unresolved: not marked obsolete, last-quotation year hidden",virgin,VIRGIN,6,"noun, adjective",c1175-,1175,printed date range,borrowing,5,,,"Not yet touched or handled, or used for any…",1,,http://www.oed.com/dictionary/virgin_n
"4 - unresolved: not marked obsolete, last-quotation year hidden",virgin,VIRGIN,6,verb,a1616-,1616,printed date range,conversion,0,,,transitive with it as object. To be or behave…,1,,http://www.oed.com/dictionary/virgin_v
"4 - unresolved: not marked obsolete, last-quotation year hidden",vox pop,VOXPOP,6,noun,1735-,1735,printed date range,shortening,3,colloquial and slang,"manufacturing and industry/publishing and the book trade/journalism, technology/telecommunications/broadcasting",The voice of the people; esp. (a) the views or…,1,,http://www.oed.com/dictionary/vox-pop_n
"4 - unresolved: not marked obsolete, last-quotation year hidden",waggle,WAGGLE,6,verb,1594-,1594,printed date range,derivative,4,,,transitive. To move (anything held or fixed at…,1,,http://www.oed.com/dictionary/waggle_v
"4 - unresolved: not marked obsolete, last-quotation year hidden",wantum,WANTUM,6,noun,1938-,1938,printed date range,blend,2,,,"Deficiency or desire, considered as something…",0,,http://www.oed.com/dictionary/wantum_n
"4 - unresolved: not marked obsolete, last-quotation year hidden",wardee,WARDEE,6,noun,1938-,1938,printed date range,derivative,0,,sciences/medicine,An inmate of a hospital ward.,0,,http://www.oed.com/dictionary/wardee_n
"4 - unresolved: not marked obsolete, last-quotation year hidden",warmth,WARMTH,6,noun,c1175-,1175,printed date range,inherited,6,,,A moderately hot or pleasantly heated state of…,0,,http://www.oed.com/dictionary/warmth_n
"4 - unresolved: not marked obsolete, last-quotation year hidden",wen-man,WENMAN,6,noun,1937-,1937,printed date range,compound,0,,,A city-dweller.,0,,http://www.oed.com/dictionary/wen-man_n
"4 - unresolved: not marked obsolete, last-quotation year hidden",we-ship,WESHIP,6,noun,1673-,1673,printed date range,derivative,0,,,"his we-ship, a mock title applied to a writer who…",0,,http://www.oed.com/dictionary/we-ship_n
"4 - unresolved: not marked obsolete, last-quotation year hidden",whence,WHENCE,6,"adverb, conjunction",a1300-,1300,printed date range,derivative,5,,,From what place? In a direct question.,0,,http://www.oed.com/dictionary/whence_adv
"4 - unresolved: not marked obsolete, last-quotation year hidden",whisty,WHISTY,6,adjective,1884-,1884,printed date range,derivative,0,,sport and leisure/games/cards/whist,Very fond of whist.,0,,http://www.oed.com/dictionary/whisty_adj
"4 - unresolved: not marked obsolete, last-quotation year hidden",wigdom,WIGDOM,6,noun,1886-,1886,printed date range,derivative,1,,law,Judges or lawyers as a body.,0,,http://www.oed.com/dictionary/wigdom_n
"4 - unresolved: not marked obsolete, last-quotation year hidden",wigful,WIGFUL,6,noun,1836-,1836,printed date range,derivative,0,,technology/measurement,As much as fills a wig.,0,,http://www.oed.com/dictionary/wigful_n
"4 - unresolved: not marked obsolete, last-quotation year hidden",wit-ess,WITESS,6,noun,1781-,1781,printed date range,derivative,0,,,A female wit.,0,,http://www.oed.com/dictionary/wit-ess_n
"4 - unresolved: not marked obsolete, last-quotation year hidden",wonder,WONDER,6,verb,Old English-,1000,printed date range,inherited,6,,,Usually with clause: To ask oneself in…,2,,http://www.oed.com/dictionary/wonder_v
"4 - unresolved: not marked obsolete, last-quotation year hidden",airline,AIRLINE,7,noun,1813-,1813,printed date range,compound,5,,transport/aviation,An air transport service; a regular succession of…,0,,http://www.oed.com/dictionary/airline_n
"4 - unresolved: not marked obsolete, last-quotation year hidden",avicide,AVICIDE,7,noun,1834-,1834,printed date range,borrowing,2,,"sport and leisure/hunting, fishing, and shooting/shooting","The slaughter of birds, bird-shooting.",0,,http://www.oed.com/dictionary/avicide_n
"4 - unresolved: not marked obsolete, last-quotation year hidden",bee wine,BEEWINE,7,noun,1775-,1775,printed date range,compound,0,historical,"consumables/drink, sciences/life sciences/microbiology/bacteria",An alcoholic beverage made using a culture of…,0,,http://www.oed.com/dictionary/bee-wine_n
"4 - unresolved: not marked obsolete, last-quotation year hidden",biasing,BIASING,7,noun,1645-,1645,printed date range,derivative,3,,,The action or fact of exerting an influence on a…,1,,http://www.oed.com/dictionary/biasing_n
"4 - unresolved: not marked obsolete, last-quotation year hidden",blue bag,BLUEBAG,7,noun,1788-,1788,printed date range,compound,3,,law,A barrister's (originally a solicitor's) brief…,0,,http://www.oed.com/dictionary/blue-bag_n
"4 - unresolved: not marked obsolete, last-quotation year hidden",boozify,BOOZIFY,7,verb,1824-,1824,printed date range,derivative,0,,,"intransitive. To take part in a boozing party, to…",0,,http://www.oed.com/dictionary/boozify_v
"4 - unresolved: not marked obsolete, last-quotation year hidden",bounced,BOUNCED,7,adjective,1653-,1653,printed date range,derivative,0,,sciences/medicine,That has bounced or been bounced (in various…,0,,http://www.oed.com/dictionary/bounced_adj
"4 - unresolved: not marked obsolete, last-quotation year hidden",box head,BOXHEAD,7,noun,1760-,1760,printed date range,compound,2,,crafts and trades/printing and typography,Originally Printing. An indented heading in a…,0,,http://www.oed.com/dictionary/box-head_n
"4 - unresolved: not marked obsolete, last-quotation year hidden",brinker,BRINKER,7,noun,1871-,1871,printed date range,derivative,1,,,One living on the brink or border.,0,,http://www.oed.com/dictionary/brinker_n
"4 - unresolved: not marked obsolete, last-quotation year hidden",buckery,BUCKERY,7,noun,1804-,1804,printed date range,derivative,0,,,"Bucks or swells, collectively or as a class.",0,,http://www.oed.com/dictionary/buckery_n
"4 - unresolved: not marked obsolete, last-quotation year hidden",buffoon,BUFFOON,7,noun,c1550-,1550,printed date range,borrowing,4,,arts,A person who acts or behaves like a jester or…,1,,http://www.oed.com/dictionary/buffoon_n
"4 - unresolved: not marked obsolete, last-quotation year hidden",bulbous,BULBOUS,7,adjective,1578-,1578,printed date range,derivative,4,,sciences/life sciences/plants,Shaped like a bulb; rounded or spherical in…,0,,http://www.oed.com/dictionary/bulbous_adj
"4 - unresolved: not marked obsolete, last-quotation year hidden",caliver,CALIVER,7,verb,1863-,1863,printed date range,conversion,2,,,transitive. To shoot with a caliver.,1,,http://www.oed.com/dictionary/caliver_v
"4 - unresolved: not marked obsolete, last-quotation year hidden",calvish,CALVISH,7,adjective,1570-,1570,printed date range,derivative,1,,,"Resembling a calf, calf-like; doltish, stupid.",0,,http://www.oed.com/dictionary/calvish_adj
"4 - unresolved: not marked obsolete, last-quotation year hidden",cantata,CANTATA,7,noun,1724-,1724,printed date range,borrowing,4,,arts/performing arts/music,"Originally, a narrative in verse set to…",0,,http://www.oed.com/dictionary/cantata_n
"4 - unresolved: not marked obsolete, last-quotation year hidden",cantity,CANTITY,7,noun,1850-,1850,printed date range,derivative,1,,,Canting quality; cant.,0,,http://www.oed.com/dictionary/cantity_n
"4 - unresolved: not marked obsolete, last-quotation year hidden",cascade,CASCADE,7,verb,1702-,1702,printed date range,conversion,5,,,intransitive. To fall or pour in a cascade.,1,,http://www.oed.com/dictionary/cascade_v
"4 - unresolved: not marked obsolete, last-quotation year hidden",catarrh,CATARRH,7,verb,1822-,1822,printed date range,conversion,2,,,To remove or take by catarrh.,1,,http://www.oed.com/dictionary/catarrh_v
"4 - unresolved: not marked obsolete, last-quotation year hidden",catwalk,CATWALK,7,noun,1778-,1778,printed date range,compound,4,,"arts/performing arts/theatre, crafts and trades/costume",A platform or walkway along which models walk to…,0,,http://www.oed.com/dictionary/catwalk_n
"4 - unresolved: not marked obsolete, last-quotation year hidden",chapter,CHAPTER,7,noun,?c1225-,1225,printed date range,borrowing,7,,,A main division or section of a book or (later) a…,1,,http://www.oed.com/dictionary/chapter_n
"4 - unresolved: not marked obsolete, last-quotation year hidden",chequer,CHEQUER,7,verb,c1440-,1440,printed date range,conversion,4,,,transitive. To give (something) an appearance…,2,,http://www.oed.com/dictionary/chequer_v
"4 - unresolved: not marked obsolete, last-quotation year hidden",chicane,CHICANE,7,verb,1671-,1671,printed date range,borrowing,2,,,intransitive. To use deception or subterfuge to…,1,,http://www.oed.com/dictionary/chicane_v
"4 - unresolved: not marked obsolete, last-quotation year hidden",chorist,CHORIST,7,noun,a1552-,1552,printed date range,borrowing,2,,arts/performing arts,Ancient Greek History. A member of the chorus in…,0,,http://www.oed.com/dictionary/chorist_n
"4 - unresolved: not marked obsolete, last-quotation year hidden",chuckle,CHUCKLE,7,verb,1598-,1598,printed date range,derivative,5,,,To laugh in a suppressed manner; to laugh to…,2,,http://www.oed.com/dictionary/chuckle_v
"4 - unresolved: not marked obsolete, last-quotation year hidden",cigared,CIGARED,7,adjective,1830-,1830,printed date range,derivative,1,,consumables/tobacco,Furnished with a cigar.,0,,http://www.oed.com/dictionary/cigared_adj
"4 - unresolved: not marked obsolete, last-quotation year hidden",cigarer,CIGARER,7,noun,1826-,1826,printed date range,derivative,0,,consumables/tobacco,A cigar-smoker.,0,,http://www.oed.com/dictionary/cigarer_n
"4 - unresolved: not marked obsolete, last-quotation year hidden",cindery,CINDERY,7,noun,1863-,1863,printed date range,derivative,2,,,"A repository of cinders, a cinder-heap.",1,,http://www.oed.com/dictionary/cindery_n
"4 - unresolved: not marked obsolete, last-quotation year hidden",citizen,CITIZEN,7,"noun, adjective",a1325-,1325,printed date range,borrowing,6,,,A legally recognized subject or national of a…,1,,http://www.oed.com/dictionary/citizen_n
"4 - unresolved: not marked obsolete, last-quotation year hidden",clupean,CLUPEAN,7,adjective,1854-,1854,printed date range,borrowing,0,,,Pertaining to herrings.,0,,http://www.oed.com/dictionary/clupean_adj
"4 - unresolved: not marked obsolete, last-quotation year hidden",compend,COMPEND,7,verb,1606-,1606,printed date range,conversion,2,,,To narrate briefly.,1,,http://www.oed.com/dictionary/compend_v
"4 - unresolved: not marked obsolete, last-quotation year hidden",concise,CONCISE,7,adjective,c1590-,1590,printed date range,borrowing,5,,,Of speech or writing: Expressed in few words…,0,,http://www.oed.com/dictionary/concise_adj
"4 - unresolved: not marked obsolete, last-quotation year hidden",connive,CONNIVE,7,verb,1602-,1602,printed date range,borrowing,4,,,To shut one's eyes to an action that one ought to…,0,,http://www.oed.com/dictionary/connive_v
"4 - unresolved: not marked obsolete, last-quotation year hidden",conspue,CONSPUE,7,verb,1890-,1890,printed date range,borrowing,1,,,transitive. To spit upon (in contempt).,0,,http://www.oed.com/dictionary/conspue_v
"4 - unresolved: not marked obsolete, last-quotation year hidden",corn-law,CORNLAW,7,verb,1843-,1843,printed date range,,2,,,To impose corn-laws upon.,1,,http://www.oed.com/dictionary/corn-law_v
"4 - unresolved: not marked obsolete, last-quotation year hidden",coterie,COTERIE,7,verb,1806-,1806,printed date range,conversion,2,,,To associate in a coterie.,1,,http://www.oed.com/dictionary/coterie_v
"4 - unresolved: not marked obsolete, last-quotation year hidden",couplet,COUPLET,7,verb,a1739-,1739,printed date range,conversion,3,,,to couplet it: to compose couplets.,1,,http://www.oed.com/dictionary/couplet_v
"4 - unresolved: not marked obsolete, last-quotation year hidden",courser,COURSER,7,noun,a1400-,1400,printed date range,borrowing,3,,,A person who uses dogs (esp. greyhounds or other…,2,yes,http://www.oed.com/dictionary/courser_n2
"4 - unresolved: not marked obsolete, last-quotation year hidden",cowless,COWLESS,7,adjective,1890-,1890,printed date range,derivative,2,,,Destitute of cows.,0,,http://www.oed.com/dictionary/cowless_adj
"4 - unresolved: not marked obsolete, last-quotation year hidden",cozling,COZLING,7,noun,1840-,1840,printed date range,derivative,0,,,Little coz or cousin.,0,,http://www.oed.com/dictionary/cozling_n
"4 - unresolved: not marked obsolete, last-quotation year hidden",crackle,CRACKLE,7,noun,1591-,1591,printed date range,conversion,4,,,A sound made up of a rapid succession of short…,1,,http://www.oed.com/dictionary/crackle_n
"4 - unresolved: not marked obsolete, last-quotation year hidden",crafter,CRAFTER,7,noun,a1529-,1529,printed date range,derivative,3,,arts/visual arts,"A person who practises, or is employed in, a…",0,,http://www.oed.com/dictionary/crafter_n
"4 - unresolved: not marked obsolete, last-quotation year hidden",cram-boy,CRAMBOY,7,noun,1858-,1858,printed date range,compound,0,,,A boy who has been intensively prepared or…,0,,http://www.oed.com/dictionary/cram-boy_n
"4 - unresolved: not marked obsolete, last-quotation year hidden",cram-man,CRAMMAN,7,noun,1858-,1858,printed date range,compound,0,,,A man who has been intensively prepared or…,0,,http://www.oed.com/dictionary/cram-man_n
"4 - unresolved: not marked obsolete, last-quotation year hidden",Craniad,CRANIAD,7,noun,1878-,1878,printed date range,derivative,2,,,The epic of a skull.,0,,http://www.oed.com/dictionary/craniad_n
"4 - unresolved: not marked obsolete, last-quotation year hidden",cubship,CUBSHIP,7,noun,1881-,1881,printed date range,derivative,0,,,With possessive adjective. A mock title of…,0,,http://www.oed.com/dictionary/cubship_n
"4 - unresolved: not marked obsolete, last-quotation year hidden",cunopic,CUNOPIC,7,adjective,1838-,1838,printed date range,borrowing,0,,,"= cynopic, adj.",0,,http://www.oed.com/dictionary/cunopic_adj
"4 - unresolved: not marked obsolete, last-quotation year hidden",cutlass,CUTLASS,7,verb,1890-,1890,printed date range,conversion,3,,,To hew with a cutlass.,1,,http://www.oed.com/dictionary/cutlass_v
"4 - unresolved: not marked obsolete, last-quotation year hidden",cynopic,CYNOPIC,7,adjective,1854-,1854,printed date range,borrowing,0,,,"Dog-faced, shameless.",0,,http://www.oed.com/dictionary/cynopic_adj
"4 - unresolved: not marked obsolete, last-quotation year hidden",dandyic,DANDYIC,7,adjective,1832-,1832,printed date range,derivative,0,,,Dandyish.,0,,http://www.oed.com/dictionary/dandyic_adj
"4 - unresolved: not marked obsolete, last-quotation year hidden",defrock,DEFROCK,7,verb,1600-,1600,printed date range,borrowing,3,,"religion and belief/religion/Christianity/ecclesiastical, religion and belief/religion/Christianity/liturgical",transitive. To deprive (a person in holy orders)…,0,,http://www.oed.com/dictionary/defrock_v
"4 - unresolved: not marked obsolete, last-quotation year hidden",dehuman,DEHUMAN,7,adjective,1889-,1889,printed date range,derivative,2,,,Wanting the attributes of humanity.,0,,http://www.oed.com/dictionary/dehuman_adj
"4 - unresolved: not marked obsolete, last-quotation year hidden",de-leave,DELEAVE,7,verb,1591-,1591,printed date range,derivative,0,,,transitive (in passive). Of a tree or plant: to…,0,,http://www.oed.com/dictionary/de-leave_v
"4 - unresolved: not marked obsolete, last-quotation year hidden",deorsum,DEORSUM,7,adverb,1770-,1770,printed date range,borrowing,3,,,Downward.,0,,http://www.oed.com/dictionary/deorsum_adv
"4 - unresolved: not marked obsolete, last-quotation year hidden",diamond,DIAMOND,7,verb,1751-,1751,printed date range,conversion,2,,,To make glittering like a diamond.,1,,http://www.oed.com/dictionary/diamond_v
"4 - unresolved: not marked obsolete, last-quotation year hidden",Dianize,DIANIZE,7,verb,1834-,1834,printed date range,derivative,0,,,intransitive. To spend the night with the moon…,0,,http://www.oed.com/dictionary/dianize_v
"4 - unresolved: not marked obsolete, last-quotation year hidden",digibox,DIGIBOX,7,noun,1990-,1990,printed date range,compound,0,,"technology/electrical/electronics, technology/telecommunications/broadcasting/television",An electronic device that can be plugged into a…,0,,http://www.oed.com/dictionary/digibox_n
"4 - unresolved: not marked obsolete, last-quotation year hidden",dimpler,DIMPLER,7,noun,1713-,1713,printed date range,derivative,1,,,A person who has dimples on their cheeks when…,0,,http://www.oed.com/dictionary/dimpler_n
"4 - unresolved: not marked obsolete, last-quotation year hidden",diseasy,DISEASY,7,adjective,c1410-,1410,printed date range,derivative,0,,sciences/medicine,Characterized by or causing discomfort or…,0,,http://www.oed.com/dictionary/diseasy_adj
"4 - unresolved: not marked obsolete, last-quotation year hidden",dislune,DISLUNE,7,verb,1881-,1881,printed date range,borrowing,0,,sciences/medicine/psychology/psychiatry,"transitive. To cure of mental illness. Cf. lune, n.²",0,,http://www.oed.com/dictionary/dislune_v
"4 - unresolved: not marked obsolete, last-quotation year hidden",disrump,DISRUMP,7,verb,1654-,1654,printed date range,derivative,0,,,transitive. To deprive of the rump.,1,yes,http://www.oed.com/dictionary/disrump_v2
"4 - unresolved: not marked obsolete, last-quotation year hidden",drabman,DRABMAN,7,noun,1860-,1860,printed date range,derivative,0,humorous,religion and belief/religion/Christianity/Quakerism,A quaker.,0,,http://www.oed.com/dictionary/drabman_n
"4 - unresolved: not marked obsolete, last-quotation year hidden",dragman,DRAGMAN,7,noun,a1676-,1676,printed date range,compound,0,historical,"agriculture and horticulture/agriculture, sport and leisure/hunting, fishing, and shooting/fishing",U.S. A cattle herder who drives the slow-moving…,0,,http://www.oed.com/dictionary/dragman_n
"4 - unresolved: not marked obsolete, last-quotation year hidden",dukelet,DUKELET,7,noun,1870-,1870,printed date range,derivative,1,,,"= dukeling, n. 1.",0,,http://www.oed.com/dictionary/dukelet_n
"4 - unresolved: not marked obsolete, last-quotation year hidden",dust-way,DUSTWAY,7,noun,1879-,1879,printed date range,compound,0,,,"Applied to the pistils of flowers, as…",0,,http://www.oed.com/dictionary/dust-way_n
"4 - unresolved: not marked obsolete, last-quotation year hidden",dyslogy,DYSLOGY,7,noun,1837-,1837,printed date range,derivative,1,,,"Dispraise, censure: the opposite of eulogy.",0,,http://www.oed.com/dictionary/dyslogy_n
"4 - unresolved: not marked obsolete, last-quotation year hidden",earmark,EARMARK,7,noun,a1500-,1500,printed date range,compound,4,,,figurative. An identifying mark or feature. Also…,1,,http://www.oed.com/dictionary/earmark_n
"4 - unresolved: not marked obsolete, last-quotation year hidden",earthly,EARTHLY,7,"adjective, noun",Old English-,1000,printed date range,inherited,5,,,"Of or relating to the earth, terrestrial…",1,,http://www.oed.com/dictionary/earthly_adj
"4 - unresolved: not marked obsolete, last-quotation year hidden",eelhood,EELHOOD,7,noun,1864-,1864,printed date range,derivative,0,,,The rank or condition of a full-grown eel.,0,,http://www.oed.com/dictionary/eelhood_n
"4 - unresolved: not marked obsolete, last-quotation year hidden",eleeson,ELEESON,7,noun,1822-,1822,printed date range,borrowing,1,,religion and belief/religion/Christianity/liturgical,"= Kyrie eleison, n.",0,,http://www.oed.com/dictionary/eleeson_n
"4 - unresolved: not marked obsolete, last-quotation year hidden",eludent,ELUDENT,7,adjective,1848-,1848,printed date range,borrowing,1,,,That eludes (the gaze).,0,,http://www.oed.com/dictionary/eludent_adj
"4 - unresolved: not marked obsolete, last-quotation year hidden",elusory,ELUSORY,7,adjective,1646-,1646,printed date range,borrowing,2,,,"Tending to elude (a danger, argument, law, etc.)…",0,,http://www.oed.com/dictionary/elusory_adj
"4 - unresolved: not marked obsolete, last-quotation year hidden",engrain,ENGRAIN,7,verb,1377-,1377,printed date range,derivative,4,,crafts and trades/textiles,To cause (a dye) to sink into the texture of a…,0,yes,http://www.oed.com/dictionary/engrain_v1
"4 - unresolved: not marked obsolete, last-quotation year hidden",engross,ENGROSS,7,verb,a1400-,1400,printed date range,borrowing,5,,,To absorb or engage the whole attention or all…,0,,http://www.oed.com/dictionary/engross_v
"4 - unresolved: not marked obsolete, last-quotation year hidden",epithet,EPITHET,7,noun,1579-,1579,printed date range,borrowing,5,,language/linguistics/grammar,An adjective indicating some quality or attribute…,1,,http://www.oed.com/dictionary/epithet_n
"4 - unresolved: not marked obsolete, last-quotation year hidden",equison,EQUISON,7,noun,1846-,1846,printed date range,borrowing,0,,sport and leisure/horses and riding/horse racing,A groom; a horse-jockey.,0,yes,http://www.oed.com/dictionary/equison_n2
"4 - unresolved: not marked obsolete, last-quotation year hidden",essence,ESSENCE,7,verb,1635-,1635,printed date range,conversion,3,,crafts and trades/costume/cosmetics/perfumery,transitive. To compress the essence of (a book) into.,1,,http://www.oed.com/dictionary/essence_v
"4 - unresolved: not marked obsolete, last-quotation year hidden",eternal,ETERNAL,7,"adjective, noun",c1386-,1386,printed date range,borrowing,6,,,Infinite in future duration; that always will…,0,,http://www.oed.com/dictionary/eternal_adj
"4 - unresolved: not marked obsolete, last-quotation year hidden",evocate,EVOCATE,7,verb,1639-,1639,printed date range,borrowing,2,,religion and belief/belief systems and practices/occult,"To call up (spirits) from the dead, (events) from…",0,,http://www.oed.com/dictionary/evocate_v
"4 - unresolved: not marked obsolete, last-quotation year hidden",exploit,EXPLOIT,7,verb,c1390-,1390,printed date range,borrowing,6,,,transitive. To make full use of; to derive…,1,,http://www.oed.com/dictionary/exploit_v
"4 - unresolved: not marked obsolete, last-quotation year hidden",explore,EXPLORE,7,verb,1531-,1531,printed date range,borrowing,6,,,transitive. To travel to or around (an uncharted…,1,,http://www.oed.com/dictionary/explore_v
"4 - unresolved: not marked obsolete, last-quotation year hidden",faitour,FAITOUR,7,noun,a1340-,1340,printed date range,borrowing,2,archaic,,"An impostor, cheat; esp. a vagrant who shams…",0,,http://www.oed.com/dictionary/faitour_n
"4 - unresolved: not marked obsolete, last-quotation year hidden",falsism,FALSISM,7,noun,1835-,1835,printed date range,derivative,2,,,"a. ‘An assertion or statement, the falsity of…",0,,http://www.oed.com/dictionary/falsism_n
"4 - unresolved: not marked obsolete, last-quotation year hidden",fauness,FAUNESS,7,noun,1890-,1890,printed date range,derivative,1,,religion and belief/mythology/classical mythology,A female faun.,0,,http://www.oed.com/dictionary/fauness_n
"4 - unresolved: not marked obsolete, last-quotation year hidden",fenhood,FENHOOD,7,noun,1834-,1834,printed date range,derivative,0,,,Fens collectively.,0,,http://www.oed.com/dictionary/fenhood_n
"4 - unresolved: not marked obsolete, last-quotation year hidden",fiction,FICTION,7,verb,a1649-,1649,printed date range,conversion,0,,arts/literature,"transitive. To imagine, hypothesize, or invent…",1,,http://www.oed.com/dictionary/fiction_v
"4 - unresolved: not marked obsolete, last-quotation year hidden",figurer,FIGURER,7,noun,1548-,1548,printed date range,derivative,3,,sciences/mathematics,A person who uses or deals with figures; esp. one…,0,,http://www.oed.com/dictionary/figurer_n
"4 - unresolved: not marked obsolete, last-quotation year hidden",filiism,FILIISM,7,noun,1823-,1823,printed date range,borrowing,0,,,Undue partiality for one's own son.,0,,http://www.oed.com/dictionary/filiism_n
"4 - unresolved: not marked obsolete, last-quotation year hidden",fimetic,FIMETIC,7,adjective,1880-,1880,printed date range,borrowing,1,,sciences/medicine/anatomy,Pertaining to or concerned with dung.,0,,http://www.oed.com/dictionary/fimetic_adj
"4 - unresolved: not marked obsolete, last-quotation year hidden",fissury,FISSURY,7,adjective,1825-,1825,printed date range,derivative,0,,,"Having, or full of, fissures.",0,,http://www.oed.com/dictionary/fissury_adj
"4 - unresolved: not marked obsolete, last-quotation year hidden",fistify,FISTIFY,7,verb,1860-,1860,printed date range,derivative,0,humorous,,intransitive. To fight with the fists.,0,,http://www.oed.com/dictionary/fistify_v
"4 - unresolved: not marked obsolete, last-quotation year hidden",flingee,FLINGEE,7,noun,1879-,1879,printed date range,derivative,0,,,One at whom anything is flung.,0,,http://www.oed.com/dictionary/flingee_n
"4 - unresolved: not marked obsolete, last-quotation year hidden",flunkey,FLUNKEY,7,verb,1864-,1864,printed date range,conversion,2,,,(intransitive) to act like a flunkey.,2,,http://www.oed.com/dictionary/flunkey_v
"4 - unresolved: not marked obsolete, last-quotation year hidden",fobbery,FOBBERY,7,noun,1688-,1688,printed date range,derivative,0,,,Something of the nature of a pretence; a sham.,0,,http://www.oed.com/dictionary/fobbery_n
"4 - unresolved: not marked obsolete, last-quotation year hidden",foolery,FOOLERY,7,noun,1562-,1562,printed date range,derivative,4,,,Foolishness; foolish or silly behaviour.,0,,http://www.oed.com/dictionary/foolery_n
"4 - unresolved: not marked obsolete, last-quotation year hidden",frontal,FRONTAL,7,noun,a1350-,1350,printed date range,borrowing,4,,,A decorative covering for the front of an altar…,1,yes,http://www.oed.com/dictionary/frontal_n1
"4 - unresolved: not marked obsolete, last-quotation year hidden",frutify,FRUTIFY,7,verb,1600-,1600,printed date range,variant,1,,,A comic blunder attributed to an illiterate…,0,,http://www.oed.com/dictionary/frutify_v
"4 - unresolved: not marked obsolete, last-quotation year hidden",gallant,GALLANT,7,verb,1605-,1605,printed date range,conversion,3,,,transitive. Of a man: to be charmingly attentive…,1,,http://www.oed.com/dictionary/gallant_v
"4 - unresolved: not marked obsolete, last-quotation year hidden",gasless,GASLESS,7,adjective,1914-,1914,printed date range,derivative,3,,,"Having no gasoline, fuelless. Also: designating…",1,yes,http://www.oed.com/dictionary/gasless_adj2
"4 - unresolved: not marked obsolete, last-quotation year hidden",gas line,GASLINE,7,noun,1878-,1878,printed date range,compound,3,,,A pipeline or pipe that carries gasoline.,1,yes,http://www.oed.com/dictionary/gas-line_n2
"4 - unresolved: not marked obsolete, last-quotation year hidden",gnat-sin,GNATSIN,7,noun,1647-,1647,printed date range,compound,0,,,A trivial sin (in reference to Matthew 23: 24).,0,,http://www.oed.com/dictionary/gnat-sin_n
"4 - unresolved: not marked obsolete, last-quotation year hidden",gnostic,GNOSTIC,7,"adjective, noun",1607-,1607,printed date range,borrowing,4,,religion and belief/religion/Christianity,Relating to knowledge; cognitive; intellectual.,0,,http://www.oed.com/dictionary/gnostic_adj
"4 - unresolved: not marked obsolete, last-quotation year hidden",gownlet,GOWNLET,7,noun,1890-,1890,printed date range,derivative,0,,crafts and trades/costume,A small gown.,0,,http://www.oed.com/dictionary/gownlet_n
"4 - unresolved: not marked obsolete, last-quotation year hidden",grapple,GRAPPLE,7,noun,1530-,1530,printed date range,borrowing,4,,"sport and leisure/sport/wrestling, transport/nautical/navy","The action of grappling, or grappling with; the…",0,,http://www.oed.com/dictionary/grapple_n
"4 - unresolved: not marked obsolete, last-quotation year hidden",gremmie,GREMMIE,7,noun,1943-,1943,printed date range,shortening,2,colloquial and slang,sport and leisure/sport/water sports/surfing,Surfing slang. A young or inexperienced surfer…,0,,http://www.oed.com/dictionary/gremmie_n
"4 - unresolved: not marked obsolete, last-quotation year hidden",griever,GRIEVER,7,noun,1598-,1598,printed date range,derivative,3,,,One who feels or shows grief.,0,,http://www.oed.com/dictionary/griever_n
"4 - unresolved: not marked obsolete, last-quotation year hidden",gropery,GROPERY,7,noun,1777-,1777,printed date range,derivative,0,,,The action of groping (in the dark).,0,,http://www.oed.com/dictionary/gropery_n
"4 - unresolved: not marked obsolete, last-quotation year hidden",gunshot,GUNSHOT,7,noun,a1450-,1450,printed date range,compound,3,,military/weaponry/gunnery and firearms,An act of firing a gun; an individual shot so…,0,,http://www.oed.com/dictionary/gunshot_n
"4 - unresolved: not marked obsolete, last-quotation year hidden",hawkery,HAWKERY,7,noun,1832-,1832,printed date range,derivative,1,,,A place where hawks are kept.,0,,http://www.oed.com/dictionary/hawkery_n
"4 - unresolved: not marked obsolete, last-quotation year hidden",hearsay,HEARSAY,7,verb,1837-,1837,printed date range,conversion,2,,,(intransitive) to tell what one has heard; to…,1,,http://www.oed.com/dictionary/hearsay_v
"4 - unresolved: not marked obsolete, last-quotation year hidden",heel-way,HEELWAY,7,noun,1785-,1785,printed date range,compound,1,,"sport and leisure/hunting, fishing, and shooting/hunting",Hunting. With reference to a hound following a…,1,,http://www.oed.com/dictionary/heel-way_n
"4 - unresolved: not marked obsolete, last-quotation year hidden",heildom,HEILDOM,7,noun,a1806-,1806,printed date range,derivative,0,,,Health.,0,,http://www.oed.com/dictionary/heildom_n
"4 - unresolved: not marked obsolete, last-quotation year hidden",helmlet,HELMLET,7,noun,1883-,1883,printed date range,derivative,0,,,A small helm or helmet.,0,,http://www.oed.com/dictionary/helmlet_n
"4 - unresolved: not marked obsolete, last-quotation year hidden",herbary,HERBARY,7,noun,1548-,1548,printed date range,borrowing,2,,sciences/life sciences/plants,A treatise on herbs; a herbal.,0,,http://www.oed.com/dictionary/herbary_n
"4 - unresolved: not marked obsolete, last-quotation year hidden",hobbler,HOBBLER,7,noun,1575-,1575,printed date range,derivative,2,,,A person who hobbles or limps; a person who walks…,1,yes,http://www.oed.com/dictionary/hobbler_n2
"4 - unresolved: not marked obsolete, last-quotation year hidden",hooping,HOOPING,7,noun,1463-,1463,printed date range,derivative,3,,crafts and trades/coopering,concrete. Hoop-iron.,1,,http://www.oed.com/dictionary/hooping_n
"4 - unresolved: not marked obsolete, last-quotation year hidden",hustler,HUSTLER,7,noun,1790-,1790,printed date range,derivative,4,colloquial and slang,,Originally and chiefly North American. A person…,0,,http://www.oed.com/dictionary/hustler_n
"4 - unresolved: not marked obsolete, last-quotation year hidden",hyenine,HYENINE,7,adjective,1884-,1884,printed date range,derivative,0,,sciences/life sciences/animals,"= hyenaish, adj.",0,,http://www.oed.com/dictionary/hyenine_adj
"4 - unresolved: not marked obsolete, last-quotation year hidden",hyenoid,HYENOID,7,adjective,1945-,1945,printed date range,derivative,1,,sciences/life sciences/animals,"= hyeniform, adj.",0,,http://www.oed.com/dictionary/hyenoid_adj
"4 - unresolved: not marked obsolete, last-quotation year hidden",illeist,ILLEIST,7,noun,1832-,1832,printed date range,,0,,,"One who makes much use of the pronoun he, or…",0,,http://www.oed.com/dictionary/illeist_n
"4 - unresolved: not marked obsolete, last-quotation year hidden",illevel,ILLEVEL,7,adjective,1856-,1856,printed date range,derivative,0,,,Not level.,0,,http://www.oed.com/dictionary/illevel_adj
"4 - unresolved: not marked obsolete, last-quotation year hidden",illocal,ILLOCAL,7,adjective,1601-,1601,printed date range,borrowing,1,,,"Not local, having no place or location in space.",0,,http://www.oed.com/dictionary/illocal_adj
"4 - unresolved: not marked obsolete, last-quotation year hidden",imburse,IMBURSE,7,verb,c1530-,1530,printed date range,borrowing,3,,,transitive. To put into one's (or a) purse; to…,0,,http://www.oed.com/dictionary/imburse_v
"4 - unresolved: not marked obsolete, last-quotation year hidden",incatch,INCATCH,7,noun,1895-,1895,printed date range,conversion,0,,,A catching or sudden drawing in (of the breath).,0,,http://www.oed.com/dictionary/incatch_n
"4 - unresolved: not marked obsolete, last-quotation year hidden",indoory,INDOORY,7,adjective,1934-,1934,printed date range,derivative,0,,,Preferring to remain indoors.,0,,http://www.oed.com/dictionary/indoory_adj
"4 - unresolved: not marked obsolete, last-quotation year hidden",inkster,INKSTER,7,noun,1860-,1860,printed date range,derivative,0,,arts/literature,"A scribbler, an inferior writer.",0,,http://www.oed.com/dictionary/inkster_n
"4 - unresolved: not marked obsolete, last-quotation year hidden",insanie,INSANIE,7,noun,a1538-,1538,printed date range,borrowing,0,,sciences/medicine,Insanity.,0,,http://www.oed.com/dictionary/insanie_n
"4 - unresolved: not marked obsolete, last-quotation year hidden",insulet,INSULET,7,noun,1622-,1622,printed date range,borrowing,0,,,An islet.,0,,http://www.oed.com/dictionary/insulet_n
"4 - unresolved: not marked obsolete, last-quotation year hidden",jackass,JACKASS,7,verb,1838-,1838,printed date range,conversion,4,,,Originally and chiefly North American…,2,,http://www.oed.com/dictionary/jackass_v
"4 - unresolved: not marked obsolete, last-quotation year hidden",jubilee,JUBILEE,7,verb,1887-,1887,printed date range,conversion,2,,,intransitive. To celebrate a jubilee.,1,,http://www.oed.com/dictionary/jubilee_v
"4 - unresolved: not marked obsolete, last-quotation year hidden",key-cold,KEYCOLD,7,"adjective, noun",1529-,1529,printed date range,compound,2,poetic and literary,,Extremely cold; devoid of heat (sometimes with…,0,,http://www.oed.com/dictionary/key-cold_adj
"4 - unresolved: not marked obsolete, last-quotation year hidden",kitchen,KITCHEN,7,verb,a1616-,1616,printed date range,conversion,5,,consumables/food and cooking,"intransitive and transitive. To prepare food, a…",2,,http://www.oed.com/dictionary/kitchen_v
"4 - unresolved: not marked obsolete, last-quotation year hidden",laddery,LADDERY,7,adjective,1852-,1852,printed date range,derivative,0,,,Resembling a ladder.,0,,http://www.oed.com/dictionary/laddery_adj
"4 - unresolved: not marked obsolete, last-quotation year hidden",laddess,LADDESS,7,noun,1768-,1768,printed date range,derivative,1,,,"A girl, lass.",0,,http://www.oed.com/dictionary/laddess_n
"4 - unresolved: not marked obsolete, last-quotation year hidden",laddism,LADDISM,7,noun,1843-,1843,printed date range,derivative,2,,,The condition or character of a lad.,0,,http://www.oed.com/dictionary/laddism_n
"4 - unresolved: not marked obsolete, last-quotation year hidden",lampist,LAMPIST,7,noun,1839-,1839,printed date range,borrowing,1,,,"One skilled in, or employed in, the construction…",0,,http://www.oed.com/dictionary/lampist_n
"4 - unresolved: not marked obsolete, last-quotation year hidden",leaguer,LEAGUER,7,noun,1591-,1591,printed date range,derivative,3,,"history, politics/British politics",A member of a league; in reference to French…,3,yes,http://www.oed.com/dictionary/leaguer_n2
"4 - unresolved: not marked obsolete, last-quotation year hidden",lecture,LECTURE,7,verb,a1592-,1592,printed date range,conversion,5,,education,intransitive. To deliver a lecture or lectures…,1,,http://www.oed.com/dictionary/lecture_v
"4 - unresolved: not marked obsolete, last-quotation year hidden",lioning,LIONING,7,noun,a1871-,1871,printed date range,derivative,1,,,The being made a ‘lion’ of.,0,,http://www.oed.com/dictionary/lioning_n
"4 - unresolved: not marked obsolete, last-quotation year hidden",loaflet,LOAFLET,7,noun,1876-,1876,printed date range,derivative,1,,consumables/food and cooking/baking,A small loaf.,0,,http://www.oed.com/dictionary/loaflet_n
"4 - unresolved: not marked obsolete, last-quotation year hidden",loamily,LOAMILY,7,adverb,1869-,1869,printed date range,derivative,0,,,In the manner of loamy soil.,0,,http://www.oed.com/dictionary/loamily_adv
"4 - unresolved: not marked obsolete, last-quotation year hidden",macadam,MACADAM,7,"adjective, noun",1824-,1824,printed date range,proper name,4,,,Designating or relating to a kind of roadway or…,0,,http://www.oed.com/dictionary/macadam_adj
"4 - unresolved: not marked obsolete, last-quotation year hidden",marshal,MARSHAL,7,verb,c1450-,1450,printed date range,conversion,5,,military,"transitive. To arrange or set (things, material…",1,,http://www.oed.com/dictionary/marshal_v
"4 - unresolved: not marked obsolete, last-quotation year hidden",martial,MARTIAL,7,"adjective, noun",a1425-,1425,printed date range,borrowing,5,,military,Of or relating to battle or war; military.,0,,http://www.oed.com/dictionary/martial_adj
"4 - unresolved: not marked obsolete, last-quotation year hidden",mediate,MEDIATE,7,adjective,?1440-,1440,printed date range,borrowing,5,,,Intermediate; intervening or interposed in…,1,,http://www.oed.com/dictionary/mediate_adj
"4 - unresolved: not marked obsolete, last-quotation year hidden",metrify,METRIFY,7,verb,1952-,1952,printed date range,derivative,2,,,"intransitive. = metricate, v. 1.",0,yes,http://www.oed.com/dictionary/metrify_v2
"4 - unresolved: not marked obsolete, last-quotation year hidden",miracle,MIRACLE,7,verb,1548-,1548,printed date range,conversion,3,,,"transitive. To transform, produce, etc., as if by…",1,,http://www.oed.com/dictionary/miracle_v
"4 - unresolved: not marked obsolete, last-quotation year hidden",misrule,MISRULE,7,noun,?1406-,1406,printed date range,derivative,4,,,The condition of being misruled; disorder…,1,,http://www.oed.com/dictionary/misrule_n
"4 - unresolved: not marked obsolete, last-quotation year hidden",moanism,MOANISM,7,noun,1916-,1916,printed date range,derivative,0,,,The habit or practice of lamenting; emotionalism.,0,,http://www.oed.com/dictionary/moanism_n
"4 - unresolved: not marked obsolete, last-quotation year hidden",mollify,MOLLIFY,7,verb,?a1425-,1425,printed date range,borrowing,4,,,transitive. To soften in temper or disposition…,0,,http://www.oed.com/dictionary/mollify_v
"4 - unresolved: not marked obsolete, last-quotation year hidden",monitor,MONITOR,7,verb,1818-,1818,printed date range,conversion,6,,technology/telecommunications/broadcasting,"transitive. gen. To observe, supervise, or keep…",1,,http://www.oed.com/dictionary/monitor_v
"4 - unresolved: not marked obsolete, last-quotation year hidden",monster,MONSTER,7,verb,1608-,1608,printed date range,conversion,3,colloquial and slang,,colloquial (originally Australian). transitive…,1,,http://www.oed.com/dictionary/monster_v
"4 - unresolved: not marked obsolete, last-quotation year hidden",Moorish,MOORISH,7,adjective,1434-,1434,printed date range,derivative,5,,"arts/decorative arts, manufacturing and industry/building/architecture",Of or relating to the Moors; esp. designating or…,1,yes,http://www.oed.com/dictionary/moorish_adj2
"4 - unresolved: not marked obsolete, last-quotation year hidden",mortise,MORTISE,7,noun,c1390-,1390,printed date range,borrowing,4,,"crafts and trades/woodworking, manufacturing and industry/building","Woodworking and Joinery. A cavity, hole, or…",1,,http://www.oed.com/dictionary/mortise_n
"4 - unresolved: not marked obsolete, last-quotation year hidden",moulder,MOULDER,7,verb,1531-,1531,printed date range,derivative,4,,,intransitive. To decay to dust; to rot; to…,2,,http://www.oed.com/dictionary/moulder_v
"4 - unresolved: not marked obsolete, last-quotation year hidden",muck pot,MUCKPOT,7,noun,1557-,1557,printed date range,compound,0,,,†a. A chamber pot (obsolete); b. a degraded or…,0,,http://www.oed.com/dictionary/muck-pot_n
"4 - unresolved: not marked obsolete, last-quotation year hidden",murdrum,MURDRUM,7,noun,1290-,1290,printed date range,borrowing,2,historical,,From the 11th to the 15th cent.: a fine imposed…,0,,http://www.oed.com/dictionary/murdrum_n
"4 - unresolved: not marked obsolete, last-quotation year hidden",pollard,POLLARD,7,"adjective, noun",?1523-,1523,printed date range,derivative,3,,sciences/life sciences/plants,Of a tree: that is a pollard (see B.4)…,0,,http://www.oed.com/dictionary/pollard_adj
"4 - unresolved: not marked obsolete, last-quotation year hidden",proluse,PROLUSE,7,verb,1917-,1917,printed date range,borrowing,1,,,intransitive. To give an introductory discourse…,0,,http://www.oed.com/dictionary/proluse_v
"4 - unresolved: not marked obsolete, last-quotation year hidden",Pullman,PULLMAN,7,noun,1867-,1867,printed date range,proper name,0,,transport/railways,attributive. Designating a railway carriage…,0,,http://www.oed.com/dictionary/pullman_n
"4 - unresolved: not marked obsolete, last-quotation year hidden",railway,RAILWAY,7,verb,1844-,1844,printed date range,conversion,4,,transport/railways,transitive. To provide (a place) with railways.,1,,http://www.oed.com/dictionary/railway_v
"4 - unresolved: not marked obsolete, last-quotation year hidden",rapster,RAPSTER,7,noun,1767-,1767,printed date range,derivative,1,colloquial and slang,arts/performing arts/music,"colloquial (originally U.S.). = rapper, n. II.6b.",0,,http://www.oed.com/dictionary/rapster_n
"4 - unresolved: not marked obsolete, last-quotation year hidden",rattage,RATTAGE,7,noun,1807-,1807,printed date range,derivative,1,,,"a. The percentage of people who ‘rat’ (rat, v.⁵…",0,,http://www.oed.com/dictionary/rattage_n
"4 - unresolved: not marked obsolete, last-quotation year hidden",remover,REMOVER,7,noun,1580-,1580,printed date range,derivative,4,,,A person or a thing that removes or takes…,0,yes,http://www.oed.com/dictionary/remover_n1
"4 - unresolved: not marked obsolete, last-quotation year hidden",roguery,ROGUERY,7,noun,1592-,1592,printed date range,derivative,3,,,An action or practice characteristic of a rogue…,0,,http://www.oed.com/dictionary/roguery_n
"4 - unresolved: not marked obsolete, last-quotation year hidden",rondine,RONDINE,7,adjective,1923-,1923,printed date range,borrowing,2,poetic and literary,,"Rounded, made round.",0,,http://www.oed.com/dictionary/rondine_adj
"4 - unresolved: not marked obsolete, last-quotation year hidden",royalty,ROYALTY,7,noun,c1405-,1405,printed date range,borrowing,5,,,As a mass noun: royal persons collectively.,0,,http://www.oed.com/dictionary/royalty_n
"4 - unresolved: not marked obsolete, last-quotation year hidden",sangsue,SANGSUE,7,noun,a1849-,1849,printed date range,borrowing,2,,sciences/life sciences/animals/invertebrates,A leech.,0,,http://www.oed.com/dictionary/sangsue_n
"4 - unresolved: not marked obsolete, last-quotation year hidden",scaling,SCALING,7,noun,a1513-,1513,printed date range,derivative,4,,military,"Climbing, mounting; escalade.",4,yes,http://www.oed.com/dictionary/scaling_n1
"4 - unresolved: not marked obsolete, last-quotation year hidden",scupper,SCUPPER,7,noun,1485-,1485,printed date range,derivative,3,,transport/nautical,Nautical. Chiefly plural. An opening in a ship's…,1,,http://www.oed.com/dictionary/scupper_n
"4 - unresolved: not marked obsolete, last-quotation year hidden",seminal,SEMINAL,7,"adjective, noun",1398-,1398,printed date range,borrowing,5,,sciences,figurative. Having the properties of seed…,0,,http://www.oed.com/dictionary/seminal_adj
"4 - unresolved: not marked obsolete, last-quotation year hidden",sensist,SENSIST,7,"noun, adjective",1822-,1822,printed date range,derivative,2,,philosophy,"Philosophy. = sensationalist, n. A.1.",0,,http://www.oed.com/dictionary/sensist_n
"4 - unresolved: not marked obsolete, last-quotation year hidden",septime,SEPTIME,7,noun,1725-,1725,printed date range,borrowing,2,,arts/performing arts/music,"A seventh (seventh, n. C.3). Also as a modifier…",1,yes,http://www.oed.com/dictionary/septime_n1
"4 - unresolved: not marked obsolete, last-quotation year hidden",set-down,SETDOWN,7,adjective,1861-,1861,printed date range,compound,2,,,"Described in books, recognized.",2,,http://www.oed.com/dictionary/set-down_adj-a
"4 - unresolved: not marked obsolete, last-quotation year hidden",shaglet,SHAGLET,7,noun,1898-,1898,printed date range,derivative,0,,sciences/life sciences/animals/birds,A young shag or cormorant.,0,,http://www.oed.com/dictionary/shaglet_n
"4 - unresolved: not marked obsolete, last-quotation year hidden",shallop,SHALLOP,7,verb,1737-,1737,printed date range,conversion,1,,transport/nautical,intransitive. To sail or row in a shallop.,1,,http://www.oed.com/dictionary/shallop_v
"4 - unresolved: not marked obsolete, last-quotation year hidden",shanker,SHANKER,7,noun,1622-,1622,printed date range,derivative,2,,,"One who makes, forms or finishes the shanks of…",0,,http://www.oed.com/dictionary/shanker_n
"4 - unresolved: not marked obsolete, last-quotation year hidden",Shawian,SHAWIAN,7,adjective,1894-,1894,printed date range,proper name,1,,arts/literature,"= Shavian, adj.",0,,http://www.oed.com/dictionary/shawian_adj
"4 - unresolved: not marked obsolete, last-quotation year hidden",shoekin,SHOEKIN,7,noun,1844-,1844,printed date range,derivative,0,,crafts and trades/costume/shoes,A small shoe.,0,,http://www.oed.com/dictionary/shoekin_n
"4 - unresolved: not marked obsolete, last-quotation year hidden",skuldug,SKULDUG,7,verb,1936-,1936,printed date range,backformation,0,,,transitive to extract by trickery.,0,,http://www.oed.com/dictionary/skuldug_v
"4 - unresolved: not marked obsolete, last-quotation year hidden",starred,STARRED,7,adjective,Old English-,1000,printed date range,derivative,5,,sciences/life sciences,Marked by a star (in various senses). Of a horse…,0,,http://www.oed.com/dictionary/starred_adj
"4 - unresolved: not marked obsolete, last-quotation year hidden",startle,STARTLE,7,noun,1603-,1603,printed date range,conversion,3,,,A start of surprise or alarm; an experience of…,1,,http://www.oed.com/dictionary/startle_n
"4 - unresolved: not marked obsolete, last-quotation year hidden",steeded,STEEDED,7,adjective,1905-,1905,printed date range,derivative,1,,,With steeds.,0,,http://www.oed.com/dictionary/steeded_adj
"4 - unresolved: not marked obsolete, last-quotation year hidden",steeled,STEELED,7,adjective,Old English-,1000,printed date range,derivative,4,,manufacturing and industry/manufacturing/metal industry,"Made of steel, or with the outer surface, edge or…",0,,http://www.oed.com/dictionary/steeled_adj
"4 - unresolved: not marked obsolete, last-quotation year hidden",stirrup,STIRRUP,7,noun,Old English-,1000,printed date range,compound,5,,,Either of a pair of supports for a rider's foot…,1,,http://www.oed.com/dictionary/stirrup_n
"4 - unresolved: not marked obsolete, last-quotation year hidden",stonage,STONAGE,7,noun,1618-,1618,printed date range,derivative,1,,sciences/physical sciences/earth sciences/geology,Weight measured in stones.,0,,http://www.oed.com/dictionary/stonage_n
"4 - unresolved: not marked obsolete, last-quotation year hidden",striker,STRIKER,7,noun,1393-,1393,printed date range,derivative,5,,,A workman who is ‘on strike’.,0,,http://www.oed.com/dictionary/striker_n
"4 - unresolved: not marked obsolete, last-quotation year hidden",sulkery,SULKERY,7,noun,1906-,1906,printed date range,derivative,0,,,"= boudoir, n.",0,,http://www.oed.com/dictionary/sulkery_n
"4 - unresolved: not marked obsolete, last-quotation year hidden",sunless,SUNLESS,7,adjective,1589-,1589,printed date range,derivative,4,,,"Without any sunshine; not sunny; dark, overcast…",0,,http://www.oed.com/dictionary/sunless_adj
"4 - unresolved: not marked obsolete, last-quotation year hidden",swamper,SWAMPER,7,noun,1775-,1775,printed date range,derivative,3,colloquial and slang,,"U.S. An assistant to a driver of horses, mules…",0,,http://www.oed.com/dictionary/swamper_n
"4 - unresolved: not marked obsolete, last-quotation year hidden",sweetch,SWEETCH,7,interjection,1859-,1859,printed date range,imitative,1,,,An imitative word expressing the sound of a whip.,0,,http://www.oed.com/dictionary/sweetch_int
"4 - unresolved: not marked obsolete, last-quotation year hidden",synonym,SYNONYM,7,noun,?a1475-,1475,printed date range,borrowing,5,,language/linguistics,"Strictly, a word having the same… Plural.",0,,http://www.oed.com/dictionary/synonym_n
"4 - unresolved: not marked obsolete, last-quotation year hidden",taggery,TAGGERY,7,noun,1845-,1845,printed date range,derivative,0,,,The work of a tagger; the tagging of rhymes.,0,,http://www.oed.com/dictionary/taggery_n
"4 - unresolved: not marked obsolete, last-quotation year hidden",talkful,TALKFUL,7,"noun, adjective",1598-,1598,printed date range,derivative,0,"colloquial and slang, irregular",,"Talkative, garrulous. colloquial or nonstandard…",0,,http://www.oed.com/dictionary/talkful_n
"4 - unresolved: not marked obsolete, last-quotation year hidden",talpify,TALPIFY,7,verb,1660-,1660,printed date range,compound,0,allusive,,(transitive) to make mole-like (in allusive use).,0,,http://www.oed.com/dictionary/talpify_v
"4 - unresolved: not marked obsolete, last-quotation year hidden",tangent,TANGENT,7,"adjective, noun",1594-,1594,printed date range,borrowing,5,,sciences/mathematics/geometry,Geometry. Of a line or surface in relation to…,1,,http://www.oed.com/dictionary/tangent_adj
"4 - unresolved: not marked obsolete, last-quotation year hidden",tarhood,TARHOOD,7,noun,1749-,1749,printed date range,derivative,0,,transport/nautical,The general body of sailors; sailors collectively.,0,,http://www.oed.com/dictionary/tarhood_n
"4 - unresolved: not marked obsolete, last-quotation year hidden",taskage,TASKAGE,7,noun,1830-,1830,printed date range,derivative,0,,,Tasking; imposed labour; tasks collectively.,0,,http://www.oed.com/dictionary/taskage_n
"4 - unresolved: not marked obsolete, last-quotation year hidden",taurine,TAURINE,7,"adjective, noun",1613-,1613,printed date range,borrowing,4,,"sciences/life sciences/animals, sport and leisure/sport/blood sports/bullfighting","Of, pertaining to, of the nature of, or…",1,,http://www.oed.com/dictionary/taurine_adj
"4 - unresolved: not marked obsolete, last-quotation year hidden",Templar,TEMPLAR,7,noun,c1300-,1300,printed date range,borrowing,5,,religion and belief/religion,A member of a military and religious order…,1,,http://www.oed.com/dictionary/templar_n
"4 - unresolved: not marked obsolete, last-quotation year hidden",tendril,TENDRIL,7,verb,1894-,1894,printed date range,conversion,2,,,intransitive to curl like a tendril.,1,,http://www.oed.com/dictionary/tendril_v
"4 - unresolved: not marked obsolete, last-quotation year hidden",tenfold,TENFOLD,7,"adjective, adverb",c1200-,1200,printed date range,inherited,4,,,Ten times as great or as much; ten times…,1,,http://www.oed.com/dictionary/tenfold_adj
"4 - unresolved: not marked obsolete, last-quotation year hidden",thereby,THEREBY,7,adverb,Old English-,1000,printed date range,compound,6,,,"By that; by means of, or because of, that…",0,,http://www.oed.com/dictionary/thereby_adv
"4 - unresolved: not marked obsolete, last-quotation year hidden",tidyism,TIDYISM,7,noun,1856-,1856,printed date range,derivative,0,,,A principle or practice of extreme tidiness.,0,,http://www.oed.com/dictionary/tidyism_n
"4 - unresolved: not marked obsolete, last-quotation year hidden",tipmost,TIPMOST,7,adjective,1871-,1871,printed date range,derivative,1,,,Situated at the extreme tip. In quot. 1871 =…,0,,http://www.oed.com/dictionary/tipmost_adj
"4 - unresolved: not marked obsolete, last-quotation year hidden",tironic,TIRONIC,7,adjective,1909-,1909,printed date range,borrowing,0,,education,"Of, pertaining to, or characteristic of a tiro…",0,,http://www.oed.com/dictionary/tironic_adj
"4 - unresolved: not marked obsolete, last-quotation year hidden",toadess,TOADESS,7,noun,1871-,1871,printed date range,derivative,0,,sciences/life sciences/animals,A female toad.,0,,http://www.oed.com/dictionary/toadess_n
"4 - unresolved: not marked obsolete, last-quotation year hidden",tollery,TOLLERY,7,noun,1858-,1858,printed date range,derivative,0,,,A place at which tolls are collected.,0,,http://www.oed.com/dictionary/tollery_n
"4 - unresolved: not marked obsolete, last-quotation year hidden",tonguey,TONGUEY,7,adjective,a1382-,1382,printed date range,derivative,2,,,"Full of ‘tongue’ or talk; talkative, loquacious…",0,,http://www.oed.com/dictionary/tonguey_adj
"4 - unresolved: not marked obsolete, last-quotation year hidden",topless,TOPLESS,7,adjective,1578-,1578,printed date range,derivative,4,,,Of a woman: naked from the waist up; having…,0,,http://www.oed.com/dictionary/topless_adj
"4 - unresolved: not marked obsolete, last-quotation year hidden",topping,TOPPING,7,"adjective, adverb",1616-,1616,printed date range,derivative,3,colloquial and slang,,colloquial (chiefly British). Of high quality…,3,,http://www.oed.com/dictionary/topping_adj
"4 - unresolved: not marked obsolete, last-quotation year hidden",towelry,TOWELRY,7,noun,1885-,1885,printed date range,derivative,0,,,Articles of the towel kind; towels collectively.,0,,http://www.oed.com/dictionary/towelry_n
"4 - unresolved: not marked obsolete, last-quotation year hidden",towster,TOWSTER,7,noun,1885-,1885,printed date range,derivative,0,,,"= tower, n.²",0,,http://www.oed.com/dictionary/towster_n
"4 - unresolved: not marked obsolete, last-quotation year hidden",traylet,TRAYLET,7,noun,1825-,1825,printed date range,derivative,0,,,A diminutive tray.,0,,http://www.oed.com/dictionary/traylet_n
"4 - unresolved: not marked obsolete, last-quotation year hidden",treeify,TREEIFY,7,verb,1848-,1848,printed date range,derivative,0,,sciences/life sciences/plants,transitive. To make or change into a tree.,0,,http://www.oed.com/dictionary/treeify_v
"4 - unresolved: not marked obsolete, last-quotation year hidden",triflet,TRIFLET,7,noun,1895-,1895,printed date range,derivative,0,,arts,"A small trifle (in trifle, n. 4).",0,,http://www.oed.com/dictionary/triflet_n
"4 - unresolved: not marked obsolete, last-quotation year hidden",trotlet,TROTLET,7,noun,1879-,1879,printed date range,derivative,1,,sport and leisure/horses and riding,A diminutive trot.,0,,http://www.oed.com/dictionary/trotlet_n
"4 - unresolved: not marked obsolete, last-quotation year hidden",trowist,TROWIST,7,noun,1895-,1895,printed date range,derivative,0,,,A person credited with acquaintance with ‘trows’…,0,,http://www.oed.com/dictionary/trowist_n
"4 - unresolved: not marked obsolete, last-quotation year hidden",try-hard,TRYHARD,7,"noun, adjective",1922-,1922,printed date range,compound,1,colloquial and slang,,A person who tries very hard; (in later use…,0,,http://www.oed.com/dictionary/try-hard_n
"4 - unresolved: not marked obsolete, last-quotation year hidden",tumbler,TUMBLER,7,noun,a1340-,1340,printed date range,derivative,4,,,"A drinking cup, originally having a rounded or…",0,,http://www.oed.com/dictionary/tumbler_n
"4 - unresolved: not marked obsolete, last-quotation year hidden",Turkize,TURKIZE,7,verb,1599-,1599,printed date range,derivative,1,,,transitive. To make Turkish in character or form…,0,,http://www.oed.com/dictionary/turkize_v
"4 - unresolved: not marked obsolete, last-quotation year hidden",twindle,TWINDLE,7,verb,1881-,1881,printed date range,blend,1,,,intransitive. Used by G. M. Hopkins: probably a…,2,yes,http://www.oed.com/dictionary/twindle_v2
"4 - unresolved: not marked obsolete, last-quotation year hidden",twinism,TWINISM,7,noun,1796-,1796,printed date range,derivative,0,,,"= twinship, n.",0,,http://www.oed.com/dictionary/twinism_n
"4 - unresolved: not marked obsolete, last-quotation year hidden",typeful,TYPEFUL,7,adjective,1889-,1889,printed date range,derivative,2,,,Having the quality of a type; typical; symbolic.,0,,http://www.oed.com/dictionary/typeful_adj
"4 - unresolved: not marked obsolete, last-quotation year hidden",typhoon,TYPHOON,7,verb,a1953-,1953,printed date range,conversion,2,,,(transitive) to batter with the force of a typhoon.,1,,http://www.oed.com/dictionary/typhoon_v
"4 - unresolved: not marked obsolete, last-quotation year hidden",unpaved,UNPAVED,7,adjective,a1533-,1533,printed date range,derivative,4,,,Not paved. Also figurative.,0,,http://www.oed.com/dictionary/unpaved_adj
"4 - unresolved: not marked obsolete, last-quotation year hidden",upgiven,UPGIVEN,7,adjective,1947-,1947,printed date range,derivative,1,poetic and literary,,"Surrendered, resigned. Cf. ghost, n. A.I.1.",0,,http://www.oed.com/dictionary/upgiven_adj
"4 - unresolved: not marked obsolete, last-quotation year hidden",upspeak,UPSPEAK,7,noun,1971-,1971,printed date range,derivative,1,,language/linguistics,The use of political rhetoric emphasizing…,0,,http://www.oed.com/dictionary/upspeak_n
"4 - unresolved: not marked obsolete, last-quotation year hidden",uptrunk,UPTRUNK,7,noun,1922-,1922,printed date range,derivative,0,,arts/performing arts/music,Punning reference to a brass musical instrument…,0,,http://www.oed.com/dictionary/uptrunk_n
"4 - unresolved: not marked obsolete, last-quotation year hidden",valiant,VALIANT,7,"adjective, noun",a1325-,1325,printed date range,borrowing,5,,,"Of an action, deed, etc.: characterized by or…",0,,http://www.oed.com/dictionary/valiant_adj
"4 - unresolved: not marked obsolete, last-quotation year hidden",vocable,VOCABLE,7,adjective,1796-,1796,printed date range,borrowing,2,,,Capable of being uttered or spoken.,1,,http://www.oed.com/dictionary/vocable_adj
"4 - unresolved: not marked obsolete, last-quotation year hidden",wagling,WAGLING,7,noun,1837-,1837,printed date range,derivative,1,,,A little wag.,0,,http://www.oed.com/dictionary/wagling_n
"4 - unresolved: not marked obsolete, last-quotation year hidden",wagsome,WAGSOME,7,adjective,1868-,1868,printed date range,derivative,0,,,"Playful, facetious; waggish.",0,,http://www.oed.com/dictionary/wagsome_adj
"4 - unresolved: not marked obsolete, last-quotation year hidden",warlock,WARLOCK,7,"noun, adjective",Old English-,1000,printed date range,inherited,4,,religion and belief/belief systems and practices/occult,Originally Scottish and English regional…,3,yes,http://www.oed.com/dictionary/warlock_n1
"4 - unresolved: not marked obsolete, last-quotation year hidden",warping,WARPING,7,noun,1829-,1829,printed date range,derivative,1,,sciences/life sciences/animals,The mole's action of throwing up earth into mole-hills.,2,yes,http://www.oed.com/dictionary/warping_n2
"4 - unresolved: not marked obsolete, last-quotation year hidden",welcome,WELCOME,7,"noun, adjective, interjection",Old English-,1000,printed date range,inherited,6,,,"Of a person: Acceptable as a visitor, companion…",2,yes,http://www.oed.com/dictionary/welcome_n1
"4 - unresolved: not marked obsolete, last-quotation year hidden",what-now,WHATNOW,7,noun,1890-,1890,printed date range,compound,0,,,"= quidnunc, n.",0,,http://www.oed.com/dictionary/what-now_n
"4 - unresolved: not marked obsolete, last-quotation year hidden",whiffle,WHIFFLE,7,verb,1857-,1857,printed date range,backformation,1,,,intransitive. To act as a whiffler.,2,yes,http://www.oed.com/dictionary/whiffle_v2
"4 - unresolved: not marked obsolete, last-quotation year hidden",whisker,WHISKER,7,verb,1812-,1812,printed date range,conversion,3,,,(transitive) to furnish with whiskers.,2,,http://www.oed.com/dictionary/whisker_v
"4 - unresolved: not marked obsolete, last-quotation year hidden",whister,WHISTER,7,noun,1860-,1860,printed date range,derivative,1,,sport and leisure/games/cards/whist,A whist-player.,1,,http://www.oed.com/dictionary/whister_n
"4 - unresolved: not marked obsolete, last-quotation year hidden",wolfish,WOLFISH,7,adjective,1570-,1570,printed date range,derivative,4,,sciences/life sciences/animals,"Characteristic of, befitting, or resembling that…",0,,http://www.oed.com/dictionary/wolfish_adj
"4 - unresolved: not marked obsolete, last-quotation year hidden",all round,ALLROUND,8,"adverb, adjective, preposition, noun",a1535-,1535,printed date range,compound,5,,,"Everywhere around, completely around; in all…",0,,http://www.oed.com/dictionary/all-round_adv
"4 - unresolved: not marked obsolete, last-quotation year hidden",alt-right,ALTRIGHT,8,noun,2003-,2003,printed date range,compound,4,,politics,In the United States: a right-wing ideological…,0,,http://www.oed.com/dictionary/alt-right_n
"4 - unresolved: not marked obsolete, last-quotation year hidden",apricide,APRICIDE,8,noun,1864-,1864,printed date range,borrowing,0,,,The killing of a wild boar.,0,,http://www.oed.com/dictionary/apricide_n
"4 - unresolved: not marked obsolete, last-quotation year hidden",baggaged,BAGGAGED,8,adjective,1821-,1821,printed date range,derivative,1,,,"Loaded with baggage, having or carrying baggage…",0,,http://www.oed.com/dictionary/baggaged_adj
"4 - unresolved: not marked obsolete, last-quotation year hidden",Big Apple,BIGAPPLE,8,noun,1836-,1836,printed date range,compound,4,colloquial and slang,,With the. The city of New York.,0,,http://www.oed.com/dictionary/big-apple_n
"4 - unresolved: not marked obsolete, last-quotation year hidden",billable,BILLABLE,8,adjective,1597-,1597,printed date range,derivative,4,,economics and commerce,Originally and chiefly North American. Esp. of…,0,,http://www.oed.com/dictionary/billable_adj
"4 - unresolved: not marked obsolete, last-quotation year hidden",bird farm,BIRDFARM,8,noun,1842-,1842,printed date range,compound,0,,agriculture and horticulture/agriculture,A farm on which birds are reared or kept.,0,,http://www.oed.com/dictionary/bird-farm_n
"4 - unresolved: not marked obsolete, last-quotation year hidden",bloomery,BLOOMERY,8,noun,1832-,1832,printed date range,derivative,2,,,A collection or place full of blooms.,1,yes,http://www.oed.com/dictionary/bloomery_n2
"4 - unresolved: not marked obsolete, last-quotation year hidden",bodilize,BODILIZE,8,verb,a1843-,1843,printed date range,derivative,0,,,transitive. To make corporeal or material.,0,,http://www.oed.com/dictionary/bodilize_v
"4 - unresolved: not marked obsolete, last-quotation year hidden",boughery,BOUGHERY,8,noun,1855-,1855,printed date range,derivative,0,,,A structure of boughs.,0,,http://www.oed.com/dictionary/boughery_n
"4 - unresolved: not marked obsolete, last-quotation year hidden",bow-woman,BOWWOMAN,8,noun,1877-,1877,printed date range,compound,1,,sport and leisure/sport/archery,A female archer.,0,,http://www.oed.com/dictionary/bow-woman_n
"4 - unresolved: not marked obsolete, last-quotation year hidden",broadway,BROADWAY,8,"noun, adjective",Old English-,1000,printed date range,compound,3,,,"A wide, open road or highway, as opposed to a…",2,yes,http://www.oed.com/dictionary/broadway_n1
"4 - unresolved: not marked obsolete, last-quotation year hidden",Brownism,BROWNISM,8,noun,a1617-,1617,printed date range,proper name,3,,"religion and belief/religion/Christianity/Scottish Church, religion and belief/religion/Christianity/ecclesiastical",The system of church-government advocated 1581 by…,0,,http://www.oed.com/dictionary/brownism_n
"4 - unresolved: not marked obsolete, last-quotation year hidden",bucolism,BUCOLISM,8,noun,1830-,1830,printed date range,derivative,0,,,A rustic phrase or characteristic.,0,,http://www.oed.com/dictionary/bucolism_n
"4 - unresolved: not marked obsolete, last-quotation year hidden",buttress,BUTTRESS,8,verb,c1400-,1400,printed date range,conversion,5,,manufacturing and industry/building/architecture,"transitive. To furnish, strengthen, or stabilize…",0,,http://www.oed.com/dictionary/buttress_v
"4 - unresolved: not marked obsolete, last-quotation year hidden",Caiaphat,CAIAPHAT,8,noun,1676-,1676,printed date range,proper name,2,,,A high-priesthood like that of Caiaphas (see John…,0,,http://www.oed.com/dictionary/caiaphat_n
"4 - unresolved: not marked obsolete, last-quotation year hidden",cameldom,CAMELDOM,8,noun,1885-,1885,printed date range,derivative,0,,,The region of camels.,0,,http://www.oed.com/dictionary/cameldom_n
"4 - unresolved: not marked obsolete, last-quotation year hidden",camelist,CAMELIST,8,noun,1863-,1863,printed date range,derivative,0,,,A partisan of the camel.,0,,http://www.oed.com/dictionary/camelist_n
"4 - unresolved: not marked obsolete, last-quotation year hidden",campaign,CAMPAIGN,8,verb,1692-,1692,printed date range,conversion,5,,politics,intransitive. Originally U.S. To engage in…,1,,http://www.oed.com/dictionary/campaign_v
"4 - unresolved: not marked obsolete, last-quotation year hidden",cannonry,CANNONRY,8,noun,a1583-,1583,printed date range,derivative,2,historical,military/weaponry/gunnery and firearms,Discharge of cannon; cannonading.,0,,http://www.oed.com/dictionary/cannonry_n
"4 - unresolved: not marked obsolete, last-quotation year hidden",carbonic,CARBONIC,8,"adjective, noun",1788-,1788,printed date range,derivative,4,,sciences/physical sciences/chemistry/organic chemistry,Chemistry. Of or relating to carbon or its…,0,,http://www.oed.com/dictionary/carbonic_adj
"4 - unresolved: not marked obsolete, last-quotation year hidden",carriage,CARRIAGE,8,noun,a1387-,1387,printed date range,borrowing,6,,,Any of the separate sections of a train in which…,0,,http://www.oed.com/dictionary/carriage_n
"4 - unresolved: not marked obsolete, last-quotation year hidden",cataract,CATARACT,8,verb,1796-,1796,printed date range,conversion,3,,,intransitive. To fall in a cataract.,1,,http://www.oed.com/dictionary/cataract_v
"4 - unresolved: not marked obsolete, last-quotation year hidden",celibate,CELIBATE,8,verb,1659-,1659,printed date range,conversion,3,,,"transitive. To restrain from marriage, compel to…",2,,http://www.oed.com/dictionary/celibate_v
"4 - unresolved: not marked obsolete, last-quotation year hidden",ceramean,CERAMEAN,8,adjective,1783-,1783,printed date range,borrowing,0,,,Of or pertaining to a potter.,0,,http://www.oed.com/dictionary/ceramean_adj
"4 - unresolved: not marked obsolete, last-quotation year hidden",ceticide,CETICIDE,8,noun,1836-,1836,printed date range,borrowing,0,,manufacturing and industry/commercial fishing/whaling,A whale-killer.,0,,http://www.oed.com/dictionary/ceticide_n
"4 - unresolved: not marked obsolete, last-quotation year hidden",champkin,CHAMPKIN,8,noun,a1652-,1652,printed date range,derivative,0,,,"(Cf. bumpkin, n.¹ 1.)",0,,http://www.oed.com/dictionary/champkin_n
"4 - unresolved: not marked obsolete, last-quotation year hidden",cherryry,CHERRYRY,8,noun,1811-,1811,printed date range,derivative,0,,agriculture and horticulture/agriculture,A garden or collection of cherry-trees. Cf…,0,,http://www.oed.com/dictionary/cherryry_n
"4 - unresolved: not marked obsolete, last-quotation year hidden",chessite,CHESSITE,8,noun,1834-,1834,printed date range,derivative,0,,,"A partizan of chess, n.¹",0,,http://www.oed.com/dictionary/chessite_n
"4 - unresolved: not marked obsolete, last-quotation year hidden",chumhood,CHUMHOOD,8,noun,1883-,1883,printed date range,derivative,0,,,The condition or relation of a chum or chums.,0,,http://www.oed.com/dictionary/chumhood_n
"4 - unresolved: not marked obsolete, last-quotation year hidden",cityless,CITYLESS,8,adjective,c1450-,1450,printed date range,derivative,2,,,Without a city or cities; having no cities. Also…,0,,http://www.oed.com/dictionary/cityless_adj
"4 - unresolved: not marked obsolete, last-quotation year hidden",clangful,CLANGFUL,8,adjective,1866-,1866,printed date range,derivative,0,,,Sonorous.,0,,http://www.oed.com/dictionary/clangful_adj
"4 - unresolved: not marked obsolete, last-quotation year hidden",clausify,CLAUSIFY,8,verb,1881-,1881,printed date range,derivative,0,,,To arrange in clauses.,0,,http://www.oed.com/dictionary/clausify_v
"4 - unresolved: not marked obsolete, last-quotation year hidden",clipster,CLIPSTER,8,noun,1782-,1782,printed date range,derivative,0,,,A female clipper.,0,,http://www.oed.com/dictionary/clipster_n
"4 - unresolved: not marked obsolete, last-quotation year hidden",clogging,CLOGGING,8,noun,1577-,1577,printed date range,derivative,4,,,"The action of clog, v. (in various senses of…",1,,http://www.oed.com/dictionary/clogging_n
"4 - unresolved: not marked obsolete, last-quotation year hidden",colaphic,COLAPHIC,8,adjective,1837-,1837,printed date range,borrowing,0,,,Of or pertaining to a blow or buffet.,0,,http://www.oed.com/dictionary/colaphic_adj
"4 - unresolved: not marked obsolete, last-quotation year hidden",colteity,COLTEITY,8,noun,a1774-,1774,printed date range,derivative,0,,,Quality of being a colt.,0,,http://www.oed.com/dictionary/colteity_n
"4 - unresolved: not marked obsolete, last-quotation year hidden",commonty,COMMONTY,8,noun,a1382-,1382,printed date range,derivative,2,historical,law,Law (chiefly Scottish). Joint use or possession…,0,,http://www.oed.com/dictionary/commonty_n
"4 - unresolved: not marked obsolete, last-quotation year hidden",con-actor,CONACTOR,8,noun,1834-,1834,printed date range,derivative,0,,,A joint agent.,0,,http://www.oed.com/dictionary/con-actor_n
"4 - unresolved: not marked obsolete, last-quotation year hidden",condoret,CONDORET,8,noun,1873-,1873,printed date range,derivative,0,,,A young condor.,0,,http://www.oed.com/dictionary/condoret_n
"4 - unresolved: not marked obsolete, last-quotation year hidden",cosmetic,COSMETIC,8,"adjective, noun",1605-,1605,printed date range,borrowing,5,,,Of surgery: improving or modifying the…,1,,http://www.oed.com/dictionary/cosmetic_adj
"4 - unresolved: not marked obsolete, last-quotation year hidden",cracknut,CRACKNUT,8,"adjective, noun",1587-,1587,printed date range,compound,0,,,Chiefly Scottish and English regional. A nut in…,1,,http://www.oed.com/dictionary/cracknut_adj
"4 - unresolved: not marked obsolete, last-quotation year hidden",crammist,CRAMMIST,8,noun,1862-,1862,printed date range,derivative,0,colloquial and slang,,A person who studies a subject intensively over a…,0,,http://www.oed.com/dictionary/crammist_n
"4 - unresolved: not marked obsolete, last-quotation year hidden",creedful,CREEDFUL,8,adjective,1868-,1868,printed date range,derivative,0,,,Having or characterized by a creed.,0,,http://www.oed.com/dictionary/creedful_adj
"4 - unresolved: not marked obsolete, last-quotation year hidden",crescent,CRESCENT,8,verb,a1809-,1809,printed date range,conversion,2,,,transitive. To form into a crescent: see…,2,,http://www.oed.com/dictionary/crescent_v
"4 - unresolved: not marked obsolete, last-quotation year hidden",crestlet,CRESTLET,8,noun,1889-,1889,printed date range,derivative,0,,,A little crest.,0,,http://www.oed.com/dictionary/crestlet_n
"4 - unresolved: not marked obsolete, last-quotation year hidden",crotchet,CROTCHET,8,"noun, adverb",1426-,1426,printed date range,borrowing,4,,,Music. A note having a duration equal to half…,1,yes,http://www.oed.com/dictionary/crotchet_n1
"4 - unresolved: not marked obsolete, last-quotation year hidden",cruciate,CRUCIATE,8,verb,1532-,1532,printed date range,borrowing,4,archaic,,transitive. To afflict with grievous pain or…,1,,http://www.oed.com/dictionary/cruciate_v
"4 - unresolved: not marked obsolete, last-quotation year hidden",crucible,CRUCIBLE,8,verb,1841-,1841,printed date range,conversion,3,,,To put into or melt in a crucible.,1,,http://www.oed.com/dictionary/crucible_v
"4 - unresolved: not marked obsolete, last-quotation year hidden",cuisinic,CUISINIC,8,adjective,1848-,1848,printed date range,derivative,0,,consumables/food and cooking,Pertaining to the cuisine.,0,,http://www.oed.com/dictionary/cuisinic_adj
"4 - unresolved: not marked obsolete, last-quotation year hidden",culottic,CULOTTIC,8,adjective,1837-,1837,printed date range,borrowing,1,,,"Wearing breeches, respectable, as opposed to…",0,,http://www.oed.com/dictionary/culottic_adj
"4 - unresolved: not marked obsolete, last-quotation year hidden",daddyism,DADDYISM,8,noun,1841-,1841,printed date range,derivative,1,,,Chiefly U.S. Paternalistic policy or practice on…,0,,http://www.oed.com/dictionary/daddyism_n
"4 - unresolved: not marked obsolete, last-quotation year hidden",Dagonals,DAGONALS,8,noun,1614-,1614,printed date range,,0,,religion and belief/religion,(plural) rites or orgies in honour of Dagon.,0,,http://www.oed.com/dictionary/dagonals_n
"4 - unresolved: not marked obsolete, last-quotation year hidden",daintify,DAINTIFY,8,verb,1780-,1780,printed date range,derivative,0,,,transitive. To make dainty.,0,,http://www.oed.com/dictionary/daintify_v
"4 - unresolved: not marked obsolete, last-quotation year hidden",dameship,DAMESHIP,8,noun,1837-,1837,printed date range,derivative,0,,,The office or position of a dame.,0,,http://www.oed.com/dictionary/dameship_n
"4 - unresolved: not marked obsolete, last-quotation year hidden",decorist,DECORIST,8,noun,1839-,1839,printed date range,derivative,1,,,One attached to artistic proprieties.,0,,http://www.oed.com/dictionary/decorist_n
"4 - unresolved: not marked obsolete, last-quotation year hidden",degrowth,DEGROWTH,8,noun,1876-,1876,printed date range,derivative,4,,economics and commerce/economics,A policy of reducing levels of production and…,0,,http://www.oed.com/dictionary/degrowth_n
"4 - unresolved: not marked obsolete, last-quotation year hidden",derelict,DERELICT,8,verb,a1631-,1631,printed date range,borrowing,3,,,figurative. To fail to keep or observe; to fall…,1,,http://www.oed.com/dictionary/derelict_v
"4 - unresolved: not marked obsolete, last-quotation year hidden",destinee,DESTINEE,8,noun,1881-,1881,printed date range,derivative,3,,,The person for whom something (as a message…,0,,http://www.oed.com/dictionary/destinee_n
"4 - unresolved: not marked obsolete, last-quotation year hidden",destruct,DESTRUCT,8,verb,a1638-,1638,printed date range,borrowing,4,,,"= destroy, v. Also as n. attributive.",0,,http://www.oed.com/dictionary/destruct_v
"4 - unresolved: not marked obsolete, last-quotation year hidden",detonate,DETONATE,8,verb,1729-,1729,printed date range,borrowing,4,,,intransitive. To produce a loud noise by the…,0,,http://www.oed.com/dictionary/detonate_v
"4 - unresolved: not marked obsolete, last-quotation year hidden",dinnerly,DINNERLY,8,adverb,1837-,1837,printed date range,derivative,0,,,For or by one's dinner.,1,,http://www.oed.com/dictionary/dinnerly_adv
"4 - unresolved: not marked obsolete, last-quotation year hidden",dishuman,DISHUMAN,8,adjective,1920-,1920,printed date range,derivative,1,,,Unhuman.,0,,http://www.oed.com/dictionary/dishuman_adj
"4 - unresolved: not marked obsolete, last-quotation year hidden",disodour,DISODOUR,8,noun,1882-,1882,printed date range,derivative,0,,,Ill odour; evil repute.,0,,http://www.oed.com/dictionary/disodour_n
"4 - unresolved: not marked obsolete, last-quotation year hidden",disround,DISROUND,8,verb,1555-,1555,printed date range,derivative,0,,,transitive. To deprive of roundness or rotundity…,0,,http://www.oed.com/dictionary/disround_v
"4 - unresolved: not marked obsolete, last-quotation year hidden",distance,DISTANCE,8,verb,1578-,1578,printed date range,conversion,5,,,transitive (reflexive). To keep one's distance…,1,,http://www.oed.com/dictionary/distance_v
"4 - unresolved: not marked obsolete, last-quotation year hidden",divitism,DIVITISM,8,noun,1890-,1890,printed date range,borrowing,0,,,The condition of being rich.,0,,http://www.oed.com/dictionary/divitism_n
"4 - unresolved: not marked obsolete, last-quotation year hidden",dollatry,DOLLATRY,8,noun,1856-,1856,printed date range,,0,,,Worship of dolls.,0,,http://www.oed.com/dictionary/dollatry_n
"4 - unresolved: not marked obsolete, last-quotation year hidden",dolmenic,DOLMENIC,8,adjective,1882-,1882,printed date range,derivative,2,,,"Of or belonging to dolmens, or to the race who…",0,,http://www.oed.com/dictionary/dolmenic_adj
"4 - unresolved: not marked obsolete, last-quotation year hidden",domestic,DOMESTIC,8,"adjective, noun",?a1425-,1425,printed date range,borrowing,6,,,"Of or belonging to the home, house, or household…",0,,http://www.oed.com/dictionary/domestic_adj
"4 - unresolved: not marked obsolete, last-quotation year hidden",dopester,DOPESTER,8,noun,1895-,1895,printed date range,derivative,3,colloquial and slang,sport and leisure/games/gambling/betting,A person who collects information on sporting…,0,,http://www.oed.com/dictionary/dopester_n
"4 - unresolved: not marked obsolete, last-quotation year hidden",drudgism,DRUDGISM,8,noun,1834-,1834,printed date range,derivative,0,,,The practice of a drudge.,0,,http://www.oed.com/dictionary/drudgism_n
"4 - unresolved: not marked obsolete, last-quotation year hidden",duomachy,DUOMACHY,8,noun,1885-,1885,printed date range,borrowing,0,,,A fight of two; single combat.,0,,http://www.oed.com/dictionary/duomachy_n
"4 - unresolved: not marked obsolete, last-quotation year hidden",dustward,DUSTWARD,8,adverb,1847-,1847,printed date range,derivative,1,,,Towards the dust; towards death or the grave.,0,,http://www.oed.com/dictionary/dustward_adv
"4 - unresolved: not marked obsolete, last-quotation year hidden",dutiless,DUTILESS,8,adjective,a1603-,1603,printed date range,derivative,2,archaic,,Wanting in the performance of duty; undutiful…,0,,http://www.oed.com/dictionary/dutiless_adj
"4 - unresolved: not marked obsolete, last-quotation year hidden",ear guard,EARGUARD,8,noun,1647-,1647,printed date range,compound,2,,crafts and trades/costume/hats,A protector for the ear. Chiefly in plural.,0,,http://www.oed.com/dictionary/ear-guard_n
"4 - unresolved: not marked obsolete, last-quotation year hidden",echinate,ECHINATE,8,verb,1792-,1792,printed date range,conversion,2,,,transitive. Of a sponge spicule: to project from…,1,,http://www.oed.com/dictionary/echinate_v
"4 - unresolved: not marked obsolete, last-quotation year hidden",ecloguey,ECLOGUEY,8,adjective,1880-,1880,printed date range,derivative,0,,arts/literature,"Pertaining to, or of the nature of, an eclogue or…",0,,http://www.oed.com/dictionary/ecloguey_adj
"4 - unresolved: not marked obsolete, last-quotation year hidden",effacive,EFFACIVE,8,adjective,1883-,1883,printed date range,derivative,1,,,Disposed or tending to efface. self-effacive…,0,,http://www.oed.com/dictionary/effacive_adj
"4 - unresolved: not marked obsolete, last-quotation year hidden",egoistry,EGOISTRY,8,noun,1841-,1841,printed date range,derivative,0,,,"= egoism, n.",0,,http://www.oed.com/dictionary/egoistry_n
"4 - unresolved: not marked obsolete, last-quotation year hidden",Egyptize,EGYPTIZE,8,verb,1831-,1831,printed date range,proper name,1,,,intransitive. To refer things to Egyptian sources.,0,,http://www.oed.com/dictionary/egyptize_v
"4 - unresolved: not marked obsolete, last-quotation year hidden",eligible,ELIGIBLE,8,"adjective, noun",?a1425-,1425,printed date range,borrowing,6,,,Fit or deserving to be chosen; worthy of pursuing…,0,,http://www.oed.com/dictionary/eligible_adj
"4 - unresolved: not marked obsolete, last-quotation year hidden",embolism,EMBOLISM,8,noun,a1387-,1387,printed date range,borrowing,5,,crafts and trades/clocks and watches,Pathology. (See quot.),0,,http://www.oed.com/dictionary/embolism_n
"4 - unresolved: not marked obsolete, last-quotation year hidden",empeople,EMPEOPLE,8,verb,1582-,1582,printed date range,derivative,1,"archaic, poetic and literary",,transitive. To fill with people; to populate…,0,,http://www.oed.com/dictionary/empeople_v
"4 - unresolved: not marked obsolete, last-quotation year hidden",employee,EMPLOYEE,8,noun,1814-,1814,printed date range,derivative,7,,,A person who works for an employer; spec. a…,1,yes,http://www.oed.com/dictionary/employee_n1
"4 - unresolved: not marked obsolete, last-quotation year hidden",encolure,ENCOLURE,8,noun,1855-,1855,printed date range,borrowing,2,,sport and leisure/horses and riding,Used by Browning for: The mane (of a horse).,0,,http://www.oed.com/dictionary/encolure_n
"4 - unresolved: not marked obsolete, last-quotation year hidden",encomiac,ENCOMIAC,8,adjective,1869-,1869,printed date range,borrowing,0,,,Of or pertaining to eulogy; panegyrical.,0,,http://www.oed.com/dictionary/encomiac_adj
"4 - unresolved: not marked obsolete, last-quotation year hidden",encyclic,ENCYCLIC,8,"adjective, noun",1824-,1824,printed date range,borrowing,2,,education,"= encyclical, adj. A.1, A.2.",0,,http://www.oed.com/dictionary/encyclic_adj
"4 - unresolved: not marked obsolete, last-quotation year hidden",engineer,ENGINEER,8,verb,1738-,1738,printed date range,conversion,6,,,transitive. To use specialized knowledge or…,1,,http://www.oed.com/dictionary/engineer_v
"4 - unresolved: not marked obsolete, last-quotation year hidden",epochate,EPOCHATE,8,noun,1685-,1685,printed date range,derivative,0,,,The position of being the ‘epoch’ of a computation.,0,,http://www.oed.com/dictionary/epochate_n
"4 - unresolved: not marked obsolete, last-quotation year hidden",epomania,EPOMANIA,8,noun,1800-,1800,printed date range,borrowing,0,,arts/literature,A rage for the writing of epics.,0,,http://www.oed.com/dictionary/epomania_n
"4 - unresolved: not marked obsolete, last-quotation year hidden",essaykin,ESSAYKIN,8,noun,1860-,1860,printed date range,derivative,1,,arts/literature,A little essay.,0,,http://www.oed.com/dictionary/essaykin_n
"4 - unresolved: not marked obsolete, last-quotation year hidden",eucnemic,EUCNEMIC,8,adjective,1851-,1851,printed date range,borrowing,0,,history/ancient history/classical history/ancient Greek history,Well-greaved; hence belonging to ancient Greece.,0,,http://www.oed.com/dictionary/eucnemic_adj
"4 - unresolved: not marked obsolete, last-quotation year hidden",eupeptic,EUPEPTIC,8,"adjective, noun",1699-,1699,printed date range,borrowing,2,,sciences/medicine,Having a good digestion.,0,,http://www.oed.com/dictionary/eupeptic_adj
"4 - unresolved: not marked obsolete, last-quotation year hidden",exploded,EXPLODED,8,adjective,1563-,1563,printed date range,derivative,5,,,"Of an error: exposed. Of a theory, opinion, or…",0,,http://www.oed.com/dictionary/exploded_adj
"4 - unresolved: not marked obsolete, last-quotation year hidden",extranet,EXTRANET,8,noun,1995-,1995,printed date range,derivative,4,,"technology/computing, technology/telecommunications","An intranet that can be accessed, via the…",0,,http://www.oed.com/dictionary/extranet_n
"4 - unresolved: not marked obsolete, last-quotation year hidden",exulting,EXULTING,8,adjective,1757-,1757,printed date range,derivative,3,,,"That exults; exultant, triumphantly joyful.",1,,http://www.oed.com/dictionary/exulting_adj
"4 - unresolved: not marked obsolete, last-quotation year hidden",fandango,FANDANGO,8,verb,1834-,1834,printed date range,conversion,2,,arts/performing arts/dance,To dance a fandango.,1,,http://www.oed.com/dictionary/fandango_v
"4 - unresolved: not marked obsolete, last-quotation year hidden",farcedom,FARCEDOM,8,noun,1842-,1842,printed date range,derivative,0,,,Farcical spirit or style.,0,,http://www.oed.com/dictionary/farcedom_n
"4 - unresolved: not marked obsolete, last-quotation year hidden",fearling,FEARLING,8,noun,1837-,1837,printed date range,derivative,0,,,A creature that fears.,0,,http://www.oed.com/dictionary/fearling_n
"4 - unresolved: not marked obsolete, last-quotation year hidden",fibulate,FIBULATE,8,verb,1640-,1640,printed date range,borrowing,1,,,transitive. To put a button on (a foil).,0,,http://www.oed.com/dictionary/fibulate_v
"4 - unresolved: not marked obsolete, last-quotation year hidden",fine-draw,FINEDRAW,8,verb,1665-,1665,printed date range,compound,1,,crafts and trades/textiles/needlework,transitive. To draw or sew together (two pieces…,0,,http://www.oed.com/dictionary/fine-draw_v
"4 - unresolved: not marked obsolete, last-quotation year hidden",flimsify,FLIMSIFY,8,verb,1838-,1838,printed date range,derivative,0,,,transitive. To render flimsy.,0,,http://www.oed.com/dictionary/flimsify_v
"4 - unresolved: not marked obsolete, last-quotation year hidden",flintful,FLINTFUL,8,adjective,1596-,1596,printed date range,derivative,0,,,"= flinty, adj.",0,,http://www.oed.com/dictionary/flintful_adj
"4 - unresolved: not marked obsolete, last-quotation year hidden",flip-flop,FLIPFLOP,8,"noun, adjective, adverb",1661-,1661,printed date range,compound,4,,,Any of various informal backless shoes; now esp…,1,,http://www.oed.com/dictionary/flip-flop_n
"4 - unresolved: not marked obsolete, last-quotation year hidden",floor pan,FLOORPAN,8,noun,1911-,1911,printed date range,compound,3,,transport/motoring,The lower part of the body of a vehicle (esp. a…,0,,http://www.oed.com/dictionary/floor-pan_n
"4 - unresolved: not marked obsolete, last-quotation year hidden",fly-about,FLYABOUT,8,adjective,1799-,1799,printed date range,compound,0,,sport and leisure/horses and riding,Of horses: skittish.,0,,http://www.oed.com/dictionary/fly-about_adj
"4 - unresolved: not marked obsolete, last-quotation year hidden",frothery,FROTHERY,8,noun,1851-,1851,printed date range,derivative,0,,,"Mere froth, empty display, triviality.",0,,http://www.oed.com/dictionary/frothery_n
"4 - unresolved: not marked obsolete, last-quotation year hidden",fugitive,FUGITIVE,8,verb,1864-,1864,printed date range,conversion,2,,,"(transitive) to make fugitive, drive into exile.",1,,http://www.oed.com/dictionary/fugitive_v
"4 - unresolved: not marked obsolete, last-quotation year hidden",function,FUNCTION,8,verb,1844-,1844,printed date range,conversion,6,,,intransitive. To fulfil one's function; to work…,1,,http://www.oed.com/dictionary/function_v
"4 - unresolved: not marked obsolete, last-quotation year hidden",futurism,FUTURISM,8,noun,1846-,1846,printed date range,derivative,4,,arts,Usually with capital initial. An artistic and…,0,,http://www.oed.com/dictionary/futurism_n
"4 - unresolved: not marked obsolete, last-quotation year hidden",gainless,GAINLESS,8,adjective,1640-,1640,printed date range,derivative,2,,,Producing no gain; unprofitable; useless.,0,yes,http://www.oed.com/dictionary/gainless_adj2
"4 - unresolved: not marked obsolete, last-quotation year hidden",garlandy,GARLANDY,8,adjective,1830-,1830,printed date range,derivative,0,,,Resembling garlands.,0,,http://www.oed.com/dictionary/garlandy_adj
"4 - unresolved: not marked obsolete, last-quotation year hidden",geolatry,GEOLATRY,8,noun,1860-,1860,printed date range,compound,0,,religion and belief/religion,Worship of the earth. In later use also: intense…,0,,http://www.oed.com/dictionary/geolatry_n
"4 - unresolved: not marked obsolete, last-quotation year hidden",giftling,GIFTLING,8,noun,1860-,1860,printed date range,derivative,0,,,A small gift.,0,,http://www.oed.com/dictionary/giftling_n
"4 - unresolved: not marked obsolete, last-quotation year hidden",glutless,GLUTLESS,8,adjective,1787-,1787,printed date range,derivative,0,,,Insatiable.,0,,http://www.oed.com/dictionary/glutless_adj
"4 - unresolved: not marked obsolete, last-quotation year hidden",grasp-all,GRASPALL,8,noun,1802-,1802,printed date range,compound,0,,,"One who clutches at everything, a greedy person.",0,,http://www.oed.com/dictionary/grasp-all_n
"4 - unresolved: not marked obsolete, last-quotation year hidden",gumfiate,GUMFIATE,8,verb,1821-,1821,printed date range,borrowing,0,,,"transitive. To puff up, cause to swell.",0,,http://www.oed.com/dictionary/gumfiate_v
"4 - unresolved: not marked obsolete, last-quotation year hidden",half-jack,HALFJACK,8,noun,1729-,1729,printed date range,compound,1,,,South African. A half-bottle (now 375…,0,yes,http://www.oed.com/dictionary/half-jack_n2
"4 - unresolved: not marked obsolete, last-quotation year hidden",half moon,HALFMOON,8,"noun, adjective",a1425-,1425,printed date range,compound,4,,,The moon when half (or approximately half) of its…,1,,http://www.oed.com/dictionary/half-moon_n
"4 - unresolved: not marked obsolete, last-quotation year hidden",handmaid,HANDMAID,8,verb,1655-,1655,printed date range,conversion,2,,,transitive. To act as a handmaid to (a person or…,1,,http://www.oed.com/dictionary/handmaid_v
"4 - unresolved: not marked obsolete, last-quotation year hidden",harmonic,HARMONIC,8,"adjective, noun",1570-,1570,printed date range,borrowing,5,,"arts/performing arts/music, sciences",Music. Relating to harmony (as distinct from…,0,,http://www.oed.com/dictionary/harmonic_adj
"4 - unresolved: not marked obsolete, last-quotation year hidden",harshish,HARSHISH,8,adjective,1841-,1841,printed date range,derivative,1,,,Somewhat harsh.,0,,http://www.oed.com/dictionary/harshish_adj
"4 - unresolved: not marked obsolete, last-quotation year hidden",herpetic,HERPETIC,8,adjective,1848-,1848,printed date range,borrowing,3,,,"Crawling, reptilian.",1,yes,http://www.oed.com/dictionary/herpetic_adj2
"4 - unresolved: not marked obsolete, last-quotation year hidden",heterize,HETERIZE,8,verb,1865-,1865,printed date range,borrowing,0,,,transitive. To make different; to turn into…,0,,http://www.oed.com/dictionary/heterize_v
"4 - unresolved: not marked obsolete, last-quotation year hidden",hireling,HIRELING,8,"noun, adjective",Old English-,1000,printed date range,inherited,4,,military,One who serves for hire or wages; a hired…,0,,http://www.oed.com/dictionary/hireling_n
"4 - unresolved: not marked obsolete, last-quotation year hidden",homicide,HOMICIDE,8,verb,1543-,1543,printed date range,conversion,3,,,transitive. To kill or murder (a person).,2,,http://www.oed.com/dictionary/homicide_v
"4 - unresolved: not marked obsolete, last-quotation year hidden",hostelry,HOSTELRY,8,noun,c1386-,1386,printed date range,borrowing,4,archaic,,A house where lodging and entertainment are…,0,,http://www.oed.com/dictionary/hostelry_n
"4 - unresolved: not marked obsolete, last-quotation year hidden",hungrify,HUNGRIFY,8,verb,1881-,1881,printed date range,derivative,0,,,transitive. To make hungry.,0,,http://www.oed.com/dictionary/hungrify_v
"4 - unresolved: not marked obsolete, last-quotation year hidden",hyenaish,HYENAISH,8,adjective,1868-,1868,printed date range,derivative,0,,,Like or characteristic of a hyena.,0,,http://www.oed.com/dictionary/hyenaish_adj
"4 - unresolved: not marked obsolete, last-quotation year hidden",ifsoever,IFSOEVER,8,adverb,1857-,1857,printed date range,compound,0,,,If in any circumstances; if ever.,0,,http://www.oed.com/dictionary/ifsoever_adv
"4 - unresolved: not marked obsolete, last-quotation year hidden",ignorant,IGNORANT,8,"adjective, noun",?c1400-,1400,printed date range,borrowing,5,,,Of a person: lacking knowledge or awareness…,0,,http://www.oed.com/dictionary/ignorant_adj
"4 - unresolved: not marked obsolete, last-quotation year hidden",immunity,IMMUNITY,8,noun,c1384-,1384,printed date range,borrowing,6,,law,Medicine. The state of being insusceptible or…,0,,http://www.oed.com/dictionary/immunity_n
"4 - unresolved: not marked obsolete, last-quotation year hidden",increase,INCREASE,8,verb,c1315-,1315,printed date range,borrowing,7,,,"To become greater in size, amount, duration, or…",1,,http://www.oed.com/dictionary/increase_v
"4 - unresolved: not marked obsolete, last-quotation year hidden",infimity,INFIMITY,8,noun,1885-,1885,printed date range,borrowing,1,,,The quality of being ‘infimous’; concrete an…,0,,http://www.oed.com/dictionary/infimity_n
"4 - unresolved: not marked obsolete, last-quotation year hidden",infinite,INFINITE,8,verb,1656-,1656,printed date range,conversion,3,,,transitive. To render infinite; to infinitate.,1,,http://www.oed.com/dictionary/infinite_v
"4 - unresolved: not marked obsolete, last-quotation year hidden",inspunge,INSPUNGE,8,verb,1843-,1843,printed date range,derivative,0,,,transitive. To confine in a sponging-house.,0,,http://www.oed.com/dictionary/inspunge_v
"4 - unresolved: not marked obsolete, last-quotation year hidden",jack coat,JACKCOAT,8,noun,1652-,1652,printed date range,compound,0,historical,crafts and trades/costume,"†a. Profession, class; cf. coat, n. I.3…",0,,http://www.oed.com/dictionary/jack-coat_n
"4 - unresolved: not marked obsolete, last-quotation year hidden",jejunery,JEJUNERY,8,noun,1846-,1846,printed date range,derivative,0,,,Fasting; jejune writing.,0,,http://www.oed.com/dictionary/jejunery_n
"4 - unresolved: not marked obsolete, last-quotation year hidden",Jesuitry,JESUITRY,8,noun,1582-,1582,printed date range,derivative,2,disparaging,religion and belief/religion/Christianity/Roman Catholic Church,"The doctrines, principles, or practices followed…",0,,http://www.oed.com/dictionary/jesuitry_n
"4 - unresolved: not marked obsolete, last-quotation year hidden",jokesman,JOKESMAN,8,noun,1882-,1882,printed date range,compound,0,,arts,A professional joker.,0,,http://www.oed.com/dictionary/jokesman_n
"4 - unresolved: not marked obsolete, last-quotation year hidden",junglery,JUNGLERY,8,noun,1864-,1864,printed date range,derivative,0,,,A complication like that of a jungle.,0,,http://www.oed.com/dictionary/junglery_n
"4 - unresolved: not marked obsolete, last-quotation year hidden",kennelly,KENNELLY,8,adjective,1803-,1803,printed date range,derivative,1,,,Such as is found in a kennel or gutter.,1,,http://www.oed.com/dictionary/kennelly_adj
"4 - unresolved: not marked obsolete, last-quotation year hidden",keyboard,KEYBOARD,8,verb,1889-,1889,printed date range,conversion,4,,"crafts and trades/printing and typography, technology/computing",transitive. To enter or produce (text or other…,1,,http://www.oed.com/dictionary/keyboard_v
"4 - unresolved: not marked obsolete, last-quotation year hidden",kingfish,KINGFISH,8,noun,1653-,1653,printed date range,compound,3,,sciences/life sciences/animals/fish,A name given to various fishes… Chiefly U.S…,0,,http://www.oed.com/dictionary/kingfish_n
"4 - unresolved: not marked obsolete, last-quotation year hidden",kinkster,KINKSTER,8,noun,1900-,1900,printed date range,derivative,2,colloquial and slang,,A person who engages in sexual practices regarded…,0,,http://www.oed.com/dictionary/kinkster_n
"4 - unresolved: not marked obsolete, last-quotation year hidden",lackeyed,LACKEYED,8,adjective,1762-,1762,printed date range,derivative,1,,,Attended by lackeys.,0,,http://www.oed.com/dictionary/lackeyed_adj
"4 - unresolved: not marked obsolete, last-quotation year hidden",ladyness,LADYNESS,8,noun,1538-,1538,printed date range,derivative,1,,,The quality or state of being a lady…,0,,http://www.oed.com/dictionary/ladyness_n
"4 - unresolved: not marked obsolete, last-quotation year hidden",ladyship,LADYSHIP,8,noun,c1225-,1225,printed date range,derivative,4,,,Chiefly with possessive adjective: a title of…,1,,http://www.oed.com/dictionary/ladyship_n
"4 - unresolved: not marked obsolete, last-quotation year hidden",land-berg,LANDBERG,8,noun,1853-,1853,printed date range,compound,0,,,(After iceberg) an ‘ice-mountain’ on land.,0,,http://www.oed.com/dictionary/land-berg_n
"4 - unresolved: not marked obsolete, last-quotation year hidden",leathern,LEATHERN,8,adjective,Old English-,1000,printed date range,derivative,4,humorous,"crafts and trades/carriage-building, crafts and trades/leather-making, religion and belief/religion/Christianity/Quakerism",Consisting or made of leather. leathern…,0,,http://www.oed.com/dictionary/leathern_adj
"4 - unresolved: not marked obsolete, last-quotation year hidden",lectress,LECTRESS,8,noun,1867-,1867,printed date range,derivative,1,,,A female reader.,0,,http://www.oed.com/dictionary/lectress_n
"4 - unresolved: not marked obsolete, last-quotation year hidden",liceling,LICELING,8,noun,1791-,1791,printed date range,derivative,0,,sciences/life sciences/animals/invertebrates/insects,A little louse.,0,,http://www.oed.com/dictionary/liceling_n
"4 - unresolved: not marked obsolete, last-quotation year hidden",littered,LITTERED,8,adjective,1754-,1754,printed date range,derivative,4,,,"Employed or strewn as litter; also, scattered in…",0,,http://www.oed.com/dictionary/littered_adj
"4 - unresolved: not marked obsolete, last-quotation year hidden",loamless,LOAMLESS,8,adjective,1872-,1872,printed date range,derivative,2,,,Without loam; unmixed with loam.,0,,http://www.oed.com/dictionary/loamless_adj
"4 - unresolved: not marked obsolete, last-quotation year hidden",logonomy,LOGONOMY,8,noun,1803-,1803,printed date range,borrowing,0,,language/linguistics,The science of language.,0,,http://www.oed.com/dictionary/logonomy_n
"4 - unresolved: not marked obsolete, last-quotation year hidden",loom-lord,LOOMLORD,8,noun,1870-,1870,printed date range,compound,1,,crafts and trades/textiles/weaving,The proprietor of weaving machinery.,0,,http://www.oed.com/dictionary/loom-lord_n
"4 - unresolved: not marked obsolete, last-quotation year hidden",love bomb,LOVEBOMB,8,noun,1909-,1909,printed date range,compound,2,,,An effusive demonstration of approval or…,1,,http://www.oed.com/dictionary/love-bomb_n
"4 - unresolved: not marked obsolete, last-quotation year hidden",lovering,LOVERING,8,adjective,1926-,1926,printed date range,derivative,1,,,That behaves as a lover; courting.,1,,http://www.oed.com/dictionary/lovering_adj
"4 - unresolved: not marked obsolete, last-quotation year hidden",maidenly,MAIDENLY,8,"adjective, adverb",a1450-,1450,printed date range,derivative,4,,,"Of a quality, action, etc.: proper to or…",0,,http://www.oed.com/dictionary/maidenly_adj
"4 - unresolved: not marked obsolete, last-quotation year hidden",marigold,MARIGOLD,8,"noun, adjective",a1400-,1400,printed date range,proper name,4,,sciences/life sciences/plants,A plant of the genus Calendula (family Asteraceae…,0,,http://www.oed.com/dictionary/marigold_n
"4 - unresolved: not marked obsolete, last-quotation year hidden",maul-text,MAULTEXT,8,adjective,1881-,1881,printed date range,compound,0,,,That mauls a text.,0,,http://www.oed.com/dictionary/maul-text_adj
"4 - unresolved: not marked obsolete, last-quotation year hidden",meekship,MEEKSHIP,8,noun,c1225-,1225,printed date range,derivative,0,,,As a mock title for a (supposedly) meek person…,0,,http://www.oed.com/dictionary/meekship_n
"4 - unresolved: not marked obsolete, last-quotation year hidden",meridian,MERIDIAN,8,adjective,c1400-,1400,printed date range,borrowing,4,poetic and literary,,Of or relating to midday or noon; occuring or…,2,,http://www.oed.com/dictionary/meridian_adj
"4 - unresolved: not marked obsolete, last-quotation year hidden",meteoric,METEORIC,8,adjective,?1612-,1612,printed date range,derivative,4,,sciences/physical sciences/astronomy,"Astronomy. Of, relating to, derived from, or…",0,,http://www.oed.com/dictionary/meteoric_adj
"4 - unresolved: not marked obsolete, last-quotation year hidden",money man,MONEYMAN,8,noun,1585-,1585,printed date range,compound,4,,economics and commerce/finance,†a. A lover of money; b. a financier or backer; a…,0,,http://www.oed.com/dictionary/money-man_n
"4 - unresolved: not marked obsolete, last-quotation year hidden",moon time,MOONTIME,8,noun,1632-,1632,printed date range,compound,0,poetic and literary,sciences/medicine/physiology,The time at which menstruation occurs; a…,0,,http://www.oed.com/dictionary/moon-time_n
"4 - unresolved: not marked obsolete, last-quotation year hidden",mushroom,MUSHROOM,8,verb,1747-,1747,printed date range,conversion,4,,,"intransitive. To increase, develop, or spread rapidly.",1,,http://www.oed.com/dictionary/mushroom_v
"4 - unresolved: not marked obsolete, last-quotation year hidden",navarchy,NAVARCHY,8,noun,1648-,1648,printed date range,borrowing,1,,"history/ancient history/classical history/ancient Greek history, transport/nautical/navy",Ancient Greek History. The office or position of…,0,,http://www.oed.com/dictionary/navarchy_n
"4 - unresolved: not marked obsolete, last-quotation year hidden",neck-full,NECKFULL,8,adjective,1920-,1920,printed date range,compound,0,,,Full up to the neck.,0,,http://www.oed.com/dictionary/neck-full_adj
"4 - unresolved: not marked obsolete, last-quotation year hidden",negative,NEGATIVE,8,verb,1706-,1706,printed date range,conversion,4,,,transitive. U.S. To reject (a person proposed for…,2,,http://www.oed.com/dictionary/negative_v
"4 - unresolved: not marked obsolete, last-quotation year hidden",neurally,NEURALLY,8,adverb,1884-,1884,printed date range,derivative,3,,"sciences/medicine/anatomy, sciences/medicine/neurology","By or as regards nerves, the nervous system, or…",0,,http://www.oed.com/dictionary/neurally_adv
"4 - unresolved: not marked obsolete, last-quotation year hidden",news-dick,NEWSDICK,8,noun,a1953-,1953,printed date range,compound,0,,,A newspaper reporter.,0,,http://www.oed.com/dictionary/news-dick_n
"4 - unresolved: not marked obsolete, last-quotation year hidden",newswire,NEWSWIRE,8,noun,1860-,1860,printed date range,compound,3,,"manufacturing and industry/publishing and the book trade/journalism, technology/telecommunications/telegraphy",A telegraph wire via which syndicated news is…,0,,http://www.oed.com/dictionary/newswire_n
"4 - unresolved: not marked obsolete, last-quotation year hidden",nim-nosed,NIMNOSED,8,adjective,1936-,1936,printed date range,compound,0,,,Swift to pick up the scent.,0,,http://www.oed.com/dictionary/nim-nosed_adj
"4 - unresolved: not marked obsolete, last-quotation year hidden",ninepins,NINEPINS,8,noun,1580-,1580,printed date range,compound,3,,sport and leisure/sport/bowling,A game in which nine skittles are set up to be…,0,,http://www.oed.com/dictionary/ninepins_n
"4 - unresolved: not marked obsolete, last-quotation year hidden",not-at-all,NOTATALL,8,verb,1936-,1936,printed date range,conversion,2,,,intransitive. To say ‘not at all’. See not at all…,0,,http://www.oed.com/dictionary/not-at-all_v
"4 - unresolved: not marked obsolete, last-quotation year hidden",only-only,ONLYONLY,8,noun,1946-,1946,printed date range,compound,0,,,on one's only-only: alone; on one's own.,0,,http://www.oed.com/dictionary/only-only_n
"4 - unresolved: not marked obsolete, last-quotation year hidden",opsonist,OPSONIST,8,noun,1911-,1911,printed date range,derivative,1,,sciences/medicine,An advocate of the therapeutic use of opsonins.,0,,http://www.oed.com/dictionary/opsonist_n
"4 - unresolved: not marked obsolete, last-quotation year hidden",overhear,OVERHEAR,8,verb,Old English-,1000,printed date range,inherited,5,,,"transitive. To hear (words spoken, a person…",0,,http://www.oed.com/dictionary/overhear_v
"4 - unresolved: not marked obsolete, last-quotation year hidden",overlook,OVERLOOK,8,verb,a1400-,1400,printed date range,derivative,6,,,transitive. To fail to see or observe; to pass…,1,,http://www.oed.com/dictionary/overlook_v
"4 - unresolved: not marked obsolete, last-quotation year hidden",overplot,OVERPLOT,8,noun,1797-,1797,printed date range,derivative,2,,,A plot relating to a higher level than the…,1,,http://www.oed.com/dictionary/overplot_n
"4 - unresolved: not marked obsolete, last-quotation year hidden",pace-goer,PACEGOER,8,noun,1870-,1870,printed date range,compound,0,,,Someone or something capable of ‘going the pace’…,0,,http://www.oed.com/dictionary/pace-goer_n
"4 - unresolved: not marked obsolete, last-quotation year hidden",parsoned,PARSONED,8,adjective,1743-,1743,printed date range,derivative,1,colloquial and slang,,"Of a parish, etc.: provided with a parson. rare.",0,,http://www.oed.com/dictionary/parsoned_adj
"4 - unresolved: not marked obsolete, last-quotation year hidden",pastille,PASTILLE,8,verb,1846-,1846,printed date range,conversion,1,,,transitive. To make into a pastille.,1,,http://www.oed.com/dictionary/pastille_v
"4 - unresolved: not marked obsolete, last-quotation year hidden",patience,PATIENCE,8,verb,1596-,1596,printed date range,conversion,2,,,intransitive. To have or exercise patience.,2,,http://www.oed.com/dictionary/patience_v
"4 - unresolved: not marked obsolete, last-quotation year hidden",pectoral,PECTORAL,8,"noun, adjective",1422-,1422,printed date range,borrowing,5,,sciences/medicine,"Short for pectoral muscle, n. Usually in plural.",0,,http://www.oed.com/dictionary/pectoral_n
"4 - unresolved: not marked obsolete, last-quotation year hidden",persuade,PERSUADE,8,verb,c1450-,1450,printed date range,borrowing,6,,,transitive. To urge successfully to do something…,0,,http://www.oed.com/dictionary/persuade_v
"4 - unresolved: not marked obsolete, last-quotation year hidden",pigtaily,PIGTAILY,8,adjective,1858-,1858,printed date range,derivative,0,,,Characteristic or suggestive of the period when…,0,,http://www.oed.com/dictionary/pigtaily_adj
"4 - unresolved: not marked obsolete, last-quotation year hidden",pinafore,PINAFORE,8,verb,1843-,1843,printed date range,conversion,3,,crafts and trades/costume,transitive (usually in passive). To dress in a…,1,,http://www.oed.com/dictionary/pinafore_v
"4 - unresolved: not marked obsolete, last-quotation year hidden",pipe vein,PIPEVEIN,8,noun,1653-,1653,printed date range,compound,1,,"manufacturing and industry/mining, sciences/physical sciences/earth sciences/geology",†a. A vein of the body (obsolete (apparently an…,0,,http://www.oed.com/dictionary/pipe-vein_n
"4 - unresolved: not marked obsolete, last-quotation year hidden",post-obit,POSTOBIT,8,"noun, adjective",1751-,1751,printed date range,borrowing,2,,law,Taking effect after someone's death. Esp. in…,0,,http://www.oed.com/dictionary/post-obit_n
"4 - unresolved: not marked obsolete, last-quotation year hidden",pregnant,PREGNANT,8,"adjective, noun",1402-,1402,printed date range,borrowing,6,,,Of a woman or other female mammal: having…,2,yes,http://www.oed.com/dictionary/pregnant_adj1
"4 - unresolved: not marked obsolete, last-quotation year hidden",prejudge,PREJUDGE,8,verb,1531-,1531,printed date range,derivative,4,,,transitive. To pass judgement or pronounce…,0,,http://www.oed.com/dictionary/prejudge_v
"4 - unresolved: not marked obsolete, last-quotation year hidden",quatrain,QUATRAIN,8,noun,1584-,1584,printed date range,borrowing,4,,arts/literature,"A stanza of four lines, esp. one having alternate…",0,,http://www.oed.com/dictionary/quatrain_n
"4 - unresolved: not marked obsolete, last-quotation year hidden",ratsbany,RATSBANY,8,adjective,1937-,1937,printed date range,derivative,0,,,Poisonous.,0,,http://www.oed.com/dictionary/ratsbany_adj
"4 - unresolved: not marked obsolete, last-quotation year hidden",ravendom,RAVENDOM,8,noun,1870-,1870,printed date range,derivative,0,,,The community of ravens.,0,,http://www.oed.com/dictionary/ravendom_n
"4 - unresolved: not marked obsolete, last-quotation year hidden",reel-land,REELLAND,8,noun,1926-,1926,printed date range,compound,0,,arts/film,The world of the cinema.,0,,http://www.oed.com/dictionary/reel-land_n
"4 - unresolved: not marked obsolete, last-quotation year hidden",reheater,REHEATER,8,noun,1829-,1829,printed date range,derivative,3,,,An apparatus or device for reheating.,0,,http://www.oed.com/dictionary/reheater_n
"4 - unresolved: not marked obsolete, last-quotation year hidden",ridibund,RIDIBUND,8,adjective,1909-,1909,printed date range,borrowing,0,,,"Inclined to laughter; happy, lively.",0,,http://www.oed.com/dictionary/ridibund_adj
"4 - unresolved: not marked obsolete, last-quotation year hidden",right-eye,RIGHTEYE,8,adjective,1675-,1675,printed date range,compound,3,,,Of or relating to the right eye of a person or…,0,,http://www.oed.com/dictionary/right-eye_adj
"4 - unresolved: not marked obsolete, last-quotation year hidden",road rash,ROADRASH,8,noun,1892-,1892,printed date range,compound,2,colloquial and slang,sciences/medicine,†a. A ‘rash’ or outbreak of roads in an area…,0,,http://www.oed.com/dictionary/road-rash_n
"4 - unresolved: not marked obsolete, last-quotation year hidden",royalist,ROYALIST,8,"noun, adjective",1605-,1605,printed date range,derivative,5,historical,politics,A supporter or adherent of a monarch or a…,0,,http://www.oed.com/dictionary/royalist_n
"4 - unresolved: not marked obsolete, last-quotation year hidden",salopian,SALOPIAN,8,adjective,1822-,1822,printed date range,derivative,0,,,"Pertaining to the drink saloop (see saloop, n. 2a).",1,yes,http://www.oed.com/dictionary/salopian_adj2
"4 - unresolved: not marked obsolete, last-quotation year hidden",sarcomic,SARCOMIC,8,adjective,1958-,1958,printed date range,derivative,0,,sciences/medicine/pathology,"= cancerous, adj. figurative.",0,,http://www.oed.com/dictionary/sarcomic_adj
"4 - unresolved: not marked obsolete, last-quotation year hidden",scarlety,SCARLETY,8,adjective,1840-,1840,printed date range,derivative,1,,,Having a tinge of scarlet.,0,,http://www.oed.com/dictionary/scarlety_adj
"4 - unresolved: not marked obsolete, last-quotation year hidden",scouress,SCOURESS,8,noun,1648-,1648,printed date range,derivative,0,,,A female scourer.,0,,http://www.oed.com/dictionary/scouress_n
"4 - unresolved: not marked obsolete, last-quotation year hidden",scowlful,SCOWLFUL,8,adjective,1881-,1881,printed date range,derivative,0,,,Full of or characterized by scowling.,0,,http://www.oed.com/dictionary/scowlful_adj
"4 - unresolved: not marked obsolete, last-quotation year hidden",scribble,SCRIBBLE,8,noun,1577-,1577,printed date range,conversion,4,,arts/literature,A quickly or carelessly composed piece of…,2,,http://www.oed.com/dictionary/scribble_n
"4 - unresolved: not marked obsolete, last-quotation year hidden",scuppled,SCUPPLED,8,adjective,1873-,1873,printed date range,derivative,0,,,"Grooved, furrowed.",0,,http://www.oed.com/dictionary/scuppled_adj
"4 - unresolved: not marked obsolete, last-quotation year hidden",shaftlet,SHAFTLET,8,noun,1890-,1890,printed date range,derivative,1,,manufacturing and industry/building/architecture,A small shaft or column.,0,,http://www.oed.com/dictionary/shaftlet_n
"4 - unresolved: not marked obsolete, last-quotation year hidden",shapeful,SHAPEFUL,8,adjective,?1615-,1615,printed date range,derivative,1,,,Shapely.,0,,http://www.oed.com/dictionary/shapeful_adj
"4 - unresolved: not marked obsolete, last-quotation year hidden",sharking,SHARKING,8,adjective,1608-,1608,printed date range,derivative,3,,,That ‘sharks’; †that oppresses by extortion…,1,,http://www.oed.com/dictionary/sharking_adj
"4 - unresolved: not marked obsolete, last-quotation year hidden",shellery,SHELLERY,8,noun,1737-,1737,printed date range,derivative,0,,agriculture and horticulture/horticulture,A depreciatory name for: A grotto.,0,,http://www.oed.com/dictionary/shellery_n
"4 - unresolved: not marked obsolete, last-quotation year hidden",shielded,SHIELDED,8,adjective,Old English-,1000,printed date range,derivative,4,,,technical. Protected by a ‘shield’.,0,,http://www.oed.com/dictionary/shielded_adj
"4 - unresolved: not marked obsolete, last-quotation year hidden",shop club,SHOPCLUB,8,noun,a1641-,1641,printed date range,compound,2,,,†a. (Probably) a club or cudgel regarded as the…,0,,http://www.oed.com/dictionary/shop-club_n
"4 - unresolved: not marked obsolete, last-quotation year hidden",sing-sing,SINGSING,8,noun,1659-,1659,printed date range,imitative,2,,,A singing or ringing sound.,2,yes,http://www.oed.com/dictionary/sing-sing_n1
"4 - unresolved: not marked obsolete, last-quotation year hidden",smellsip,SMELLSIP,8,verb,1922-,1922,printed date range,compound,0,,,transitive. To smell and sip almost simultaneously.,0,,http://www.oed.com/dictionary/smellsip_v
"4 - unresolved: not marked obsolete, last-quotation year hidden",smockage,SMOCKAGE,8,noun,1612-,1612,printed date range,derivative,0,,,(See quot. 1612.),0,,http://www.oed.com/dictionary/smockage_n
"4 - unresolved: not marked obsolete, last-quotation year hidden",sonogram,SONOGRAM,8,noun,1869-,1869,printed date range,compound,4,,"sciences/medicine, sciences/physical sciences/physics/acoustics",Frequently in form sonagram. Also with capital…,0,,http://www.oed.com/dictionary/sonogram_n
"4 - unresolved: not marked obsolete, last-quotation year hidden",sootiman,SOOTIMAN,8,noun,1810-,1810,printed date range,compound,0,,,A chimney-sweep.,0,,http://www.oed.com/dictionary/sootiman_n
"4 - unresolved: not marked obsolete, last-quotation year hidden",spadelet,SPADELET,8,noun,1959-,1959,printed date range,derivative,0,offensive,,offensive. A black child.,0,,http://www.oed.com/dictionary/spadelet_n
"4 - unresolved: not marked obsolete, last-quotation year hidden",speak-out,SPEAKOUT,8,"noun, adjective",1935-,1935,printed date range,compound,2,colloquial and slang,,An occasion or event during which people can…,0,,http://www.oed.com/dictionary/speak-out_n
"4 - unresolved: not marked obsolete, last-quotation year hidden",specious,SPECIOUS,8,"adjective, noun",c1390-,1390,printed date range,borrowing,4,,,"Of reasoning, an argument, etc.: apparently sound…",0,,http://www.oed.com/dictionary/specious_adj
"4 - unresolved: not marked obsolete, last-quotation year hidden",spectrey,SPECTREY,8,noun,1822-,1822,printed date range,derivative,0,,,A place of spectres.,0,,http://www.oed.com/dictionary/spectrey_n
"4 - unresolved: not marked obsolete, last-quotation year hidden",spoonery,SPOONERY,8,noun,1824-,1824,printed date range,derivative,0,,,"Foolishness, silliness.",0,,http://www.oed.com/dictionary/spoonery_n
"4 - unresolved: not marked obsolete, last-quotation year hidden",sprigged,SPRIGGED,8,adjective,1572-,1572,printed date range,derivative,3,,crafts and trades/textiles,Embellished or ornamented with a… Bearing a…,1,yes,http://www.oed.com/dictionary/sprigged_adj1
"4 - unresolved: not marked obsolete, last-quotation year hidden",squirina,SQUIRINA,8,noun,1823-,1823,printed date range,derivative,0,,,The daughter of a squire.,0,,http://www.oed.com/dictionary/squirina_n
"4 - unresolved: not marked obsolete, last-quotation year hidden",stagship,STAGSHIP,8,noun,1899-,1899,printed date range,derivative,0,,,"The condition, dignity or state of being a stag.",0,,http://www.oed.com/dictionary/stagship_n
"4 - unresolved: not marked obsolete, last-quotation year hidden",standard,STANDARD,8,"noun, adjective, interjection",?a1160-,1160,printed date range,borrowing,7,,,"A rule, principle, criterion, or measure by which…",0,,http://www.oed.com/dictionary/standard_n
"4 - unresolved: not marked obsolete, last-quotation year hidden",standing,STANDING,8,"adjective, noun",Old English-,1000,printed date range,derivative,6,,,"Of a person, animal, etc.: that is in an upright…",1,,http://www.oed.com/dictionary/standing_adj
"4 - unresolved: not marked obsolete, last-quotation year hidden",standing,STANDING,8,noun,?c1225-,1225,printed date range,derivative,5,,,"High esteem, rank, or status. Later (also) more…",1,yes,http://www.oed.com/dictionary/standing_n1
"4 - unresolved: not marked obsolete, last-quotation year hidden",statical,STATICAL,8,adjective,1570-,1570,printed date range,borrowing,4,,sciences,Originally: †relating to weight or the…,0,,http://www.oed.com/dictionary/statical_adj
"4 - unresolved: not marked obsolete, last-quotation year hidden",stayhold,STAYHOLD,8,noun,1851-,1851,printed date range,compound,0,,,A firm foothold.,0,,http://www.oed.com/dictionary/stayhold_n
"4 - unresolved: not marked obsolete, last-quotation year hidden",stealage,STEALAGE,8,noun,1769-,1769,printed date range,derivative,1,,,Losses due to stealing.,0,,http://www.oed.com/dictionary/stealage_n
"4 - unresolved: not marked obsolete, last-quotation year hidden",stiletto,STILETTO,8,verb,1613-,1613,printed date range,conversion,2,,sciences/medicine,"transitive. To stab, esp. mortally, with a stiletto.",1,,http://www.oed.com/dictionary/stiletto_v
"4 - unresolved: not marked obsolete, last-quotation year hidden",stintily,STINTILY,8,adverb,1881-,1881,printed date range,derivative,0,,,In a stinted or miserly manner.,0,,http://www.oed.com/dictionary/stintily_adv
"4 - unresolved: not marked obsolete, last-quotation year hidden",stonelet,STONELET,8,noun,1899-,1899,printed date range,derivative,0,,sciences/physical sciences/earth sciences/geology,A little stone.,0,,http://www.oed.com/dictionary/stonelet_n
"4 - unresolved: not marked obsolete, last-quotation year hidden",struttle,STRUTTLE,8,noun,1829-,1829,printed date range,derivative,1,,,A petty strut or manner of strutting.,1,yes,http://www.oed.com/dictionary/struttle_n2
"4 - unresolved: not marked obsolete, last-quotation year hidden",subhuman,SUBHUMAN,8,"adjective, noun",1790-,1790,printed date range,derivative,4,,,Of a lower order of being than humans; belonging…,0,,http://www.oed.com/dictionary/subhuman_adj
"4 - unresolved: not marked obsolete, last-quotation year hidden",suffrage,SUFFRAGE,8,noun,a1400-,1400,printed date range,borrowing,5,,,The right to vote as a member of a particular…,0,,http://www.oed.com/dictionary/suffrage_n
"4 - unresolved: not marked obsolete, last-quotation year hidden",sunburnt,SUNBURNT,8,adjective,a1500-,1500,printed date range,compound,4,,sciences/medicine/pathology,"Of a person or a person's face, limbs, etc…",0,,http://www.oed.com/dictionary/sunburnt_adj
"4 - unresolved: not marked obsolete, last-quotation year hidden",surnamer,SURNAMER,8,noun,1589-,1589,printed date range,derivative,0,,,"Puttenham's englishing of antonomasia, n.",0,,http://www.oed.com/dictionary/surnamer_n
"4 - unresolved: not marked obsolete, last-quotation year hidden",sweep-all,SWEEPALL,8,noun,1695-,1695,printed date range,compound,0,,,"One who ‘sweeps up’ or appropriates all, =…",0,,http://www.oed.com/dictionary/sweep-all_n
"4 - unresolved: not marked obsolete, last-quotation year hidden",sweepdom,SWEEPDOM,8,noun,1855-,1855,printed date range,derivative,0,,,Sweeps collectively.,0,,http://www.oed.com/dictionary/sweepdom_n
"4 - unresolved: not marked obsolete, last-quotation year hidden",swordlet,SWORDLET,8,noun,1884-,1884,printed date range,derivative,0,,sport and leisure/sport/fencing,A small sword.,0,,http://www.oed.com/dictionary/swordlet_n
"4 - unresolved: not marked obsolete, last-quotation year hidden",syllabic,SYLLABIC,8,"adjective, noun",1728-,1728,printed date range,borrowing,4,,language/linguistics/phonetics,"Of, pertaining or relating to, a syllable or syllables.",0,,http://www.oed.com/dictionary/syllabic_adj
"4 - unresolved: not marked obsolete, last-quotation year hidden",syllable,SYLLABLE,8,noun,c1384-,1384,printed date range,borrowing,5,,language/linguistics/phonetics,A vocal sound or set of sounds uttered with a…,1,,http://www.oed.com/dictionary/syllable_n
"4 - unresolved: not marked obsolete, last-quotation year hidden",syllable,SYLLABLE,8,verb,c1475-,1475,printed date range,conversion,4,,language/linguistics/phonetics,To utter or express in (or as in) syllables or…,1,,http://www.oed.com/dictionary/syllable_v
"4 - unresolved: not marked obsolete, last-quotation year hidden",Tartarus,TARTARUS,8,verb,1856-,1856,printed date range,conversion,2,,religion and belief/religion,(transitive) to consign to Tartarus (representing…,1,,http://www.oed.com/dictionary/tartarus_v
"4 - unresolved: not marked obsolete, last-quotation year hidden",tavernly,TAVERNLY,8,adjective,1612-,1612,printed date range,derivative,0,,,Smacking of the tavern.,0,,http://www.oed.com/dictionary/tavernly_adj
"4 - unresolved: not marked obsolete, last-quotation year hidden",tavernry,TAVERNRY,8,noun,c1650-,1650,printed date range,derivative,0,,economics and commerce/finance,Tavern-expenses.,0,,http://www.oed.com/dictionary/tavernry_n
"4 - unresolved: not marked obsolete, last-quotation year hidden",temperal,TEMPERAL,8,adjective,1816-,1816,printed date range,derivative,2,,,"Of, pertaining to, or resulting from tempering.",0,,http://www.oed.com/dictionary/temperal_adj
"4 - unresolved: not marked obsolete, last-quotation year hidden",termless,TERMLESS,8,adjective,a1542-,1542,printed date range,derivative,2,poetic and literary,,Originally and chiefly poetic. Having no limit in…,0,,http://www.oed.com/dictionary/termless_adj
"4 - unresolved: not marked obsolete, last-quotation year hidden",tipstaff,TIPSTAFF,8,noun,1541-,1541,printed date range,compound,3,archaic,law,An official carrying a tipped staff; spec. (a) a…,0,,http://www.oed.com/dictionary/tipstaff_n
"4 - unresolved: not marked obsolete, last-quotation year hidden",tobaccoy,TOBACCOY,8,adjective,1840-,1840,printed date range,derivative,1,,consumables/tobacco,Impregnated with or smelling of tobacco-smoke.,0,,http://www.oed.com/dictionary/tobaccoy_adj
"4 - unresolved: not marked obsolete, last-quotation year hidden",together,TOGETHER,8,"adverb, preposition, noun, adjective",Old English-,1000,printed date range,inherited,7,,,"Into one gathering, company, mass, or body.",0,,http://www.oed.com/dictionary/together_adv
"4 - unresolved: not marked obsolete, last-quotation year hidden",Toriness,TORINESS,8,noun,1890-,1890,printed date range,derivative,0,,politics/British politics,Tory quality or condition.,0,,http://www.oed.com/dictionary/toriness_n
"4 - unresolved: not marked obsolete, last-quotation year hidden",tory-rory,TORYRORY,8,"adjective, adverb, interjection, noun",1663-,1663,printed date range,variant,0,"disparaging, historical",politics/British politics,Originally: that is a supporter of Charles II and…,0,,http://www.oed.com/dictionary/tory-rory_adj
"4 - unresolved: not marked obsolete, last-quotation year hidden",toupeted,TOUPETED,8,adjective,1903-,1903,printed date range,derivative,0,,crafts and trades/costume,Wearing a toupet.,0,,http://www.oed.com/dictionary/toupeted_adj
"4 - unresolved: not marked obsolete, last-quotation year hidden",township,TOWNSHIP,8,noun,Old English-,1000,printed date range,derivative,5,,,In South Africa: an urban or peri-urban area…,0,,http://www.oed.com/dictionary/township_n
"4 - unresolved: not marked obsolete, last-quotation year hidden",toxology,TOXOLOGY,8,noun,1843-,1843,printed date range,borrowing,1,humorous,sport and leisure/sport/archery,"The study of the bow, i.e. archery; but in quot…",0,,http://www.oed.com/dictionary/toxology_n
"4 - unresolved: not marked obsolete, last-quotation year hidden",trascine,TRASCINE,8,verb,1922-,1922,printed date range,borrowing,1,,,"transitive. To carry, to drag.",0,,http://www.oed.com/dictionary/trascine_v
"4 - unresolved: not marked obsolete, last-quotation year hidden",traverse,TRAVERSE,8,noun,a1393-,1393,printed date range,borrowing,4,,,An act of travelling or journeying right through…,0,,http://www.oed.com/dictionary/traverse_n
"4 - unresolved: not marked obsolete, last-quotation year hidden",treasury,TREASURY,8,verb,1856-,1856,printed date range,conversion,2,,,In passive to be honoured by the Treasury.,0,,http://www.oed.com/dictionary/treasury_v
"4 - unresolved: not marked obsolete, last-quotation year hidden",treeward,TREEWARD,8,adjective,1869-,1869,printed date range,derivative,0,,,Toward a tree or trees.,0,,http://www.oed.com/dictionary/treeward_adj
"4 - unresolved: not marked obsolete, last-quotation year hidden",tri-spear,TRISPEAR,8,noun,1887-,1887,printed date range,compound,0,,,A trident.,0,,http://www.oed.com/dictionary/tri-spear_n
"4 - unresolved: not marked obsolete, last-quotation year hidden",Tritonic,TRITONIC,8,adjective,1836-,1836,printed date range,derivative,1,,religion and belief/mythology,Of or pertaining to a Triton or Tritons.,0,,http://www.oed.com/dictionary/tritonic_adj
"4 - unresolved: not marked obsolete, last-quotation year hidden",tri-vided,TRIVIDED,8,adjective,1900-,1900,printed date range,compound,0,,,Divided into three.,0,,http://www.oed.com/dictionary/tri-vided_adj
"4 - unresolved: not marked obsolete, last-quotation year hidden",Trojanry,TROJANRY,8,noun,1665-,1665,printed date range,derivative,0,,,Body or company of Trojans.,0,,http://www.oed.com/dictionary/trojanry_n
"4 - unresolved: not marked obsolete, last-quotation year hidden",tunicled,TUNICLED,8,adjective,1652-,1652,printed date range,derivative,0,,,Enclosed in or as in a tunicle.,0,,http://www.oed.com/dictionary/tunicled_adj
"4 - unresolved: not marked obsolete, last-quotation year hidden",turnpike,TURNPIKE,8,verb,1672-,1672,printed date range,conversion,0,historical,,transitive. To erect turnpikes on (a road); to…,1,,http://www.oed.com/dictionary/turnpike_v
"4 - unresolved: not marked obsolete, last-quotation year hidden",turretry,TURRETRY,8,noun,1824-,1824,printed date range,derivative,0,,military/fortification,Turrets collectively.,0,,http://www.oed.com/dictionary/turretry_n
"4 - unresolved: not marked obsolete, last-quotation year hidden",turtlish,TURTLISH,8,adjective,1855-,1855,printed date range,derivative,1,archaic,,Having the character or qualities of a turtle-dove.,0,,http://www.oed.com/dictionary/turtlish_adj
"4 - unresolved: not marked obsolete, last-quotation year hidden",turtlize,TURTLIZE,8,verb,1803-,1803,printed date range,derivative,0,archaic,,transitive to turn into or make like a turtle-dove.,0,,http://www.oed.com/dictionary/turtlize_v
"4 - unresolved: not marked obsolete, last-quotation year hidden",tutorial,TUTORIAL,8,"adjective, noun",1766-,1766,printed date range,borrowing,5,,education,Of or pertaining to a teacher or instructor; esp…,0,,http://www.oed.com/dictionary/tutorial_adj
"4 - unresolved: not marked obsolete, last-quotation year hidden",tutorify,TUTORIFY,8,verb,1826-,1826,printed date range,derivative,0,,,transitive. To make or render tutorial.,0,,http://www.oed.com/dictionary/tutorify_v
"4 - unresolved: not marked obsolete, last-quotation year hidden",twinfold,TWINFOLD,8,adjective,1842-,1842,printed date range,derivative,1,,,"Twofold, with the two parts or elements in close…",0,,http://www.oed.com/dictionary/twinfold_adj
"4 - unresolved: not marked obsolete, last-quotation year hidden",twinhood,TWINHOOD,8,noun,1871-,1871,printed date range,derivative,2,,,"= twinship, n.",0,,http://www.oed.com/dictionary/twinhood_n
"4 - unresolved: not marked obsolete, last-quotation year hidden",twinness,TWINNESS,8,noun,1909-,1909,printed date range,derivative,2,,,"= twinship, n.",0,,http://www.oed.com/dictionary/twinness_n
"4 - unresolved: not marked obsolete, last-quotation year hidden",typeless,TYPELESS,8,adjective,1845-,1845,printed date range,derivative,3,,,"Untyped, unprinted.",0,,http://www.oed.com/dictionary/typeless_adj
"4 - unresolved: not marked obsolete, last-quotation year hidden",unplunge,UNPLUNGE,8,verb,a1641-,1641,printed date range,derivative,1,,,transitive. To raise from a plunged position or state.,0,,http://www.oed.com/dictionary/unplunge_v
"4 - unresolved: not marked obsolete, last-quotation year hidden",unwisdom,UNWISDOM,8,noun,Old English-,1000,printed date range,inherited,3,,,"Lack or absence of wisdom; ignorance, folly, stupidity.",0,,http://www.oed.com/dictionary/unwisdom_n
"4 - unresolved: not marked obsolete, last-quotation year hidden",vagulous,VAGULOUS,8,adjective,1919-,1919,printed date range,borrowing,1,,,"Wayward, vague, wavering.",0,,http://www.oed.com/dictionary/vagulous_adj
"4 - unresolved: not marked obsolete, last-quotation year hidden",vanquash,VANQUASH,8,verb,c1626-,1626,printed date range,compound,0,,,transitive. To smash.,0,,http://www.oed.com/dictionary/vanquash_v
"4 - unresolved: not marked obsolete, last-quotation year hidden",viricide,VIRICIDE,8,noun,1766-,1766,printed date range,borrowing,2,,,The slaying of men or of husbands.,0,yes,http://www.oed.com/dictionary/viricide_n1
"4 - unresolved: not marked obsolete, last-quotation year hidden",virulent,VIRULENT,8,adjective,c1400-,1400,printed date range,borrowing,5,,,"Medicine. Of diseases, etc.: Characterized by…",1,,http://www.oed.com/dictionary/virulent_adj
"4 - unresolved: not marked obsolete, last-quotation year hidden",vocalese,VOCALESE,8,noun,1921-,1921,printed date range,derivative,2,,arts/performing arts/music/jazz,Originally and chiefly Jazz. A style of singing…,0,,http://www.oed.com/dictionary/vocalese_n
"4 - unresolved: not marked obsolete, last-quotation year hidden",waterway,WATERWAY,8,noun,Old English-,1000,printed date range,compound,5,,transport/inland waterways,A route for travel or transport by water; a…,0,,http://www.oed.com/dictionary/waterway_n
"4 - unresolved: not marked obsolete, last-quotation year hidden",water-wit,WATERWIT,8,noun,1658-,1658,printed date range,compound,1,historical,,†a. (Perhaps) a person with only water for wits…,0,,http://www.oed.com/dictionary/water-wit_n
"4 - unresolved: not marked obsolete, last-quotation year hidden",what-like,WHATLIKE,8,adjective,1719-,1719,printed date range,,0,archaic,,interrogative. Of what appearance or aspect; of…,0,,http://www.oed.com/dictionary/what-like_adj
"4 - unresolved: not marked obsolete, last-quotation year hidden",whatness,WHATNESS,8,noun,1611-,1611,printed date range,derivative,3,,,That which makes a thing what it is; essential…,0,,http://www.oed.com/dictionary/whatness_n
"4 - unresolved: not marked obsolete, last-quotation year hidden",wheeldom,WHEELDOM,8,noun,1887-,1887,printed date range,derivative,0,,sport and leisure/sport/cycling,"The domain or ‘world’ of wheeled vehicles, esp…",0,,http://www.oed.com/dictionary/wheeldom_n
"4 - unresolved: not marked obsolete, last-quotation year hidden",whenness,WHENNESS,8,noun,1710-,1710,printed date range,derivative,1,,,Condition in respect of time.,0,,http://www.oed.com/dictionary/whenness_n
"4 - unresolved: not marked obsolete, last-quotation year hidden",whinyard,WHINYARD,8,noun,1478-,1478,printed date range,unknown,1,historical,military/weaponry,"A short-sword, a hanger.",0,,http://www.oed.com/dictionary/whinyard_n
"4 - unresolved: not marked obsolete, last-quotation year hidden",whippant,WHIPPANT,8,adjective,1652-,1652,printed date range,derivative,0,humorous,,That is frequently whipped.,0,,http://www.oed.com/dictionary/whippant_adj
"4 - unresolved: not marked obsolete, last-quotation year hidden",whipship,WHIPSHIP,8,noun,1817-,1817,printed date range,derivative,0,humorous,politics/parliament,The post of a parliamentary ‘whip’.,0,,http://www.oed.com/dictionary/whipship_n
"4 - unresolved: not marked obsolete, last-quotation year hidden",white boy,WHITEBOY,8,noun,c1600-,1600,printed date range,compound,4,,,Originally and chiefly in African American usage…,0,,http://www.oed.com/dictionary/white-boy_n
"4 - unresolved: not marked obsolete, last-quotation year hidden",windmill,WINDMILL,8,verb,1694-,1694,printed date range,conversion,3,,,transitive. To move (something) rapidly around in…,1,,http://www.oed.com/dictionary/windmill_v
"4 - unresolved: not marked obsolete, last-quotation year hidden",windmill,WINDMILL,8,"noun, adjective",c1230-,1230,printed date range,compound,5,,,A structure that harnesses the power of the wind…,1,,http://www.oed.com/dictionary/windmill_n
"4 - unresolved: not marked obsolete, last-quotation year hidden",wineless,WINELESS,8,adjective,1436-,1436,printed date range,derivative,2,,,Lacking or destitute of wine.,0,,http://www.oed.com/dictionary/wineless_adj
"4 - unresolved: not marked obsolete, last-quotation year hidden",woodcock,WOODCOCK,8,verb,1817-,1817,printed date range,conversion,1,,,(intransitive) to act like a woodcock (see quot…,1,,http://www.oed.com/dictionary/woodcock_v
"4 - unresolved: not marked obsolete, last-quotation year hidden",woodwork,WOODWORK,8,noun,1297-,1297,printed date range,compound,4,,crafts and trades/woodworking,"Wood that has been worked, carved, shaped, etc…",0,,http://www.oed.com/dictionary/woodwork_n
"4 - unresolved: not marked obsolete, last-quotation year hidden",wort-blue,WORTBLUE,8,adjective,a1973-,1973,printed date range,compound,0,,,Of a blue colour.,0,,http://www.oed.com/dictionary/wort-blue_adj
"4 - unresolved: not marked obsolete, last-quotation year hidden",yachtdom,YACHTDOM,8,noun,1901-,1901,printed date range,derivative,0,,transport/nautical,"= yachtery, n.",0,,http://www.oed.com/dictionary/yachtdom_n
"4 - unresolved: not marked obsolete, last-quotation year hidden",yachtery,YACHTERY,8,noun,1861-,1861,printed date range,derivative,0,,transport/nautical/sailing,Yachts collectively.,0,,http://www.oed.com/dictionary/yachtery_n
"4 - unresolved: not marked obsolete, last-quotation year hidden",yachtian,YACHTIAN,8,noun,1842-,1842,printed date range,derivative,0,,"sport and leisure/sport, transport/nautical/sailing",A yachtsman.,0,,http://www.oed.com/dictionary/yachtian_n
"4 - unresolved: not marked obsolete, last-quotation year hidden",yachtist,YACHTIST,8,noun,1895-,1895,printed date range,derivative,0,,"sport and leisure/sport, transport/nautical","= yachtian, n.",0,,http://www.oed.com/dictionary/yachtist_n
"4 - unresolved: not marked obsolete, last-quotation year hidden",yahooish,YAHOOISH,8,adjective,1885-,1885,printed date range,derivative,0,,,Resembling or characteristic of a yahoo.,0,,http://www.oed.com/dictionary/yahooish_adj
"4 - unresolved: not marked obsolete, last-quotation year hidden",Yankeese,YANKEESE,8,noun,1883-,1883,printed date range,derivative,0,,,American English.,0,,http://www.oed.com/dictionary/yankeese_n
"4 - unresolved: not marked obsolete, last-quotation year hidden",Yankland,YANKLAND,8,noun,1834-,1834,printed date range,compound,0,colloquial and slang,,"The land of the Yankees, America.",0,,http://www.oed.com/dictionary/yankland_n
"4 - unresolved: not marked obsolete, last-quotation year hidden",zero hour,ZEROHOUR,8,noun,1915-,1915,printed date range,compound,4,,military,The time at which a military operation is…,0,,http://www.oed.com/dictionary/zero-hour_n
"4 - unresolved: not marked obsolete, last-quotation year hidden",actionism,ACTIONISM,9,noun,1875-,1875,printed date range,derivative,2,,arts/visual arts,Belief in or advocacy of taking action; activism.,0,,http://www.oed.com/dictionary/actionism_n
"4 - unresolved: not marked obsolete, last-quotation year hidden",aerialist,AERIALIST,9,noun,1778-,1778,printed date range,derivative,3,,arts,An aerial performer; spec. a person who performs…,0,,http://www.oed.com/dictionary/aerialist_n
"4 - unresolved: not marked obsolete, last-quotation year hidden",air pirate,AIRPIRATE,9,noun,1885-,1885,printed date range,compound,2,,transport/aviation,A person who perpetrates an illegal or violent…,0,,http://www.oed.com/dictionary/air-pirate_n
"4 - unresolved: not marked obsolete, last-quotation year hidden",anaphoric,ANAPHORIC,9,"adjective, noun",1790-,1790,printed date range,derivative,4,,language/linguistics/grammar,Grammar and Linguistics. Of or relating to…,0,,http://www.oed.com/dictionary/anaphoric_adj
"4 - unresolved: not marked obsolete, last-quotation year hidden",angerness,ANGERNESS,9,noun,c1390-,1390,printed date range,derivative,0,,,The quality or state of being angry; anger. Cf…,0,,http://www.oed.com/dictionary/angerness_n
"4 - unresolved: not marked obsolete, last-quotation year hidden",autometry,AUTOMETRY,9,noun,1829-,1829,printed date range,compound,1,,sciences/mathematics,Mathematics. An isometry of a metric space to itself.,0,,http://www.oed.com/dictionary/autometry_n
"4 - unresolved: not marked obsolete, last-quotation year hidden",basketeer,BASKETEER,9,noun,1866-,1866,printed date range,derivative,1,,,A passenger in the basket of a stagecoach.,0,,http://www.oed.com/dictionary/basketeer_n
"4 - unresolved: not marked obsolete, last-quotation year hidden",beggaress,BEGGARESS,9,noun,1863-,1863,printed date range,derivative,0,,,A female beggar.,0,,http://www.oed.com/dictionary/beggaress_n
"4 - unresolved: not marked obsolete, last-quotation year hidden",bellyship,BELLYSHIP,9,noun,1600-,1600,printed date range,derivative,0,humorous,,"The personality of the belly; cf. lordship, n…",0,,http://www.oed.com/dictionary/bellyship_n
"4 - unresolved: not marked obsolete, last-quotation year hidden",bioterror,BIOTERROR,9,noun,1986-,1986,printed date range,compound,3,,,"a. Horror (in a film, etc.) caused by mutation or…",0,,http://www.oed.com/dictionary/bioterror_n
"4 - unresolved: not marked obsolete, last-quotation year hidden",blousette,BLOUSETTE,9,noun,1894-,1894,printed date range,derivative,0,,crafts and trades/costume,Any of various types of sleeveless or…,0,,http://www.oed.com/dictionary/blousette_n
"4 - unresolved: not marked obsolete, last-quotation year hidden",borealize,BOREALIZE,9,verb,1867-,1867,printed date range,derivative,0,,,intransitive. To adopt northern manners or…,0,,http://www.oed.com/dictionary/borealize_v
"4 - unresolved: not marked obsolete, last-quotation year hidden",brain fart,BRAINFART,9,noun,1969-,1969,printed date range,compound,3,colloquial and slang,,colloquial. A temporary mental lapse or failure…,0,,http://www.oed.com/dictionary/brain-fart_n
"4 - unresolved: not marked obsolete, last-quotation year hidden",bucolican,BUCOLICAN,9,noun,1866-,1866,printed date range,derivative,0,,,"A rustic, a countryman.",0,,http://www.oed.com/dictionary/bucolican_n
"4 - unresolved: not marked obsolete, last-quotation year hidden",Cacotopia,CACOTOPIA,9,noun,1818-,1818,printed date range,compound,1,,,"(See quot. 1818, where Utopia ‘nowhere’ seems to…",0,,http://www.oed.com/dictionary/cacotopia_n
"4 - unresolved: not marked obsolete, last-quotation year hidden",camelcade,CAMELCADE,9,noun,1886-,1886,printed date range,blend,1,,,A train of people on camels; a caravan with camels.,0,,http://www.oed.com/dictionary/camelcade_n
"4 - unresolved: not marked obsolete, last-quotation year hidden",cantatize,CANTATIZE,9,verb,1842-,1842,printed date range,derivative,0,,arts/performing arts/music,To perform cantatas.,0,,http://www.oed.com/dictionary/cantatize_v
"4 - unresolved: not marked obsolete, last-quotation year hidden",cantitate,CANTITATE,9,verb,1830-,1830,printed date range,borrowing,1,disparaging,,intransitive. To sing as a bird. (Used contemptuously.),0,,http://www.oed.com/dictionary/cantitate_v
"4 - unresolved: not marked obsolete, last-quotation year hidden",carcerist,CARCERIST,9,noun,1821-,1821,printed date range,borrowing,0,,,One who advocates or has to do with prisons.,0,,http://www.oed.com/dictionary/carcerist_n
"4 - unresolved: not marked obsolete, last-quotation year hidden",castorial,CASTORIAL,9,adjective,1864-,1864,printed date range,derivative,1,,,Pertaining to a hat (jocose).,0,,http://www.oed.com/dictionary/castorial_adj
"4 - unresolved: not marked obsolete, last-quotation year hidden",catamaran,CATAMARAN,9,verb,1820-,1820,printed date range,conversion,2,,,To blow up with a catamaran. Also figurative.,1,,http://www.oed.com/dictionary/catamaran_v
"4 - unresolved: not marked obsolete, last-quotation year hidden",caudation,CAUDATION,9,noun,1856-,1856,printed date range,borrowing,0,,,The furnishing of a tail; tailed condition.,0,,http://www.oed.com/dictionary/caudation_n
"4 - unresolved: not marked obsolete, last-quotation year hidden",chameleon,CHAMELEON,9,verb,1885-,1885,printed date range,conversion,2,,,transitive. To cause to change its hue like a…,1,,http://www.oed.com/dictionary/chameleon_v
"4 - unresolved: not marked obsolete, last-quotation year hidden",chinchery,CHINCHERY,9,noun,c1405-,1405,printed date range,derivative,0,,,"Miserliness, stinginess.",0,,http://www.oed.com/dictionary/chinchery_n
"4 - unresolved: not marked obsolete, last-quotation year hidden",Christmas,CHRISTMAS,9,verb,1594-,1594,printed date range,conversion,3,,religion and belief/religion,intransitive. To celebrate Christmas; to spend…,2,,http://www.oed.com/dictionary/christmas_v
"4 - unresolved: not marked obsolete, last-quotation year hidden",cidentine,CIDENTINE,9,adjective,1653-,1653,printed date range,borrowing,0,,,(See quot. 1653.),0,,http://www.oed.com/dictionary/cidentine_adj
"4 - unresolved: not marked obsolete, last-quotation year hidden",cimiceous,CIMICEOUS,9,adjective,1865-,1865,printed date range,borrowing,0,,,"Full of bugs, buggy.",0,,http://www.oed.com/dictionary/cimiceous_adj
"4 - unresolved: not marked obsolete, last-quotation year hidden",cognition,COGNITION,9,noun,1447-,1447,printed date range,borrowing,5,,philosophy,Philosophy. The action or faculty of knowing…,0,,http://www.oed.com/dictionary/cognition_n
"4 - unresolved: not marked obsolete, last-quotation year hidden",colourism,COLOURISM,9,noun,1869-,1869,printed date range,derivative,3,,,Chiefly U.S. Prejudice or discrimination against…,0,,http://www.oed.com/dictionary/colourism_n
"4 - unresolved: not marked obsolete, last-quotation year hidden",combustor,COMBUSTOR,9,noun,1892-,1892,printed date range,derivative,4,,"technology/engineering, transport/motoring",Engineering. An apparatus or place where…,0,,http://www.oed.com/dictionary/combustor_n
"4 - unresolved: not marked obsolete, last-quotation year hidden",comodrama,COMODRAMA,9,noun,1793-,1793,printed date range,borrowing,0,,,A drama of comic character.,0,,http://www.oed.com/dictionary/comodrama_n
"4 - unresolved: not marked obsolete, last-quotation year hidden",compotant,COMPOTANT,9,noun,a1624-,1624,printed date range,borrowing,0,,,"= compotator, n.",0,,http://www.oed.com/dictionary/compotant_n
"4 - unresolved: not marked obsolete, last-quotation year hidden",convolant,CONVOLANT,9,adjective,1831-,1831,printed date range,borrowing,1,,,Flying in company.,0,,http://www.oed.com/dictionary/convolant_adj
"4 - unresolved: not marked obsolete, last-quotation year hidden",convolute,CONVOLUTE,9,verb,1698-,1698,printed date range,borrowing,4,,,"To coil up, form into a coiled or twisted shape…",1,,http://www.oed.com/dictionary/convolute_v
"4 - unresolved: not marked obsolete, last-quotation year hidden",coquicide,COQUICIDE,9,noun,1870-,1870,printed date range,borrowing,0,,,The killing of a cook.,0,,http://www.oed.com/dictionary/coquicide_n
"4 - unresolved: not marked obsolete, last-quotation year hidden",corallize,CORALLIZE,9,verb,1890-,1890,printed date range,derivative,0,,,transitive. To make into coral.,0,,http://www.oed.com/dictionary/corallize_v
"4 - unresolved: not marked obsolete, last-quotation year hidden",coronated,CORONATED,9,adjective,1660-,1660,printed date range,borrowing,3,,sciences/life sciences,Conchology. Of (part of) the spiral shell of a…,0,,http://www.oed.com/dictionary/coronated_adj
"4 - unresolved: not marked obsolete, last-quotation year hidden",cosmophil,COSMOPHIL,9,adjective,1881-,1881,printed date range,borrowing,0,,,Friendly to the world in general; loving all countries.,0,,http://www.oed.com/dictionary/cosmophil_adj
"4 - unresolved: not marked obsolete, last-quotation year hidden",Cottonian,COTTONIAN,9,noun,1846-,1846,printed date range,derivative,2,historical,"economics and commerce/economics, politics",A person involved or invested in the cotton…,1,,http://www.oed.com/dictionary/cottonian_n
"4 - unresolved: not marked obsolete, last-quotation year hidden",countable,COUNTABLE,9,adjective,1495-,1495,printed date range,borrowing,4,,sciences/mathematics,Capable or proper to be counted or numbered; numerable.,1,,http://www.oed.com/dictionary/countable_adj
"4 - unresolved: not marked obsolete, last-quotation year hidden",covercled,COVERCLED,9,adjective,1854-,1854,printed date range,derivative,0,,,Having a covercle or lid.,0,,http://www.oed.com/dictionary/covercled_adj
"4 - unresolved: not marked obsolete, last-quotation year hidden",crayonize,CRAYONIZE,9,verb,1840-,1840,printed date range,derivative,0,,arts/visual arts/painting and drawing/drawing,"= crayon, v.; in quot. 1840 figurative to sketch…",0,,http://www.oed.com/dictionary/crayonize_v
"4 - unresolved: not marked obsolete, last-quotation year hidden",crucibled,CRUCIBLED,9,adjective,1796-,1796,printed date range,derivative,1,,,(figurative in quot.).,0,,http://www.oed.com/dictionary/crucibled_adj
"4 - unresolved: not marked obsolete, last-quotation year hidden",cudgellee,CUDGELLEE,9,noun,1805-,1805,printed date range,derivative,0,,,One who is cudgelled.,0,,http://www.oed.com/dictionary/cudgellee_n
"4 - unresolved: not marked obsolete, last-quotation year hidden",cupboardy,CUPBOARDY,9,adjective,1877-,1877,printed date range,derivative,0,,,Cupboard-like.,0,,http://www.oed.com/dictionary/cupboardy_adj
"4 - unresolved: not marked obsolete, last-quotation year hidden",cup holder,CUPHOLDER,9,noun,1759-,1759,printed date range,compound,4,,,A receptacle for holding a cup. Now: esp. a…,0,,http://www.oed.com/dictionary/cup-holder_n
"4 - unresolved: not marked obsolete, last-quotation year hidden",curiology,CURIOLOGY,9,noun,1816-,1816,printed date range,,0,,,Representation by curiologic symbols.,0,,http://www.oed.com/dictionary/curiology_n
"4 - unresolved: not marked obsolete, last-quotation year hidden",Daedalist,DAEDALIST,9,noun,1713-,1713,printed date range,proper name,0,,,An imitator of Dædalus.,0,,http://www.oed.com/dictionary/daedalist_n
"4 - unresolved: not marked obsolete, last-quotation year hidden",dandyhood,DANDYHOOD,9,noun,1823-,1823,printed date range,derivative,1,,,The state or style of a dandy.,0,,http://www.oed.com/dictionary/dandyhood_n
"4 - unresolved: not marked obsolete, last-quotation year hidden",'dandy-jack,DANDYJACK,9,verb,1887-,1887,printed date range,compound,0,,,"To play the dandy or jack-a-dandy (jack-a-dandy, n.).",0,,http://www.oed.com/dictionary/dandy-jack_v
"4 - unresolved: not marked obsolete, last-quotation year hidden",dandy-land,DANDYLAND,9,noun,1831-,1831,printed date range,compound,0,,,The (imaginary) land of dandies.,0,,http://www.oed.com/dictionary/dandy-land_n
"4 - unresolved: not marked obsolete, last-quotation year hidden",dandyling,DANDYLING,9,noun,1846-,1846,printed date range,derivative,0,,,A diminutive or petty dandy.,0,,http://www.oed.com/dictionary/dandyling_n
"4 - unresolved: not marked obsolete, last-quotation year hidden",dapperism,DAPPERISM,9,noun,1830-,1830,printed date range,derivative,0,,,"The style, manners, etc. of a dapper person.",0,,http://www.oed.com/dictionary/dapperism_n
"4 - unresolved: not marked obsolete, last-quotation year hidden",deaconess,DEACONESS,9,noun,a1536-,1536,printed date range,derivative,4,,religion and belief/religion/Christianity/ecclesiastical,Ecclesiastical. The name of an order of women in…,0,,http://www.oed.com/dictionary/deaconess_n
"4 - unresolved: not marked obsolete, last-quotation year hidden",decameter,DECAMETER,9,noun,1821-,1821,printed date range,compound,2,,arts/literature/prosody,A verse consisting of ten metrical feet.,0,,http://www.oed.com/dictionary/decameter_n
"4 - unresolved: not marked obsolete, last-quotation year hidden",declinant,DECLINANT,9,"adjective, noun",a1734-,1734,printed date range,borrowing,2,,,Declining.,0,,http://www.oed.com/dictionary/declinant_adj
"4 - unresolved: not marked obsolete, last-quotation year hidden",deericide,DEERICIDE,9,noun,1832-,1832,printed date range,compound,0,,,The killing or killer of a deer.,0,,http://www.oed.com/dictionary/deericide_n
"4 - unresolved: not marked obsolete, last-quotation year hidden",demi-world,DEMIWORLD,9,noun,1862-,1862,printed date range,derivative,2,,,"= demimonde, n. & adj.",0,,http://www.oed.com/dictionary/demi-world_n
"4 - unresolved: not marked obsolete, last-quotation year hidden",deoculate,DEOCULATE,9,verb,1816-,1816,printed date range,borrowing,1,,sciences/medicine,"transitive. To deprive of eyes, or of eyesight.",0,,http://www.oed.com/dictionary/deoculate_v
"4 - unresolved: not marked obsolete, last-quotation year hidden",deputator,DEPUTATOR,9,noun,1669-,1669,printed date range,borrowing,1,,,One who deputes another to act for him or her.,0,,http://www.oed.com/dictionary/deputator_n
"4 - unresolved: not marked obsolete, last-quotation year hidden",desirable,DESIRABLE,9,"adjective, noun",a1382-,1382,printed date range,borrowing,6,,,That may be desired or wanted; that is to be…,0,,http://www.oed.com/dictionary/desirable_adj
"4 - unresolved: not marked obsolete, last-quotation year hidden",detailism,DETAILISM,9,noun,1865-,1865,printed date range,derivative,2,,,A system of attention to details.,0,,http://www.oed.com/dictionary/detailism_n
"4 - unresolved: not marked obsolete, last-quotation year hidden",detonsure,DETONSURE,9,noun,1819-,1819,printed date range,borrowing,0,humorous,crafts and trades/hairdressing,"Shaving, polling. (affected or humorous.)",0,,http://www.oed.com/dictionary/detonsure_n
"4 - unresolved: not marked obsolete, last-quotation year hidden",diariness,DIARINESS,9,noun,1891-,1891,printed date range,derivative,0,,,The quality characteristic of a diary.,0,,http://www.oed.com/dictionary/diariness_n
"4 - unresolved: not marked obsolete, last-quotation year hidden",diligence,DILIGENCE,9,noun,1340-,1340,printed date range,borrowing,5,,,Constant and earnest effort to accomplish what is…,1,yes,http://www.oed.com/dictionary/diligence_n1
"4 - unresolved: not marked obsolete, last-quotation year hidden",diminuate,DIMINUATE,9,verb,1883-,1883,printed date range,borrowing,0,,,intransitive. To use a diminutive word or…,0,,http://www.oed.com/dictionary/diminuate_v
"4 - unresolved: not marked obsolete, last-quotation year hidden",diplodoxy,DIPLODOXY,9,noun,1851-,1851,printed date range,compound,0,,,(See quot. 1851).,0,,http://www.oed.com/dictionary/diplodoxy_n
"4 - unresolved: not marked obsolete, last-quotation year hidden",disbishop,DISBISHOP,9,verb,1585-,1585,printed date range,derivative,0,,"religion and belief/religion/Christianity/ecclesiastical, religion and belief/religion/Christianity/liturgical",transitive. To deprive of episcopal office or dignity.,0,,http://www.oed.com/dictionary/disbishop_v
"4 - unresolved: not marked obsolete, last-quotation year hidden",disgovern,DISGOVERN,9,verb,1878-,1878,printed date range,derivative,1,,,transitive. To leave ungoverned; to refrain from…,0,,http://www.oed.com/dictionary/disgovern_v
"4 - unresolved: not marked obsolete, last-quotation year hidden",disherent,DISHERENT,9,adjective,1890-,1890,printed date range,derivative,0,,,The opposite of coherent; incoherent; incongruous.,0,,http://www.oed.com/dictionary/disherent_adj
"4 - unresolved: not marked obsolete, last-quotation year hidden",dispurple,DISPURPLE,9,verb,1877-,1877,printed date range,derivative,0,,,transitive. To strip of the (imperial) purple; to…,0,,http://www.oed.com/dictionary/dispurple_v
"4 - unresolved: not marked obsolete, last-quotation year hidden",dissembly,DISSEMBLY,9,noun,1887-,1887,printed date range,derivative,2,,,The separation of an assembly.,0,yes,http://www.oed.com/dictionary/dissembly_n2
"4 - unresolved: not marked obsolete, last-quotation year hidden",divaguely,DIVAGUELY,9,adverb,1857-,1857,printed date range,derivative,0,,,In a wandering or aimless manner.,0,,http://www.oed.com/dictionary/divaguely_adv
"4 - unresolved: not marked obsolete, last-quotation year hidden",Dominical,DOMINICAL,9,"adjective, noun",1541-,1541,printed date range,borrowing,3,,religion and belief/religion/Christianity/ecclesiastical,Of or relating to the Lord (Jesus Christ)…,0,,http://www.oed.com/dictionary/dominical_adj
"4 - unresolved: not marked obsolete, last-quotation year hidden",donkeydom,DONKEYDOM,9,noun,1889-,1889,printed date range,derivative,1,,,"Condition of a donkey, stupidity, folly.",0,,http://www.oed.com/dictionary/donkeydom_n
"4 - unresolved: not marked obsolete, last-quotation year hidden",donkeyess,DONKEYESS,9,noun,1842-,1842,printed date range,derivative,0,,,A female donkey.,0,,http://www.oed.com/dictionary/donkeyess_n
"4 - unresolved: not marked obsolete, last-quotation year hidden",donkeyish,DONKEYISH,9,adjective,1831-,1831,printed date range,derivative,1,,,"Like a donkey, asinine; stupid, foolish.",0,,http://www.oed.com/dictionary/donkeyish_adj
"4 - unresolved: not marked obsolete, last-quotation year hidden",dramatize,DRAMATIZE,9,verb,1741-,1741,printed date range,borrowing,5,,arts/performing arts/theatre,transitive. To convert (a literary work) into a…,0,,http://www.oed.com/dictionary/dramatize_v
"4 - unresolved: not marked obsolete, last-quotation year hidden",drinkable,DRINKABLE,9,"adjective, noun",1611-,1611,printed date range,derivative,4,,,"That may be drunk, suitable for drinking, potable.",0,,http://www.oed.com/dictionary/drinkable_adj
"4 - unresolved: not marked obsolete, last-quotation year hidden",dulically,DULICALLY,9,adverb,1617-,1617,printed date range,derivative,0,,religion and belief/religion,By way of dulia.,0,,http://www.oed.com/dictionary/dulically_adv
"4 - unresolved: not marked obsolete, last-quotation year hidden",eldership,ELDERSHIP,9,noun,1557-,1557,printed date range,derivative,3,,"law/ecclesiastical law, religion and belief/religion/Christianity/ecclesiastical",The collective body of (ecclesiastical) elders; a…,0,,http://www.oed.com/dictionary/eldership_n
"4 - unresolved: not marked obsolete, last-quotation year hidden",ellipsist,ELLIPSIST,9,noun,1859-,1859,printed date range,derivative,0,,,A person who is immoderately fond of the use of…,0,,http://www.oed.com/dictionary/ellipsist_n
"4 - unresolved: not marked obsolete, last-quotation year hidden",ellipsone,ELLIPSONE,9,noun,1860-,1860,printed date range,derivative,0,,,A revolving storm following an elliptical instead…,0,,http://www.oed.com/dictionary/ellipsone_n
"4 - unresolved: not marked obsolete, last-quotation year hidden",embracive,EMBRACIVE,9,adjective,1855-,1855,printed date range,derivative,3,,,Given to or fond of embracing; embracing…,0,,http://www.oed.com/dictionary/embracive_adj
"4 - unresolved: not marked obsolete, last-quotation year hidden",encompass,ENCOMPASS,9,verb,1553-,1553,printed date range,derivative,6,,,"To surround entirely, overlay as with an envelope…",0,,http://www.oed.com/dictionary/encompass_v
"4 - unresolved: not marked obsolete, last-quotation year hidden",Endymiony,ENDYMIONY,9,noun,1600-,1600,printed date range,proper name,0,,,Sleepiness like that of Endymion.,0,,http://www.oed.com/dictionary/endymiony_n
"4 - unresolved: not marked obsolete, last-quotation year hidden",enemyship,ENEMYSHIP,9,noun,1776-,1776,printed date range,derivative,2,,,The position or relation of an enemy.,0,,http://www.oed.com/dictionary/enemyship_n
"4 - unresolved: not marked obsolete, last-quotation year hidden",entreated,ENTREATED,9,"adjective, noun",1567-,1567,printed date range,derivative,2,,,Of a person: that is or has been entreated…,0,,http://www.oed.com/dictionary/entreated_adj
"4 - unresolved: not marked obsolete, last-quotation year hidden",equivocal,EQUIVOCAL,9,"adjective, noun",1601-,1601,printed date range,borrowing,5,,,"Of words, phrases, etc.: Having different…",0,,http://www.oed.com/dictionary/equivocal_adj
"4 - unresolved: not marked obsolete, last-quotation year hidden",euthanize,EUTHANIZE,9,verb,1931-,1931,printed date range,derivative,3,,,intransitive. To receive euthanasia.,0,,http://www.oed.com/dictionary/euthanize_v
"4 - unresolved: not marked obsolete, last-quotation year hidden",expatiate,EXPATIATE,9,verb,a1552-,1552,printed date range,borrowing,4,,,To speak or write at some length; to enlarge; to…,0,,http://www.oed.com/dictionary/expatiate_v
"4 - unresolved: not marked obsolete, last-quotation year hidden",expiscate,EXPISCATE,9,verb,1598-,1598,printed date range,borrowing,1,,,"transitive. To ‘fish out’; hence, to find out by…",0,,http://www.oed.com/dictionary/expiscate_v
"4 - unresolved: not marked obsolete, last-quotation year hidden",extension,EXTENSION,9,noun,a1400-,1400,printed date range,borrowing,6,,,The action or process of widening in scope or…,0,,http://www.oed.com/dictionary/extension_n
"4 - unresolved: not marked obsolete, last-quotation year hidden",fancyette,FANCYETTE,9,noun,a1834-,1834,printed date range,derivative,0,,,A little fancy.,0,,http://www.oed.com/dictionary/fancyette_n
"4 - unresolved: not marked obsolete, last-quotation year hidden",federally,FEDERALLY,9,adverb,1639-,1639,printed date range,derivative,5,,religion and belief/religion/Christianity,After the manner of a federation; by means of a…,0,,http://www.oed.com/dictionary/federally_adv
"4 - unresolved: not marked obsolete, last-quotation year hidden",fictility,FICTILITY,9,noun,1892-,1892,printed date range,derivative,0,,,The quality or condition of being fictile (in…,0,,http://www.oed.com/dictionary/fictility_n
"4 - unresolved: not marked obsolete, last-quotation year hidden",fictioner,FICTIONER,9,noun,a1680-,1680,printed date range,derivative,1,,arts/literature,A writer of fiction; a novelist. Also: a person…,0,,http://www.oed.com/dictionary/fictioner_n
"4 - unresolved: not marked obsolete, last-quotation year hidden",finger man,FINGERMAN,9,noun,1596-,1596,printed date range,compound,2,,,†a. (Perhaps) a recipient or object of something…,0,,http://www.oed.com/dictionary/finger-man_n
"4 - unresolved: not marked obsolete, last-quotation year hidden",finifugal,FINIFUGAL,9,adjective,1883-,1883,printed date range,borrowing,0,,,Of or pertaining to shunning the end (of anything).,0,,http://www.oed.com/dictionary/finifugal_adj
"4 - unresolved: not marked obsolete, last-quotation year hidden",Finnicize,FINNICIZE,9,verb,1827-,1827,printed date range,derivative,2,,,To give a Finnish form to.,0,,http://www.oed.com/dictionary/finnicize_v
"4 - unresolved: not marked obsolete, last-quotation year hidden",fire point,FIREPOINT,9,noun,1789-,1789,printed date range,compound,3,poetic and literary,,Chiefly poetic. A point of light; esp. a star.,0,,http://www.oed.com/dictionary/fire-point_n
"4 - unresolved: not marked obsolete, last-quotation year hidden",firkineer,FIRKINEER,9,noun,1842-,1842,printed date range,derivative,0,,,One who sells by the firkin.,0,,http://www.oed.com/dictionary/firkineer_n
"4 - unresolved: not marked obsolete, last-quotation year hidden",firstborn,FIRSTBORN,9,"noun, adjective",c1350-,1350,printed date range,compound,5,,,With the or possessive adjective. A person who is…,0,,http://www.oed.com/dictionary/firstborn_n
"4 - unresolved: not marked obsolete, last-quotation year hidden",five-maled,FIVEMALED,9,adjective,a1794-,1794,printed date range,compound,0,,,"Having five male organs or stamens, pentandrous.",0,,http://www.oed.com/dictionary/five-maled_adj
"4 - unresolved: not marked obsolete, last-quotation year hidden",flameship,FLAMESHIP,9,noun,a1637-,1637,printed date range,derivative,0,,religion and belief/mythology/classical mythology,The personality or dignity of (the god of) flame.,0,,http://www.oed.com/dictionary/flameship_n
"4 - unresolved: not marked obsolete, last-quotation year hidden",flirtship,FLIRTSHIP,9,noun,1703-,1703,printed date range,derivative,0,,,A period of repeated flirtatious behaviour…,0,,http://www.oed.com/dictionary/flirtship_n
"4 - unresolved: not marked obsolete, last-quotation year hidden",floricide,FLORICIDE,9,noun,1841-,1841,printed date range,borrowing,0,,,One who destroys flowers.,0,,http://www.oed.com/dictionary/floricide_n
"4 - unresolved: not marked obsolete, last-quotation year hidden",flunkeyal,FLUNKEYAL,9,adjective,1864-,1864,printed date range,derivative,0,,,"Of, pertaining to, or characteristic of a flunkey.",0,,http://www.oed.com/dictionary/flunkeyal_adj
"4 - unresolved: not marked obsolete, last-quotation year hidden",forbiddal,FORBIDDAL,9,noun,1835-,1835,printed date range,derivative,1,,,The act of forbidding.,0,,http://www.oed.com/dictionary/forbiddal_n
"4 - unresolved: not marked obsolete, last-quotation year hidden",forcepped,FORCEPPED,9,adjective,1826-,1826,printed date range,derivative,0,,,Having or provided with forceps.,0,,http://www.oed.com/dictionary/forcepped_adj
"4 - unresolved: not marked obsolete, last-quotation year hidden",formatory,FORMATORY,9,adjective,1868-,1868,printed date range,derivative,2,,,Tending to form.,0,,http://www.oed.com/dictionary/formatory_adj
"4 - unresolved: not marked obsolete, last-quotation year hidden",forthward,FORTHWARD,9,"adverb, adjective",Old English-,1000,printed date range,derivative,1,historical,,"Of motion: towards a place in front, onward…",0,,http://www.oed.com/dictionary/forthward_adv
"4 - unresolved: not marked obsolete, last-quotation year hidden",fragrance,FRAGRANCE,9,verb,1854-,1854,printed date range,conversion,4,,,(transitive) to fill with fragrance.,1,,http://www.oed.com/dictionary/fragrance_v
"4 - unresolved: not marked obsolete, last-quotation year hidden",frangible,FRANGIBLE,9,adjective,c1440-,1440,printed date range,borrowing,3,,,"Capable of being broken, breakable.",0,,http://www.oed.com/dictionary/frangible_adj
"4 - unresolved: not marked obsolete, last-quotation year hidden",Frederize,FREDERIZE,9,verb,1618-,1618,printed date range,proper name,0,,,intransitive. To take the part of the Emperor…,0,,http://www.oed.com/dictionary/frederize_v
"4 - unresolved: not marked obsolete, last-quotation year hidden",freshness,FRESHNESS,9,noun,a1398-,1398,printed date range,derivative,5,,sciences/medicine,The quality or condition of being fresh (in…,0,,http://www.oed.com/dictionary/freshness_n
"4 - unresolved: not marked obsolete, last-quotation year hidden",friarship,FRIARSHIP,9,noun,1708-,1708,printed date range,derivative,1,,religion and belief/religion,A mock title applied to a friar or monk.,0,,http://www.oed.com/dictionary/friarship_n
"4 - unresolved: not marked obsolete, last-quotation year hidden",fricatory,FRICATORY,9,adjective,1819-,1819,printed date range,borrowing,0,,,figurative. That rubs or ‘rubs down’.,0,,http://www.oed.com/dictionary/fricatory_adj
"4 - unresolved: not marked obsolete, last-quotation year hidden",gallicide,GALLICIDE,9,noun,1897-,1897,printed date range,borrowing,0,,,A killer of fowls (in quot. 1897 = a fox).,0,,http://www.oed.com/dictionary/gallicide_n
"4 - unresolved: not marked obsolete, last-quotation year hidden",ganderism,GANDERISM,9,noun,1888-,1888,printed date range,derivative,0,,,Conduct of or befitting a gander.,0,,http://www.oed.com/dictionary/ganderism_n
"4 - unresolved: not marked obsolete, last-quotation year hidden",ganderous,GANDEROUS,9,adjective,1630-,1630,printed date range,derivative,0,,,Pertaining to a gander.,0,,http://www.oed.com/dictionary/ganderous_adj
"4 - unresolved: not marked obsolete, last-quotation year hidden",Georgiana,GEORGIANA,9,noun,1962-,1962,printed date range,proper name,2,,"arts/visual arts, manufacturing and industry/building/architecture",Buildings or architecture of the Georgian period…,0,,http://www.oed.com/dictionary/georgiana_n
"4 - unresolved: not marked obsolete, last-quotation year hidden",gewgawish,GEWGAWISH,9,adjective,1857-,1857,printed date range,derivative,1,,,"Gaudy, showy.",0,,http://www.oed.com/dictionary/gewgawish_adj
"4 - unresolved: not marked obsolete, last-quotation year hidden",girlie-man,GIRLIEMAN,9,noun,1890-,1890,printed date range,compound,2,"colloquial and slang, derogatory",,Chiefly derogatory. A man whose behaviour…,0,,http://www.oed.com/dictionary/girlie-man_n
"4 - unresolved: not marked obsolete, last-quotation year hidden",glossalgy,GLOSSALGY,9,noun,1856-,1856,printed date range,variant,0,,,"= glossalgia, n.",0,,http://www.oed.com/dictionary/glossalgy_n
"4 - unresolved: not marked obsolete, last-quotation year hidden",glue stick,GLUESTICK,9,noun,1738-,1738,printed date range,compound,3,,,"A stick of solid glue, designed to be rubbed…",0,,http://www.oed.com/dictionary/glue-stick_n
"4 - unresolved: not marked obsolete, last-quotation year hidden",God's penny,GODSPENNY,9,noun,1340-,1340,printed date range,compound,0,historical,economics and commerce,A small sum paid as an initial instalment on…,0,,http://www.oed.com/dictionary/gods-penny_n
"4 - unresolved: not marked obsolete, last-quotation year hidden",goosified,GOOSIFIED,9,adjective,1837-,1837,printed date range,derivative,0,,,Affected with ‘goose-flesh’.,0,,http://www.oed.com/dictionary/goosified_adj
"4 - unresolved: not marked obsolete, last-quotation year hidden",graocracy,GRAOCRACY,9,noun,1830-,1830,printed date range,borrowing,0,,,Government by an old woman or old women.,0,,http://www.oed.com/dictionary/graocracy_n
"4 - unresolved: not marked obsolete, last-quotation year hidden",grave-clad,GRAVECLAD,9,adjective,a1802-,1802,printed date range,compound,0,,,Dressed in burial garments or clothes.,0,,http://www.oed.com/dictionary/grave-clad_adj
"4 - unresolved: not marked obsolete, last-quotation year hidden",grave-deep,GRAVEDEEP,9,adjective,1850-,1850,printed date range,compound,1,,,Deep as the grave.,0,,http://www.oed.com/dictionary/grave-deep_adj
"4 - unresolved: not marked obsolete, last-quotation year hidden",gravitate,GRAVITATE,9,adjective,1827-,1827,printed date range,borrowing,2,,,Endowed with gravity.,0,,http://www.oed.com/dictionary/gravitate_adj
"4 - unresolved: not marked obsolete, last-quotation year hidden",gregicide,GREGICIDE,9,adjective,1796-,1796,printed date range,borrowing,0,,,Involving the slaughter of the common people.,0,,http://www.oed.com/dictionary/gregicide_adj
"4 - unresolved: not marked obsolete, last-quotation year hidden",growlsome,GROWLSOME,9,adjective,1882-,1882,printed date range,derivative,0,,,Inclined to growl.,0,,http://www.oed.com/dictionary/growlsome_adj
"4 - unresolved: not marked obsolete, last-quotation year hidden",grudgekin,GRUDGEKIN,9,noun,1860-,1860,printed date range,derivative,0,,,A little grudge.,0,,http://www.oed.com/dictionary/grudgekin_n
"4 - unresolved: not marked obsolete, last-quotation year hidden",grumblous,GRUMBLOUS,9,adjective,1889-,1889,printed date range,derivative,0,,,Full of grumbles.,0,,http://www.oed.com/dictionary/grumblous_adj
"4 - unresolved: not marked obsolete, last-quotation year hidden",guide-post,GUIDEPOST,9,verb,1890-,1890,printed date range,conversion,2,,,To furnish with a guide-post. In quot. 1890 figurative.,0,,http://www.oed.com/dictionary/guide-post_v
"4 - unresolved: not marked obsolete, last-quotation year hidden",gum-didder,GUMDIDDER,9,noun,1653-,1653,printed date range,compound,0,,,The quivering or shivering of the gums (cf…,0,,http://www.oed.com/dictionary/gum-didder_n
"4 - unresolved: not marked obsolete, last-quotation year hidden",gutturize,GUTTURIZE,9,verb,1832-,1832,printed date range,derivative,1,,,transitive. To enunciate gutturally.,0,,http://www.oed.com/dictionary/gutturize_v
"4 - unresolved: not marked obsolete, last-quotation year hidden",hansomeer,HANSOMEER,9,noun,1893-,1893,printed date range,,0,,,The driver of a hansom.,0,,http://www.oed.com/dictionary/hansomeer_n
"4 - unresolved: not marked obsolete, last-quotation year hidden",helperess,HELPERESS,9,noun,1886-,1886,printed date range,derivative,0,,,A female helper.,0,,http://www.oed.com/dictionary/helperess_n
"4 - unresolved: not marked obsolete, last-quotation year hidden",heteroepy,HETEROEPY,9,noun,1838-,1838,printed date range,compound,0,,,Pronunciation differing from the standard.,0,,http://www.oed.com/dictionary/heteroepy_n
"4 - unresolved: not marked obsolete, last-quotation year hidden",heterosex,HETEROSEX,9,"adjective, noun",1887-,1887,printed date range,compound,3,,,"= heterosexual, adj. (in various senses).",0,,http://www.oed.com/dictionary/heterosex_adj
"4 - unresolved: not marked obsolete, last-quotation year hidden",hipparchy,HIPPARCHY,9,noun,1616-,1616,printed date range,borrowing,2,,"history/ancient history/classical history/ancient Greek history, military","Ancient Greek History. A unit of cavalry, spec…",0,,http://www.oed.com/dictionary/hipparchy_n
"4 - unresolved: not marked obsolete, last-quotation year hidden",hoplarchy,HOPLARCHY,9,noun,a1843-,1843,printed date range,compound,0,,military/weaponry,(See quot.).,0,,http://www.oed.com/dictionary/hoplarchy_n
"4 - unresolved: not marked obsolete, last-quotation year hidden",hoplitics,HOPLITICS,9,noun,1886-,1886,printed date range,derivative,0,,military,The drilling of hoplites.,0,,http://www.oed.com/dictionary/hoplitics_n
"4 - unresolved: not marked obsolete, last-quotation year hidden",horseness,HORSENESS,9,noun,1864-,1864,printed date range,derivative,2,,sport and leisure/horses and riding,The abstract quality of a horse.,0,,http://www.oed.com/dictionary/horseness_n
"4 - unresolved: not marked obsolete, last-quotation year hidden",hostelric,HOSTELRIC,9,adjective,1860-,1860,printed date range,derivative,0,archaic,,Pertaining to a hostelry or inn.,0,,http://www.oed.com/dictionary/hostelric_adj
"4 - unresolved: not marked obsolete, last-quotation year hidden",hot-aching,HOTACHING,9,adjective,1917-,1917,printed date range,compound,0,poetic and literary,sciences/medicine,Aching in a manner reminiscent of hot ache.,0,,http://www.oed.com/dictionary/hot-aching_adj
"4 - unresolved: not marked obsolete, last-quotation year hidden",hyenesque,HYENESQUE,9,adjective,1885-,1885,printed date range,derivative,0,,,"= hyenaish, adj.",0,,http://www.oed.com/dictionary/hyenesque_adj
"4 - unresolved: not marked obsolete, last-quotation year hidden",hymnicide,HYMNICIDE,9,noun,1862-,1862,printed date range,borrowing,0,,,"The ‘murdering’ of a hymn, i.e. by alterations.",0,,http://www.oed.com/dictionary/hymnicide_n
"4 - unresolved: not marked obsolete, last-quotation year hidden",hyperbole,HYPERBOLE,9,verb,1698-,1698,printed date range,conversion,3,,,"(intransitive) to use hyperbole, to exaggerate.",1,,http://www.oed.com/dictionary/hyperbole_v
"4 - unresolved: not marked obsolete, last-quotation year hidden",hypocycle,HYPOCYCLE,9,noun,1716-,1716,printed date range,derivative,0,,,"(See quot. 1716, and cf. epicycle, n.).",0,,http://www.oed.com/dictionary/hypocycle_n
"4 - unresolved: not marked obsolete, last-quotation year hidden",iatrarchy,IATRARCHY,9,noun,a1843-,1843,printed date range,borrowing,0,,sciences/medicine,The order of physicians.,0,,http://www.oed.com/dictionary/iatrarchy_n
"4 - unresolved: not marked obsolete, last-quotation year hidden",inaureole,INAUREOLE,9,verb,1897-,1897,printed date range,derivative,0,,,transitive. To surround with or as with an aureole.,0,,http://www.oed.com/dictionary/inaureole_v
"4 - unresolved: not marked obsolete, last-quotation year hidden",inch-taped,INCHTAPED,9,adjective,1939-,1939,printed date range,compound,0,,,Covered with inch-tape.,0,,http://www.oed.com/dictionary/inch-taped_adj
"4 - unresolved: not marked obsolete, last-quotation year hidden",incumbent,INCUMBENT,9,noun,1425-,1425,printed date range,borrowing,5,,,In general sense: The holder of any office.,1,,http://www.oed.com/dictionary/incumbent_n
"4 - unresolved: not marked obsolete, last-quotation year hidden",inquirant,INQUIRANT,9,adjective,1822-,1822,printed date range,derivative,2,,,Inquiring.,0,,http://www.oed.com/dictionary/inquirant_adj
"4 - unresolved: not marked obsolete, last-quotation year hidden",inside-out,INSIDEOUT,9,adjective,1850-,1850,printed date range,conversion,4,,,Having the inner surface turned outwards…,0,,http://www.oed.com/dictionary/inside-out_adj
"4 - unresolved: not marked obsolete, last-quotation year hidden",insuffice,INSUFFICE,9,verb,1847-,1847,printed date range,derivative,0,,,intransitive. To fail to suffice; to be insufficient.,0,,http://www.oed.com/dictionary/insuffice_v
"4 - unresolved: not marked obsolete, last-quotation year hidden",ising-star,ISINGSTAR,9,noun,a1820-,1820,printed date range,compound,1,,,A shining piece of ‘isinglass’ or mica.,0,,http://www.oed.com/dictionary/ising-star_n
"4 - unresolved: not marked obsolete, last-quotation year hidden",Israelism,ISRAELISM,9,noun,1664-,1664,printed date range,derivative,0,,,Belief in or advocacy of any theory that a…,0,,http://www.oed.com/dictionary/israelism_n
"4 - unresolved: not marked obsolete, last-quotation year hidden",Israelize,ISRAELIZE,9,verb,1600-,1600,printed date range,derivative,0,,,transitive. To make (a person or thing) Israeli…,0,,http://www.oed.com/dictionary/israelize_v
"4 - unresolved: not marked obsolete, last-quotation year hidden",Jeames-ism,JEAMESISM,9,noun,1883-,1883,printed date range,derivative,0,,,Flunkeyism.,0,,http://www.oed.com/dictionary/jeames-ism_n
"4 - unresolved: not marked obsolete, last-quotation year hidden",job action,JOBACTION,9,noun,c1926-,1926,printed date range,compound,3,,military,a. (As part of a military metaphor) a difficult…,0,,http://www.oed.com/dictionary/job-action_n
"4 - unresolved: not marked obsolete, last-quotation year hidden",kennelled,KENNELLED,9,adjective,1796-,1796,printed date range,derivative,1,,,Lying in the gutter.,1,,http://www.oed.com/dictionary/kennelled_adj
"4 - unresolved: not marked obsolete, last-quotation year hidden",knightify,KNIGHTIFY,9,verb,1682-,1682,printed date range,derivative,0,,,"transitive. = knight, v.",0,,http://www.oed.com/dictionary/knightify_v
"4 - unresolved: not marked obsolete, last-quotation year hidden",kritarchy,KRITARCHY,9,noun,1838-,1838,printed date range,borrowing,1,,,"The rule, or period of rule, of the Judges in…",0,,http://www.oed.com/dictionary/kritarchy_n
"4 - unresolved: not marked obsolete, last-quotation year hidden",lack-stock,LACKSTOCK,9,noun,1819-,1819,printed date range,compound,0,,,One who has no money in stocks.,0,,http://www.oed.com/dictionary/lack-stock_n
"4 - unresolved: not marked obsolete, last-quotation year hidden",laityship,LAITYSHIP,9,noun,1670-,1670,printed date range,derivative,0,humorous,religion and belief/religion,The position or personality of one of the laity…,0,,http://www.oed.com/dictionary/laityship_n
"4 - unresolved: not marked obsolete, last-quotation year hidden",lambiness,LAMBINESS,9,noun,1886-,1886,printed date range,derivative,1,,,Lamb-like quality.,0,,http://www.oed.com/dictionary/lambiness_n
"4 - unresolved: not marked obsolete, last-quotation year hidden",Levitical,LEVITICAL,9,adjective,1535-,1535,printed date range,borrowing,4,,religion and belief/religion,Pertaining to the Levites or the tribe of Levi.,0,,http://www.oed.com/dictionary/levitical_adj
"4 - unresolved: not marked obsolete, last-quotation year hidden",lilac-tide,LILACTIDE,9,noun,1765-,1765,printed date range,compound,1,,,The time when lilac is in bloom.,0,,http://www.oed.com/dictionary/lilac-tide_n
"4 - unresolved: not marked obsolete, last-quotation year hidden",literator,LITERATOR,9,noun,a1641-,1641,printed date range,borrowing,2,,arts/literature,A person engaged in literary pursuits; a writer…,0,,http://www.oed.com/dictionary/literator_n
"4 - unresolved: not marked obsolete, last-quotation year hidden",loaferdom,LOAFERDOM,9,noun,1894-,1894,printed date range,derivative,1,,,The state of being a loafer.,0,,http://www.oed.com/dictionary/loaferdom_n
"4 - unresolved: not marked obsolete, last-quotation year hidden",loaferess,LOAFERESS,9,noun,1885-,1885,printed date range,derivative,0,,,A female loafer.,0,,http://www.oed.com/dictionary/loaferess_n
"4 - unresolved: not marked obsolete, last-quotation year hidden",Londonize,LONDONIZE,9,verb,1778-,1778,printed date range,derivative,2,,,transitive. To make like London or its inhabitants.,0,,http://www.oed.com/dictionary/londonize_v
"4 - unresolved: not marked obsolete, last-quotation year hidden",Martinmas,MARTINMAS,9,noun,c1325-,1325,printed date range,proper name,3,,religion and belief/religion,"(The date of) the feast of St Martin, 11 November.",0,,http://www.oed.com/dictionary/martinmas_n
"4 - unresolved: not marked obsolete, last-quotation year hidden",masculism,MASCULISM,9,noun,1895-,1895,printed date range,derivative,2,,,"= masculinism, n.",0,,http://www.oed.com/dictionary/masculism_n
"4 - unresolved: not marked obsolete, last-quotation year hidden",massively,MASSIVELY,9,adverb,1550-,1550,printed date range,derivative,4,,,In a massive manner or form. Later also in…,0,,http://www.oed.com/dictionary/massively_adv
"4 - unresolved: not marked obsolete, last-quotation year hidden",mealiness,MEALINESS,9,noun,1609-,1609,printed date range,derivative,3,,"sciences/life sciences/plants, technology/photography",The quality or condition of being mealy. Also in…,0,,http://www.oed.com/dictionary/mealiness_n
"4 - unresolved: not marked obsolete, last-quotation year hidden",mechanize,MECHANIZE,9,verb,1675-,1675,printed date range,derivative,5,,technology/engineering/mechanics,transitive. To introduce machinery in or into (a…,0,,http://www.oed.com/dictionary/mechanize_v
"4 - unresolved: not marked obsolete, last-quotation year hidden",mediciner,MEDICINER,9,noun,?a1425-,1425,printed date range,derivative,2,"archaic, historical",sciences/medicine,"A physician, a healer; a practitioner or teacher…",0,,http://www.oed.com/dictionary/mediciner_n
"4 - unresolved: not marked obsolete, last-quotation year hidden",mentalist,MENTALIST,9,"noun, adjective",1616-,1616,printed date range,derivative,3,,,A person characterized by regard… A magician who…,0,,http://www.oed.com/dictionary/mentalist_n
"4 - unresolved: not marked obsolete, last-quotation year hidden",mentalize,MENTALIZE,9,verb,1807-,1807,printed date range,derivative,3,,,transitive. To construct or picture in the mind…,0,,http://www.oed.com/dictionary/mentalize_v
"4 - unresolved: not marked obsolete, last-quotation year hidden",mercurial,MERCURIAL,9,"noun, adjective",a1300-,1300,printed date range,borrowing,4,,sciences/physical sciences,"Of a person: having a lively, volatile, or…",0,,http://www.oed.com/dictionary/mercurial_n
"4 - unresolved: not marked obsolete, last-quotation year hidden",messieurs,MESSIEURS,9,noun,1539-,1539,printed date range,borrowing,3,,,"The regular French plural of monsieur, n., used…",0,,http://www.oed.com/dictionary/messieurs_n
"4 - unresolved: not marked obsolete, last-quotation year hidden",microcosm,MICROCOSM,9,noun,a1475-,1475,printed date range,borrowing,5,,,"More generally: a place, situation, etc…",0,,http://www.oed.com/dictionary/microcosm_n
"4 - unresolved: not marked obsolete, last-quotation year hidden",middleman,MIDDLEMAN,9,noun,c1384-,1384,printed date range,compound,5,,,"A trader, company, etc., that handles a commodity…",1,,http://www.oed.com/dictionary/middleman_n
"4 - unresolved: not marked obsolete, last-quotation year hidden",minerally,MINERALLY,9,adverb,1865-,1865,printed date range,derivative,3,,,With regard to mineral resources or content; in…,1,,http://www.oed.com/dictionary/minerally_adv
"4 - unresolved: not marked obsolete, last-quotation year hidden",misuseful,MISUSEFUL,9,adjective,1890-,1890,printed date range,derivative,0,,,Characterized by misuse.,0,,http://www.oed.com/dictionary/misuseful_adj
"4 - unresolved: not marked obsolete, last-quotation year hidden",moderator,MODERATOR,9,noun,a1398-,1398,printed date range,borrowing,5,,,A person who acts as an arbitrator between…,0,,http://www.oed.com/dictionary/moderator_n
"4 - unresolved: not marked obsolete, last-quotation year hidden",momentary,MOMENTARY,9,"adjective, adverb",c1485-,1485,printed date range,borrowing,5,,,Lasting only a moment; of only a moment's…,0,,http://www.oed.com/dictionary/momentary_adj
"4 - unresolved: not marked obsolete, last-quotation year hidden",monkey-man,MONKEYMAN,9,noun,1819-,1819,printed date range,compound,2,"colloquial and slang, derogatory",,Chiefly derogatory. A man likened to or supposed…,0,,http://www.oed.com/dictionary/monkey-man_n
"4 - unresolved: not marked obsolete, last-quotation year hidden",monoplane,MONOPLANE,9,verb,1909-,1909,printed date range,conversion,3,,,intransitive. To travel or fly in a monoplane.,1,,http://www.oed.com/dictionary/monoplane_v
"4 - unresolved: not marked obsolete, last-quotation year hidden",moonshine,MOONSHINE,9,"noun, adjective",c1425-,1425,printed date range,compound,4,,,Appearance without substance; something…,1,,http://www.oed.com/dictionary/moonshine_n
"4 - unresolved: not marked obsolete, last-quotation year hidden",mortar-man,MORTARMAN,9,noun,1756-,1756,printed date range,compound,3,,military,†a. An apothecary (obsolete); b. Military a…,0,,http://www.oed.com/dictionary/mortar-man_n
"4 - unresolved: not marked obsolete, last-quotation year hidden",mouth-wise,MOUTHWISE,9,adverb,1876-,1876,printed date range,derivative,0,,,"By means of the mouth, by speech.",0,,http://www.oed.com/dictionary/mouth-wise_adv
"4 - unresolved: not marked obsolete, last-quotation year hidden",mule-stair,MULESTAIR,9,noun,1864-,1864,printed date range,compound,0,,,A mountain ascent negotiable by mules.,0,,http://www.oed.com/dictionary/mule-stair_n
"4 - unresolved: not marked obsolete, last-quotation year hidden",mumbudget,MUMBUDGET,9,"noun, interjection, adjective",a1564-,1564,printed date range,compound,1,archaic,,to play (at) mumbudget: to keep silent. Now archaic.,1,,http://www.oed.com/dictionary/mumbudget_n
"4 - unresolved: not marked obsolete, last-quotation year hidden",muskmelon,MUSKMELON,9,noun,1573-,1573,printed date range,compound,3,,sciences/life sciences/plants,The edible fruit of the melon (Cucumis melo…,0,,http://www.oed.com/dictionary/muskmelon_n
"4 - unresolved: not marked obsolete, last-quotation year hidden",myth-haunt,MYTHHAUNT,9,verb,1940-,1940,printed date range,compound,1,,,transitive. To haunt with myths.,0,,http://www.oed.com/dictionary/myth-haunt_v
"4 - unresolved: not marked obsolete, last-quotation year hidden",nanniness,NANNINESS,9,noun,1973-,1973,printed date range,derivative,0,,,The state or condition of being nannyish.,0,,http://www.oed.com/dictionary/nanniness_n
"4 - unresolved: not marked obsolete, last-quotation year hidden",nemasperm,NEMASPERM,9,noun,1922-,1922,printed date range,borrowing,0,,sciences/medicine/physiology,A spermatozoon.,0,,http://www.oed.com/dictionary/nemasperm_n
"4 - unresolved: not marked obsolete, last-quotation year hidden",nibcocked,NIBCOCKED,9,adjective,1939-,1939,printed date range,derivative,0,disparaging,,Having a penis like the point of a pen.,0,,http://www.oed.com/dictionary/nibcocked_adj
"4 - unresolved: not marked obsolete, last-quotation year hidden",non-answer,NONANSWER,9,verb,1818-,1818,printed date range,derivative,1,,,transitive. To utter as an inadequate answer.,1,,http://www.oed.com/dictionary/non-answer_v
"4 - unresolved: not marked obsolete, last-quotation year hidden",nostalgic,NOSTALGIC,9,"adjective, noun",1782-,1782,printed date range,derivative,5,,,Of the nature of or caused by nostalgia…,0,,http://www.oed.com/dictionary/nostalgic_adj
"4 - unresolved: not marked obsolete, last-quotation year hidden",onomastic,ONOMASTIC,9,"noun, adjective",1576-,1576,printed date range,borrowing,3,,,"Of, relating to, or connected with names or…",0,,http://www.oed.com/dictionary/onomastic_n
"4 - unresolved: not marked obsolete, last-quotation year hidden",orthoprax,ORTHOPRAX,9,adjective,1852-,1852,printed date range,compound,2,,,Correct in practice (as distinct from thought or…,0,,http://www.oed.com/dictionary/orthoprax_adj
"4 - unresolved: not marked obsolete, last-quotation year hidden",Ostrogoth,OSTROGOTH,9,"noun, adjective",a1398-,1398,printed date range,borrowing,4,,,An East Goth; spec. a member of the eastern…,0,,http://www.oed.com/dictionary/ostrogoth_n
"4 - unresolved: not marked obsolete, last-quotation year hidden",otherwise,OTHERWISE,9,"noun, adverb, adjective",Old English-,1000,printed date range,compound,6,,,In another case; in other circumstances; if not; else.,0,,http://www.oed.com/dictionary/otherwise_n
"4 - unresolved: not marked obsolete, last-quotation year hidden",out and out,OUTANDOUT,9,"adverb, adjective, noun",c1300-,1300,printed date range,compound,4,,,"Thoroughly, completely, entirely; downright.",0,,http://www.oed.com/dictionary/out-and-out_adv
"4 - unresolved: not marked obsolete, last-quotation year hidden",overpower,OVERPOWER,9,noun,1625-,1625,printed date range,derivative,2,,,A superior or supreme power.,1,,http://www.oed.com/dictionary/overpower_n
"4 - unresolved: not marked obsolete, last-quotation year hidden",overthrow,OVERTHROW,9,noun,c1440-,1440,printed date range,conversion,4,,,The action of overthrowing something; the fact of…,2,yes,http://www.oed.com/dictionary/overthrow_n1
"4 - unresolved: not marked obsolete, last-quotation year hidden",parabolic,PARABOLIC,9,"adjective, noun",c1449-,1449,printed date range,borrowing,5,,sciences/mathematics/geometry,Geometry. Of the form of or resembling a…,0,,http://www.oed.com/dictionary/parabolic_adj
"4 - unresolved: not marked obsolete, last-quotation year hidden",parapants,PARAPANTS,9,noun,1944-,1944,printed date range,compound,0,humorous,"crafts and trades/costume, sport and leisure/sport/parachuting",Women's knickers or underpants made from…,0,,http://www.oed.com/dictionary/parapants_n
"4 - unresolved: not marked obsolete, last-quotation year hidden",patrogony,PATROGONY,9,noun,1857-,1857,printed date range,borrowing,0,disused,sciences/life sciences,Biology. Ontogeny that appears to duplicate…,0,,http://www.oed.com/dictionary/patrogony_n
"4 - unresolved: not marked obsolete, last-quotation year hidden",pillarist,PILLARIST,9,noun,a1638-,1638,printed date range,derivative,0,,religion and belief/religion,An ascetic who lives on a pillar; a stylite. Now rare.,0,,http://www.oed.com/dictionary/pillarist_n
"4 - unresolved: not marked obsolete, last-quotation year hidden",pismirism,PISMIRISM,9,noun,1906-,1906,printed date range,derivative,0,,,Hoarding of money; miserliness.,0,,http://www.oed.com/dictionary/pismirism_n
"4 - unresolved: not marked obsolete, last-quotation year hidden",pitmanize,PITMANIZE,9,verb,1912-,1912,printed date range,proper name,0,,,transitive. To fill (a book) with Pitman shorthand.,0,,http://www.oed.com/dictionary/pitmanize_v
"4 - unresolved: not marked obsolete, last-quotation year hidden",Platonize,PLATONIZE,9,verb,1577-,1577,printed date range,borrowing,3,,philosophy,intransitive. To follow the doctrine of Plato; to…,0,,http://www.oed.com/dictionary/platonize_v
"4 - unresolved: not marked obsolete, last-quotation year hidden",plenitude,PLENITUDE,9,noun,c1425-,1425,printed date range,borrowing,4,,,"Comparative fullness; abundance, amplitude, or…",0,,http://www.oed.com/dictionary/plenitude_n
"4 - unresolved: not marked obsolete, last-quotation year hidden",polymetre,POLYMETRE,9,noun,1922-,1922,printed date range,compound,2,,arts/performing arts/music,The use of two or more time signatures simultaneously.,0,,http://www.oed.com/dictionary/polymetre_n
"4 - unresolved: not marked obsolete, last-quotation year hidden",polyphone,POLYPHONE,9,noun,1655-,1655,printed date range,borrowing,2,,"arts/performing arts/music, language/linguistics/phonetics",Phonetics. A written character having more than…,0,,http://www.oed.com/dictionary/polyphone_n
"4 - unresolved: not marked obsolete, last-quotation year hidden",popcorked,POPCORKED,9,adjective,1919-,1919,printed date range,compound,0,,,(Of a bottle) that has a cork which pops when drawn.,0,,http://www.oed.com/dictionary/popcorked_adj
"4 - unresolved: not marked obsolete, last-quotation year hidden",poppysmic,POPPYSMIC,9,adjective,1922-,1922,printed date range,borrowing,0,,language/linguistics/phonetics,Produced with smacking of the lips.,0,,http://www.oed.com/dictionary/poppysmic_adj
"4 - unresolved: not marked obsolete, last-quotation year hidden",prescript,PRESCRIPT,9,noun,1532-,1532,printed date range,borrowing,3,,law,A thing which is prescribed or laid down as a…,0,,http://www.oed.com/dictionary/prescript_n
"4 - unresolved: not marked obsolete, last-quotation year hidden",progenity,PROGENITY,9,noun,c1450-,1450,printed date range,borrowing,1,,,"= progeny, n. (in various senses).",0,,http://www.oed.com/dictionary/progenity_n
"4 - unresolved: not marked obsolete, last-quotation year hidden",pronghorn,PRONGHORN,9,noun,1823-,1823,printed date range,compound,4,,sciences/life sciences/animals,"A North American ruminant, Antilocapra americana…",0,,http://www.oed.com/dictionary/pronghorn_n
"4 - unresolved: not marked obsolete, last-quotation year hidden",Proustery,PROUSTERY,9,noun,1928-,1928,printed date range,proper name,0,,arts/literature,Proustian manner or style.,0,,http://www.oed.com/dictionary/proustery_n
"4 - unresolved: not marked obsolete, last-quotation year hidden",pugnozzle,PUGNOZZLE,9,verb,1934-,1934,printed date range,compound,0,,,intransitive. Of the upper lip and nostrils: to…,0,,http://www.oed.com/dictionary/pugnozzle_v
"4 - unresolved: not marked obsolete, last-quotation year hidden",pussel-gut,PUSSELGUT,9,verb,1930-,1930,printed date range,conversion,1,,sciences/life sciences/animals/fish,transitive (reflexive). To fatten; to render…,0,,http://www.oed.com/dictionary/pussel-gut_v
"4 - unresolved: not marked obsolete, last-quotation year hidden",pyrograph,PYROGRAPH,9,noun,1882-,1882,printed date range,compound,1,,arts/decorative arts,Originally U.S. A handheld tool with an…,1,,http://www.oed.com/dictionary/pyrograph_n
"4 - unresolved: not marked obsolete, last-quotation year hidden",pyrophile,PYROPHILE,9,noun,1902-,1902,printed date range,compound,0,,sciences/medicine/psychology/psychiatry,a. a person who accepts the conventional theory…,0,,http://www.oed.com/dictionary/pyrophile_n
"4 - unresolved: not marked obsolete, last-quotation year hidden",quadrille,QUADRILLE,9,verb,1819-,1819,printed date range,conversion,2,,arts/performing arts/dance,intransitive. To dance a quadrille. Also in…,3,yes,http://www.oed.com/dictionary/quadrille_v2
"4 - unresolved: not marked obsolete, last-quotation year hidden",ravenling,RAVENLING,9,noun,1896-,1896,printed date range,derivative,0,,,A young raven.,0,,http://www.oed.com/dictionary/ravenling_n
"4 - unresolved: not marked obsolete, last-quotation year hidden",religioso,RELIGIOSO,9,"adjective, adverb, noun",1792-,1792,printed date range,borrowing,3,,"arts/performing arts/music, religion and belief/religion","Music. Religious, devotional; played religioso.",1,,http://www.oed.com/dictionary/religioso_adj
"4 - unresolved: not marked obsolete, last-quotation year hidden",ripripple,RIPRIPPLE,9,verb,1922-,1922,printed date range,variant,1,,,transitive. To wash over (something) repeatedly…,0,,http://www.oed.com/dictionary/ripripple_v
"4 - unresolved: not marked obsolete, last-quotation year hidden",roadcraft,ROADCRAFT,9,noun,1845-,1845,printed date range,compound,1,colloquial and slang,transport/motoring,"†a. The occupation, skill, or craft of a…",0,,http://www.oed.com/dictionary/roadcraft_n
"4 - unresolved: not marked obsolete, last-quotation year hidden",road-upper,ROADUPPER,9,noun,1928-,1928,printed date range,,0,,,A person who digs up a road or roads.,0,,http://www.oed.com/dictionary/road-upper_n
"4 - unresolved: not marked obsolete, last-quotation year hidden",rubricist,RUBRICIST,9,noun,1843-,1843,printed date range,derivative,2,,religion and belief/religion/Christianity/liturgical,A strict or overzealous observer of liturgical rubrics.,0,,http://www.oed.com/dictionary/rubricist_n
"4 - unresolved: not marked obsolete, last-quotation year hidden",sad-avised,SADAVISED,9,adjective,1878-,1878,printed date range,,0,,,Sad-faced.,0,,http://www.oed.com/dictionary/sad-avised_adj
"4 - unresolved: not marked obsolete, last-quotation year hidden",sapidless,SAPIDLESS,9,adjective,1821-,1821,printed date range,derivative,1,,,Flavourless.,0,,http://www.oed.com/dictionary/sapidless_adj
"4 - unresolved: not marked obsolete, last-quotation year hidden",secretary,SECRETARY,9,verb,1927-,1927,printed date range,conversion,1,colloquial and slang,,intransitive. To work as a secretary (esp. an…,1,,http://www.oed.com/dictionary/secretary_v
"4 - unresolved: not marked obsolete, last-quotation year hidden",seed crown,SEEDCROWN,9,noun,1607-,1607,printed date range,compound,1,,sciences/life sciences/plants,Botany. Originally: the pappus on a fruit or…,0,,http://www.oed.com/dictionary/seed-crown_n
"4 - unresolved: not marked obsolete, last-quotation year hidden",self-noise,SELFNOISE,9,noun,1897-,1897,printed date range,derivative,2,,,"Noise generated by a device, vehicle, etc…",0,,http://www.oed.com/dictionary/self-noise_n
"4 - unresolved: not marked obsolete, last-quotation year hidden",sensitive,SENSITIVE,9,"adjective, noun",?a1425-,1425,printed date range,borrowing,6,,,"Of a person, animal, part or organ of the body…",0,,http://www.oed.com/dictionary/sensitive_adj
"4 - unresolved: not marked obsolete, last-quotation year hidden",septenary,SEPTENARY,9,"adjective, noun",c1484-,1484,printed date range,borrowing,3,,,A group or set of seven.,0,,http://www.oed.com/dictionary/septenary_adj
"4 - unresolved: not marked obsolete, last-quotation year hidden",sevenfold,SEVENFOLD,9,"adjective, noun, adverb",Old English-,1000,printed date range,inherited,4,,,Seven times as great or numerous; grown or…,1,,http://www.oed.com/dictionary/sevenfold_adj
"4 - unresolved: not marked obsolete, last-quotation year hidden",sexuality,SEXUALITY,9,noun,1797-,1797,printed date range,derivative,6,,,"Sexual nature, instinct, or feelings; the…",0,,http://www.oed.com/dictionary/sexuality_n
"4 - unresolved: not marked obsolete, last-quotation year hidden",shameface,SHAMEFACE,9,noun,1636-,1636,printed date range,compound,1,,,A bashful aspect.,0,,http://www.oed.com/dictionary/shameface_n
"4 - unresolved: not marked obsolete, last-quotation year hidden",sheep trot,SHEEPTROT,9,noun,1926-,1926,printed date range,compound,0,,,A dance as of satyrs.,0,,http://www.oed.com/dictionary/sheep-trot_n
"4 - unresolved: not marked obsolete, last-quotation year hidden",shiftless,SHIFTLESS,9,"adjective, noun",1562-,1562,printed date range,derivative,4,,,Not capable or resourceful; lacking the ability…,0,,http://www.oed.com/dictionary/shiftless_adj
"4 - unresolved: not marked obsolete, last-quotation year hidden",shuttable,SHUTTABLE,9,adjective,1854-,1854,printed date range,derivative,0,,,Capable of being closed.,0,,http://www.oed.com/dictionary/shuttable_adj
"4 - unresolved: not marked obsolete, last-quotation year hidden",sinistral,SINISTRAL,9,"adjective, noun",?a1475-,1475,printed date range,borrowing,4,,sciences,Situated on the left side; of or relating to the…,0,,http://www.oed.com/dictionary/sinistral_adj
"4 - unresolved: not marked obsolete, last-quotation year hidden",skirt duty,SKIRTDUTY,9,noun,1922-,1922,printed date range,compound,0,colloquial and slang,military,†a. The practice of acting in a way intended to…,0,,http://www.oed.com/dictionary/skirt-duty_n
"4 - unresolved: not marked obsolete, last-quotation year hidden",smackwarm,SMACKWARM,9,noun,1922-,1922,printed date range,compound,1,,,(See quot. 1922).,0,,http://www.oed.com/dictionary/smackwarm_n
"4 - unresolved: not marked obsolete, last-quotation year hidden",snar-noise,SNARNOISE,9,noun,1582-,1582,printed date range,compound,0,,,A snarling or angry noise.,0,,http://www.oed.com/dictionary/snar-noise_n
"4 - unresolved: not marked obsolete, last-quotation year hidden",snatchery,SNATCHERY,9,noun,?1553-,1553,printed date range,derivative,0,,,Snatching.,0,,http://www.oed.com/dictionary/snatchery_n
"4 - unresolved: not marked obsolete, last-quotation year hidden",sniveldom,SNIVELDOM,9,noun,1767-,1767,printed date range,derivative,0,,,A slight cold causing one to snivel.,0,,http://www.oed.com/dictionary/sniveldom_n
"4 - unresolved: not marked obsolete, last-quotation year hidden",snivelize,SNIVELIZE,9,verb,1849-,1849,printed date range,,1,,,(transitive) to reduce (someone) to a state of…,0,,http://www.oed.com/dictionary/snivelize_v
"4 - unresolved: not marked obsolete, last-quotation year hidden",solemnize,SOLEMNIZE,9,verb,a1382-,1382,printed date range,borrowing,4,,,To celebrate (a marriage) with proper ceremonies…,0,,http://www.oed.com/dictionary/solemnize_v
"4 - unresolved: not marked obsolete, last-quotation year hidden",spiderine,SPIDERINE,9,adjective,1886-,1886,printed date range,derivative,0,,,Of the nature of a spider.,0,,http://www.oed.com/dictionary/spiderine_adj
"4 - unresolved: not marked obsolete, last-quotation year hidden",stagnator,STAGNATOR,9,noun,1863-,1863,printed date range,derivative,1,,,One who denies the motion (of the earth).,0,,http://www.oed.com/dictionary/stagnator_n
"4 - unresolved: not marked obsolete, last-quotation year hidden",statement,STATEMENT,9,verb,1931-,1931,printed date range,conversion,4,,"economics and commerce/accounting, education",transitive (usually in passive). British…,1,,http://www.oed.com/dictionary/statement_v
"4 - unresolved: not marked obsolete, last-quotation year hidden",stay-maker,STAYMAKER,9,noun,1897-,1897,printed date range,compound,2,,,One who makes a long stay.,1,,http://www.oed.com/dictionary/stay-maker_n-a
"4 - unresolved: not marked obsolete, last-quotation year hidden",steeplish,STEEPLISH,9,adjective,1856-,1856,printed date range,derivative,0,,,Somewhat like the form of a steeple.,0,,http://www.oed.com/dictionary/steeplish_adj
"4 - unresolved: not marked obsolete, last-quotation year hidden",stem-house,STEMHOUSE,9,noun,1762-,1762,printed date range,compound,0,,,The ancestral mansion of a family.,0,,http://www.oed.com/dictionary/stem-house_n
"4 - unresolved: not marked obsolete, last-quotation year hidden",stockinet,STOCKINET,9,noun,1824-,1824,printed date range,variant,3,,crafts and trades/textiles/knitting,A knitted textile fabric of considerable…,0,,http://www.oed.com/dictionary/stockinet_n
"4 - unresolved: not marked obsolete, last-quotation year hidden",stock-keep,STOCKKEEP,9,verb,1890-,1890,printed date range,,2,,agriculture and horticulture/agriculture,"To tend cattle, etc.",0,,http://www.oed.com/dictionary/stock-keep_v
"4 - unresolved: not marked obsolete, last-quotation year hidden",stokerage,STOKERAGE,9,noun,1895-,1895,printed date range,derivative,0,,,The action or the services of a stoker.,0,,http://www.oed.com/dictionary/stokerage_n
"4 - unresolved: not marked obsolete, last-quotation year hidden",stone-drop,STONEDROP,9,noun,1810-,1810,printed date range,compound,1,,,Poetic name for a stalactite.,0,,http://www.oed.com/dictionary/stone-drop_n
"4 - unresolved: not marked obsolete, last-quotation year hidden",stop-mouth,STOPMOUTH,9,adjective,1823-,1823,printed date range,compound,0,,,Intended to keep people silent.,0,,http://www.oed.com/dictionary/stop-mouth_adj
"4 - unresolved: not marked obsolete, last-quotation year hidden",stop-short,STOPSHORT,9,adjective,1747-,1747,printed date range,compound,1,,,That stops short of its proper object.,0,,http://www.oed.com/dictionary/stop-short_adj
"4 - unresolved: not marked obsolete, last-quotation year hidden",storkbird,STORKBIRD,9,noun,1922-,1922,printed date range,compound,0,,sciences/life sciences/animals/birds,"= stork, n.",0,,http://www.oed.com/dictionary/storkbird_n
"4 - unresolved: not marked obsolete, last-quotation year hidden",stratiote,STRATIOTE,9,noun,1656-,1656,printed date range,borrowing,3,,"history/ancient history, military",Chiefly Ancient History. A Greek soldier. rare.,0,,http://www.oed.com/dictionary/stratiote_n
"4 - unresolved: not marked obsolete, last-quotation year hidden",stringent,STRINGENT,9,adjective,1605-,1605,printed date range,borrowing,5,,,"Of regulations, procedure, requirements…",0,,http://www.oed.com/dictionary/stringent_adj
"4 - unresolved: not marked obsolete, last-quotation year hidden",stumpling,STUMPLING,9,noun,1786-,1786,printed date range,derivative,0,,,A little stump.,0,,http://www.oed.com/dictionary/stumpling_n
"4 - unresolved: not marked obsolete, last-quotation year hidden",surmisant,SURMISANT,9,noun,1748-,1748,printed date range,derivative,0,,,A surmiser.,0,,http://www.oed.com/dictionary/surmisant_n
"4 - unresolved: not marked obsolete, last-quotation year hidden",suspendee,SUSPENDEE,9,noun,a1856-,1856,printed date range,derivative,1,,,One who is suspended.,0,,http://www.oed.com/dictionary/suspendee_n
"4 - unresolved: not marked obsolete, last-quotation year hidden",swanproof,SWANPROOF,9,adjective,1905-,1905,printed date range,compound,0,,,Not susceptible to the influence of Shakespeare…,0,,http://www.oed.com/dictionary/swanproof_adj
"4 - unresolved: not marked obsolete, last-quotation year hidden",sweetmeat,SWEETMEAT,9,verb,1764-,1764,printed date range,conversion,3,,,transitive. To ornament or decorate (something)…,1,,http://www.oed.com/dictionary/sweetmeat_v
"4 - unresolved: not marked obsolete, last-quotation year hidden",swordster,SWORDSTER,9,noun,1881-,1881,printed date range,derivative,0,,,A person given to sword fighting.,0,,http://www.oed.com/dictionary/swordster_n
"4 - unresolved: not marked obsolete, last-quotation year hidden",syllabize,SYLLABIZE,9,verb,1656-,1656,printed date range,borrowing,2,,language/linguistics/phonetics,transitive. To form or divide into syllables; to…,0,,http://www.oed.com/dictionary/syllabize_v
"4 - unresolved: not marked obsolete, last-quotation year hidden",syllepsis,SYLLEPSIS,9,noun,1577-,1577,printed date range,borrowing,3,,"arts/literature/rhetoric, language/linguistics/grammar",Grammar and Rhetoric. A figure by which a word…,0,,http://www.oed.com/dictionary/syllepsis_n
"4 - unresolved: not marked obsolete, last-quotation year hidden",syncopist,SYNCOPIST,9,noun,1715-,1715,printed date range,derivative,0,,,One who syncopates a word; spec. one who omits…,0,,http://www.oed.com/dictionary/syncopist_n
"4 - unresolved: not marked obsolete, last-quotation year hidden",tactility,TACTILITY,9,noun,1660-,1660,printed date range,derivative,3,,,The quality or condition of being tactile.,0,,http://www.oed.com/dictionary/tactility_n
"4 - unresolved: not marked obsolete, last-quotation year hidden",tariffism,TARIFFISM,9,noun,1903-,1903,printed date range,derivative,1,,economics and commerce/economics,The principle or system of imposing a tariff…,0,,http://www.oed.com/dictionary/tariffism_n
"4 - unresolved: not marked obsolete, last-quotation year hidden",tariffize,TARIFFIZE,9,verb,1848-,1848,printed date range,derivative,0,,economics and commerce,(transitive) to subject to a tariff or system of…,0,,http://www.oed.com/dictionary/tariffize_v
"4 - unresolved: not marked obsolete, last-quotation year hidden",tauntless,TAUNTLESS,9,adjective,c1879-,1879,printed date range,derivative,0,,,Lacking or without a taunt (sense 3).,0,,http://www.oed.com/dictionary/tauntless_adj
"4 - unresolved: not marked obsolete, last-quotation year hidden",tavernize,TAVERNIZE,9,verb,1851-,1851,printed date range,derivative,0,,,(intransitive) to frequent taverns.,0,,http://www.oed.com/dictionary/tavernize_v
"4 - unresolved: not marked obsolete, last-quotation year hidden",tavernous,TAVERNOUS,9,adjective,1866-,1866,printed date range,derivative,1,,,Tavern-like.,0,,http://www.oed.com/dictionary/tavernous_adj
"4 - unresolved: not marked obsolete, last-quotation year hidden",telepheme,TELEPHEME,9,noun,1857-,1857,printed date range,borrowing,0,disused,technology/telecommunications/telephony,A message conveyed by telephone. rare.,0,,http://www.oed.com/dictionary/telepheme_n
"4 - unresolved: not marked obsolete, last-quotation year hidden",tenantism,TENANTISM,9,noun,1880-,1880,printed date range,derivative,0,,,The principles and practice of tenants; tenantry…,0,,http://www.oed.com/dictionary/tenantism_n
"4 - unresolved: not marked obsolete, last-quotation year hidden",tetrakism,TETRAKISM,9,noun,1856-,1856,printed date range,borrowing,1,,,"A theory or doctrine of four (persons, aspects, etc.).",0,,http://www.oed.com/dictionary/tetrakism_n
"4 - unresolved: not marked obsolete, last-quotation year hidden",theosophy,THEOSOPHY,9,noun,1650-,1650,printed date range,borrowing,4,,"religion and belief/belief systems and practices/occult, religion and belief/religion","Applied to a system of recent origin, resembling…",0,,http://www.oed.com/dictionary/theosophy_n
"4 - unresolved: not marked obsolete, last-quotation year hidden",thirdling,THIRDLING,9,noun,1884-,1884,printed date range,derivative,0,,,Something that comes third.,0,,http://www.oed.com/dictionary/thirdling_n
"4 - unresolved: not marked obsolete, last-quotation year hidden",throw-over,THROWOVER,9,"adjective, noun",1754-,1754,printed date range,conversion,2,,crafts and trades,Of a piece of material: that can be draped or…,0,,http://www.oed.com/dictionary/throw-over_adj
"4 - unresolved: not marked obsolete, last-quotation year hidden",tigerette,TIGERETTE,9,noun,1906-,1906,printed date range,derivative,0,,,"A diminutive female tiger (in tiger, n. 4a), a ‘cat’.",0,,http://www.oed.com/dictionary/tigerette_n
"4 - unresolved: not marked obsolete, last-quotation year hidden",tigerling,TIGERLING,9,noun,1858-,1858,printed date range,derivative,0,,sciences/life sciences/animals,A young or diminutive tiger.,0,,http://www.oed.com/dictionary/tigerling_n
"4 - unresolved: not marked obsolete, last-quotation year hidden",tigrology,TIGROLOGY,9,noun,1856-,1856,printed date range,compound,0,,sciences/life sciences/animals,The branch of zoology which treats of tigers.,0,,http://www.oed.com/dictionary/tigrology_n
"4 - unresolved: not marked obsolete, last-quotation year hidden",tillocrat,TILLOCRAT,9,noun,1858-,1858,printed date range,compound,0,,,A ruling member of an agricultural class.,0,,http://www.oed.com/dictionary/tillocrat_n
"4 - unresolved: not marked obsolete, last-quotation year hidden",tinnitate,TINNITATE,9,verb,1866-,1866,printed date range,borrowing,0,,,"intransitive. To ring, give forth a ringing sound.",0,,http://www.oed.com/dictionary/tinnitate_v
"4 - unresolved: not marked obsolete, last-quotation year hidden",tobaccoed,TOBACCOED,9,adjective,1893-,1893,printed date range,derivative,1,,consumables/tobacco,Characterized by the use of tobacco.,0,,http://www.oed.com/dictionary/tobaccoed_adj
"4 - unresolved: not marked obsolete, last-quotation year hidden",tobaccose,TOBACCOSE,9,adjective,1845-,1845,printed date range,derivative,0,,consumables/tobacco,"Addicted to, or characterized by addiction to, tobacco.",0,,http://www.oed.com/dictionary/tobaccose_adj
"4 - unresolved: not marked obsolete, last-quotation year hidden",Tophetism,TOPHETISM,9,noun,1859-,1859,printed date range,derivative,0,,,Hellishness.,0,,http://www.oed.com/dictionary/tophetism_n
"4 - unresolved: not marked obsolete, last-quotation year hidden",Tophetize,TOPHETIZE,9,verb,1702-,1702,printed date range,derivative,0,,,(transitive) to make a Tophet or hell of.,0,,http://www.oed.com/dictionary/tophetize_v
"4 - unresolved: not marked obsolete, last-quotation year hidden",topscript,TOPSCRIPT,9,noun,1731-,1731,printed date range,compound,0,,,Something written at the top of a letter.,0,,http://www.oed.com/dictionary/topscript_n
"4 - unresolved: not marked obsolete, last-quotation year hidden",tornadoed,TORNADOED,9,adjective,1851-,1851,printed date range,derivative,2,,,Affected by tornadoes. (In quot. 1851 figurative.),0,,http://www.oed.com/dictionary/tornadoed_adj
"4 - unresolved: not marked obsolete, last-quotation year hidden",torpedoic,TORPEDOIC,9,adjective,1893-,1893,printed date range,derivative,0,,,"Of a torpedo, like that of a torpedo.",0,,http://www.oed.com/dictionary/torpedoic_adj
"4 - unresolved: not marked obsolete, last-quotation year hidden",tottledom,TOTTLEDOM,9,noun,1889-,1889,printed date range,derivative,0,,,"(For toddledom), the sphere of toddlers or…",0,,http://www.oed.com/dictionary/tottledom_n
"4 - unresolved: not marked obsolete, last-quotation year hidden",toucanity,TOUCANITY,9,noun,1892-,1892,printed date range,derivative,0,,,The character of a toucan.,0,,http://www.oed.com/dictionary/toucanity_n
"4 - unresolved: not marked obsolete, last-quotation year hidden",towelling,TOWELLING,9,noun,1582-,1582,printed date range,derivative,3,,crafts and trades/textiles,Linen cloth to be made into towels; material for…,0,,http://www.oed.com/dictionary/towelling_n
"4 - unresolved: not marked obsolete, last-quotation year hidden",townhithe,TOWNHITHE,9,noun,1922-,1922,printed date range,compound,0,,transport/nautical,"A haven or landing place in a town; cf. hythe, n.",0,,http://www.oed.com/dictionary/townhithe_n
"4 - unresolved: not marked obsolete, last-quotation year hidden",treatment,TREATMENT,9,noun,c1560-,1560,printed date range,derivative,7,,,"Conduct, behaviour; action or behaviour towards a…",0,,http://www.oed.com/dictionary/treatment_n
"4 - unresolved: not marked obsolete, last-quotation year hidden",treatyist,TREATYIST,9,noun,1888-,1888,printed date range,derivative,0,,politics,One who frames or is bound by a treaty.,0,,http://www.oed.com/dictionary/treatyist_n
"4 - unresolved: not marked obsolete, last-quotation year hidden",tremulous,TREMULOUS,9,adjective,1611-,1611,printed date range,borrowing,4,,,"Of persons, their limbs, etc.: Characterized or…",0,,http://www.oed.com/dictionary/tremulous_adj
"4 - unresolved: not marked obsolete, last-quotation year hidden",trifledom,TRIFLEDOM,9,noun,1903-,1903,printed date range,derivative,0,,,The realm of trifles.,0,,http://www.oed.com/dictionary/trifledom_n
"4 - unresolved: not marked obsolete, last-quotation year hidden",tri-schism,TRISCHISM,9,noun,1896-,1896,printed date range,compound,0,,,Schism of three parties.,0,,http://www.oed.com/dictionary/tri-schism_n
"4 - unresolved: not marked obsolete, last-quotation year hidden",Tritonize,TRITONIZE,9,verb,1841-,1841,printed date range,derivative,0,,,"(intransitive) to play the Triton (see Triton, n.¹ 1c).",0,,http://www.oed.com/dictionary/tritonize_v
"4 - unresolved: not marked obsolete, last-quotation year hidden",trousered,TROUSERED,9,adjective,1752-,1752,printed date range,derivative,0,,crafts and trades/costume,Wearing or dressed in trousers (in various…,0,,http://www.oed.com/dictionary/trousered_adj
"4 - unresolved: not marked obsolete, last-quotation year hidden",trumpless,TRUMPLESS,9,adjective,1899-,1899,printed date range,derivative,0,,sport and leisure/games/cards,Having or containing no trumps.,0,,http://www.oed.com/dictionary/trumpless_adj
"4 - unresolved: not marked obsolete, last-quotation year hidden",tunnified,TUNNIFIED,9,adjective,1806-,1806,printed date range,derivative,0,humorous,,Grown as big as a tun; very corpulent. (Cf…,0,,http://www.oed.com/dictionary/tunnified_adj
"4 - unresolved: not marked obsolete, last-quotation year hidden",tunnyhood,TUNNYHOOD,9,noun,1853-,1853,printed date range,derivative,0,,,The state of a full-grown tunny.,0,,http://www.oed.com/dictionary/tunnyhood_n
"4 - unresolved: not marked obsolete, last-quotation year hidden",turnagain,TURNAGAIN,9,"adjective, noun",1531-,1531,printed date range,conversion,1,,,A component of a bobbin-net machine that reverses…,0,,http://www.oed.com/dictionary/turnagain_adj
"4 - unresolved: not marked obsolete, last-quotation year hidden",tympaning,TYMPANING,9,noun,1862-,1862,printed date range,derivative,0,,arts/performing arts/music,"The playing of a tympan (tympan, n. 1b).",0,,http://www.oed.com/dictionary/tympaning_n
"4 - unresolved: not marked obsolete, last-quotation year hidden",unjustice,UNJUSTICE,9,noun,a1475-,1475,printed date range,derivative,2,,,Injustice; unfairness; unjust action or…,0,,http://www.oed.com/dictionary/unjustice_n
"4 - unresolved: not marked obsolete, last-quotation year hidden",upsetting,UPSETTING,9,noun,c1449-,1449,printed date range,derivative,4,,,"The action of overturning, or fact of being overturned.",0,,http://www.oed.com/dictionary/upsetting_n
"4 - unresolved: not marked obsolete, last-quotation year hidden",vandyking,VANDYKING,9,noun,1633-,1633,printed date range,derivative,1,,"arts/visual arts/painting and drawing/painting, crafts and trades/textiles",concrete. Vandyked material; work shaped in…,0,,http://www.oed.com/dictionary/vandyking_n
"4 - unresolved: not marked obsolete, last-quotation year hidden",vauntless,VAUNTLESS,9,adjective,c1879-,1879,printed date range,derivative,0,,,Not bragging or boasting.,0,,http://www.oed.com/dictionary/vauntless_adj
"4 - unresolved: not marked obsolete, last-quotation year hidden",venerable,VENERABLE,9,"adjective, noun",1437-,1437,printed date range,borrowing,5,,,Of persons: Worthy of being… As an epithet of…,0,,http://www.oed.com/dictionary/venerable_adj
"4 - unresolved: not marked obsolete, last-quotation year hidden",ventilate,VENTILATE,9,verb,c1425-,1425,printed date range,borrowing,5,,,"transitive. To supply (a room, building, mine…",0,,http://www.oed.com/dictionary/ventilate_v
"4 - unresolved: not marked obsolete, last-quotation year hidden",vesuviate,VESUVIATE,9,verb,a1876-,1876,printed date range,derivative,0,,sciences/physical sciences/earth sciences/geography/weather,intransitive. Of weather: To be very hot.,0,,http://www.oed.com/dictionary/vesuviate_v
"4 - unresolved: not marked obsolete, last-quotation year hidden",visitment,VISITMENT,9,noun,1754-,1754,printed date range,derivative,0,,,A visit or visitation.,0,,http://www.oed.com/dictionary/visitment_n
"4 - unresolved: not marked obsolete, last-quotation year hidden",vulgarity,VULGARITY,9,noun,?1570-,1570,printed date range,borrowing,5,,,The character or condition of ordinary or common…,0,,http://www.oed.com/dictionary/vulgarity_n
"4 - unresolved: not marked obsolete, last-quotation year hidden",waiterage,WAITERAGE,9,noun,1849-,1849,printed date range,derivative,0,,,The performance of a waiter's duties.,0,,http://www.oed.com/dictionary/waiterage_n
"4 - unresolved: not marked obsolete, last-quotation year hidden",waiterdom,WAITERDOM,9,noun,1860-,1860,printed date range,derivative,1,,,Waiters considered as a class.,0,,http://www.oed.com/dictionary/waiterdom_n
"4 - unresolved: not marked obsolete, last-quotation year hidden",water pump,WATERPUMP,9,noun,1422-,1422,printed date range,compound,4,,,A pump for raising or moving water (or other fluid).,0,,http://www.oed.com/dictionary/water-pump_n
"4 - unresolved: not marked obsolete, last-quotation year hidden",Wesleyite,WESLEYITE,9,noun,1807-,1807,printed date range,proper name,1,,religion and belief/religion/Christianity/Methodism,"= Wesleyan, n.",0,,http://www.oed.com/dictionary/wesleyite_n
"4 - unresolved: not marked obsolete, last-quotation year hidden",wheygoose,WHEYGOOSE,9,noun,1949-,1949,printed date range,compound,0,derogatory,,Used as a term of opprobrium.,0,,http://www.oed.com/dictionary/wheygoose_n
"4 - unresolved: not marked obsolete, last-quotation year hidden",whifflery,WHIFFLERY,9,noun,1835-,1835,printed date range,derivative,0,,,Action characteristic of a whiffler; trifling.,0,,http://www.oed.com/dictionary/whifflery_n
"4 - unresolved: not marked obsolete, last-quotation year hidden",whiskerer,WHISKERER,9,noun,1717-,1717,printed date range,derivative,0,,,A man who wears whiskers.,0,,http://www.oed.com/dictionary/whiskerer_n
"4 - unresolved: not marked obsolete, last-quotation year hidden",whisthood,WHISTHOOD,9,noun,1854-,1854,printed date range,derivative,0,,sport and leisure/games/cards/whist,Age or state of ability to play whist.,0,,http://www.oed.com/dictionary/whisthood_n
"4 - unresolved: not marked obsolete, last-quotation year hidden",windabout,WINDABOUT,9,"noun, adjective",1589-,1589,printed date range,compound,0,,,That winds about; meandering.,0,,http://www.oed.com/dictionary/windabout_n
"4 - unresolved: not marked obsolete, last-quotation year hidden",windbreak,WINDBREAK,9,noun,1835-,1835,printed date range,compound,4,,sciences/life sciences/plants,"Originally U.S. Something, esp. a row of trees…",2,,http://www.oed.com/dictionary/windbreak_n
"4 - unresolved: not marked obsolete, last-quotation year hidden",wintering,WINTERING,9,noun,1477-,1477,printed date range,derivative,4,,agriculture and horticulture/agriculture,"The keeping or tending of cattle, sheep, etc…",1,,http://www.oed.com/dictionary/wintering_n
"4 - unresolved: not marked obsolete, last-quotation year hidden",wiseacred,WISEACRED,9,adjective,1603-,1603,printed date range,derivative,0,,,Having the character of a wiseacre (in quot. 1848…,0,,http://www.oed.com/dictionary/wiseacred_adj
"4 - unresolved: not marked obsolete, last-quotation year hidden",wittified,WITTIFIED,9,adjective,1742-,1742,printed date range,derivative,0,,,Possessed of wit.,0,,http://www.oed.com/dictionary/wittified_adj
"4 - unresolved: not marked obsolete, last-quotation year hidden",worthship,WORTHSHIP,9,noun,1664-,1664,printed date range,derivative,2,,,The condition of being worthy or deserving; worthiness.,0,,http://www.oed.com/dictionary/worthship_n
"4 - unresolved: not marked obsolete, last-quotation year hidden",woundward,WOUNDWARD,9,adjective,1946-,1946,printed date range,derivative,0,,,Towards wounds or wounding.,0,,http://www.oed.com/dictionary/woundward_adj
"4 - unresolved: not marked obsolete, last-quotation year hidden",wrongways,WRONGWAYS,9,adverb,1922-,1922,printed date range,compound,1,,,In the direction of wrongdoing.,0,,http://www.oed.com/dictionary/wrongways_adv
"4 - unresolved: not marked obsolete, last-quotation year hidden",yachtling,YACHTLING,9,noun,1872-,1872,printed date range,derivative,0,,transport/nautical/sailing,A little yacht.,0,,http://www.oed.com/dictionary/yachtling_n
"4 - unresolved: not marked obsolete, last-quotation year hidden",yawyawdom,YAWYAWDOM,9,noun,1862-,1862,printed date range,derivative,0,,,An affected expression.,0,,http://www.oed.com/dictionary/yawyawdom_n
"4 - unresolved: not marked obsolete, last-quotation year hidden",abricotine,ABRICOTINE,10,adjective,1930-,1930,printed date range,borrowing,0,,,Apricot-coloured.,1,,http://www.oed.com/dictionary/abricotine_adj
"4 - unresolved: not marked obsolete, last-quotation year hidden",adulterine,ADULTERINE,10,"adjective, noun",?1533-,1533,printed date range,borrowing,3,historical,,Conceived or born as the result of an adulterous…,0,,http://www.oed.com/dictionary/adulterine_adj
"4 - unresolved: not marked obsolete, last-quotation year hidden",aeroscopic,AEROSCOPIC,10,"noun, adjective",1821-,1821,printed date range,compound,1,,sciences/life sciences/animals/invertebrates/insects,Involving or relating to an aeroscope (aeroscope…,0,,http://www.oed.com/dictionary/aeroscopic_n
"4 - unresolved: not marked obsolete, last-quotation year hidden",after-party,AFTERPARTY,10,noun,1844-,1844,printed date range,derivative,2,,,A party (usually of an exclusive nature) which…,0,,http://www.oed.com/dictionary/after-party_n
"4 - unresolved: not marked obsolete, last-quotation year hidden",Alemannian,ALEMANNIAN,10,"adjective, noun",1712-,1712,printed date range,borrowing,2,historical,,A member of the Alemanni (historical). Also…,0,,http://www.oed.com/dictionary/alemannian_adj
"4 - unresolved: not marked obsolete, last-quotation year hidden",altogether,ALTOGETHER,10,"adjective, noun, adverb",Old English-,1000,printed date range,compound,6,,,"In all respects, in every particular; entirely…",0,,http://www.oed.com/dictionary/altogether_adj
"4 - unresolved: not marked obsolete, last-quotation year hidden",anti-nuking,ANTINUKING,10,adjective,1986-,1986,printed date range,derivative,0,colloquial and slang,military/weaponry,That opposes or protests against nuclear weapons…,0,,http://www.oed.com/dictionary/anti-nuking_adj
"4 - unresolved: not marked obsolete, last-quotation year hidden",antisemite,ANTISEMITE,10,"adjective, noun",1867-,1867,printed date range,derivative,4,,,A person hostile towards or discriminating…,1,,http://www.oed.com/dictionary/antisemite_adj
"4 - unresolved: not marked obsolete, last-quotation year hidden",Apolloship,APOLLOSHIP,10,noun,1867-,1867,printed date range,proper name,0,,,The position of Apollo; pre-eminence in poetry…,0,,http://www.oed.com/dictionary/apolloship_n
"4 - unresolved: not marked obsolete, last-quotation year hidden",bayoneteer,BAYONETEER,10,noun,1846-,1846,printed date range,derivative,1,,military,A soldier armed with the bayonet.,0,,http://www.oed.com/dictionary/bayoneteer_n
"4 - unresolved: not marked obsolete, last-quotation year hidden",beatifical,BEATIFICAL,10,"adjective, noun",1593-,1593,printed date range,borrowing,2,,,"Of, relating to, or of the nature of divine or…",0,,http://www.oed.com/dictionary/beatifical_adj
"4 - unresolved: not marked obsolete, last-quotation year hidden",belaborous,BELABOROUS,10,adjective,1860-,1860,printed date range,derivative,0,,,Given to belabouring or thrashing.,0,,http://www.oed.com/dictionary/belaborous_adj
"4 - unresolved: not marked obsolete, last-quotation year hidden",bestialist,BESTIALIST,10,noun,1678-,1678,printed date range,derivative,1,,,A person who has sexual intercourse with an animal.,0,,http://www.oed.com/dictionary/bestialist_n
"4 - unresolved: not marked obsolete, last-quotation year hidden",bethrelian,BETHRELIAN,10,adjective,1870-,1870,printed date range,,0,,,Of or relating to a bedral.,0,,http://www.oed.com/dictionary/bethrelian_adj
"4 - unresolved: not marked obsolete, last-quotation year hidden",bioelement,BIOELEMENT,10,noun,1906-,1906,printed date range,compound,2,,sciences/life sciences,Any of the chemical elements which are components…,0,,http://www.oed.com/dictionary/bioelement_n
"4 - unresolved: not marked obsolete, last-quotation year hidden",black-about,BLACKABOUT,10,adjective,1876-,1876,printed date range,compound,0,,,Black all around.,0,,http://www.oed.com/dictionary/black-about_adj
"4 - unresolved: not marked obsolete, last-quotation year hidden",blandiment,BLANDIMENT,10,noun,?1510-,1510,printed date range,borrowing,0,,,"A statement or action that uses charm, flattery…",0,,http://www.oed.com/dictionary/blandiment_n
"4 - unresolved: not marked obsolete, last-quotation year hidden",bollocking,BOLLOCKING,10,noun,1653-,1653,printed date range,derivative,2,colloquial and slang,,"slang. A severe reprimand, a scolding. Cf…",0,,http://www.oed.com/dictionary/bollocking_n
"4 - unresolved: not marked obsolete, last-quotation year hidden",breathable,BREATHABLE,10,"adjective, noun",1651-,1651,printed date range,derivative,3,,crafts and trades/costume,Fit or pleasant to breathe; suitable for breathing.,0,,http://www.oed.com/dictionary/breathable_adj
"4 - unresolved: not marked obsolete, last-quotation year hidden",buckramize,BUCKRAMIZE,10,verb,1812-,1812,printed date range,derivative,0,,,To buckram. figurative.,0,,http://www.oed.com/dictionary/buckramize_v
"4 - unresolved: not marked obsolete, last-quotation year hidden",buzzardism,BUZZARDISM,10,noun,1659-,1659,printed date range,derivative,0,,,Conduct resembling that of the buzzard; cowardice.,0,,http://www.oed.com/dictionary/buzzardism_n
"4 - unresolved: not marked obsolete, last-quotation year hidden",Caligulism,CALIGULISM,10,noun,1745-,1745,printed date range,proper name,0,,,A mad extravagance such as Caligula committed.,0,,http://www.oed.com/dictionary/caligulism_n
"4 - unresolved: not marked obsolete, last-quotation year hidden",canivorous,CANIVOROUS,10,adjective,1835-,1835,printed date range,borrowing,1,,,Dog-devouring.,0,,http://www.oed.com/dictionary/canivorous_adj
"4 - unresolved: not marked obsolete, last-quotation year hidden",cardialgic,CARDIALGIC,10,adjective,1620-,1620,printed date range,borrowing,1,historical,sciences/medicine,"Of, relating to, or characterized by cardialgia…",0,,http://www.oed.com/dictionary/cardialgic_adj
"4 - unresolved: not marked obsolete, last-quotation year hidden",cavernhold,CAVERNHOLD,10,noun,1873-,1873,printed date range,compound,0,,,After household.,0,,http://www.oed.com/dictionary/cavernhold_n
"4 - unresolved: not marked obsolete, last-quotation year hidden",cepivorous,CEPIVOROUS,10,adjective,1864-,1864,printed date range,borrowing,0,,,Feeding on onions.,0,,http://www.oed.com/dictionary/cepivorous_adj
"4 - unresolved: not marked obsolete, last-quotation year hidden",chest-quake,CHESTQUAKE,10,noun,1855-,1855,printed date range,compound,0,humorous,,After earthquake.,0,,http://www.oed.com/dictionary/chest-quake_n
"4 - unresolved: not marked obsolete, last-quotation year hidden",chumocracy,CHUMOCRACY,10,noun,1937-,1937,printed date range,compound,0,disparaging,politics/British politics,A culture characterized or dominated by…,0,,http://www.oed.com/dictionary/chumocracy_n
"4 - unresolved: not marked obsolete, last-quotation year hidden",cincinnate,CINCINNATE,10,adjective,1873-,1873,printed date range,borrowing,0,,,"Of hair: Curled, in ringlets. (affected.)",0,,http://www.oed.com/dictionary/cincinnate_adj
"4 - unresolved: not marked obsolete, last-quotation year hidden",claimative,CLAIMATIVE,10,adjective,1868-,1868,printed date range,derivative,0,,,"Disposed to make claims, exacting.",0,,http://www.oed.com/dictionary/claimative_adj
"4 - unresolved: not marked obsolete, last-quotation year hidden",cloacinean,CLOACINEAN,10,adjective,1814-,1814,printed date range,,0,,,"= cloacinal, adj.",0,,http://www.oed.com/dictionary/cloacinean_adj
"4 - unresolved: not marked obsolete, last-quotation year hidden",cobble-text,COBBLETEXT,10,noun,1830-,1830,printed date range,compound,0,,,A preacher who deals clumsily and unskilfully…,0,,http://www.oed.com/dictionary/cobble-text_n
"4 - unresolved: not marked obsolete, last-quotation year hidden",coinonomic,COINONOMIC,10,adjective,1862-,1862,printed date range,borrowing,0,,,Of combined management or enterprise.,0,,http://www.oed.com/dictionary/coinonomic_adj
"4 - unresolved: not marked obsolete, last-quotation year hidden",commonweal,COMMONWEAL,10,noun,?a1400-,1400,printed date range,compound,4,archaic,,Common well-being; esp. the general good…,0,,http://www.oed.com/dictionary/commonweal_n
"4 - unresolved: not marked obsolete, last-quotation year hidden",como-graphy,COMOGRAPHY,10,noun,1655-,1655,printed date range,borrowing,0,,,(See quot. 1655.),0,,http://www.oed.com/dictionary/como-graphy_n
"4 - unresolved: not marked obsolete, last-quotation year hidden",completist,COMPLETIST,10,"noun, adjective",1929-,1929,printed date range,derivative,2,,,"A person who has collected, or who intends to…",0,,http://www.oed.com/dictionary/completist_n
"4 - unresolved: not marked obsolete, last-quotation year hidden",concutient,CONCUTIENT,10,adjective,1859-,1859,printed date range,borrowing,1,,,Meeting with concussion.,0,,http://www.oed.com/dictionary/concutient_adj
"4 - unresolved: not marked obsolete, last-quotation year hidden",confective,CONFECTIVE,10,adjective,1828-,1828,printed date range,borrowing,0,,,Pertaining to the making of confections.,0,,http://www.oed.com/dictionary/confective_adj
"4 - unresolved: not marked obsolete, last-quotation year hidden",conjugable,CONJUGABLE,10,adjective,1890-,1890,printed date range,borrowing,2,,,That can be conjugated.,0,,http://www.oed.com/dictionary/conjugable_adj
"4 - unresolved: not marked obsolete, last-quotation year hidden",connubiate,CONNUBIATE,10,verb,1814-,1814,printed date range,borrowing,1,,,To get married.,0,,http://www.oed.com/dictionary/connubiate_v
"4 - unresolved: not marked obsolete, last-quotation year hidden",consortish,CONSORTISH,10,adjective,1827-,1827,printed date range,derivative,0,,,Like consorts.,0,,http://www.oed.com/dictionary/consortish_adj
"4 - unresolved: not marked obsolete, last-quotation year hidden",contraband,CONTRABAND,10,verb,1615-,1615,printed date range,conversion,2,,economics and commerce,intransitive. To smuggle.,1,yes,http://www.oed.com/dictionary/contraband_v1
"4 - unresolved: not marked obsolete, last-quotation year hidden",contraveer,CONTRAVEER,10,verb,1792-,1792,printed date range,derivative,0,,,intransitive. To veer in a contrary direction.,0,,http://www.oed.com/dictionary/contraveer_v
"4 - unresolved: not marked obsolete, last-quotation year hidden",contra-vote,CONTRAVOTE,10,verb,1817-,1817,printed date range,derivative,0,,,To vote against or for the opposite side.,0,,http://www.oed.com/dictionary/contra-vote_v
"4 - unresolved: not marked obsolete, last-quotation year hidden",convention,CONVENTION,10,noun,1419-,1419,printed date range,borrowing,6,,,A meeting of people for a particular purpose…,0,,http://www.oed.com/dictionary/convention_n
"4 - unresolved: not marked obsolete, last-quotation year hidden",corkedness,CORKEDNESS,10,noun,1888-,1888,printed date range,derivative,0,,consumables/drink/wine,"State or quality of being corked (corked, adj. 4).",0,,http://www.oed.com/dictionary/corkedness_n
"4 - unresolved: not marked obsolete, last-quotation year hidden",cormorancy,CORMORANCY,10,noun,1838-,1838,printed date range,derivative,0,,,A body of cormorants; a greedy oppressive class.,0,,http://www.oed.com/dictionary/cormorancy_n
"4 - unresolved: not marked obsolete, last-quotation year hidden",cornerable,CORNERABLE,10,adjective,1881-,1881,printed date range,derivative,0,,,That can be monopolized or controlled in a corner.,0,,http://www.oed.com/dictionary/cornerable_adj
"4 - unresolved: not marked obsolete, last-quotation year hidden",corn-lawing,CORNLAWING,10,adjective,1843-,1843,printed date range,derivative,1,,,Passing or supporting corn-laws.,0,,http://www.oed.com/dictionary/corn-lawing_adj
"4 - unresolved: not marked obsolete, last-quotation year hidden",corpulence,CORPULENCE,10,noun,1477-,1477,printed date range,borrowing,3,,,"Bulk of body; over-bulkiness, obesity.",0,,http://www.oed.com/dictionary/corpulence_n
"4 - unresolved: not marked obsolete, last-quotation year hidden",correctish,CORRECTISH,10,adjective,a1871-,1871,printed date range,derivative,0,,,Pretty correct.,0,,http://www.oed.com/dictionary/correctish_adj
"4 - unresolved: not marked obsolete, last-quotation year hidden",cosmogyral,COSMOGYRAL,10,adjective,1807-,1807,printed date range,compound,0,,,Whirling round the universe.,0,,http://www.oed.com/dictionary/cosmogyral_adj
"4 - unresolved: not marked obsolete, last-quotation year hidden",cotton-wool,COTTONWOOL,10,verb,1857-,1857,printed date range,,1,,,transitive a. To stuff or close (the ears) with…,1,,http://www.oed.com/dictionary/cotton-wool_v
"4 - unresolved: not marked obsolete, last-quotation year hidden",councilist,COUNCILIST,10,noun,1642-,1642,printed date range,derivative,0,historical,,A supporter or advocate of a council or councils…,0,,http://www.oed.com/dictionary/councilist_n
"4 - unresolved: not marked obsolete, last-quotation year hidden",crescented,CRESCENTED,10,adjective,1818-,1818,printed date range,derivative,2,,,Formed as a crescent or new moon.,0,,http://www.oed.com/dictionary/crescented_adj
"4 - unresolved: not marked obsolete, last-quotation year hidden",cyber-bully,CYBERBULLY,10,noun,1994-,1994,printed date range,compound,3,,technology/computing,a. An experienced user of computers who…,0,,http://www.oed.com/dictionary/cyber-bully_n
"4 - unresolved: not marked obsolete, last-quotation year hidden",dabblement,DABBLEMENT,10,noun,a1871-,1871,printed date range,derivative,0,,,Dabbling (in semi-concrete sense).,0,,http://www.oed.com/dictionary/dabblement_n
"4 - unresolved: not marked obsolete, last-quotation year hidden",dabblesome,DABBLESOME,10,adjective,1866-,1866,printed date range,derivative,0,,,Given to dabbling.,0,,http://www.oed.com/dictionary/dabblesome_adj
"4 - unresolved: not marked obsolete, last-quotation year hidden",de-identify,DEIDENTIFY,10,verb,1942-,1942,printed date range,derivative,3,,,transitive. To remove or alter personal…,0,,http://www.oed.com/dictionary/de-identify_v
"4 - unresolved: not marked obsolete, last-quotation year hidden",delatorian,DELATORIAN,10,adjective,1818-,1818,printed date range,derivative,0,,,Of informers or spies.,0,,http://www.oed.com/dictionary/delatorian_adj
"4 - unresolved: not marked obsolete, last-quotation year hidden",demisexual,DEMISEXUAL,10,"adjective, noun",1969-,1969,printed date range,derivative,3,,,Designating a person who only develops sexual…,0,,http://www.oed.com/dictionary/demisexual_adj
"4 - unresolved: not marked obsolete, last-quotation year hidden",depeditate,DEPEDITATE,10,verb,1808-,1808,printed date range,borrowing,0,,,transitive. To deprive of one's feet (or the use…,0,,http://www.oed.com/dictionary/depeditate_v
"4 - unresolved: not marked obsolete, last-quotation year hidden",deuterocol,DEUTEROCOL,10,noun,1858-,1858,printed date range,compound,0,,,A second dispatch.,0,,http://www.oed.com/dictionary/deuterocol_n
"4 - unresolved: not marked obsolete, last-quotation year hidden",disdeserve,DISDESERVE,10,verb,1668-,1668,printed date range,derivative,0,,,transitive. To do the reverse of deserving; to…,0,,http://www.oed.com/dictionary/disdeserve_v
"4 - unresolved: not marked obsolete, last-quotation year hidden",dislocatee,DISLOCATEE,10,noun,1827-,1827,printed date range,derivative,2,,,One who is dislocated or displaced.,0,,http://www.oed.com/dictionary/dislocatee_n
"4 - unresolved: not marked obsolete, last-quotation year hidden",displiment,DISPLIMENT,10,noun,1868-,1868,printed date range,derivative,0,,,An uncomplimentary speech.,0,,http://www.oed.com/dictionary/displiment_n
"4 - unresolved: not marked obsolete, last-quotation year hidden",disquality,DISQUALITY,10,noun,1863-,1863,printed date range,derivative,2,,,Defect.,0,,http://www.oed.com/dictionary/disquality_n
"4 - unresolved: not marked obsolete, last-quotation year hidden",donkeyhood,DONKEYHOOD,10,noun,1869-,1869,printed date range,derivative,1,,,The condition of being a donkey; donkeys collectively.,0,,http://www.oed.com/dictionary/donkeyhood_n
"4 - unresolved: not marked obsolete, last-quotation year hidden",donkeyship,DONKEYSHIP,10,noun,1889-,1889,printed date range,derivative,1,,,The personality of a donkey.,0,,http://www.oed.com/dictionary/donkeyship_n
"4 - unresolved: not marked obsolete, last-quotation year hidden",earmarking,EARMARKING,10,noun,1660-,1660,printed date range,derivative,3,,,The practice of marking a sheep or other animal…,0,,http://www.oed.com/dictionary/earmarking_n
"4 - unresolved: not marked obsolete, last-quotation year hidden",eccentrize,ECCENTRIZE,10,verb,1836-,1836,printed date range,derivative,0,,,To play the eccentric (quasi-reflexive in quot. 1836).,0,,http://www.oed.com/dictionary/eccentrize_v
"4 - unresolved: not marked obsolete, last-quotation year hidden",effluvient,EFFLUVIENT,10,adjective,1835-,1835,printed date range,variant,1,,,Extremely fluent.,0,,http://www.oed.com/dictionary/effluvient_adj
"4 - unresolved: not marked obsolete, last-quotation year hidden",elliptical,ELLIPTICAL,10,adjective,1656-,1656,printed date range,derivative,5,,language/linguistics/grammar,Grammar. Of sentences and phrases: Defective…,0,,http://www.oed.com/dictionary/elliptical_adj
"4 - unresolved: not marked obsolete, last-quotation year hidden",elongative,ELONGATIVE,10,adjective,1836-,1836,printed date range,derivative,0,,,That tends to elongate or lengthen out: see quot. 1836.,0,,http://www.oed.com/dictionary/elongative_adj
"4 - unresolved: not marked obsolete, last-quotation year hidden",embastille,EMBASTILLE,10,verb,1848-,1848,printed date range,borrowing,0,,,"transitive. To surround (a city) with forts, or…",0,,http://www.oed.com/dictionary/embastille_v
"4 - unresolved: not marked obsolete, last-quotation year hidden",embroidery,EMBROIDERY,10,noun,1393-,1393,printed date range,borrowing,5,,crafts and trades/textiles/needlework,The art of ornamenting cloth and other fabrics…,0,,http://www.oed.com/dictionary/embroidery_n
"4 - unresolved: not marked obsolete, last-quotation year hidden",emicatious,EMICATIOUS,10,adjective,1819-,1819,printed date range,derivative,0,,,That shines or glitters.,0,,http://www.oed.com/dictionary/emicatious_adj
"4 - unresolved: not marked obsolete, last-quotation year hidden",ensignhood,ENSIGNHOOD,10,noun,1842-,1842,printed date range,derivative,0,,military,The state of being an ensign.,0,,http://www.oed.com/dictionary/ensignhood_n
"4 - unresolved: not marked obsolete, last-quotation year hidden",epiphanous,EPIPHANOUS,10,adjective,1823-,1823,printed date range,borrowing,2,,,Resplendent.,0,,http://www.oed.com/dictionary/epiphanous_adj
"4 - unresolved: not marked obsolete, last-quotation year hidden",eternitize,ETERNITIZE,10,verb,a1713-,1713,printed date range,derivative,0,,,"= eternalize, v.",0,,http://www.oed.com/dictionary/eternitize_v
"4 - unresolved: not marked obsolete, last-quotation year hidden",eucnemidal,EUCNEMIDAL,10,adjective,1839-,1839,printed date range,borrowing,0,,crafts and trades/costume,Pertaining to a well-greaved man; hence quasi-n…,0,,http://www.oed.com/dictionary/eucnemidal_adj
"4 - unresolved: not marked obsolete, last-quotation year hidden",ex-aspirate,EXASPIRATE,10,verb,1832-,1832,printed date range,derivative,0,,,transitive. To deprive of an aspirate or h.,0,,http://www.oed.com/dictionary/ex-aspirate_v
"4 - unresolved: not marked obsolete, last-quotation year hidden",expression,EXPRESSION,10,noun,?a1425-,1425,printed date range,borrowing,7,,,The action or process of conveying or showing…,0,,http://www.oed.com/dictionary/expression_n
"4 - unresolved: not marked obsolete, last-quotation year hidden",extraneous,EXTRANEOUS,10,adjective,1638-,1638,printed date range,borrowing,5,,,"External to, not comprised in or forming part of…",0,,http://www.oed.com/dictionary/extraneous_adj
"4 - unresolved: not marked obsolete, last-quotation year hidden",eyelet hole,EYELETHOLE,10,noun,1599-,1599,printed date range,compound,2,,military/fortification,"= eyelet, n. 1a.",1,,http://www.oed.com/dictionary/eyelet-hole_n
"4 - unresolved: not marked obsolete, last-quotation year hidden",fanfarrado,FANFARRADO,10,noun,1824-,1824,printed date range,variant,0,,arts/performing arts/music,"= fanfare, n.",0,,http://www.oed.com/dictionary/fanfarrado_n
"4 - unresolved: not marked obsolete, last-quotation year hidden",favourable,FAVOURABLE,10,adjective,a1325-,1325,printed date range,borrowing,6,,,"Advantageous, helpful; beneficial for one's…",0,,http://www.oed.com/dictionary/favourable_adj
"4 - unresolved: not marked obsolete, last-quotation year hidden",fictionism,FICTIONISM,10,noun,1868-,1868,printed date range,derivative,0,,philosophy,Philosophy. The theory that the statements within…,0,,http://www.oed.com/dictionary/fictionism_n
"4 - unresolved: not marked obsolete, last-quotation year hidden",fiddlement,FIDDLEMENT,10,noun,1859-,1859,printed date range,derivative,0,,arts/performing arts/music,"The action of fiddling, an instance of this.",0,,http://www.oed.com/dictionary/fiddlement_n
"4 - unresolved: not marked obsolete, last-quotation year hidden",figuresome,FIGURESOME,10,adjective,1884-,1884,printed date range,derivative,0,,,Originally and chiefly North American. Of a…,0,,http://www.oed.com/dictionary/figuresome_adj
"4 - unresolved: not marked obsolete, last-quotation year hidden",filibuster,FILIBUSTER,10,noun,1591-,1591,printed date range,borrowing,4,,politics/parliament,An act of obstruction in a legislative assembly…,1,,http://www.oed.com/dictionary/filibuster_n
"4 - unresolved: not marked obsolete, last-quotation year hidden",first sight,FIRSTSIGHT,10,noun,1741-,1741,printed date range,compound,5,,,"a. See at first sight at sight, n.¹ II.6a, love…",0,,http://www.oed.com/dictionary/first-sight_n
"4 - unresolved: not marked obsolete, last-quotation year hidden",flinchless,FLINCHLESS,10,adjective,1847-,1847,printed date range,derivative,1,,,Without a flinch.,0,,http://www.oed.com/dictionary/flinchless_adj
"4 - unresolved: not marked obsolete, last-quotation year hidden",floggation,FLOGGATION,10,noun,1688-,1688,printed date range,derivative,0,,,"Flogging, a punishment by flogging.",0,,http://www.oed.com/dictionary/floggation_n
"4 - unresolved: not marked obsolete, last-quotation year hidden",flunkeyite,FLUNKEYITE,10,adjective,1858-,1858,printed date range,derivative,0,,,Characteristic of or resembling a flunkey.,0,,http://www.oed.com/dictionary/flunkeyite_adj
"4 - unresolved: not marked obsolete, last-quotation year hidden",flunkeyize,FLUNKEYIZE,10,verb,1878-,1878,printed date range,derivative,0,,,(transitive) to imbue with the spirit of a flunkey.,0,,http://www.oed.com/dictionary/flunkeyize_v
"4 - unresolved: not marked obsolete, last-quotation year hidden",freshwoman,FRESHWOMAN,10,noun,a1627-,1627,printed date range,compound,2,,education/university,A female student in her first year at a…,0,,http://www.oed.com/dictionary/freshwoman_n
"4 - unresolved: not marked obsolete, last-quotation year hidden",frolickery,FROLICKERY,10,noun,1851-,1851,printed date range,,0,,,Buffoonery.,0,,http://www.oed.com/dictionary/frolickery_n
"4 - unresolved: not marked obsolete, last-quotation year hidden",fumivorous,FUMIVOROUS,10,adjective,1824-,1824,printed date range,borrowing,0,,,Feeding or living on smoke.,0,,http://www.oed.com/dictionary/fumivorous_adj
"4 - unresolved: not marked obsolete, last-quotation year hidden",futurality,FUTURALITY,10,noun,1666-,1666,printed date range,derivative,0,,language/linguistics/grammar,The quality or condition of being in or of the…,0,,http://www.oed.com/dictionary/futurality_n
"4 - unresolved: not marked obsolete, last-quotation year hidden",gaggership,GAGGERSHIP,10,noun,1624-,1624,printed date range,derivative,0,,,A mock title of address.,0,,http://www.oed.com/dictionary/gaggership_n
"4 - unresolved: not marked obsolete, last-quotation year hidden",gendarming,GENDARMING,10,noun,1890-,1890,printed date range,derivative,0,,organizations/police,The discharge of police duties.,0,,http://www.oed.com/dictionary/gendarming_n
"4 - unresolved: not marked obsolete, last-quotation year hidden",gesticular,GESTICULAR,10,adjective,1850-,1850,printed date range,borrowing,2,,,Of or pertaining to gesticulation.,0,,http://www.oed.com/dictionary/gesticular_adj
"4 - unresolved: not marked obsolete, last-quotation year hidden",gluttonism,GLUTTONISM,10,noun,1823-,1823,printed date range,derivative,1,,,The practice of being a glutton (in quot. 1823…,0,,http://www.oed.com/dictionary/gluttonism_n
"4 - unresolved: not marked obsolete, last-quotation year hidden",gnathonism,GNATHONISM,10,noun,a1834-,1834,printed date range,borrowing,0,,,Sycophancy.,0,,http://www.oed.com/dictionary/gnathonism_n
"4 - unresolved: not marked obsolete, last-quotation year hidden",gnosticity,GNOSTICITY,10,noun,1830-,1830,printed date range,derivative,0,,,Knowingness; pretensions to knowledge.,0,,http://www.oed.com/dictionary/gnosticity_n
"4 - unresolved: not marked obsolete, last-quotation year hidden",gourmetism,GOURMETISM,10,noun,1853-,1853,printed date range,derivative,0,,,Daintiness in eating.,0,,http://www.oed.com/dictionary/gourmetism_n
"4 - unresolved: not marked obsolete, last-quotation year hidden",grazierdom,GRAZIERDOM,10,noun,1828-,1828,printed date range,derivative,0,,,The realm or world of graziers.,0,,http://www.oed.com/dictionary/grazierdom_n
"4 - unresolved: not marked obsolete, last-quotation year hidden",groundling,GROUNDLING,10,noun,1601-,1601,printed date range,derivative,3,,,A frequenter of the ‘ground’ or pit of a theatre…,0,,http://www.oed.com/dictionary/groundling_n
"4 - unresolved: not marked obsolete, last-quotation year hidden",hand in hand,HANDINHAND,10,"adverb, noun, adjective",a1382-,1382,printed date range,compound,5,,,"Of two people: with the hands clasped, esp. as a…",0,,http://www.oed.com/dictionary/hand-in-hand_adv
"4 - unresolved: not marked obsolete, last-quotation year hidden",harbingery,HARBINGERY,10,noun,1887-,1887,printed date range,derivative,0,,,The act or function of a harbinger (in harbinger…,0,,http://www.oed.com/dictionary/harbingery_n
"4 - unresolved: not marked obsolete, last-quotation year hidden",hecatarchy,HECATARCHY,10,noun,1884-,1884,printed date range,borrowing,0,,,Government by a hundred rulers; = hecatontarchy…,0,,http://www.oed.com/dictionary/hecatarchy_n
"4 - unresolved: not marked obsolete, last-quotation year hidden",heterology,HETEROLOGY,10,noun,1852-,1852,printed date range,borrowing,3,,sciences/medicine/pathology,The condition of being heterologous: opposed to…,0,,http://www.oed.com/dictionary/heterology_n
"4 - unresolved: not marked obsolete, last-quotation year hidden",hieromancy,HIEROMANCY,10,noun,1775-,1775,printed date range,borrowing,1,,religion and belief/religion,Divination from the observation of objects…,0,,http://www.oed.com/dictionary/hieromancy_n
"4 - unresolved: not marked obsolete, last-quotation year hidden",hindermate,HINDERMATE,10,noun,a1843-,1843,printed date range,compound,0,,,A companion who is a hindrance.,0,,http://www.oed.com/dictionary/hindermate_n
"4 - unresolved: not marked obsolete, last-quotation year hidden",hippomanic,HIPPOMANIC,10,adjective,1823-,1823,printed date range,compound,0,,sport and leisure/horses and riding,Full of or characterized by passionate enthusiasm…,0,,http://www.oed.com/dictionary/hippomanic_adj
"4 - unresolved: not marked obsolete, last-quotation year hidden",hobby-horse,HOBBYHORSE,10,verb,1636-,1636,printed date range,conversion,0,,transport/nautical,intransitive. To move in a way which is…,1,,http://www.oed.com/dictionary/hobby-horse_v
"4 - unresolved: not marked obsolete, last-quotation year hidden",holoplexia,HOLOPLEXIA,10,noun,1801-,1801,printed date range,compound,1,,,"General or total paralysis (cf. hemiplegia, n.).",0,,http://www.oed.com/dictionary/holoplexia_n
"4 - unresolved: not marked obsolete, last-quotation year hidden",homophobia,HOMOPHOBIA,10,noun,1969-,1969,printed date range,compound,4,,,"Hostility towards, prejudice against, or (less…",1,yes,http://www.oed.com/dictionary/homophobia_n2
"4 - unresolved: not marked obsolete, last-quotation year hidden",honourless,HONOURLESS,10,adjective,a1560-,1560,printed date range,derivative,2,,,Without honour; unworthy of honour; not honoured…,0,,http://www.oed.com/dictionary/honourless_adj
"4 - unresolved: not marked obsolete, last-quotation year hidden",horse-laugh,HORSELAUGH,10,verb,1763-,1763,printed date range,conversion,2,,sport and leisure/horses and riding,(intransitive) to give vent to a horse-laugh or a…,1,,http://www.oed.com/dictionary/horse-laugh_v
"4 - unresolved: not marked obsolete, last-quotation year hidden",hot-livered,HOTLIVERED,10,adjective,1594-,1594,printed date range,compound,1,,,"Excitable, irascible; cf. hot-tempered, adj. (b)…",0,,http://www.oed.com/dictionary/hot-livered_adj
"4 - unresolved: not marked obsolete, last-quotation year hidden",humblement,HUMBLEMENT,10,noun,1848-,1848,printed date range,derivative,3,,,Humiliation.,0,,http://www.oed.com/dictionary/humblement_n
"4 - unresolved: not marked obsolete, last-quotation year hidden",husbanddom,HUSBANDDOM,10,noun,1846-,1846,printed date range,derivative,0,,,The state or condition of being a husband.,0,,http://www.oed.com/dictionary/husbanddom_n
"4 - unresolved: not marked obsolete, last-quotation year hidden",hyaloclast,HYALOCLAST,10,noun,1806-,1806,printed date range,compound,0,,,A glass-breaker.,0,,http://www.oed.com/dictionary/hyaloclast_n
"4 - unresolved: not marked obsolete, last-quotation year hidden",idolatrize,IDOLATRIZE,10,verb,1592-,1592,printed date range,derivative,2,derogatory,,transitive. figurative. To demonstrate intense or…,0,,http://www.oed.com/dictionary/idolatrize_v
"4 - unresolved: not marked obsolete, last-quotation year hidden",illogician,ILLOGICIAN,10,noun,1884-,1884,printed date range,derivative,1,,,The reverse of a logician; an illogical reasoner.,0,,http://www.oed.com/dictionary/illogician_n
"4 - unresolved: not marked obsolete, last-quotation year hidden",incidental,INCIDENTAL,10,"adjective, noun",1616-,1616,printed date range,derivative,5,,,Occurring or liable to occur in fortuitous or…,0,,http://www.oed.com/dictionary/incidental_adj
"4 - unresolved: not marked obsolete, last-quotation year hidden",indigenist,INDIGENIST,10,"noun, adjective",1858-,1858,printed date range,derivative,0,,,Chiefly in Latin American contexts: a supporter…,0,,http://www.oed.com/dictionary/indigenist_n
"4 - unresolved: not marked obsolete, last-quotation year hidden",inferencer,INFERENCER,10,noun,1738-,1738,printed date range,derivative,2,,,One who draws an inference.,0,,http://www.oed.com/dictionary/inferencer_n
"4 - unresolved: not marked obsolete, last-quotation year hidden",infernalry,INFERNALRY,10,noun,a1871-,1871,printed date range,derivative,0,,,A haunt of ‘infernals’.,0,,http://www.oed.com/dictionary/infernalry_n
"4 - unresolved: not marked obsolete, last-quotation year hidden",infidelism,INFIDELISM,10,noun,a1834-,1834,printed date range,derivative,2,,religion and belief/religion,A system based on unbelief in religion.,0,,http://www.oed.com/dictionary/infidelism_n
"4 - unresolved: not marked obsolete, last-quotation year hidden",infiniteth,INFINITETH,10,adjective,1696-,1696,printed date range,derivative,0,,sciences/mathematics,Used as the ordinal numeral corresponding to…,0,,http://www.oed.com/dictionary/infiniteth_adj
"4 - unresolved: not marked obsolete, last-quotation year hidden",ingressant,INGRESSANT,10,adjective,1947-,1947,printed date range,borrowing,0,,,"Entering, in-going.",0,,http://www.oed.com/dictionary/ingressant_adj
"4 - unresolved: not marked obsolete, last-quotation year hidden",initialist,INITIALIST,10,noun,1823-,1823,printed date range,,0,,,One who signs his or her initials instead of his…,0,,http://www.oed.com/dictionary/initialist_n
"4 - unresolved: not marked obsolete, last-quotation year hidden",ink-tippler,INKTIPPLER,10,noun,1842-,1842,printed date range,compound,0,,arts/literature,"One who is constantly using ink, a writer.",0,,http://www.oed.com/dictionary/ink-tippler_n
"4 - unresolved: not marked obsolete, last-quotation year hidden",inmostness,INMOSTNESS,10,noun,1674-,1674,printed date range,derivative,0,,,"The inmost essence or nature (cf. inwardness, n.).",0,,http://www.oed.com/dictionary/inmostness_n
"4 - unresolved: not marked obsolete, last-quotation year hidden",interaulic,INTERAULIC,10,adjective,1860-,1860,printed date range,borrowing,0,,,‘Existing between royal courts’ (Webster).,0,,http://www.oed.com/dictionary/interaulic_adj
"4 - unresolved: not marked obsolete, last-quotation year hidden",islandhood,ISLANDHOOD,10,noun,1862-,1862,printed date range,derivative,2,,,The condition of being an island; insularity.,0,,http://www.oed.com/dictionary/islandhood_n
"4 - unresolved: not marked obsolete, last-quotation year hidden",juntocracy,JUNTOCRACY,10,noun,1774-,1774,printed date range,derivative,0,,,Government by a junto.,0,,http://www.oed.com/dictionary/juntocracy_n
"4 - unresolved: not marked obsolete, last-quotation year hidden",ladderless,LADDERLESS,10,adjective,1897-,1897,printed date range,derivative,1,,,Having no ladder.,0,,http://www.oed.com/dictionary/ladderless_adj
"4 - unresolved: not marked obsolete, last-quotation year hidden",lambdoidal,LAMBDOIDAL,10,adjective,1653-,1653,printed date range,derivative,3,,sciences/medicine/anatomy,"Anatomy. lambdoidal suture (†commissure), the…",0,,http://www.oed.com/dictionary/lambdoidal_adj
"4 - unresolved: not marked obsolete, last-quotation year hidden",leptoquark,LEPTOQUARK,10,noun,1974-,1974,printed date range,compound,3,,sciences/physical sciences/physics/particle physics,Any of various hypothetical subatomic particles…,0,,http://www.oed.com/dictionary/leptoquark_n
"4 - unresolved: not marked obsolete, last-quotation year hidden",leucocholy,LEUCOCHOLY,10,noun,1742-,1742,printed date range,,1,,sciences/medicine,(See quot.).,0,,http://www.oed.com/dictionary/leucocholy_n
"4 - unresolved: not marked obsolete, last-quotation year hidden",liberalize,LIBERALIZE,10,verb,1765-,1765,printed date range,derivative,5,,,transitive. Economics. To remove or loosen…,0,,http://www.oed.com/dictionary/liberalize_v
"4 - unresolved: not marked obsolete, last-quotation year hidden",libraryize,LIBRARYIZE,10,verb,1796-,1796,printed date range,derivative,0,,,(transitive) to place in a library.,0,,http://www.oed.com/dictionary/libraryize_v
"4 - unresolved: not marked obsolete, last-quotation year hidden",licentiate,LICENTIATE,10,noun,c1405-,1405,printed date range,borrowing,4,,education/university,One who has obtained a licence or… One who has…,1,,http://www.oed.com/dictionary/licentiate_n
"4 - unresolved: not marked obsolete, last-quotation year hidden",licentiate,LICENTIATE,10,verb,1575-,1575,printed date range,borrowing,2,,,"transitive. To give liberty to; to allow, permit…",1,,http://www.oed.com/dictionary/licentiate_v
"4 - unresolved: not marked obsolete, last-quotation year hidden",linguister,LINGUISTER,10,noun,a1649-,1649,printed date range,variant,2,archaic,,"An interpreter, a translator. Cf. linguist, n. 5.",0,,http://www.oed.com/dictionary/linguister_n
"4 - unresolved: not marked obsolete, last-quotation year hidden",literation,LITERATION,10,noun,1783-,1783,printed date range,borrowing,2,,arts/decorative arts/handwriting and calligraphy,The action or process of representing (sounds or…,0,,http://www.oed.com/dictionary/literation_n
"4 - unresolved: not marked obsolete, last-quotation year hidden",literatize,LITERATIZE,10,verb,1836-,1836,printed date range,derivative,0,,,transitive. To invest with literary character; to…,0,,http://www.oed.com/dictionary/literatize_v
"4 - unresolved: not marked obsolete, last-quotation year hidden",lithograph,LITHOGRAPH,10,noun,1828-,1828,printed date range,compound,4,,arts/visual arts/printmaking,A lithographic print. Also attributive.,1,,http://www.oed.com/dictionary/lithograph_n
"4 - unresolved: not marked obsolete, last-quotation year hidden",loafership,LOAFERSHIP,10,noun,1889-,1889,printed date range,derivative,0,,,The state of being a loafer.,0,,http://www.oed.com/dictionary/loafership_n
"4 - unresolved: not marked obsolete, last-quotation year hidden",lobsterdom,LOBSTERDOM,10,noun,1862-,1862,printed date range,derivative,1,,,The ‘realm’ of lobsters.,0,,http://www.oed.com/dictionary/lobsterdom_n
"4 - unresolved: not marked obsolete, last-quotation year hidden",logomaniac,LOGOMANIAC,10,noun,1870-,1870,printed date range,borrowing,0,,,One who is insanely interested in words.,0,,http://www.oed.com/dictionary/logomaniac_n
"4 - unresolved: not marked obsolete, last-quotation year hidden",loneliness,LONELINESS,10,noun,a1586-,1586,printed date range,derivative,5,,,The feeling of being alone; the sense of…,0,,http://www.oed.com/dictionary/loneliness_n
"4 - unresolved: not marked obsolete, last-quotation year hidden",making-as-if,MAKINGASIF,10,noun,1813-,1813,printed date range,compound,0,,,"Pretence, make-believe.",0,,http://www.oed.com/dictionary/making-as-if_n
"4 - unresolved: not marked obsolete, last-quotation year hidden",martialize,MARTIALIZE,10,verb,1582-,1582,printed date range,derivative,1,,military,transitive. To make martial; to provide with…,0,,http://www.oed.com/dictionary/martialize_v
"4 - unresolved: not marked obsolete, last-quotation year hidden",mastership,MASTERSHIP,10,noun,?a1425-,1425,printed date range,derivative,4,,,Mastery or thorough knowledge of a subject…,0,,http://www.oed.com/dictionary/mastership_n
"4 - unresolved: not marked obsolete, last-quotation year hidden",metabolize,METABOLIZE,10,verb,1831-,1831,printed date range,borrowing,5,,"sciences/life sciences, sciences/medicine/physiology, sciences/physical sciences/chemistry/organic chemistry",transitive. To process (a substance or food item)…,0,,http://www.oed.com/dictionary/metabolize_v
"4 - unresolved: not marked obsolete, last-quotation year hidden",miraculism,MIRACULISM,10,noun,1861-,1861,printed date range,borrowing,2,,,Belief in miracles.,0,,http://www.oed.com/dictionary/miraculism_n
"4 - unresolved: not marked obsolete, last-quotation year hidden",mistressly,MISTRESSLY,10,adjective,1747-,1747,printed date range,derivative,1,,,Resembling or characteristic of a woman…,0,,http://www.oed.com/dictionary/mistressly_adj
"4 - unresolved: not marked obsolete, last-quotation year hidden",mutterance,MUTTERANCE,10,noun,?1577-,1577,printed date range,derivative,0,,,Muttering; a muttered utterance.,0,,http://www.oed.com/dictionary/mutterance_n
"4 - unresolved: not marked obsolete, last-quotation year hidden",nancifully,NANCIFULLY,10,adverb,1936-,1936,printed date range,derivative,0,derogatory,,derogatory. In a manner stereotypically regarded as…,0,,http://www.oed.com/dictionary/nancifully_adv
"4 - unresolved: not marked obsolete, last-quotation year hidden",obsidional,OBSIDIONAL,10,adjective,?a1439-,1439,printed date range,borrowing,2,historical,"crafts and trades/coins and banknotes, history/ancient history/classical history/Roman history, military",Of or relating to a siege; spec. designating a…,0,,http://www.oed.com/dictionary/obsidional_adj
"4 - unresolved: not marked obsolete, last-quotation year hidden",osculatrix,OSCULATRIX,10,noun,1852-,1852,printed date range,borrowing,0,,sciences/mathematics/geometry,Geometry. A curve or surface that osculates…,0,,http://www.oed.com/dictionary/osculatrix_n
"4 - unresolved: not marked obsolete, last-quotation year hidden",overabound,OVERABOUND,10,verb,c1384-,1384,printed date range,derivative,1,,,intransitive. To abound too much with or in…,0,,http://www.oed.com/dictionary/overabound_v
"4 - unresolved: not marked obsolete, last-quotation year hidden",ovoblastic,OVOBLASTIC,10,adjective,1922-,1922,printed date range,compound,0,,sciences/medicine/physiology,Of or relating to an egg cell.,0,,http://www.oed.com/dictionary/ovoblastic_adj
"4 - unresolved: not marked obsolete, last-quotation year hidden",pancosmism,PANCOSMISM,10,noun,1858-,1858,printed date range,borrowing,1,,"philosophy, religion and belief/religion/Christianity",Philosophy and Theology. The doctrine that the…,0,,http://www.oed.com/dictionary/pancosmism_n
"4 - unresolved: not marked obsolete, last-quotation year hidden",Peter Panic,PETERPANIC,10,noun,1934-,1934,printed date range,blend,0,,,"Confused, immature behaviour.",1,,http://www.oed.com/dictionary/peter-panic_n
"4 - unresolved: not marked obsolete, last-quotation year hidden",photagogue,PHOTAGOGUE,10,noun,1909-,1909,printed date range,borrowing,0,,,A person who brings enlightenment.,0,,http://www.oed.com/dictionary/photagogue_n
"4 - unresolved: not marked obsolete, last-quotation year hidden",pitchering,PITCHERING,10,noun,1820-,1820,printed date range,derivative,0,historical,,"English regional (northern, esp. Yorkshire)…",0,,http://www.oed.com/dictionary/pitchering_n
"4 - unresolved: not marked obsolete, last-quotation year hidden",posadaship,POSADASHIP,10,noun,1923-,1923,printed date range,derivative,0,,,The position of the keeper of a posada.,0,,http://www.oed.com/dictionary/posadaship_n
"4 - unresolved: not marked obsolete, last-quotation year hidden",possessory,POSSESSORY,10,adjective,1425-,1425,printed date range,borrowing,4,,law,Chiefly Law. Relating to a possessor; relating to…,0,,http://www.oed.com/dictionary/possessory_adj
"4 - unresolved: not marked obsolete, last-quotation year hidden",pratfallen,PRATFALLEN,10,adjective,1940-,1940,printed date range,derivative,0,,,That has fallen on the buttocks.,0,,http://www.oed.com/dictionary/pratfallen_adj
"4 - unresolved: not marked obsolete, last-quotation year hidden",proof-proof,PROOFPROOF,10,adjective,a1863-,1863,printed date range,compound,1,,,(Of a person) impervious to proof.,0,,http://www.oed.com/dictionary/proof-proof_adj
"4 - unresolved: not marked obsolete, last-quotation year hidden",providence,PROVIDENCE,10,noun,a1382-,1382,printed date range,borrowing,5,,religion and belief/religion/Christianity,"In full providence of God (also nature, etc.)…",1,,http://www.oed.com/dictionary/providence_n
"4 - unresolved: not marked obsolete, last-quotation year hidden",psychozoic,PSYCHOZOIC,10,adjective,1828-,1828,printed date range,compound,2,,sciences/physical sciences/earth sciences/geology,†a. Involving both the mind and the living body…,0,,http://www.oed.com/dictionary/psychozoic_adj
"4 - unresolved: not marked obsolete, last-quotation year hidden",purchasery,PURCHASERY,10,noun,1927-,1927,printed date range,derivative,0,,,The business of purchasing.,0,,http://www.oed.com/dictionary/purchasery_n
"4 - unresolved: not marked obsolete, last-quotation year hidden",ragsackman,RAGSACKMAN,10,noun,1922-,1922,printed date range,compound,0,,,A ragman carrying a sack.,0,,http://www.oed.com/dictionary/ragsackman_n
"4 - unresolved: not marked obsolete, last-quotation year hidden",raisonneur,RAISONNEUR,10,verb,1963-,1963,printed date range,conversion,2,,,intransitive. To act as a raisonneur.,1,,http://www.oed.com/dictionary/raisonneur_v
"4 - unresolved: not marked obsolete, last-quotation year hidden",ramshandry,RAMSHANDRY,10,adjective,1907-,1907,printed date range,compound,0,,,"Thoughtless, light-headed; impetuous.",0,,http://www.oed.com/dictionary/ramshandry_adj
"4 - unresolved: not marked obsolete, last-quotation year hidden",reasonable,REASONABLE,10,"adjective, noun, adverb",a1325-,1325,printed date range,borrowing,6,,,"Of a person: sensible, sane; having sound…",0,,http://www.oed.com/dictionary/reasonable_adj
"4 - unresolved: not marked obsolete, last-quotation year hidden",reportship,REPORTSHIP,10,noun,1912-,1912,printed date range,derivative,0,,,Newspaper reporting.,0,,http://www.oed.com/dictionary/reportship_n
"4 - unresolved: not marked obsolete, last-quotation year hidden",riding lamp,RIDINGLAMP,10,noun,1825-,1825,printed date range,compound,1,historical,transport/nautical,†a. A lamp attached to a stirrup (obsolete); b…,0,,http://www.oed.com/dictionary/riding-lamp_n
"4 - unresolved: not marked obsolete, last-quotation year hidden",sack-sailed,SACKSAILED,10,adjective,1882-,1882,printed date range,compound,0,,,Having sails made of sackcloth.,0,,http://www.oed.com/dictionary/sack-sailed_adj
"4 - unresolved: not marked obsolete, last-quotation year hidden",salutation,SALUTATION,10,noun,c1384-,1384,printed date range,borrowing,5,,,"The action, or an act, of saluting; a manner of…",0,,http://www.oed.com/dictionary/salutation_n
"4 - unresolved: not marked obsolete, last-quotation year hidden",sapientize,SAPIENTIZE,10,verb,a1834-,1834,printed date range,derivative,2,,,transitive. To make sapient or wise.,0,,http://www.oed.com/dictionary/sapientize_v
"4 - unresolved: not marked obsolete, last-quotation year hidden",schlimazel,SCHLIMAZEL,10,verb,1963-,1963,printed date range,conversion,1,,,transitive. To make a schlimazel of (a person)…,1,,http://www.oed.com/dictionary/schlimazel_v
"4 - unresolved: not marked obsolete, last-quotation year hidden",scutigeral,SCUTIGERAL,10,adjective,1819-,1819,printed date range,derivative,1,,,Pertaining to a squire.,0,,http://www.oed.com/dictionary/scutigeral_adj
"4 - unresolved: not marked obsolete, last-quotation year hidden",secularist,SECULARIST,10,noun,1716-,1716,printed date range,derivative,4,,"philosophy, religion and belief/religion",An adherent of secularism.,0,,http://www.oed.com/dictionary/secularist_n
"4 - unresolved: not marked obsolete, last-quotation year hidden",semiquaver,SEMIQUAVER,10,verb,1782-,1782,printed date range,conversion,2,,arts/performing arts/music,To drive away with playing semiquavers.,1,,http://www.oed.com/dictionary/semiquaver_v
"4 - unresolved: not marked obsolete, last-quotation year hidden",Senecaster,SENECASTER,10,noun,1884-,1884,printed date range,proper name,0,,,An imitator of Seneca.,0,,http://www.oed.com/dictionary/senecaster_n
"4 - unresolved: not marked obsolete, last-quotation year hidden",sentential,SENTENTIAL,10,adjective,a1475-,1475,printed date range,borrowing,4,,language/linguistics/grammar,Pertaining to a sentence or series of words in…,0,,http://www.oed.com/dictionary/sentential_adj
"4 - unresolved: not marked obsolete, last-quotation year hidden",separatist,SEPARATIST,10,"noun, adjective",1608-,1608,printed date range,derivative,5,,religion and belief/religion/Christianity/ecclesiastical,One who advocates political separation; applied…,0,,http://www.oed.com/dictionary/separatist_n
"4 - unresolved: not marked obsolete, last-quotation year hidden",sequestral,SEQUESTRAL,10,adjective,1853-,1853,printed date range,borrowing,1,,,(See quot. 1853.),1,yes,http://www.oed.com/dictionary/sequestral_adj1
"4 - unresolved: not marked obsolete, last-quotation year hidden",shackledom,SHACKLEDOM,10,noun,1771-,1771,printed date range,derivative,0,,,The condition of being bound with shackles. (In…,0,,http://www.oed.com/dictionary/shackledom_n
"4 - unresolved: not marked obsolete, last-quotation year hidden",shake-spear,SHAKESPEAR,10,adjective,1853-,1853,printed date range,compound,1,,military/weaponry,That brandishes a spear (tr. Greek δορυσσόος).,0,,http://www.oed.com/dictionary/shake-spear_adj
"4 - unresolved: not marked obsolete, last-quotation year hidden",shallowist,SHALLOWIST,10,noun,1799-,1799,printed date range,derivative,0,,,"= shallowling, n.",0,,http://www.oed.com/dictionary/shallowist_n
"4 - unresolved: not marked obsolete, last-quotation year hidden",sharenting,SHARENTING,10,noun,2010-,2010,printed date range,blend,0,colloquial and slang,,"The action or practice of sharing news, images…",0,,http://www.oed.com/dictionary/sharenting_n
"4 - unresolved: not marked obsolete, last-quotation year hidden",shark's head,SHARKSHEAD,10,noun,1831-,1831,printed date range,compound,2,humorous,transport/nautical,A jocular name for the elongated prow of a grab.,0,,http://www.oed.com/dictionary/sharks-head_n
"4 - unresolved: not marked obsolete, last-quotation year hidden",shieldling,SHIELDLING,10,noun,1885-,1885,printed date range,derivative,0,,,A protected person.,0,,http://www.oed.com/dictionary/shieldling_n
"4 - unresolved: not marked obsolete, last-quotation year hidden",shield-lion,SHIELDLION,10,noun,1872-,1872,printed date range,compound,0,,heraldry,A lion emblazoned upon a heraldic shield.,0,,http://www.oed.com/dictionary/shield-lion_n
"4 - unresolved: not marked obsolete, last-quotation year hidden",shivelight,SHIVELIGHT,10,noun,1888-,1888,printed date range,compound,0,,,A sliver of light.,0,,http://www.oed.com/dictionary/shivelight_n
"4 - unresolved: not marked obsolete, last-quotation year hidden",shrowardly,SHROWARDLY,10,adverb,1664-,1664,printed date range,compound,0,,,"= shrewdly, adv.",0,,http://www.oed.com/dictionary/shrowardly_adv
"4 - unresolved: not marked obsolete, last-quotation year hidden",silverness,SILVERNESS,10,noun,1862-,1862,printed date range,derivative,2,,,The essential quality of silver.,0,,http://www.oed.com/dictionary/silverness_n
"4 - unresolved: not marked obsolete, last-quotation year hidden",sinesalary,SINESALARY,10,noun,a1843-,1843,printed date range,borrowing,0,,,An office without pay.,0,,http://www.oed.com/dictionary/sinesalary_n
"4 - unresolved: not marked obsolete, last-quotation year hidden",siroccoish,SIROCCOISH,10,adjective,1837-,1837,printed date range,derivative,0,,,Somewhat resembling that produced by the sirocco…,0,,http://www.oed.com/dictionary/siroccoish_adj
"4 - unresolved: not marked obsolete, last-quotation year hidden",skyscraper,SKYSCRAPER,10,noun,1791-,1791,printed date range,compound,5,,,A very tall building of many floors or storeys.,0,,http://www.oed.com/dictionary/skyscraper_n
"4 - unresolved: not marked obsolete, last-quotation year hidden",slanginess,SLANGINESS,10,noun,?1839-,1839,printed date range,derivative,2,,,Very informal or colloquial character in…,0,,http://www.oed.com/dictionary/slanginess_n
"4 - unresolved: not marked obsolete, last-quotation year hidden",smilesmirk,SMILESMIRK,10,verb,1922-,1922,printed date range,compound,0,,,intransitive. To smile in a smirking manner.,0,,http://www.oed.com/dictionary/smilesmirk_v
"4 - unresolved: not marked obsolete, last-quotation year hidden",soapboxing,SOAPBOXING,10,noun,1897-,1897,printed date range,derivative,0,,,The action or process of delivering an…,1,,http://www.oed.com/dictionary/soapboxing_n
"4 - unresolved: not marked obsolete, last-quotation year hidden",solemnific,SOLEMNIFIC,10,adjective,1823-,1823,printed date range,compound,0,,,Affectedly solemn.,0,,http://www.oed.com/dictionary/solemnific_adj
"4 - unresolved: not marked obsolete, last-quotation year hidden",solidiform,SOLIDIFORM,10,noun,1849-,1849,printed date range,compound,1,,,A solid body.,0,,http://www.oed.com/dictionary/solidiform_n
"4 - unresolved: not marked obsolete, last-quotation year hidden",sonography,SONOGRAPHY,10,noun,1869-,1869,printed date range,compound,4,,sciences/medicine/radiology,Medicine. The technique or procedure of using…,0,,http://www.oed.com/dictionary/sonography_n
"4 - unresolved: not marked obsolete, last-quotation year hidden",specialize,SPECIALIZE,10,verb,1613-,1613,printed date range,derivative,6,,,"transitive. To make special, specific, or…",0,,http://www.oed.com/dictionary/specialize_v
"4 - unresolved: not marked obsolete, last-quotation year hidden",squirtical,SQUIRTICAL,10,adjective,1761-,1761,printed date range,derivative,0,,,Concerned with a squirt or syringe.,0,,http://www.oed.com/dictionary/squirtical_adj
"4 - unresolved: not marked obsolete, last-quotation year hidden",stagnature,STAGNATURE,10,noun,1837-,1837,printed date range,derivative,0,,,The state or condition of being stagnant.,0,,http://www.oed.com/dictionary/stagnature_n
"4 - unresolved: not marked obsolete, last-quotation year hidden",staurology,STAUROLOGY,10,noun,1893-,1893,printed date range,compound,0,,,A science or doctrine of the cross.,0,,http://www.oed.com/dictionary/staurology_n
"4 - unresolved: not marked obsolete, last-quotation year hidden",stone-blind,STONEBLIND,10,adjective,c1480-,1480,printed date range,compound,3,,,Blind as a stone; completely blind. literal.,0,,http://www.oed.com/dictionary/stone-blind_adj
"4 - unresolved: not marked obsolete, last-quotation year hidden",studenting,STUDENTING,10,noun,1919-,1919,printed date range,derivative,2,,,The activity or experience of being a student.,0,,http://www.oed.com/dictionary/studenting_n
"4 - unresolved: not marked obsolete, last-quotation year hidden",subaqueous,SUBAQUEOUS,10,adjective,1677-,1677,printed date range,borrowing,4,,,"Existing, formed, or constructed underwater.",0,,http://www.oed.com/dictionary/subaqueous_adj
"4 - unresolved: not marked obsolete, last-quotation year hidden",subscriber,SUBSCRIBER,10,noun,1574-,1574,printed date range,derivative,5,,economics and commerce,A person who makes a regular payment in return…,0,,http://www.oed.com/dictionary/subscriber_n
"4 - unresolved: not marked obsolete, last-quotation year hidden",subsistent,SUBSISTENT,10,"adjective, noun",a1530-,1530,printed date range,borrowing,4,,,Providing a means of subsistence; adequate to…,0,,http://www.oed.com/dictionary/subsistent_adj
"4 - unresolved: not marked obsolete, last-quotation year hidden",suctionist,SUCTIONIST,10,noun,1707-,1707,printed date range,derivative,0,,,A person who favours a theory of suction.,0,,http://www.oed.com/dictionary/suctionist_n
"4 - unresolved: not marked obsolete, last-quotation year hidden",sweeperess,SWEEPERESS,10,noun,1847-,1847,printed date range,derivative,2,,,A female (crossing-) sweeper.,0,,http://www.oed.com/dictionary/sweeperess_n
"4 - unresolved: not marked obsolete, last-quotation year hidden",sylphidine,SYLPHIDINE,10,adjective,1884-,1884,printed date range,derivative,0,,religion and belief/mythology/classical mythology,Like a sylphid.,0,,http://www.oed.com/dictionary/sylphidine_adj
"4 - unresolved: not marked obsolete, last-quotation year hidden",symmorphic,SYMMORPHIC,10,adjective,1851-,1851,printed date range,,2,,,Having the same or a like form; conformed.,0,,http://www.oed.com/dictionary/symmorphic_adj
"4 - unresolved: not marked obsolete, last-quotation year hidden",sympatetic,SYMPATETIC,10,noun,1832-,1832,printed date range,,0,,,"A fellow-walker, a companion in a walk.",0,,http://www.oed.com/dictionary/sympatetic_n
"4 - unresolved: not marked obsolete, last-quotation year hidden",syncopated,SYNCOPATED,10,adjective,1665-,1665,printed date range,borrowing,4,,arts/performing arts/music,Music. Characterized by syncopation.,0,,http://www.oed.com/dictionary/syncopated_adj
"4 - unresolved: not marked obsolete, last-quotation year hidden",synonymize,SYNONYMIZE,10,verb,1611-,1611,printed date range,borrowing,3,,language/linguistics,To use synonyms; to express the same meaning by…,0,,http://www.oed.com/dictionary/synonymize_v
"4 - unresolved: not marked obsolete, last-quotation year hidden",tariffable,TARIFFABLE,10,adjective,1895-,1895,printed date range,derivative,0,,,That can be subjected to a tariff.,0,,http://www.oed.com/dictionary/tariffable_adj
"4 - unresolved: not marked obsolete, last-quotation year hidden",tariffless,TARIFFLESS,10,adjective,1891-,1891,printed date range,derivative,0,,economics and commerce,Without a tariff.,0,,http://www.oed.com/dictionary/tariffless_adj
"4 - unresolved: not marked obsolete, last-quotation year hidden",tavernless,TAVERNLESS,10,adjective,1897-,1897,printed date range,derivative,1,,,Devoid of taverns or inns.,0,,http://www.oed.com/dictionary/tavernless_adj
"4 - unresolved: not marked obsolete, last-quotation year hidden",tea-tabular,TEATABULAR,10,adjective,1855-,1855,printed date range,,1,humorous,,Pertaining to the tea-table.,0,,http://www.oed.com/dictionary/tea-tabular_adj
"4 - unresolved: not marked obsolete, last-quotation year hidden",teleocracy,TELEOCRACY,10,noun,1882-,1882,printed date range,compound,1,,,(A system of) government directed towards the…,0,,http://www.oed.com/dictionary/teleocracy_n
"4 - unresolved: not marked obsolete, last-quotation year hidden",teleologic,TELEOLOGIC,10,"adjective, noun",1816-,1816,printed date range,derivative,3,,"philosophy, religion and belief/religion/Christianity","Relating to a goal, end, or final cause; of or…",0,,http://www.oed.com/dictionary/teleologic_adj
"4 - unresolved: not marked obsolete, last-quotation year hidden",tetrateuch,TETRATEUCH,10,noun,1906-,1906,printed date range,compound,0,,,"A name for the first four books of the Pentateuch, n.",0,,http://www.oed.com/dictionary/tetrateuch_n
"4 - unresolved: not marked obsolete, last-quotation year hidden",thirstless,THIRSTLESS,10,adjective,1605-,1605,printed date range,derivative,2,,,Having no thirst; not thirsty.,0,,http://www.oed.com/dictionary/thirstless_adj
"4 - unresolved: not marked obsolete, last-quotation year hidden",thrushling,THRUSHLING,10,noun,1899-,1899,printed date range,derivative,0,,,A young thrush.,0,,http://www.oed.com/dictionary/thrushling_n
"4 - unresolved: not marked obsolete, last-quotation year hidden",thunder-fit,THUNDERFIT,10,noun,1798-,1798,printed date range,compound,2,,,A shock or sound like thunder.,0,,http://www.oed.com/dictionary/thunder-fit_n
"4 - unresolved: not marked obsolete, last-quotation year hidden",tipstavery,TIPSTAVERY,10,noun,1911-,1911,printed date range,,0,,law,A body of tipstaffs.,0,,http://www.oed.com/dictionary/tipstavery_n
"4 - unresolved: not marked obsolete, last-quotation year hidden",tipsy-topsy,TIPSYTOPSY,10,adjective,1826-,1826,printed date range,,0,,,Upset or in disorder as if tipsy.,0,,http://www.oed.com/dictionary/tipsy-topsy_adj
"4 - unresolved: not marked obsolete, last-quotation year hidden",tobaccoite,TOBACCOITE,10,noun,1898-,1898,printed date range,derivative,0,,consumables/tobacco,An advocate of tobacco.,0,,http://www.oed.com/dictionary/tobaccoite_n
"4 - unresolved: not marked obsolete, last-quotation year hidden",tongue-hero,TONGUEHERO,10,noun,1800-,1800,printed date range,compound,1,,,A braggart (translating German wortheld).,0,,http://www.oed.com/dictionary/tongue-hero_n
"4 - unresolved: not marked obsolete, last-quotation year hidden",touristdom,TOURISTDOM,10,noun,1888-,1888,printed date range,derivative,1,,,The realm or collective body of tourists.,0,,http://www.oed.com/dictionary/touristdom_n
"4 - unresolved: not marked obsolete, last-quotation year hidden",touristing,TOURISTING,10,noun,1883-,1883,printed date range,derivative,2,,,The practice or habit of touring.,0,,http://www.oed.com/dictionary/touristing_n
"4 - unresolved: not marked obsolete, last-quotation year hidden",tournament,TOURNAMENT,10,verb,1884-,1884,printed date range,conversion,3,,,"(intransitive) to ride as in a tournament, to tilt.",1,,http://www.oed.com/dictionary/tournament_v
"4 - unresolved: not marked obsolete, last-quotation year hidden",Tractarian,TRACTARIAN,10,"noun, adjective",1824-,1824,printed date range,derivative,3,,religion and belief/religion/Christianity/Anglican Church,A member or follower of a High Church movement…,0,,http://www.oed.com/dictionary/tractarian_n
"4 - unresolved: not marked obsolete, last-quotation year hidden",trades body,TRADESBODY,10,noun,1834-,1834,printed date range,compound,1,disparaging,,†a. disparaging a tradesman (obsolete); b. =…,0,,http://www.oed.com/dictionary/trades-body_n
"4 - unresolved: not marked obsolete, last-quotation year hidden",treasonist,TREASONIST,10,noun,1796-,1796,printed date range,derivative,1,,,One who practises or is concerned in treason.,0,,http://www.oed.com/dictionary/treasonist_n
"4 - unresolved: not marked obsolete, last-quotation year hidden",treatyless,TREATYLESS,10,adjective,1892-,1892,printed date range,derivative,1,,politics,Having no treaty.,0,,http://www.oed.com/dictionary/treatyless_adj
"4 - unresolved: not marked obsolete, last-quotation year hidden",tremendous,TREMENDOUS,10,adjective,1632-,1632,printed date range,borrowing,6,colloquial and slang,,"Hyperbolically, or as a mere intensive: Such as…",0,,http://www.oed.com/dictionary/tremendous_adj
"4 - unresolved: not marked obsolete, last-quotation year hidden",trenchmore,TRENCHMORE,10,verb,1598-,1598,printed date range,conversion,1,historical,arts/performing arts/dance,(intransitive) to dance the trenchmore.,0,,http://www.oed.com/dictionary/trenchmore_v
"4 - unresolved: not marked obsolete, last-quotation year hidden",trimontane,TRIMONTANE,10,adjective,1885-,1885,printed date range,borrowing,0,,,"Having, or having some relation to, three…",0,,http://www.oed.com/dictionary/trimontane_adj
"4 - unresolved: not marked obsolete, last-quotation year hidden",trotteress,TROTTERESS,10,noun,1892-,1892,printed date range,derivative,0,,,"A female trotter (in globe-trotteress: cf. globe, n.).",0,,http://www.oed.com/dictionary/trotteress_n
"4 - unresolved: not marked obsolete, last-quotation year hidden",turnturtle,TURNTURTLE,10,adjective,1951-,1951,printed date range,compound,0,poetic and literary,,That is the place of or setting for one's death…,0,,http://www.oed.com/dictionary/turnturtle_adj
"4 - unresolved: not marked obsolete, last-quotation year hidden",turtle-dove,TURTLEDOVE,10,verb,1922-,1922,printed date range,conversion,1,,,"transitive, ? to show affection for (another)…",1,,http://www.oed.com/dictionary/turtle-dove_v
"4 - unresolved: not marked obsolete, last-quotation year hidden",twaddledom,TWADDLEDOM,10,noun,1837-,1837,printed date range,derivative,0,,,"The realm of twaddle, the habit of uttering twaddle.",0,,http://www.oed.com/dictionary/twaddledom_n
"4 - unresolved: not marked obsolete, last-quotation year hidden",twaddleize,TWADDLEIZE,10,verb,1850-,1850,printed date range,derivative,0,,arts/literature,(transitive) to reduce to twaddle.,0,,http://www.oed.com/dictionary/twaddleize_v
"4 - unresolved: not marked obsolete, last-quotation year hidden",twenty-four,TWENTYFOUR,10,noun,1673-,1673,printed date range,compound,5,,crafts and trades/printing and typography,A sheet folded into 24 leaves; a form of type for…,0,,http://www.oed.com/dictionary/twenty-four_n
"4 - unresolved: not marked obsolete, last-quotation year hidden",twi-thought,TWITHOUGHT,10,noun,1885-,1885,printed date range,compound,0,,,An indistinct or vague thought.,0,,http://www.oed.com/dictionary/twi-thought_n
"4 - unresolved: not marked obsolete, last-quotation year hidden",ubiquitary,UBIQUITARY,10,"noun, adjective",?1570-,1570,printed date range,borrowing,2,,,"Present, appearing, or found… Of a class or type…",0,,http://www.oed.com/dictionary/ubiquitary_n
"4 - unresolved: not marked obsolete, last-quotation year hidden",umbershoot,UMBERSHOOT,10,noun,1922-,1922,printed date range,compound,0,,,(A word of obscure meaning.),0,,http://www.oed.com/dictionary/umbershoot_n
"4 - unresolved: not marked obsolete, last-quotation year hidden",uncritical,UNCRITICAL,10,"adjective, noun",1659-,1659,printed date range,derivative,5,,,Lacking good judgement; undiscriminating…,0,,http://www.oed.com/dictionary/uncritical_adj
"4 - unresolved: not marked obsolete, last-quotation year hidden",upsilonism,UPSILONISM,10,noun,1879-,1879,printed date range,derivative,0,,,Tendency to use the letter u.,0,,http://www.oed.com/dictionary/upsilonism_n
"4 - unresolved: not marked obsolete, last-quotation year hidden",viraginian,VIRAGINIAN,10,"adjective, noun",1642-,1642,printed date range,borrowing,1,,,"Designating a violent, overbearing, or…",0,,http://www.oed.com/dictionary/viraginian_adj
"4 - unresolved: not marked obsolete, last-quotation year hidden",vituperize,VITUPERIZE,10,verb,1894-,1894,printed date range,borrowing,0,,,transitive. To vituperate.,0,,http://www.oed.com/dictionary/vituperize_v
"4 - unresolved: not marked obsolete, last-quotation year hidden",waiterhood,WAITERHOOD,10,noun,1865-,1865,printed date range,derivative,1,,,The state or condition of a waiter.,0,,http://www.oed.com/dictionary/waiterhood_n
"4 - unresolved: not marked obsolete, last-quotation year hidden",wanderable,WANDERABLE,10,adjective,1906-,1906,printed date range,derivative,0,,,That one can wander in.,0,,http://www.oed.com/dictionary/wanderable_adj
"4 - unresolved: not marked obsolete, last-quotation year hidden",warden-raid,WARDENRAID,10,noun,1805-,1805,printed date range,compound,0,,,A raid commanded by the Warden of the Marches in…,0,,http://www.oed.com/dictionary/warden-raid_n
"4 - unresolved: not marked obsolete, last-quotation year hidden",wardenship,WARDENSHIP,10,noun,a1400-,1400,printed date range,derivative,3,,,"The office or position of a warden, in various…",0,,http://www.oed.com/dictionary/wardenship_n
"4 - unresolved: not marked obsolete, last-quotation year hidden",wassailous,WASSAILOUS,10,adjective,1893-,1893,printed date range,derivative,0,,,Given to revelry.,0,,http://www.oed.com/dictionary/wassailous_adj
"4 - unresolved: not marked obsolete, last-quotation year hidden",weekendize,WEEKENDIZE,10,verb,1910-,1910,printed date range,derivative,0,,,intransitive to go away for the weekend.,0,,http://www.oed.com/dictionary/weekendize_v
"4 - unresolved: not marked obsolete, last-quotation year hidden",whirlwindy,WHIRLWINDY,10,adjective,1903-,1903,printed date range,derivative,0,,sciences/physical sciences/earth sciences/geography/weather,Resembling a whirlwind.,0,,http://www.oed.com/dictionary/whirlwindy_adj
"4 - unresolved: not marked obsolete, last-quotation year hidden",wilderness,WILDERNESS,10,noun,c1200-,1200,printed date range,derivative,5,,,(With article or other defining word) A wild or…,0,,http://www.oed.com/dictionary/wilderness_n
"4 - unresolved: not marked obsolete, last-quotation year hidden",wind shadow,WINDSHADOW,10,noun,1909-,1909,printed date range,compound,3,,,a. A ripple caused by the wind on water and…,0,,http://www.oed.com/dictionary/wind-shadow_n
"4 - unresolved: not marked obsolete, last-quotation year hidden",wire-drawer,WIREDRAWER,10,noun,1265-,1265,printed date range,compound,2,,,A person whose job is to draw metal into wire…,0,,http://www.oed.com/dictionary/wire-drawer_n
"4 - unresolved: not marked obsolete, last-quotation year hidden",wiseacrery,WISEACRERY,10,noun,1917-,1917,printed date range,derivative,0,,,Something characteristic of a wiseacre…,0,,http://www.oed.com/dictionary/wiseacrery_n
"4 - unresolved: not marked obsolete, last-quotation year hidden",womoonless,WOMOONLESS,10,adjective,1922-,1922,printed date range,blend,0,,,Both womanless and moonless.,0,,http://www.oed.com/dictionary/womoonless_adj
"4 - unresolved: not marked obsolete, last-quotation year hidden",all-arounder,ALLAROUNDER,11,noun,1892-,1892,printed date range,derivative,1,colloquial and slang,,Something suited for a variety of purposes or…,0,,http://www.oed.com/dictionary/all-arounder_n
"4 - unresolved: not marked obsolete, last-quotation year hidden",anti-Judaism,ANTIJUDAISM,11,noun,1610-,1610,printed date range,derivative,0,,religion and belief/religion/Judaism,"Opposition, hostility, or prejudice towards…",0,,http://www.oed.com/dictionary/anti-judaism_n
"4 - unresolved: not marked obsolete, last-quotation year hidden",antisemitic,ANTISEMITIC,11,adjective,1851-,1851,printed date range,derivative,5,,,"Characterized by prejudice, hostility, or…",1,,http://www.oed.com/dictionary/antisemitic_adj
"4 - unresolved: not marked obsolete, last-quotation year hidden",Atlanticist,ATLANTICIST,11,"noun, adjective",1885-,1885,printed date range,derivative,3,,"military, politics",A supporter or advocate of close military…,0,,http://www.oed.com/dictionary/atlanticist_n
"4 - unresolved: not marked obsolete, last-quotation year hidden",blue-domeism,BLUEDOMEISM,11,noun,1944-,1944,printed date range,compound,0,,,The doctrine of a blue-domeist; the preference…,0,,http://www.oed.com/dictionary/blue-domeism_n
"4 - unresolved: not marked obsolete, last-quotation year hidden",brain freeze,BRAINFREEZE,11,noun,1968-,1968,printed date range,compound,3,colloquial and slang,sciences/medicine,Severe but usually short-lived pain in the…,0,,http://www.oed.com/dictionary/brain-freeze_n
"4 - unresolved: not marked obsolete, last-quotation year hidden",bullionless,BULLIONLESS,11,adjective,1854-,1854,printed date range,derivative,0,,economics and commerce/finance/banking,Without bullion.,0,,http://www.oed.com/dictionary/bullionless_adj
"4 - unresolved: not marked obsolete, last-quotation year hidden",bullmanship,BULLMANSHIP,11,noun,1821-,1821,printed date range,compound,0,,,The art of fighting with bulls.,0,,http://www.oed.com/dictionary/bullmanship_n
"4 - unresolved: not marked obsolete, last-quotation year hidden",burschenism,BURSCHENISM,11,noun,1830-,1830,printed date range,derivative,0,,,The manner and customs of the burschen.,0,,http://www.oed.com/dictionary/burschenism_n
"4 - unresolved: not marked obsolete, last-quotation year hidden",cabinetwork,CABINETWORK,11,noun,1673-,1673,printed date range,compound,0,,crafts and trades/woodworking,Cabinets collectively; a collection of cabinets…,0,,http://www.oed.com/dictionary/cabinetwork_n
"4 - unresolved: not marked obsolete, last-quotation year hidden",cacogastric,CACOGASTRIC,11,adjective,1833-,1833,printed date range,compound,0,,,Having a deranged stomach.,0,,http://www.oed.com/dictionary/cacogastric_adj
"4 - unresolved: not marked obsolete, last-quotation year hidden",castrometer,CASTROMETER,11,noun,1857-,1857,printed date range,borrowing,0,,,A surveyor of (ancient) camps.,0,,http://www.oed.com/dictionary/castrometer_n
"4 - unresolved: not marked obsolete, last-quotation year hidden",catacombish,CATACOMBISH,11,adjective,1826-,1826,printed date range,derivative,1,,,Savouring of the catacombs.,0,,http://www.oed.com/dictionary/catacombish_adj
"4 - unresolved: not marked obsolete, last-quotation year hidden",cataloguish,CATALOGUISH,11,adjective,1791-,1791,printed date range,derivative,0,,,Savouring of a catalogue.,0,,http://www.oed.com/dictionary/cataloguish_adj
"4 - unresolved: not marked obsolete, last-quotation year hidden",cerebrology,CEREBROLOGY,11,noun,1881-,1881,printed date range,compound,1,,,The science or discussion of brains.,0,,http://www.oed.com/dictionary/cerebrology_n
"4 - unresolved: not marked obsolete, last-quotation year hidden",chalcologue,CHALCOLOGUE,11,noun,1861-,1861,printed date range,borrowing,0,,,A student of brasses.,0,,http://www.oed.com/dictionary/chalcologue_n
"4 - unresolved: not marked obsolete, last-quotation year hidden",chalcotribe,CHALCOTRIBE,11,noun,1861-,1861,printed date range,borrowing,0,,,One who takes rubbings of brasses.,0,,http://www.oed.com/dictionary/chalcotribe_n
"4 - unresolved: not marked obsolete, last-quotation year hidden",chalcotript,CHALCOTRIPT,11,noun,1882-,1882,printed date range,borrowing,0,,,"= chalcotribe, n.",0,,http://www.oed.com/dictionary/chalcotript_n
"4 - unresolved: not marked obsolete, last-quotation year hidden",championage,CHAMPIONAGE,11,noun,1885-,1885,printed date range,derivative,0,,sport and leisure/sport,"= championship, n.",0,,http://www.oed.com/dictionary/championage_n
"4 - unresolved: not marked obsolete, last-quotation year hidden",championism,CHAMPIONISM,11,noun,1877-,1877,printed date range,,0,,,The action of championing someone or something.,0,,http://www.oed.com/dictionary/championism_n
"4 - unresolved: not marked obsolete, last-quotation year hidden",chirurgical,CHIRURGICAL,11,adjective,?1541-,1541,printed date range,borrowing,3,archaic,sciences/medicine/surgery,Of or pertaining to surgery; skilled in…,0,,http://www.oed.com/dictionary/chirurgical_adj
"4 - unresolved: not marked obsolete, last-quotation year hidden",Christmasly,CHRISTMASLY,11,adverb,1829-,1829,printed date range,derivative,1,,,"In a manner typical of, or appropriate to…",1,,http://www.oed.com/dictionary/christmasly_adv
"4 - unresolved: not marked obsolete, last-quotation year hidden",clericality,CLERICALITY,11,noun,1660-,1660,printed date range,derivative,1,,religion and belief/religion,"The characteristics, position, or status of…",0,,http://www.oed.com/dictionary/clericality_n
"4 - unresolved: not marked obsolete, last-quotation year hidden",cobblerless,COBBLERLESS,11,adjective,1885-,1885,printed date range,derivative,0,,,Without a cobbler.,0,,http://www.oed.com/dictionary/cobblerless_adj
"4 - unresolved: not marked obsolete, last-quotation year hidden",cockleshell,COCKLESHELL,11,noun,?1440-,1440,printed date range,compound,3,,sciences/life sciences/animals/invertebrates/shells and shellfish,"The shell of a cockle (cockle, n.² 1a), esp. a…",0,,http://www.oed.com/dictionary/cockleshell_n
"4 - unresolved: not marked obsolete, last-quotation year hidden",cocktailian,COCKTAILIAN,11,"adjective, noun",1845-,1845,printed date range,derivative,0,,consumables/drink,"Of, relating to, or characteristic of cocktails…",0,,http://www.oed.com/dictionary/cocktailian_adj
"4 - unresolved: not marked obsolete, last-quotation year hidden",coessential,COESSENTIAL,11,adjective,1471-,1471,printed date range,derivative,2,,religion and belief/religion/Christianity,"One in essence, having the same essence; esp. in…",0,,http://www.oed.com/dictionary/coessential_adj
"4 - unresolved: not marked obsolete, last-quotation year hidden",collectable,COLLECTABLE,11,"adjective, noun",1660-,1660,printed date range,derivative,3,,,"Of an object, work of art, etc.: worth…",0,,http://www.oed.com/dictionary/collectable_adj
"4 - unresolved: not marked obsolete, last-quotation year hidden",columnarish,COLUMNARISH,11,adjective,1788-,1788,printed date range,derivative,0,,,‘Somewhat resembling a column. (A bad word)’…,0,,http://www.oed.com/dictionary/columnarish_adj
"4 - unresolved: not marked obsolete, last-quotation year hidden",concernable,CONCERNABLE,11,adjective,1639-,1639,printed date range,derivative,1,,,Of concern; important. rare in later use.,0,,http://www.oed.com/dictionary/concernable_adj
"4 - unresolved: not marked obsolete, last-quotation year hidden",concipiency,CONCIPIENCY,11,noun,1825-,1825,printed date range,derivative,0,,,The quality or state of being concipient or…,0,,http://www.oed.com/dictionary/concipiency_n
"4 - unresolved: not marked obsolete, last-quotation year hidden",conjugalize,CONJUGALIZE,11,verb,1823-,1823,printed date range,derivative,0,,,"intransitive. To become conjugal, to marry.",0,,http://www.oed.com/dictionary/conjugalize_v
"4 - unresolved: not marked obsolete, last-quotation year hidden",consistency,CONSISTENCY,11,noun,1574-,1574,printed date range,borrowing,6,,,"The degree to which a substance, (now) esp. a…",0,,http://www.oed.com/dictionary/consistency_n
"4 - unresolved: not marked obsolete, last-quotation year hidden",consobrinal,CONSOBRINAL,11,adjective,1850-,1850,printed date range,borrowing,0,,,Having the relationship of cousin.,0,,http://www.oed.com/dictionary/consobrinal_adj
"4 - unresolved: not marked obsolete, last-quotation year hidden",consonation,CONSONATION,11,noun,1889-,1889,printed date range,borrowing,1,,,A sounding together.,0,,http://www.oed.com/dictionary/consonation_n
"4 - unresolved: not marked obsolete, last-quotation year hidden",continental,CONTINENTAL,11,verb,1865-,1865,printed date range,conversion,2,,,"= continentalize, v. 1.",1,,http://www.oed.com/dictionary/continental_v
"4 - unresolved: not marked obsolete, last-quotation year hidden",copartitive,COPARTITIVE,11,adjective,1888-,1888,printed date range,derivative,0,,,Of or pertaining to co-partnership.,0,,http://www.oed.com/dictionary/copartitive_adj
"4 - unresolved: not marked obsolete, last-quotation year hidden",corollarize,COROLLARIZE,11,verb,1866-,1866,printed date range,derivative,0,,,transitive. To add by way of corollary.,0,,http://www.oed.com/dictionary/corollarize_v
"4 - unresolved: not marked obsolete, last-quotation year hidden",cosmopolicy,COSMOPOLICY,11,noun,1813-,1813,printed date range,blend,1,,,"= cosmopolitism, n.",0,,http://www.oed.com/dictionary/cosmopolicy_n
"4 - unresolved: not marked obsolete, last-quotation year hidden",cottonocrat,COTTONOCRAT,11,noun,1845-,1845,printed date range,,0,colloquial and slang,crafts and trades/textiles,A member of the cottonocracy; a cotton-lord.,0,,http://www.oed.com/dictionary/cottonocrat_n
"4 - unresolved: not marked obsolete, last-quotation year hidden",counter-band,COUNTERBAND,11,verb,1648-,1648,printed date range,derivative,0,,,transitive. To band or form again (a disbanded army).,0,,http://www.oed.com/dictionary/counter-band_v
"4 - unresolved: not marked obsolete, last-quotation year hidden",counterfort,COUNTERFORT,11,noun,1590-,1590,printed date range,borrowing,3,,military/fortification,A buttress or projecting piece of… In Architecture.,0,,http://www.oed.com/dictionary/counterfort_n
"4 - unresolved: not marked obsolete, last-quotation year hidden",crabologist,CRABOLOGIST,11,noun,1824-,1824,printed date range,compound,0,,,A student or collector of crabs.,0,,http://www.oed.com/dictionary/crabologist_n
"4 - unresolved: not marked obsolete, last-quotation year hidden",cragmanship,CRAGMANSHIP,11,noun,1951-,1951,printed date range,derivative,0,,sport and leisure/sport/climbing,Expertise in rock climbing.,0,,http://www.oed.com/dictionary/cragmanship_n
"4 - unresolved: not marked obsolete, last-quotation year hidden",craniopolis,CRANIOPOLIS,11,noun,1818-,1818,printed date range,,0,,,A city of skulls.,0,,http://www.oed.com/dictionary/craniopolis_n
"4 - unresolved: not marked obsolete, last-quotation year hidden",creationist,CREATIONIST,11,"noun, adjective",1820-,1820,printed date range,derivative,4,,religion and belief/religion,A believer in or advocate of creationism…,0,,http://www.oed.com/dictionary/creationist_n
"4 - unresolved: not marked obsolete, last-quotation year hidden",crepidarian,CREPIDARIAN,11,adjective,1819-,1819,printed date range,borrowing,1,,crafts and trades/costume/shoes,Of or pertaining to a shoemaker.,0,,http://www.oed.com/dictionary/crepidarian_adj
"4 - unresolved: not marked obsolete, last-quotation year hidden",criterional,CRITERIONAL,11,adjective,a1834-,1834,printed date range,derivative,2,,,Of or relating to a criterion.,0,,http://www.oed.com/dictionary/criterional_adj
"4 - unresolved: not marked obsolete, last-quotation year hidden",criticality,CRITICALITY,11,noun,1758-,1758,printed date range,derivative,4,,,Nuclear Physics. The state of a nuclear reactor…,0,,http://www.oed.com/dictionary/criticality_n
"4 - unresolved: not marked obsolete, last-quotation year hidden",dastardling,DASTARDLING,11,noun,1800-,1800,printed date range,derivative,0,,,A contemptible dastard.,0,,http://www.oed.com/dictionary/dastardling_n
"4 - unresolved: not marked obsolete, last-quotation year hidden",decadescent,DECADESCENT,11,adjective,1858-,1858,printed date range,borrowing,0,,,Beginning or tending to decay.,0,,http://www.oed.com/dictionary/decadescent_adj
"4 - unresolved: not marked obsolete, last-quotation year hidden",defiliation,DEFILIATION,11,noun,1822-,1822,printed date range,borrowing,1,,,Deprivation of a son.,0,,http://www.oed.com/dictionary/defiliation_n
"4 - unresolved: not marked obsolete, last-quotation year hidden",delassitude,DELASSITUDE,11,verb,1807-,1807,printed date range,derivative,0,,,transitive. To deliver or recover from lassitude.,0,,http://www.oed.com/dictionary/delassitude_v
"4 - unresolved: not marked obsolete, last-quotation year hidden",demagoguize,DEMAGOGUIZE,11,verb,1889-,1889,printed date range,derivative,0,,,intransitive. To play the demagogue.,0,,http://www.oed.com/dictionary/demagoguize_v
"4 - unresolved: not marked obsolete, last-quotation year hidden",demiurgeous,DEMIURGEOUS,11,adjective,1882-,1882,printed date range,derivative,1,,,Of the nature of a demiurge.,0,,http://www.oed.com/dictionary/demiurgeous_adj
"4 - unresolved: not marked obsolete, last-quotation year hidden",destinarian,DESTINARIAN,11,noun,1838-,1838,printed date range,derivative,1,,,A believer in destiny.,0,,http://www.oed.com/dictionary/destinarian_n
"4 - unresolved: not marked obsolete, last-quotation year hidden",deteriorism,DETERIORISM,11,noun,1880-,1880,printed date range,borrowing,0,,,The doctrine that the tendency of things is to…,0,,http://www.oed.com/dictionary/deteriorism_n
"4 - unresolved: not marked obsolete, last-quotation year hidden",devotionize,DEVOTIONIZE,11,verb,1894-,1894,printed date range,derivative,0,,,transitive. To convert to devotional use.,0,,http://www.oed.com/dictionary/devotionize_v
"4 - unresolved: not marked obsolete, last-quotation year hidden",diphrelatic,DIPHRELATIC,11,adjective,1849-,1849,printed date range,borrowing,1,humorous,,Relating to the driving of a chariot…,0,,http://www.oed.com/dictionary/diphrelatic_adj
"4 - unresolved: not marked obsolete, last-quotation year hidden",discoloured,DISCOLOURED,11,adjective,a1393-,1393,printed date range,derivative,4,,,Altered from the usual or natural colour; changed…,0,,http://www.oed.com/dictionary/discoloured_adj
"4 - unresolved: not marked obsolete, last-quotation year hidden",disidentify,DISIDENTIFY,11,verb,1845-,1845,printed date range,derivative,3,,,transitive. To undo or veil the identity of.,0,,http://www.oed.com/dictionary/disidentify_v
"4 - unresolved: not marked obsolete, last-quotation year hidden",dispersuade,DISPERSUADE,11,verb,1951-,1951,printed date range,derivative,1,,,"= dissuade, v. 3.",0,,http://www.oed.com/dictionary/dispersuade_v
"4 - unresolved: not marked obsolete, last-quotation year hidden",displendour,DISPLENDOUR,11,verb,1854-,1854,printed date range,derivative,0,,,transitive. To deprive of splendour.,0,,http://www.oed.com/dictionary/displendour_v
"4 - unresolved: not marked obsolete, last-quotation year hidden",dissympathy,DISSYMPATHY,11,noun,1860-,1860,printed date range,derivative,1,,,Absence of sympathy.,0,,http://www.oed.com/dictionary/dissympathy_n
"4 - unresolved: not marked obsolete, last-quotation year hidden",disvenerate,DISVENERATE,11,verb,1826-,1826,printed date range,derivative,0,,,transitive. To regard without veneration.,0,,http://www.oed.com/dictionary/disvenerate_v
"4 - unresolved: not marked obsolete, last-quotation year hidden",disvowelled,DISVOWELLED,11,adjective,1849-,1849,printed date range,derivative,0,,,Rendered vowelless; that does not pronounce vowels.,0,,http://www.oed.com/dictionary/disvowelled_adj
"4 - unresolved: not marked obsolete, last-quotation year hidden",dive-dopping,DIVEDOPPING,11,adjective,1615-,1615,printed date range,,0,,,Diving or ducking like a dabchick.,0,,http://www.oed.com/dictionary/dive-dopping_adj
"4 - unresolved: not marked obsolete, last-quotation year hidden",domesticate,DOMESTICATE,11,noun,1860-,1860,printed date range,derivative,0,,,A domesticated (variety or breed of) plant or animal.,1,,http://www.oed.com/dictionary/domesticate_n
"4 - unresolved: not marked obsolete, last-quotation year hidden",donkeydrome,DONKEYDROME,11,noun,1852-,1852,printed date range,derivative,0,,sport and leisure/sport,A course for a donkey-race.,0,,http://www.oed.com/dictionary/donkeydrome_n
"4 - unresolved: not marked obsolete, last-quotation year hidden",drollerical,DROLLERICAL,11,adjective,1656-,1656,printed date range,derivative,0,,,Comical.,0,,http://www.oed.com/dictionary/drollerical_adj
"4 - unresolved: not marked obsolete, last-quotation year hidden",dwindlement,DWINDLEMENT,11,noun,1863-,1863,printed date range,derivative,0,,,"Dwindling, shrinking.",0,,http://www.oed.com/dictionary/dwindlement_n
"4 - unresolved: not marked obsolete, last-quotation year hidden",dyspneumony,DYSPNEUMONY,11,noun,1839-,1839,printed date range,derivative,0,,,Disease or affection of the lungs.,0,,http://www.oed.com/dictionary/dyspneumony_n
"4 - unresolved: not marked obsolete, last-quotation year hidden",earth artist,EARTHARTIST,11,noun,1918-,1918,printed date range,compound,2,,arts,"a. An artist from this world, rather than a…",0,,http://www.oed.com/dictionary/earth-artist_n
"4 - unresolved: not marked obsolete, last-quotation year hidden",earth hunger,EARTHHUNGER,11,noun,a1661-,1661,printed date range,compound,2,,,Desire to possess land; greed for territory.,0,,http://www.oed.com/dictionary/earth-hunger_n
"4 - unresolved: not marked obsolete, last-quotation year hidden",effutiation,EFFUTIATION,11,noun,1823-,1823,printed date range,borrowing,0,,,"Twaddle, balderdash.",0,,http://www.oed.com/dictionary/effutiation_n
"4 - unresolved: not marked obsolete, last-quotation year hidden",embrownment,EMBROWNMENT,11,noun,1845-,1845,printed date range,derivative,0,,,Brown colouring.,0,,http://www.oed.com/dictionary/embrownment_n
"4 - unresolved: not marked obsolete, last-quotation year hidden",embrutalize,EMBRUTALIZE,11,verb,1876-,1876,printed date range,derivative,0,,,transitive. To render brutal.,0,,http://www.oed.com/dictionary/embrutalize_v
"4 - unresolved: not marked obsolete, last-quotation year hidden",erroneosity,ERRONEOSITY,11,noun,1840-,1840,printed date range,derivative,0,,,= Erroneousness.,0,,http://www.oed.com/dictionary/erroneosity_n
"4 - unresolved: not marked obsolete, last-quotation year hidden",escritorial,ESCRITORIAL,11,adjective,1785-,1785,printed date range,,1,,,Of or pertaining to an escritoire.,0,,http://www.oed.com/dictionary/escritorial_adj
"4 - unresolved: not marked obsolete, last-quotation year hidden",Escurialize,ESCURIALIZE,11,verb,1843-,1843,printed date range,proper name,0,,,transitive. To subject to influences like those…,0,,http://www.oed.com/dictionary/escurialize_v
"4 - unresolved: not marked obsolete, last-quotation year hidden",ethereality,ETHEREALITY,11,noun,1806-,1806,printed date range,derivative,3,,,The quality or state of being ethereal…,0,,http://www.oed.com/dictionary/ethereality_n
"4 - unresolved: not marked obsolete, last-quotation year hidden",eulogomania,EULOGOMANIA,11,noun,1802-,1802,printed date range,compound,1,,,A mania for eulogy.,0,,http://www.oed.com/dictionary/eulogomania_n
"4 - unresolved: not marked obsolete, last-quotation year hidden",euthanatize,EUTHANATIZE,11,verb,1873-,1873,printed date range,borrowing,2,,,transitive. To subject to ‘euthanasia’.,0,,http://www.oed.com/dictionary/euthanatize_v
"4 - unresolved: not marked obsolete, last-quotation year hidden",exceptivity,EXCEPTIVITY,11,noun,1870-,1870,printed date range,derivative,0,,,Readiness to make exceptions (from rules of conduct).,0,,http://www.oed.com/dictionary/exceptivity_n
"4 - unresolved: not marked obsolete, last-quotation year hidden",exemplarist,EXEMPLARIST,11,"noun, adjective",1794-,1794,printed date range,derivative,2,,religion and belief/religion/Christianity,A person who believes in or advocates the…,0,,http://www.oed.com/dictionary/exemplarist_n
"4 - unresolved: not marked obsolete, last-quotation year hidden",exforcipate,EXFORCIPATE,11,verb,a1834-,1834,printed date range,borrowing,0,,,transitive. To extract with a forceps. In quot…,0,,http://www.oed.com/dictionary/exforcipate_v
"4 - unresolved: not marked obsolete, last-quotation year hidden",extensivist,EXTENSIVIST,11,noun,1889-,1889,printed date range,derivative,0,,sciences/medicine,Originally and chiefly U.S. A physician or other…,0,,http://www.oed.com/dictionary/extensivist_n
"4 - unresolved: not marked obsolete, last-quotation year hidden",extravagate,EXTRAVAGATE,11,verb,1600-,1600,printed date range,borrowing,2,,,"intransitive. To wander away, stray, from, into…",0,,http://www.oed.com/dictionary/extravagate_v
"4 - unresolved: not marked obsolete, last-quotation year hidden",fathom-proof,FATHOMPROOF,11,noun,1792-,1792,printed date range,compound,0,,,Unfathomable.,0,,http://www.oed.com/dictionary/fathom-proof_n
"4 - unresolved: not marked obsolete, last-quotation year hidden",flatterable,FLATTERABLE,11,adjective,1742-,1742,printed date range,derivative,1,,,"That may be flattered, susceptible to flattery.",0,,http://www.oed.com/dictionary/flatterable_adj
"4 - unresolved: not marked obsolete, last-quotation year hidden",flourishing,FLOURISHING,11,noun,1303-,1303,printed date range,derivative,4,,sciences/life sciences/plants,"The action of flourish, v. in various senses.",1,,http://www.oed.com/dictionary/flourishing_n
"4 - unresolved: not marked obsolete, last-quotation year hidden",flunkeyfied,FLUNKEYFIED,11,adjective,1848-,1848,printed date range,derivative,0,,,Imbued with flunkeyism.,0,,http://www.oed.com/dictionary/flunkeyfied_adj
"4 - unresolved: not marked obsolete, last-quotation year hidden",flunkeyhood,FLUNKEYHOOD,11,noun,1843-,1843,printed date range,derivative,1,,,The fact or state of being a flunkey.,0,,http://www.oed.com/dictionary/flunkeyhood_n
"4 - unresolved: not marked obsolete, last-quotation year hidden",Flushingize,FLUSHINGIZE,11,verb,1602-,1602,printed date range,proper name,0,,,transitive. To make like an inhabitant of Flushing.,0,,http://www.oed.com/dictionary/flushingize_v
"4 - unresolved: not marked obsolete, last-quotation year hidden",foreshorten,FORESHORTEN,11,verb,1606-,1606,printed date range,derivative,4,,arts/visual arts/painting and drawing,transitive. Of the effect of visual perspective…,0,,http://www.oed.com/dictionary/foreshorten_v
"4 - unresolved: not marked obsolete, last-quotation year hidden",forficulate,FORFICULATE,11,verb,1848-,1848,printed date range,borrowing,0,,,"intransitive. To have a ‘creeping’ sensation, as…",1,,http://www.oed.com/dictionary/forficulate_v
"4 - unresolved: not marked obsolete, last-quotation year hidden",fortune-tell,FORTUNETELL,11,verb,a1616-,1616,printed date range,,2,,,"A back-formation from fortune-teller, n.",0,,http://www.oed.com/dictionary/fortune-tell_v
"4 - unresolved: not marked obsolete, last-quotation year hidden",fountainlet,FOUNTAINLET,11,noun,a1661-,1661,printed date range,derivative,0,,,A little fountain.,0,,http://www.oed.com/dictionary/fountainlet_n
"4 - unresolved: not marked obsolete, last-quotation year hidden",frictionary,FRICTIONARY,11,adjective,1839-,1839,printed date range,derivative,0,,,"= frictional, adj.",0,,http://www.oed.com/dictionary/frictionary_adj
"4 - unresolved: not marked obsolete, last-quotation year hidden",gallinicide,GALLINICIDE,11,noun,1883-,1883,printed date range,borrowing,0,,,The killing of hens or poultry.,0,,http://www.oed.com/dictionary/gallinicide_n
"4 - unresolved: not marked obsolete, last-quotation year hidden",gelotometer,GELOTOMETER,11,noun,1828-,1828,printed date range,borrowing,0,,,A gauge for measuring laughter.,0,,http://www.oed.com/dictionary/gelotometer_n
"4 - unresolved: not marked obsolete, last-quotation year hidden",goose-paddle,GOOSEPADDLE,11,verb,1845-,1845,printed date range,compound,0,,,transitive to propel by paddling like a goose.,0,,http://www.oed.com/dictionary/goose-paddle_v
"4 - unresolved: not marked obsolete, last-quotation year hidden",gospel choir,GOSPELCHOIR,11,noun,1877-,1877,printed date range,compound,4,,,An organized group of singers performing gospel music.,0,,http://www.oed.com/dictionary/gospel-choir_n
"4 - unresolved: not marked obsolete, last-quotation year hidden",grimalkined,GRIMALKINED,11,adjective,1756-,1756,printed date range,derivative,0,,,Vexed by a ‘grimalkin’.,0,,http://www.oed.com/dictionary/grimalkined_adj
"4 - unresolved: not marked obsolete, last-quotation year hidden",gynophagite,GYNOPHAGITE,11,noun,1853-,1853,printed date range,compound,0,humorous,,A woman-eater.,0,,http://www.oed.com/dictionary/gynophagite_n
"4 - unresolved: not marked obsolete, last-quotation year hidden",half-boarder,HALFBOARDER,11,noun,1675-,1675,printed date range,compound,2,,education,"A person who receives half-board (half-board, n…",0,,http://www.oed.com/dictionary/half-boarder_n
"4 - unresolved: not marked obsolete, last-quotation year hidden",hecatologue,HECATOLOGUE,11,noun,1894-,1894,printed date range,borrowing,0,,,A code of a hundred rules.,0,,http://www.oed.com/dictionary/hecatologue_n
"4 - unresolved: not marked obsolete, last-quotation year hidden",hempstretch,HEMPSTRETCH,11,noun,a1843-,1843,printed date range,compound,0,,,"A person hanged. Cf. stretchhemp at hemp, n. 3a.",0,,http://www.oed.com/dictionary/hempstretch_n
"4 - unresolved: not marked obsolete, last-quotation year hidden",heteromaton,HETEROMATON,11,noun,1838-,1838,printed date range,compound,0,,,A thing that is moved by something else.,0,,http://www.oed.com/dictionary/heteromaton_n
"4 - unresolved: not marked obsolete, last-quotation year hidden",heteropathy,HETEROPATHY,11,noun,1847-,1847,printed date range,compound,2,,sciences/medicine,"Medicine. = allopathy, n.: opposed to homœopathy.",0,,http://www.oed.com/dictionary/heteropathy_n
"4 - unresolved: not marked obsolete, last-quotation year hidden",heteroptics,HETEROPTICS,11,noun,1711-,1711,printed date range,compound,0,,,(See quot. 1711).,0,,http://www.oed.com/dictionary/heteroptics_n
"4 - unresolved: not marked obsolete, last-quotation year hidden",hieropathic,HIEROPATHIC,11,adjective,1844-,1844,printed date range,borrowing,0,,,Consisting in love of the clergy.,0,,http://www.oed.com/dictionary/hieropathic_adj
"4 - unresolved: not marked obsolete, last-quotation year hidden",hierophobia,HIEROPHOBIA,11,noun,1816-,1816,printed date range,compound,1,,,Fear or horror of sacred things or persons.,0,,http://www.oed.com/dictionary/hierophobia_n
"4 - unresolved: not marked obsolete, last-quotation year hidden",historicize,HISTORICIZE,11,verb,1822-,1822,printed date range,derivative,4,,,transitive. To make (a person or thing)…,0,,http://www.oed.com/dictionary/historicize_v
"4 - unresolved: not marked obsolete, last-quotation year hidden",hyporrhined,HYPORRHINED,11,adjective,1894-,1894,printed date range,derivative,0,,,Moustached.,0,,http://www.oed.com/dictionary/hyporrhined_adj
"4 - unresolved: not marked obsolete, last-quotation year hidden",ichthyarchy,ICHTHYARCHY,11,noun,1853-,1853,printed date range,compound,0,,,The domain of fishes; the fish-world in all its orders.,0,,http://www.oed.com/dictionary/ichthyarchy_n
"4 - unresolved: not marked obsolete, last-quotation year hidden",individuity,INDIVIDUITY,11,noun,1606-,1606,printed date range,borrowing,1,,,The fact or condition of being an individual…,0,,http://www.oed.com/dictionary/individuity_n
"4 - unresolved: not marked obsolete, last-quotation year hidden",inexplicant,INEXPLICANT,11,adjective,1825-,1825,printed date range,borrowing,0,,,Not explicating or explaining; giving no explanation.,0,,http://www.oed.com/dictionary/inexplicant_adj
"4 - unresolved: not marked obsolete, last-quotation year hidden",infelonious,INFELONIOUS,11,adjective,1876-,1876,printed date range,derivative,1,,law,Not felonious; not of the nature of felony.,0,,http://www.oed.com/dictionary/infelonious_adj
"4 - unresolved: not marked obsolete, last-quotation year hidden",infinituple,INFINITUPLE,11,adjective,1722-,1722,printed date range,borrowing,0,,sciences/mathematics,Infinitely as much or many; an infinite number of…,0,,http://www.oed.com/dictionary/infinituple_adj
"4 - unresolved: not marked obsolete, last-quotation year hidden",inscientist,INSCIENTIST,11,noun,1909-,1909,printed date range,derivative,0,,,A non-scientist.,0,,http://www.oed.com/dictionary/inscientist_n
"4 - unresolved: not marked obsolete, last-quotation year hidden",insectarian,INSECTARIAN,11,noun,1893-,1893,printed date range,derivative,0,,,One who feeds on insects.,0,,http://www.oed.com/dictionary/insectarian_n
"4 - unresolved: not marked obsolete, last-quotation year hidden",insidedness,INSIDEDNESS,11,noun,1888-,1888,printed date range,derivative,2,,,The condition of being inside something else.,0,,http://www.oed.com/dictionary/insidedness_n
"4 - unresolved: not marked obsolete, last-quotation year hidden",insuperable,INSUPERABLE,11,"adjective, noun",c1340-,1340,printed date range,borrowing,4,,,"figurative (from A.1, A.2). Of difficulties…",0,,http://www.oed.com/dictionary/insuperable_adj
"4 - unresolved: not marked obsolete, last-quotation year hidden",intensivist,INTENSIVIST,11,noun,1889-,1889,printed date range,derivative,3,,sciences/medicine,An advocate or practitioner of an intensive…,0,,http://www.oed.com/dictionary/intensivist_n
"4 - unresolved: not marked obsolete, last-quotation year hidden",interprater,INTERPRATER,11,noun,1591-,1591,printed date range,derivative,0,,,One who prates at intervals.,0,,http://www.oed.com/dictionary/interprater_n
"4 - unresolved: not marked obsolete, last-quotation year hidden",inverminate,INVERMINATE,11,verb,1830-,1830,printed date range,borrowing,0,,,transitive. To infest like worms; to swarm or…,0,,http://www.oed.com/dictionary/inverminate_v
"4 - unresolved: not marked obsolete, last-quotation year hidden",Israelitize,ISRAELITIZE,11,verb,1652-,1652,printed date range,derivative,0,,,transitive. To make (someone or something)…,0,,http://www.oed.com/dictionary/israelitize_v
"4 - unresolved: not marked obsolete, last-quotation year hidden",juvenescent,JUVENESCENT,11,adjective,1821-,1821,printed date range,borrowing,2,,,Becoming young or youthful.,0,,http://www.oed.com/dictionary/juvenescent_adj
"4 - unresolved: not marked obsolete, last-quotation year hidden",knightfully,KNIGHTFULLY,11,adverb,1845-,1845,printed date range,derivative,0,,,"Like a knight, bravely.",0,,http://www.oed.com/dictionary/knightfully_adv
"4 - unresolved: not marked obsolete, last-quotation year hidden",knock-upable,KNOCKUPABLE,11,adjective,1857-,1857,printed date range,compound,0,,,Likely to be ‘knocked up’ or weak.,0,,http://www.oed.com/dictionary/knock-upable_adj
"4 - unresolved: not marked obsolete, last-quotation year hidden",landladydom,LANDLADYDOM,11,noun,1890-,1890,printed date range,derivative,0,,,The realm of landladies.,0,,http://www.oed.com/dictionary/landladydom_n
"4 - unresolved: not marked obsolete, last-quotation year hidden",landladyish,LANDLADYISH,11,adjective,1864-,1864,printed date range,derivative,0,,,Resembling or characteristic of a landlady.,0,,http://www.oed.com/dictionary/landladyish_adj
"4 - unresolved: not marked obsolete, last-quotation year hidden",Laputically,LAPUTICALLY,11,adverb,a1849-,1849,printed date range,,0,,,After the fashion of the Laputans.,0,,http://www.oed.com/dictionary/laputically_adv
"4 - unresolved: not marked obsolete, last-quotation year hidden",latifundian,LATIFUNDIAN,11,adjective,a1734-,1734,printed date range,derivative,2,,,Possessing large estates.,0,,http://www.oed.com/dictionary/latifundian_adj
"4 - unresolved: not marked obsolete, last-quotation year hidden",level-lander,LEVELLANDER,11,noun,1864-,1864,printed date range,compound,0,,,A dweller on level land.,0,,http://www.oed.com/dictionary/level-lander_n
"4 - unresolved: not marked obsolete, last-quotation year hidden",lobsterling,LOBSTERLING,11,noun,1901-,1901,printed date range,derivative,1,,sciences/life sciences/animals/invertebrates,A young lobster.,0,,http://www.oed.com/dictionary/lobsterling_n
"4 - unresolved: not marked obsolete, last-quotation year hidden",lodging-room,LODGINGROOM,11,noun,1571-,1571,printed date range,compound,2,,,"A sleeping apartment, bedroom. (Now local.)",0,,http://www.oed.com/dictionary/lodging-room_n
"4 - unresolved: not marked obsolete, last-quotation year hidden",lousologist,LOUSOLOGIST,11,noun,1835-,1835,printed date range,compound,0,humorous,,One who has a scientific knowledge of lice.,0,,http://www.oed.com/dictionary/lousologist_n
"4 - unresolved: not marked obsolete, last-quotation year hidden",lukewarmish,LUKEWARMISH,11,adjective,1827-,1827,printed date range,derivative,1,,,Rather lukewarm.,0,,http://www.oed.com/dictionary/lukewarmish_adj
"4 - unresolved: not marked obsolete, last-quotation year hidden",magnoperous,MAGNOPEROUS,11,adjective,1939-,1939,printed date range,,0,,,(Perhaps) operating in a grand manner.,0,,http://www.oed.com/dictionary/magnoperous_adj
"4 - unresolved: not marked obsolete, last-quotation year hidden",manumission,MANUMISSION,11,noun,1452-,1452,printed date range,borrowing,4,historical,,The action of manumitting a slave; the fact of…,0,,http://www.oed.com/dictionary/manumission_n
"4 - unresolved: not marked obsolete, last-quotation year hidden",maritorious,MARITORIOUS,11,adjective,1607-,1607,printed date range,borrowing,1,,,Displaying or characterized by such fondness.,0,,http://www.oed.com/dictionary/maritorious_adj
"4 - unresolved: not marked obsolete, last-quotation year hidden",Mata-Hari-ing,MATAHARIING,11,noun,1970-,1970,printed date range,derivative,0,,,The action of behaving like a Mata Hari.,0,,http://www.oed.com/dictionary/mata-hari-ing_n
"4 - unresolved: not marked obsolete, last-quotation year hidden",maternalize,MATERNALIZE,11,verb,1878-,1878,printed date range,derivative,2,,,transitive. To make maternal; to endow with…,0,,http://www.oed.com/dictionary/maternalize_v
"4 - unresolved: not marked obsolete, last-quotation year hidden",materterine,MATERTERINE,11,adjective,1874-,1874,printed date range,borrowing,0,humorous,,"= materteral, adj.",0,,http://www.oed.com/dictionary/materterine_adj
"4 - unresolved: not marked obsolete, last-quotation year hidden",Meredithian,MEREDITHIAN,11,"adjective, noun",1888-,1888,printed date range,proper name,3,,arts/literature,"Of, relating to, or characteristic of George…",0,,http://www.oed.com/dictionary/meredithian_adj
"4 - unresolved: not marked obsolete, last-quotation year hidden",mesomorphic,MESOMORPHIC,11,adjective,1913-,1913,printed date range,compound,3,,sciences/medicine/anatomy,"Physical Chemistry. Designating, relating to, or…",0,,http://www.oed.com/dictionary/mesomorphic_adj
"4 - unresolved: not marked obsolete, last-quotation year hidden",monodistich,MONODISTICH,11,noun,1825-,1825,printed date range,compound,1,,,A distich forming a complete poem.,0,,http://www.oed.com/dictionary/monodistich_n
"4 - unresolved: not marked obsolete, last-quotation year hidden",monodynamic,MONODYNAMIC,11,"noun, adjective",c1806-,1806,printed date range,compound,1,,arts/performing arts/music,Music. Lacking in dynamic variety.,0,,http://www.oed.com/dictionary/monodynamic_n
"4 - unresolved: not marked obsolete, last-quotation year hidden",mother-in-law,MOTHERINLAW,11,verb,1857-,1857,printed date range,conversion,3,humorous,,transitive (in passive). humorous. To get married.,1,,http://www.oed.com/dictionary/mother-in-law_v
"4 - unresolved: not marked obsolete, last-quotation year hidden",mussel shell,MUSSELSHELL,11,noun,?a1439-,1439,printed date range,compound,3,,sciences/life sciences/animals/invertebrates/shells and shellfish,The shell of a mussel.,0,,http://www.oed.com/dictionary/mussel-shell_n
"4 - unresolved: not marked obsolete, last-quotation year hidden",narcologist,NARCOLOGIST,11,noun,1878-,1878,printed date range,compound,2,,sciences/medicine,A specialist in narcology.,0,,http://www.oed.com/dictionary/narcologist_n
"4 - unresolved: not marked obsolete, last-quotation year hidden",obstropolos,OBSTROPOLOS,11,noun,1922-,1922,printed date range,variant,0,,,An obstreperous mouth.,0,,http://www.oed.com/dictionary/obstropolos_n
"4 - unresolved: not marked obsolete, last-quotation year hidden",orthography,ORTHOGRAPHY,11,noun,a1460-,1460,printed date range,borrowing,4,,,Correct or proper spelling; spelling according to…,0,,http://www.oed.com/dictionary/orthography_n
"4 - unresolved: not marked obsolete, last-quotation year hidden",overreacher,OVERREACHER,11,noun,1589-,1589,printed date range,derivative,3,,,A person who attempts to pass beyond the limit of…,0,,http://www.oed.com/dictionary/overreacher_n
"4 - unresolved: not marked obsolete, last-quotation year hidden",pandemoniac,PANDEMONIAC,11,"adjective, noun",1793-,1793,printed date range,derivative,2,,,"Of, relating to, or characteristic of…",0,,http://www.oed.com/dictionary/pandemoniac_adj
"4 - unresolved: not marked obsolete, last-quotation year hidden",parallelist,PARALLELIST,11,noun,1754-,1754,printed date range,derivative,3,,,A person who draws parallels or comparisons. Also…,0,,http://www.oed.com/dictionary/parallelist_n
"4 - unresolved: not marked obsolete, last-quotation year hidden",Pentagonese,PENTAGONESE,11,noun,1944-,1944,printed date range,derivative,2,,,The euphemistic or cryptic style of language…,0,,http://www.oed.com/dictionary/pentagonese_n
"4 - unresolved: not marked obsolete, last-quotation year hidden",perspective,PERSPECTIVE,11,verb,1812-,1812,printed date range,conversion,3,,,transitive. To set or lay out in perspective…,2,,http://www.oed.com/dictionary/perspective_v
"4 - unresolved: not marked obsolete, last-quotation year hidden",philirenist,PHILIRENIST,11,noun,1922-,1922,printed date range,compound,0,,,A peace-loving person.,0,,http://www.oed.com/dictionary/philirenist_n
"4 - unresolved: not marked obsolete, last-quotation year hidden",pierrotting,PIERROTTING,11,noun,1908-,1908,printed date range,derivative,0,,,The business or occupation of a Pierrot.,0,,http://www.oed.com/dictionary/pierrotting_n
"4 - unresolved: not marked obsolete, last-quotation year hidden",pipe playing,PIPEPLAYING,11,noun,a1618-,1618,printed date range,compound,2,,consumables/tobacco,†a. The action of playing with a tobacco pipe…,0,,http://www.oed.com/dictionary/pipe-playing_n
"4 - unresolved: not marked obsolete, last-quotation year hidden",plant-animal,PLANTANIMAL,11,noun,1621-,1621,printed date range,compound,3,,"sciences/life sciences/animals/invertebrates, sciences/life sciences/plants",An organism which has characteristics of both an…,0,,http://www.oed.com/dictionary/plant-animal_n
"4 - unresolved: not marked obsolete, last-quotation year hidden",polytechnic,POLYTECHNIC,11,"adjective, noun",1798-,1798,printed date range,compound,4,,education/university,Of an educational institution: giving instruction…,0,,http://www.oed.com/dictionary/polytechnic_adj
"4 - unresolved: not marked obsolete, last-quotation year hidden",popinjayess,POPINJAYESS,11,noun,1890-,1890,printed date range,derivative,0,,,"A beautiful woman (cf. popinjay, n. 2a).",0,,http://www.oed.com/dictionary/popinjayess_n
"4 - unresolved: not marked obsolete, last-quotation year hidden",prefabulous,PREFABULOUS,11,adjective,1854-,1854,printed date range,derivative,0,,,Existing before the time of fables.,0,,http://www.oed.com/dictionary/prefabulous_adj
"4 - unresolved: not marked obsolete, last-quotation year hidden",pregustator,PREGUSTATOR,11,noun,1670-,1670,printed date range,borrowing,0,historical,history/ancient history/classical history/Roman history,Esp. in ancient Rome: a person whose function is…,0,,http://www.oed.com/dictionary/pregustator_n
"4 - unresolved: not marked obsolete, last-quotation year hidden",progenerate,PROGENERATE,11,adjective,a1901-,1901,printed date range,derivative,1,,,Advanced in development or type (opposed to…,1,yes,http://www.oed.com/dictionary/progenerate_adj2
"4 - unresolved: not marked obsolete, last-quotation year hidden",punctuality,PUNCTUALITY,11,noun,1618-,1618,printed date range,derivative,4,,,Exact observance of appointed times; the fact or…,0,,http://www.oed.com/dictionary/punctuality_n
"4 - unresolved: not marked obsolete, last-quotation year hidden",quarrelsome,QUARRELSOME,11,adjective,1576-,1576,printed date range,derivative,4,,,Inclined to quarrel; given to or characterized by…,0,,http://www.oed.com/dictionary/quarrelsome_adj
"4 - unresolved: not marked obsolete, last-quotation year hidden",rattlesnake,RATTLESNAKE,11,verb,1814-,1814,printed date range,conversion,3,,,transitive. To deceive or trick.,1,,http://www.oed.com/dictionary/rattlesnake_v
"4 - unresolved: not marked obsolete, last-quotation year hidden",refugeeship,REFUGEESHIP,11,noun,1782-,1782,printed date range,derivative,1,,,a. The state or fact of being a refugee; †b. in…,0,,http://www.oed.com/dictionary/refugeeship_n
"4 - unresolved: not marked obsolete, last-quotation year hidden",sacramental,SACRAMENTAL,11,"adjective, noun",c1400-,1400,printed date range,borrowing,5,,religion and belief/religion/Christianity/liturgical,"Pertaining to, or of the nature of, a sacrament…",0,,http://www.oed.com/dictionary/sacramental_adj
"4 - unresolved: not marked obsolete, last-quotation year hidden",sacrificial,SACRIFICIAL,11,adjective,a1616-,1616,printed date range,borrowing,5,,religion and belief/religion,Relating to or connected with sacrifice.,0,,http://www.oed.com/dictionary/sacrificial_adj
"4 - unresolved: not marked obsolete, last-quotation year hidden",schismatism,SCHISMATISM,11,noun,1859-,1859,printed date range,derivative,1,,religion and belief/religion,Schismatic principles.,0,,http://www.oed.com/dictionary/schismatism_n
"4 - unresolved: not marked obsolete, last-quotation year hidden",scorbutized,SCORBUTIZED,11,adjective,1856-,1856,printed date range,derivative,0,,,Affected with scurvy.,0,,http://www.oed.com/dictionary/scorbutized_adj
"4 - unresolved: not marked obsolete, last-quotation year hidden",scratchable,SCRATCHABLE,11,adjective,1865-,1865,printed date range,derivative,2,,agriculture and horticulture/agriculture,"Capable of being scratched. (Cf. scratch, v. 3b.)",0,,http://www.oed.com/dictionary/scratchable_adj
"4 - unresolved: not marked obsolete, last-quotation year hidden",scuffle-shoe,SCUFFLESHOE,11,noun,1895-,1895,printed date range,compound,0,,,A person of ‘slipshod’ habits.,0,,http://www.oed.com/dictionary/scuffle-shoe_n
"4 - unresolved: not marked obsolete, last-quotation year hidden",scumspittle,SCUMSPITTLE,11,noun,1922-,1922,printed date range,compound,0,,,? scummy or frothy spittle.,0,,http://www.oed.com/dictionary/scumspittle_n
"4 - unresolved: not marked obsolete, last-quotation year hidden",second scent,SECONDSCENT,11,noun,1817-,1817,printed date range,compound,1,,,"After second sight, n.: cf quot.",0,,http://www.oed.com/dictionary/second-scent_n
"4 - unresolved: not marked obsolete, last-quotation year hidden",secret-graph,SECRETGRAPH,11,noun,1799-,1799,printed date range,compound,0,,,A code for communicating secrets.,0,,http://www.oed.com/dictionary/secret-graph_n
"4 - unresolved: not marked obsolete, last-quotation year hidden",Shakespeare,SHAKESPEARE,11,verb,1896-,1896,printed date range,conversion,2,,,(intransitive) to act in a Shakespeare play.,1,,http://www.oed.com/dictionary/shakespeare_v
"4 - unresolved: not marked obsolete, last-quotation year hidden",shepherddom,SHEPHERDDOM,11,noun,1905-,1905,printed date range,derivative,0,,agriculture and horticulture/agriculture,The state of shepherds.,0,,http://www.oed.com/dictionary/shepherddom_n
"4 - unresolved: not marked obsolete, last-quotation year hidden",skeletoness,SKELETONESS,11,noun,1840-,1840,printed date range,derivative,0,,,A female skeleton.,0,,http://www.oed.com/dictionary/skeletoness_n
"4 - unresolved: not marked obsolete, last-quotation year hidden",sneakerhead,SNEAKERHEAD,11,noun,1993-,1993,printed date range,compound,4,colloquial and slang,,An enthusiast for or collector of trainers (cf…,0,,http://www.oed.com/dictionary/sneakerhead_n
"4 - unresolved: not marked obsolete, last-quotation year hidden",snowmanship,SNOWMANSHIP,11,noun,1869-,1869,printed date range,compound,0,,,Skill in traversing snow.,0,,http://www.oed.com/dictionary/snowmanship_n
"4 - unresolved: not marked obsolete, last-quotation year hidden",solificatio,SOLIFICATIO,11,noun,1941-,1941,printed date range,derivative,1,,,A radiating warmth as of sunshine.,0,,http://www.oed.com/dictionary/solificatio_n
"4 - unresolved: not marked obsolete, last-quotation year hidden",soli-ipsiism,SOLIIPSIISM,11,noun,1826-,1826,printed date range,borrowing,0,,,Self-conceit.,0,,http://www.oed.com/dictionary/soli-ipsiism_n
"4 - unresolved: not marked obsolete, last-quotation year hidden",spendsavour,SPENDSAVOUR,11,adjective,1879-,1879,printed date range,compound,1,,,That has lost its savour.,0,,http://www.oed.com/dictionary/spendsavour_adj
"4 - unresolved: not marked obsolete, last-quotation year hidden",stabularian,STABULARIAN,11,adjective,1829-,1829,printed date range,borrowing,0,,,Belonging to a stable.,0,,http://www.oed.com/dictionary/stabularian_adj
"4 - unresolved: not marked obsolete, last-quotation year hidden",stalwartize,STALWARTIZE,11,verb,1882-,1882,printed date range,derivative,0,,politics,transitive. To turn (a political party) into…,0,,http://www.oed.com/dictionary/stalwartize_v
"4 - unresolved: not marked obsolete, last-quotation year hidden",standardism,STANDARDISM,11,noun,1878-,1878,printed date range,derivative,2,,,The quality or state of being standard or…,0,,http://www.oed.com/dictionary/standardism_n
"4 - unresolved: not marked obsolete, last-quotation year hidden",starchitect,STARCHITECT,11,noun,1940-,1940,printed date range,blend,1,"colloquial and slang, disparaging",manufacturing and industry/building/architecture,"A famous architect, esp. (disparaging) one whose…",0,,http://www.oed.com/dictionary/starchitect_n
"4 - unresolved: not marked obsolete, last-quotation year hidden",steepleless,STEEPLELESS,11,adjective,1849-,1849,printed date range,derivative,1,,,Having no steeple.,0,,http://www.oed.com/dictionary/steepleless_adj
"4 - unresolved: not marked obsolete, last-quotation year hidden",stentorship,STENTORSHIP,11,noun,1817-,1817,printed date range,derivative,0,,,The function of a stentor.,0,,http://www.oed.com/dictionary/stentorship_n
"4 - unresolved: not marked obsolete, last-quotation year hidden",stirrup-fast,STIRRUPFAST,11,adjective,1827-,1827,printed date range,compound,0,,,Having the feet secure in the stirrups.,0,,http://www.oed.com/dictionary/stirrup-fast_adj
"4 - unresolved: not marked obsolete, last-quotation year hidden",stomach-wise,STOMACHWISE,11,adverb,1893-,1893,printed date range,compound,1,,,(Crawling) on one's stomach.,0,,http://www.oed.com/dictionary/stomach-wise_adv
"4 - unresolved: not marked obsolete, last-quotation year hidden",storeholder,STOREHOLDER,11,noun,1869-,1869,printed date range,compound,1,,,"= storekeeper, n. 1.",0,,http://www.oed.com/dictionary/storeholder_n
"4 - unresolved: not marked obsolete, last-quotation year hidden",sufficeable,SUFFICEABLE,11,adjective,1864-,1864,printed date range,derivative,0,,,Capable of being satisfied.,0,,http://www.oed.com/dictionary/sufficeable_adj
"4 - unresolved: not marked obsolete, last-quotation year hidden",surpliceman,SURPLICEMAN,11,noun,1814-,1814,printed date range,compound,0,,religion and belief/religion/Christianity,A clergyman.,0,,http://www.oed.com/dictionary/surpliceman_n
"4 - unresolved: not marked obsolete, last-quotation year hidden",talismantic,TALISMANTIC,11,adjective,1814-,1814,printed date range,blend,0,,religion and belief/belief systems and practices/occult,Talismanic.,0,,http://www.oed.com/dictionary/talismantic_adj
"4 - unresolved: not marked obsolete, last-quotation year hidden",tavernwards,TAVERNWARDS,11,adverb,1892-,1892,printed date range,derivative,0,,,Towards a tavern.,0,,http://www.oed.com/dictionary/tavernwards_adv
"4 - unresolved: not marked obsolete, last-quotation year hidden",teetotumism,TEETOTUMISM,11,noun,1813-,1813,printed date range,derivative,0,,,The condition of being ‘in a whirl’ like a teetotum.,0,,http://www.oed.com/dictionary/teetotumism_n
"4 - unresolved: not marked obsolete, last-quotation year hidden",temporicide,TEMPORICIDE,11,noun,1851-,1851,printed date range,borrowing,0,,,The ‘killing’ of time.,0,,http://www.oed.com/dictionary/temporicide_n
"4 - unresolved: not marked obsolete, last-quotation year hidden",ten-poundery,TENPOUNDERY,11,noun,1840-,1840,printed date range,derivative,0,,,The body of ten-pound householders.,0,,http://www.oed.com/dictionary/ten-poundery_n
"4 - unresolved: not marked obsolete, last-quotation year hidden",testamented,TESTAMENTED,11,adjective,1907-,1907,printed date range,derivative,0,,religion and belief/religion/Christianity,Included in the Old or New Testament Scriptures.,0,,http://www.oed.com/dictionary/testamented_adj
"4 - unresolved: not marked obsolete, last-quotation year hidden",text divider,TEXTDIVIDER,11,noun,1670-,1670,printed date range,compound,0,,,"A mark, symbol, typographical feature, etc., used…",0,,http://www.oed.com/dictionary/text-divider_n
"4 - unresolved: not marked obsolete, last-quotation year hidden",thematizing,THEMATIZING,11,noun,1678-,1678,printed date range,derivative,0,,philosophy,"The action or fact of selecting, presenting, or…",0,,http://www.oed.com/dictionary/thematizing_n
"4 - unresolved: not marked obsolete, last-quotation year hidden",threelihood,THREELIHOOD,11,noun,1845-,1845,printed date range,derivative,0,,religion and belief/religion/Christianity,The Trinity; threefoldness.,0,,http://www.oed.com/dictionary/threelihood_n
"4 - unresolved: not marked obsolete, last-quotation year hidden",tigerocious,TIGEROCIOUS,11,adjective,1874-,1874,printed date range,,0,,,"= tigerish, adj. 1.",0,,http://www.oed.com/dictionary/tigerocious_adj
"4 - unresolved: not marked obsolete, last-quotation year hidden",tobaccophil,TOBACCOPHIL,11,noun,1882-,1882,printed date range,derivative,0,,consumables/tobacco,A lover of tobacco.,0,,http://www.oed.com/dictionary/tobaccophil_n
"4 - unresolved: not marked obsolete, last-quotation year hidden",tolpatchery,TOLPATCHERY,11,noun,1864-,1864,printed date range,derivative,0,,military,Infantry.,0,,http://www.oed.com/dictionary/tolpatchery_n
"4 - unresolved: not marked obsolete, last-quotation year hidden",toothbrushy,TOOTHBRUSHY,11,adjective,1904-,1904,printed date range,derivative,0,,,Resembling a toothbrush; bristly.,0,,http://www.oed.com/dictionary/toothbrushy_adj
"4 - unresolved: not marked obsolete, last-quotation year hidden",torpedo-boat,TORPEDOBOAT,11,verb,1884-,1884,printed date range,,3,,,(transitive) to furnish or arm with torpedo boats.,1,,http://www.oed.com/dictionary/torpedo-boat_v
"4 - unresolved: not marked obsolete, last-quotation year hidden",touristship,TOURISTSHIP,11,noun,1849-,1849,printed date range,derivative,0,,,The quality or position of a tourist.,0,,http://www.oed.com/dictionary/touristship_n
"4 - unresolved: not marked obsolete, last-quotation year hidden",toxophilism,TOXOPHILISM,11,noun,1887-,1887,printed date range,,0,,sport and leisure/sport/archery,"= toxophily, n.",0,,http://www.oed.com/dictionary/toxophilism_n
"4 - unresolved: not marked obsolete, last-quotation year hidden",trafficking,TRAFFICKING,11,noun,1567-,1567,printed date range,derivative,5,,economics and commerce,"The action of traffic, v. in various other…",0,,http://www.oed.com/dictionary/trafficking_n
"4 - unresolved: not marked obsolete, last-quotation year hidden",traitorling,TRAITORLING,11,noun,a1652-,1652,printed date range,derivative,0,,,A petty or contemptible traitor.,0,,http://www.oed.com/dictionary/traitorling_n
"4 - unresolved: not marked obsolete, last-quotation year hidden",transcreate,TRANSCREATE,11,verb,a1834-,1834,printed date range,derivative,2,,,transitive. To create by or in the way of transmission.,0,,http://www.oed.com/dictionary/transcreate_v
"4 - unresolved: not marked obsolete, last-quotation year hidden",transparish,TRANSPARISH,11,verb,1819-,1819,printed date range,derivative,0,humorous,,transitive. To transport beyond the parish.,0,,http://www.oed.com/dictionary/transparish_v
"4 - unresolved: not marked obsolete, last-quotation year hidden",traversable,TRAVERSABLE,11,adjective,a1500-,1500,printed date range,derivative,3,,,That may be traversed or crossed. Also figurative.,0,,http://www.oed.com/dictionary/traversable_adj
"4 - unresolved: not marked obsolete, last-quotation year hidden",treasonette,TREASONETTE,11,noun,1824-,1824,printed date range,derivative,0,,,A small or petty act of treason.,0,,http://www.oed.com/dictionary/treasonette_n
"4 - unresolved: not marked obsolete, last-quotation year hidden",Trinitarian,TRINITARIAN,11,"adjective, noun",1565-,1565,printed date range,borrowing,4,,religion and belief/religion/Christianity,Theology. Relating to the Trinity; holding the…,0,,http://www.oed.com/dictionary/trinitarian_adj
"4 - unresolved: not marked obsolete, last-quotation year hidden",trinityhood,TRINITYHOOD,11,noun,1886-,1886,printed date range,derivative,0,,religion and belief/religion/Christianity,The condition or character of being a trinity.,0,,http://www.oed.com/dictionary/trinityhood_n
"4 - unresolved: not marked obsolete, last-quotation year hidden",tutelarship,TUTELARSHIP,11,noun,1875-,1875,printed date range,derivative,0,,,The position or function of a tutelar.,0,,http://www.oed.com/dictionary/tutelarship_n
"4 - unresolved: not marked obsolete, last-quotation year hidden",typarchical,TYPARCHICAL,11,adjective,1835-,1835,printed date range,compound,0,,crafts and trades/printing and typography,Of or pertaining to the control of the printing-press.,0,,http://www.oed.com/dictionary/typarchical_adj
"4 - unresolved: not marked obsolete, last-quotation year hidden",unreverence,UNREVERENCE,11,noun,a1382-,1382,printed date range,derivative,1,,,Lack of reverence or due respect; irreverence.,1,,http://www.oed.com/dictionary/unreverence_n
"4 - unresolved: not marked obsolete, last-quotation year hidden",ununionized,UNUNIONIZED,11,adjective,1833-,1833,printed date range,derivative,2,,,Not belonging to a trade union; characterized by…,0,,http://www.oed.com/dictionary/ununionized_adj
"4 - unresolved: not marked obsolete, last-quotation year hidden",venisonized,VENISONIZED,11,adjective,1881-,1881,printed date range,derivative,0,,consumables/food and cooking,Cooked so as to resemble venison.,0,,http://www.oed.com/dictionary/venisonized_adj
"4 - unresolved: not marked obsolete, last-quotation year hidden",viaggiatory,VIAGGIATORY,11,adjective,1847-,1847,printed date range,borrowing,0,,,Given to travelling about.,0,,http://www.oed.com/dictionary/viaggiatory_adj
"4 - unresolved: not marked obsolete, last-quotation year hidden",vicambulate,VICAMBULATE,11,verb,1873-,1873,printed date range,borrowing,0,,,intransitive. To walk about in the streets.,0,,http://www.oed.com/dictionary/vicambulate_v
"4 - unresolved: not marked obsolete, last-quotation year hidden",wagtail kite,WAGTAILKITE,11,noun,1922-,1922,printed date range,compound,0,,,A toy kite with a wagging or swinging tail.,0,,http://www.oed.com/dictionary/wagtail-kite_n
"4 - unresolved: not marked obsolete, last-quotation year hidden",weggebobble,WEGGEBOBBLE,11,noun,1922-,1922,printed date range,variant,0,,sciences/life sciences/plants,"= vegetable, n. 3.",0,,http://www.oed.com/dictionary/weggebobble_n
"4 - unresolved: not marked obsolete, last-quotation year hidden",whisperable,WHISPERABLE,11,adjective,1830-,1830,printed date range,derivative,0,,,That can be whispered.,0,,http://www.oed.com/dictionary/whisperable_adj
"4 - unresolved: not marked obsolete, last-quotation year hidden",whisperhood,WHISPERHOOD,11,noun,1710-,1710,printed date range,derivative,1,,,"The condition of being a whisper (in whisper, n. 2).",0,,http://www.oed.com/dictionary/whisperhood_n
"4 - unresolved: not marked obsolete, last-quotation year hidden",white-breast,WHITEBREAST,11,verb,a1930-,1930,printed date range,compound,2,,,transitive to face or show up against with a…,0,,http://www.oed.com/dictionary/white-breast_v
"4 - unresolved: not marked obsolete, last-quotation year hidden",wind catcher,WINDCATCHER,11,noun,?1775-,1775,printed date range,compound,2,,manufacturing and industry/building/architecture,Originally and chiefly in Middle Eastern…,0,,http://www.oed.com/dictionary/wind-catcher_n
"4 - unresolved: not marked obsolete, last-quotation year hidden",window plant,WINDOWPLANT,11,noun,1831-,1831,printed date range,compound,2,,sciences/life sciences/plants,A plant grown indoors on a windowsill or close to…,0,,http://www.oed.com/dictionary/window-plant_n
"4 - unresolved: not marked obsolete, last-quotation year hidden",wiseacredom,WISEACREDOM,11,noun,1885-,1885,printed date range,derivative,1,,,"The realm of wiseacres, wiseacres collectively.",0,,http://www.oed.com/dictionary/wiseacredom_n
"4 - unresolved: not marked obsolete, last-quotation year hidden",wiseacreish,WISEACREISH,11,adjective,1834-,1834,printed date range,derivative,0,,,Like or characteristic of a wiseacre.,0,,http://www.oed.com/dictionary/wiseacreish_adj
"4 - unresolved: not marked obsolete, last-quotation year hidden",within-bound,WITHINBOUND,11,adjective,1839-,1839,printed date range,compound,0,,education,Confined or experienced within bounds (in a school).,0,,http://www.oed.com/dictionary/within-bound_adj
"4 - unresolved: not marked obsolete, last-quotation year hidden",witticaster,WITTICASTER,11,noun,1872-,1872,printed date range,blend,0,,,"A petty or inferior wit, a witling.",0,,http://www.oed.com/dictionary/witticaster_n
"4 - unresolved: not marked obsolete, last-quotation year hidden",woodcockize,WOODCOCKIZE,11,verb,1611-,1611,printed date range,derivative,0,,,"(transitive) to make a ‘woodcock’ of, to befool.",0,,http://www.oed.com/dictionary/woodcockize_v
"4 - unresolved: not marked obsolete, last-quotation year hidden",writing dust,WRITINGDUST,11,noun,1646-,1646,printed date range,compound,0,historical,,"Sand, pounce (pounce, n.³ 1) or another powdery…",0,,http://www.oed.com/dictionary/writing-dust_n
"4 - unresolved: not marked obsolete, last-quotation year hidden",xanthocomic,XANTHOCOMIC,11,adjective,1861-,1861,printed date range,,0,,,Yellow-haired.,0,,http://www.oed.com/dictionary/xanthocomic_adj
"4 - unresolved: not marked obsolete, last-quotation year hidden",xenophilism,XENOPHILISM,11,noun,1912-,1912,printed date range,,1,,,Love of foreigners or of something foreign.,0,,http://www.oed.com/dictionary/xenophilism_n
"4 - unresolved: not marked obsolete, last-quotation year hidden",accusativity,ACCUSATIVITY,12,noun,1950-,1950,printed date range,derivative,2,,language/linguistics/grammar,The state or condition of being accusative.,0,,http://www.oed.com/dictionary/accusativity_n
"4 - unresolved: not marked obsolete, last-quotation year hidden",actor-manager,ACTORMANAGER,12,verb,1907-,1907,printed date range,compound,3,,,transitive (of an actor-manager) to deprive (a…,1,,http://www.oed.com/dictionary/actor-manager_v
"4 - unresolved: not marked obsolete, last-quotation year hidden",animated film,ANIMATEDFILM,12,noun,1830-,1830,printed date range,compound,4,,arts/film,Originally: †a film with live action (obsolete)…,0,,http://www.oed.com/dictionary/animated-film_n
"4 - unresolved: not marked obsolete, last-quotation year hidden",argentocracy,ARGENTOCRACY,12,noun,1868-,1868,printed date range,compound,0,,,The rule or paramount influence of money.,0,,http://www.oed.com/dictionary/argentocracy_n
"4 - unresolved: not marked obsolete, last-quotation year hidden",arithmocracy,ARITHMOCRACY,12,noun,1856-,1856,printed date range,borrowing,1,,,A form of government in which the power is vested…,0,,http://www.oed.com/dictionary/arithmocracy_n
"4 - unresolved: not marked obsolete, last-quotation year hidden",beauidealize,BEAUIDEALIZE,12,verb,a1839-,1839,printed date range,derivative,0,,,"To form a beau ideal, or charming conception, of.",0,,http://www.oed.com/dictionary/beauidealize_v
"4 - unresolved: not marked obsolete, last-quotation year hidden",bone charcoal,BONECHARCOAL,12,noun,1679-,1679,printed date range,compound,2,,,†a. A blackened tooth (obsolete); b. a form of…,0,,http://www.oed.com/dictionary/bone-charcoal_n
"4 - unresolved: not marked obsolete, last-quotation year hidden",bracketology,BRACKETOLOGY,12,noun,1983-,1983,printed date range,compound,3,,sport and leisure/sport/basketball,U.S. The activity of predicting the participating…,0,,http://www.oed.com/dictionary/bracketology_n
"4 - unresolved: not marked obsolete, last-quotation year hidden",breast-beater,BREASTBEATER,12,noun,1715-,1715,printed date range,compound,2,,,A person who is given to exaggerated…,0,,http://www.oed.com/dictionary/breast-beater_n
"4 - unresolved: not marked obsolete, last-quotation year hidden",cancellation,CANCELLATION,12,noun,1535-,1535,printed date range,borrowing,5,,"crafts and trades/printing and typography, law","The action of cancel, v.: the crossing out or…",0,,http://www.oed.com/dictionary/cancellation_n
"4 - unresolved: not marked obsolete, last-quotation year hidden",capricornity,CAPRICORNITY,12,noun,1837-,1837,printed date range,derivative,0,,,Goat-horned or he-goat quality.,0,,http://www.oed.com/dictionary/capricornity_n
"4 - unresolved: not marked obsolete, last-quotation year hidden",carbonometer,CARBONOMETER,12,noun,1833-,1833,printed date range,compound,0,,,An instrument for detecting or measuring (excess)…,0,,http://www.oed.com/dictionary/carbonometer_n
"4 - unresolved: not marked obsolete, last-quotation year hidden",cathedrarian,CATHEDRARIAN,12,adjective,1832-,1832,printed date range,borrowing,0,,,Of or belonging to a cathedra or chair (pedantic).,0,,http://www.oed.com/dictionary/cathedrarian_adj
"4 - unresolved: not marked obsolete, last-quotation year hidden",centuriation,CENTURIATION,12,noun,1681-,1681,printed date range,borrowing,3,,"agriculture and horticulture/agriculture, history/ancient history/classical history/Roman history, law","Roman History. The method, process, or practice…",0,,http://www.oed.com/dictionary/centuriation_n
"4 - unresolved: not marked obsolete, last-quotation year hidden",cerebroscope,CEREBROSCOPE,12,noun,1838-,1838,printed date range,compound,2,,,After horoscope (see quot).,0,,http://www.oed.com/dictionary/cerebroscope_n
"4 - unresolved: not marked obsolete, last-quotation year hidden",churchwarden,CHURCHWARDEN,12,noun,1443-,1443,printed date range,compound,4,,religion and belief/religion/Christianity/Anglican Church,"In the pre-reformation Church in England, and…",0,,http://www.oed.com/dictionary/churchwarden_n
"4 - unresolved: not marked obsolete, last-quotation year hidden",Cincinnatian,CINCINNATIAN,12,adjective,1812-,1812,printed date range,proper name,2,,,Like that of Cincinnatus.,1,yes,http://www.oed.com/dictionary/cincinnatian_adj1
"4 - unresolved: not marked obsolete, last-quotation year hidden",coachfulness,COACHFULNESS,12,noun,1863-,1863,printed date range,derivative,1,,,Apparently: the quality or condition of being a…,0,,http://www.oed.com/dictionary/coachfulness_n
"4 - unresolved: not marked obsolete, last-quotation year hidden",columniation,COLUMNIATION,12,noun,1592-,1592,printed date range,variant,2,,manufacturing and industry/building/architecture,Architecture. ‘The employment of columns in a…,0,,http://www.oed.com/dictionary/columniation_n
"4 - unresolved: not marked obsolete, last-quotation year hidden",commonwealth,COMMONWEALTH,12,noun,1445-,1445,printed date range,compound,5,,,"The people of a nation, state, etc., as a whole…",0,,http://www.oed.com/dictionary/commonwealth_n
"4 - unresolved: not marked obsolete, last-quotation year hidden",condependent,CONDEPENDENT,12,adjective,1807-,1807,printed date range,derivative,1,,,Mutually dependent.,0,,http://www.oed.com/dictionary/condependent_adj
"4 - unresolved: not marked obsolete, last-quotation year hidden",conferencize,CONFERENCIZE,12,verb,1833-,1833,printed date range,derivative,0,,,intransitive. To hold a conference.,0,,http://www.oed.com/dictionary/conferencize_v
"4 - unresolved: not marked obsolete, last-quotation year hidden",conjecturist,CONJECTURIST,12,noun,1828-,1828,printed date range,derivative,0,,,One who deals in conjectures.,0,,http://www.oed.com/dictionary/conjecturist_n
"4 - unresolved: not marked obsolete, last-quotation year hidden",consphaerate,CONSPHAERATE,12,adjective,1855-,1855,printed date range,borrowing,0,,,Associated with the spheres; ensphered together.,0,,http://www.oed.com/dictionary/consphaerate_adj
"4 - unresolved: not marked obsolete, last-quotation year hidden",constability,CONSTABILITY,12,noun,1719-,1719,printed date range,borrowing,0,,,The office of constable; constableship.,0,,http://www.oed.com/dictionary/constability_n
"4 - unresolved: not marked obsolete, last-quotation year hidden",conterminant,CONTERMINANT,12,"adjective, noun",1610-,1610,printed date range,borrowing,1,,,Terminating together (in time).,0,,http://www.oed.com/dictionary/conterminant_adj
"4 - unresolved: not marked obsolete, last-quotation year hidden",contubernian,CONTUBERNIAN,12,noun,1835-,1835,printed date range,borrowing,0,,,"= contubernal, n.",0,,http://www.oed.com/dictionary/contubernian_n
"4 - unresolved: not marked obsolete, last-quotation year hidden",conversation,CONVERSATION,12,verb,1830-,1830,printed date range,conversion,2,,,"intransitive. To converse, talk, engage in…",1,,http://www.oed.com/dictionary/conversation_v
"4 - unresolved: not marked obsolete, last-quotation year hidden",conversional,CONVERSIONAL,12,adjective,1861-,1861,printed date range,derivative,2,,,Of or relating to conversion (senses conversion…,0,,http://www.oed.com/dictionary/conversional_adj
"4 - unresolved: not marked obsolete, last-quotation year hidden",convivialize,CONVIVIALIZE,12,verb,1837-,1837,printed date range,derivative,0,,,intransitive. To practise conviviality.,0,,http://www.oed.com/dictionary/convivialize_v
"4 - unresolved: not marked obsolete, last-quotation year hidden",Copernically,COPERNICALLY,12,adverb,1867-,1867,printed date range,derivative,0,,sciences/physical sciences/astronomy,According to the Copernican view of the solar system.,0,,http://www.oed.com/dictionary/copernically_adv
"4 - unresolved: not marked obsolete, last-quotation year hidden",cotyledonous,COTYLEDONOUS,12,adjective,1830-,1830,printed date range,derivative,2,,sciences/life sciences/plants,Characterized by the presence of cotyledons.,0,,http://www.oed.com/dictionary/cotyledonous_adj
"4 - unresolved: not marked obsolete, last-quotation year hidden",counterstand,COUNTERSTAND,12,noun,1870-,1870,printed date range,derivative,1,,,Standing against; resistance or withstanding.,0,,http://www.oed.com/dictionary/counterstand_n
"4 - unresolved: not marked obsolete, last-quotation year hidden",crumenically,CRUMENICALLY,12,adverb,1825-,1825,printed date range,borrowing,0,humorous,,In relation to the purse.,0,,http://www.oed.com/dictionary/crumenically_adv
"4 - unresolved: not marked obsolete, last-quotation year hidden",demartialize,DEMARTIALIZE,12,verb,1882-,1882,printed date range,derivative,0,,,transitive. To deprive of warlike character or…,1,,http://www.oed.com/dictionary/demartialize_v
"4 - unresolved: not marked obsolete, last-quotation year hidden",deportmented,DEPORTMENTED,12,adjective,1861-,1861,printed date range,derivative,0,,,Taught deportment.,0,,http://www.oed.com/dictionary/deportmented_adj
"4 - unresolved: not marked obsolete, last-quotation year hidden",despotocracy,DESPOTOCRACY,12,noun,a1860-,1860,printed date range,compound,1,,,Government by a despot; the rule of a despot.,0,,http://www.oed.com/dictionary/despotocracy_n
"4 - unresolved: not marked obsolete, last-quotation year hidden",dissynagogue,DISSYNAGOGUE,12,verb,1656-,1656,printed date range,derivative,0,,"religion and belief/religion/Christianity, religion and belief/religion/Judaism",transitive. To punish by casting out of the synagogue.,0,,http://www.oed.com/dictionary/dissynagogue_v
"4 - unresolved: not marked obsolete, last-quotation year hidden",ditchwaterly,DITCHWATERLY,12,adverb,1859-,1859,printed date range,derivative,0,,,= ‘as ditch-water’ (see above).,0,,http://www.oed.com/dictionary/ditchwaterly_adv
"4 - unresolved: not marked obsolete, last-quotation year hidden",divelination,DIVELINATION,12,noun,a1626-,1626,printed date range,blend,0,,,Divination by aid of the devil.,0,,http://www.oed.com/dictionary/divelination_n
"4 - unresolved: not marked obsolete, last-quotation year hidden",dollarocracy,DOLLAROCRACY,12,noun,1889-,1889,printed date range,derivative,1,,,"See -cracy, comb. form.",0,,http://www.oed.com/dictionary/dollarocracy_n
"4 - unresolved: not marked obsolete, last-quotation year hidden",dopesickness,DOPESICKNESS,12,noun,1918-,1918,printed date range,compound,0,colloquial and slang,"drug use, sciences/medicine/psychology/psychiatry",colloquial. Unpleasant physical and mental…,0,,http://www.oed.com/dictionary/dopesickness_n
"4 - unresolved: not marked obsolete, last-quotation year hidden",dorsoflexion,DORSOFLEXION,12,noun,1823-,1823,printed date range,compound,1,,,"A bending of the back, a bow.",0,,http://www.oed.com/dictionary/dorsoflexion_n
"4 - unresolved: not marked obsolete, last-quotation year hidden",double-barrel,DOUBLEBARREL,12,verb,1848-,1848,printed date range,,3,,,transitive. To alter (one's surname) by…,2,,http://www.oed.com/dictionary/double-barrel_v
"4 - unresolved: not marked obsolete, last-quotation year hidden",double-ganger,DOUBLEGANGER,12,noun,1830-,1830,printed date range,borrowing,2,,,"The apparition of a living person; a double, a wraith.",0,,http://www.oed.com/dictionary/double-ganger_n
"4 - unresolved: not marked obsolete, last-quotation year hidden",dysangelical,DYSANGELICAL,12,adjective,1834-,1834,printed date range,derivative,0,,,Used in opposition to evangelical.,0,,http://www.oed.com/dictionary/dysangelical_adj
"4 - unresolved: not marked obsolete, last-quotation year hidden",earth battery,EARTHBATTERY,12,noun,1841-,1841,printed date range,compound,1,,"military, technology/electrical","†a. Military a battery (battery, n. III.8a)…",0,,http://www.oed.com/dictionary/earth-battery_n
"4 - unresolved: not marked obsolete, last-quotation year hidden",ecclesiastry,ECCLESIASTRY,12,noun,1865-,1865,printed date range,derivative,0,,religion and belief/religion/Christianity/ecclesiastical,Ecclesiastical pomp or business.,0,,http://www.oed.com/dictionary/ecclesiastry_n
"4 - unresolved: not marked obsolete, last-quotation year hidden",electiveness,ELECTIVENESS,12,noun,1850-,1850,printed date range,derivative,2,,,The fact of (a government's) being elective.,0,,http://www.oed.com/dictionary/electiveness_n
"4 - unresolved: not marked obsolete, last-quotation year hidden",embreastment,EMBREASTMENT,12,noun,1799-,1799,printed date range,derivative,0,,,A breast-like swelling of the ground.,0,,http://www.oed.com/dictionary/embreastment_n
"4 - unresolved: not marked obsolete, last-quotation year hidden",enceinteship,ENCEINTESHIP,12,noun,1841-,1841,printed date range,derivative,0,,sciences/medicine/obstetrics,"The state of being enceinte, n.",0,,http://www.oed.com/dictionary/enceinteship_n
"4 - unresolved: not marked obsolete, last-quotation year hidden",enregistrate,ENREGISTRATE,12,adjective,c1598-,1598,printed date range,derivative,0,,,Placed on permanent record.,0,,http://www.oed.com/dictionary/enregistrate_adj
"4 - unresolved: not marked obsolete, last-quotation year hidden",episcopature,EPISCOPATURE,12,noun,1884-,1884,printed date range,derivative,0,,religion and belief/religion,"= episcopate, n. 4.",0,,http://www.oed.com/dictionary/episcopature_n
"4 - unresolved: not marked obsolete, last-quotation year hidden",Ethiopianism,ETHIOPIANISM,12,noun,1775-,1775,printed date range,derivative,3,,"politics, religion and belief/religion",South African. The religious and political…,0,,http://www.oed.com/dictionary/ethiopianism_n
"4 - unresolved: not marked obsolete, last-quotation year hidden",excutifidian,EXCUTIFIDIAN,12,noun,a1656-,1656,printed date range,borrowing,0,,religion and belief/religion,‘One who believes that saving faith or grace can…,0,,http://www.oed.com/dictionary/excutifidian_n
"4 - unresolved: not marked obsolete, last-quotation year hidden",experiential,EXPERIENTIAL,12,adjective,1658-,1658,printed date range,borrowing,5,,,Of or relating to experience; (also) involving or…,0,,http://www.oed.com/dictionary/experiential_adj
"4 - unresolved: not marked obsolete, last-quotation year hidden",extravaganza,EXTRAVAGANZA,12,noun,1754-,1754,printed date range,borrowing,4,,"arts/performing arts/music, arts/performing arts/theatre","A composition, literary, musical or dramatic, of…",0,,http://www.oed.com/dictionary/extravaganza_n
"4 - unresolved: not marked obsolete, last-quotation year hidden",flatter-blind,FLATTERBLIND,12,verb,1818-,1818,printed date range,compound,0,,,transitive. To flatter so as to make blind; to…,0,,http://www.oed.com/dictionary/flatter-blind_v
"4 - unresolved: not marked obsolete, last-quotation year hidden",flounder-flat,FLOUNDERFLAT,12,verb,a1834-,1834,printed date range,compound,0,,,transitive. To make ‘as flat as a flounder’.,0,,http://www.oed.com/dictionary/flounder-flat_v
"4 - unresolved: not marked obsolete, last-quotation year hidden",foliophagous,FOLIOPHAGOUS,12,adjective,1829-,1829,printed date range,borrowing,0,,,figurative. That devours folios.,0,,http://www.oed.com/dictionary/foliophagous_adj
"4 - unresolved: not marked obsolete, last-quotation year hidden",goose-capical,GOOSECAPICAL,12,adjective,c1785-,1785,printed date range,derivative,0,,,Foolish.,0,,http://www.oed.com/dictionary/goose-capical_adj
"4 - unresolved: not marked obsolete, last-quotation year hidden",habeas corpus,HABEASCORPUS,12,verb,1817-,1817,printed date range,conversion,2,,law,(transitive) to remove or transport as if by a…,1,,http://www.oed.com/dictionary/habeas-corpus_v
"4 - unresolved: not marked obsolete, last-quotation year hidden",heart of grace,HEARTOFGRACE,12,noun,c1520-,1520,printed date range,uncertain,3,,,to take heart of grace (and variants): to pluck…,0,,http://www.oed.com/dictionary/heart-of-grace_n
"4 - unresolved: not marked obsolete, last-quotation year hidden",heavenliness,HEAVENLINESS,12,noun,a1500-,1500,printed date range,derivative,2,,,The state or quality of being heavenly in origin…,0,,http://www.oed.com/dictionary/heavenliness_n
"4 - unresolved: not marked obsolete, last-quotation year hidden",home computer,HOMECOMPUTER,12,noun,1949-,1949,printed date range,compound,4,,"military, technology/computing",a. A computer located at a military centre of…,0,,http://www.oed.com/dictionary/home-computer_n
"4 - unresolved: not marked obsolete, last-quotation year hidden",illocomotive,ILLOCOMOTIVE,12,adjective,1835-,1835,printed date range,derivative,0,,,"Not locomotive, not moving readily.",0,,http://www.oed.com/dictionary/illocomotive_adj
"4 - unresolved: not marked obsolete, last-quotation year hidden",immiraculous,IMMIRACULOUS,12,adjective,1880-,1880,printed date range,derivative,0,,,Non-miraculous.,0,,http://www.oed.com/dictionary/immiraculous_adj
"4 - unresolved: not marked obsolete, last-quotation year hidden",in and-outness,INANDOUTNESS,12,noun,1824-,1824,printed date range,derivative,0,,,Irregularity of form or outline.,0,,http://www.oed.com/dictionary/in-and-outness_n
"4 - unresolved: not marked obsolete, last-quotation year hidden",incendiarize,INCENDIARIZE,12,verb,1859-,1859,printed date range,,0,,,(transitive) to infect with incendiarism; to…,0,,http://www.oed.com/dictionary/incendiarize_v
"4 - unresolved: not marked obsolete, last-quotation year hidden",incumbentess,INCUMBENTESS,12,noun,1760-,1760,printed date range,derivative,0,,,A female incumbent or occupant.,0,,http://www.oed.com/dictionary/incumbentess_n
"4 - unresolved: not marked obsolete, last-quotation year hidden",indefinitism,INDEFINITISM,12,noun,1855-,1855,printed date range,derivative,0,,,Indefinite character.,0,,http://www.oed.com/dictionary/indefinitism_n
"4 - unresolved: not marked obsolete, last-quotation year hidden",independency,INDEPENDENCY,12,noun,a1601-,1601,printed date range,derivative,4,,,The state or fact of being independent; =…,0,,http://www.oed.com/dictionary/independency_n
"4 - unresolved: not marked obsolete, last-quotation year hidden",inexpression,INEXPRESSION,12,noun,1796-,1796,printed date range,derivative,2,,,Want or absence of expression.,0,,http://www.oed.com/dictionary/inexpression_n
"4 - unresolved: not marked obsolete, last-quotation year hidden",infantocracy,INFANTOCRACY,12,noun,1850-,1850,printed date range,compound,0,,,The rule of an infant.,0,,http://www.oed.com/dictionary/infantocracy_n
"4 - unresolved: not marked obsolete, last-quotation year hidden",infantolatry,INFANTOLATRY,12,noun,1882-,1882,printed date range,borrowing,0,,,Infant worship; babyolatry.,0,,http://www.oed.com/dictionary/infantolatry_n
"4 - unresolved: not marked obsolete, last-quotation year hidden",infernalship,INFERNALSHIP,12,noun,1606-,1606,printed date range,derivative,0,,,The personality of an ‘infernal’.,0,,http://www.oed.com/dictionary/infernalship_n
"4 - unresolved: not marked obsolete, last-quotation year hidden",inobligality,INOBLIGALITY,12,noun,a1663-,1663,printed date range,derivative,0,,,The quality of not being obligatory.,0,,http://www.oed.com/dictionary/inobligality_n
"4 - unresolved: not marked obsolete, last-quotation year hidden",iracundulous,IRACUNDULOUS,12,adjective,1765-,1765,printed date range,borrowing,0,,,Inclined to anger; irascible.,0,,http://www.oed.com/dictionary/iracundulous_adj
"4 - unresolved: not marked obsolete, last-quotation year hidden",irregularist,IRREGULARIST,12,noun,1846-,1846,printed date range,derivative,0,,,One who adheres to an irregular course or proceeding.,0,,http://www.oed.com/dictionary/irregularist_n
"4 - unresolved: not marked obsolete, last-quotation year hidden",isoscelesism,ISOSCELESISM,12,noun,1851-,1851,printed date range,derivative,1,,sciences/mathematics/geometry,The character of being isosceles.,0,,http://www.oed.com/dictionary/isoscelesism_n
"4 - unresolved: not marked obsolete, last-quotation year hidden",journalistic,JOURNALISTIC,12,"adjective, noun",1829-,1829,printed date range,derivative,5,,manufacturing and industry/publishing and the book trade/journalism,Of or pertaining to journalists or journalism…,0,,http://www.oed.com/dictionary/journalistic_adj
"4 - unresolved: not marked obsolete, last-quotation year hidden",juspublicist,JUSPUBLICIST,12,noun,1809-,1809,printed date range,borrowing,0,,,One who has to do with public law or rights.,0,,http://www.oed.com/dictionary/juspublicist_n
"4 - unresolved: not marked obsolete, last-quotation year hidden",landlady-ship,LANDLADYSHIP,12,noun,1854-,1854,printed date range,derivative,0,,,The position or dignity of a landlady.,0,,http://www.oed.com/dictionary/landlady-ship_n
"4 - unresolved: not marked obsolete, last-quotation year hidden",Leviticality,LEVITICALITY,12,noun,1621-,1621,printed date range,derivative,0,,religion and belief/religion/Judaism,Levitical character or obligation.,0,,http://www.oed.com/dictionary/leviticality_n
"4 - unresolved: not marked obsolete, last-quotation year hidden",lip-blossomed,LIPBLOSSOMED,12,adjective,1876-,1876,printed date range,compound,0,,sciences/life sciences/plants,Labiate.,0,,http://www.oed.com/dictionary/lip-blossomed_adj
"4 - unresolved: not marked obsolete, last-quotation year hidden",lobster-night,LOBSTERNIGHT,12,noun,a1744-,1744,printed date range,compound,1,,,? a night celebrated by a lobster supper.,0,,http://www.oed.com/dictionary/lobster-night_n
"4 - unresolved: not marked obsolete, last-quotation year hidden",logopandocie,LOGOPANDOCIE,12,noun,1652-,1652,printed date range,borrowing,0,,,Readiness to admit words of all kinds.,0,,http://www.oed.com/dictionary/logopandocie_n
"4 - unresolved: not marked obsolete, last-quotation year hidden",lozenge-coach,LOZENGECOACH,12,noun,1746-,1746,printed date range,compound,0,,heraldry,A coach with the owner's coat of arms emblazoned…,0,,http://www.oed.com/dictionary/lozenge-coach_n
"4 - unresolved: not marked obsolete, last-quotation year hidden",magnoperator,MAGNOPERATOR,12,noun,1950-,1950,printed date range,derivative,0,,,(Probably) a person involved in great schemes or…,0,,http://www.oed.com/dictionary/magnoperator_n
"4 - unresolved: not marked obsolete, last-quotation year hidden",major-domoing,MAJORDOMOING,12,noun,1991-,1991,printed date range,derivative,0,,,Service as a major-domo.,0,,http://www.oed.com/dictionary/major-domoing_n
"4 - unresolved: not marked obsolete, last-quotation year hidden",manning-piece,MANNINGPIECE,12,noun,1834-,1834,printed date range,compound,0,humorous,"sport and leisure/hunting, fishing, and shooting/shooting",A fowling-piece used to shoot men.,0,,http://www.oed.com/dictionary/manning-piece_n
"4 - unresolved: not marked obsolete, last-quotation year hidden",metageometry,METAGEOMETRY,12,noun,1890-,1890,printed date range,derivative,2,historical,sciences/mathematics,Non-Euclidean geometry. Also as a count noun.,0,,http://www.oed.com/dictionary/metageometry_n
"4 - unresolved: not marked obsolete, last-quotation year hidden",metatheology,METATHEOLOGY,12,noun,a1631-,1631,printed date range,derivative,2,,religion and belief/religion,The philosophical study of the nature and methods…,0,,http://www.oed.com/dictionary/metatheology_n
"4 - unresolved: not marked obsolete, last-quotation year hidden",mono-sentence,MONOSENTENCE,12,noun,1817-,1817,printed date range,compound,0,,,A brief or insufficient sentence.,0,,http://www.oed.com/dictionary/mono-sentence_n
"4 - unresolved: not marked obsolete, last-quotation year hidden",motor-bicycle,MOTORBICYCLE,12,verb,1960-,1960,printed date range,conversion,3,,transport/motoring/motorcycling,transitive. To while (time) away on a motorcycle.,1,,http://www.oed.com/dictionary/motor-bicycle_v
"4 - unresolved: not marked obsolete, last-quotation year hidden",multigeminal,MULTIGEMINAL,12,adjective,1922-,1922,printed date range,compound,0,,,Designating a multiple birth.,0,,http://www.oed.com/dictionary/multigeminal_adj
"4 - unresolved: not marked obsolete, last-quotation year hidden",napkin-hidden,NAPKINHIDDEN,12,adjective,1993-,1993,printed date range,compound,0,,,"(Of a talent) concealed or wasted; cf. napkined, adj.",0,,http://www.oed.com/dictionary/napkin-hidden_adj
"4 - unresolved: not marked obsolete, last-quotation year hidden",nimble-pimble,NIMBLEPIMBLE,12,verb,1927-,1927,printed date range,compound,0,,,(intransitive) to behave in a sentimental or…,0,,http://www.oed.com/dictionary/nimble-pimble_v
"4 - unresolved: not marked obsolete, last-quotation year hidden",non-mammalian,NONMAMMALIAN,12,"adjective, noun",1880-,1880,printed date range,derivative,3,,sciences/life sciences,Not mammalian.,0,,http://www.oed.com/dictionary/non-mammalian_adj
"4 - unresolved: not marked obsolete, last-quotation year hidden",pathosticate,PATHOSTICATE,12,verb,1901-,1901,printed date range,compound,0,,,intransitive. To induce pathos by melodramatic writing.,0,,http://www.oed.com/dictionary/pathosticate_v
"4 - unresolved: not marked obsolete, last-quotation year hidden",pedagoguette,PEDAGOGUETTE,12,noun,1960-,1960,printed date range,derivative,0,,education,A schoolmistress.,0,,http://www.oed.com/dictionary/pedagoguette_n
"4 - unresolved: not marked obsolete, last-quotation year hidden",pen-and-inkery,PENANDINKERY,12,noun,c1909-,1909,printed date range,derivative,0,,arts/literature,The use of pen and ink; the occupation of author.,0,,http://www.oed.com/dictionary/pen-and-inkery_n
"4 - unresolved: not marked obsolete, last-quotation year hidden",perquisition,PERQUISITION,12,noun,1461-,1461,printed date range,borrowing,2,,law,"A thorough or diligent search, esp. one made…",0,,http://www.oed.com/dictionary/perquisition_n
"4 - unresolved: not marked obsolete, last-quotation year hidden",perukiership,PERUKIERSHIP,12,noun,1821-,1821,printed date range,derivative,0,historical,crafts and trades/hairdressing,The art of wig-making.,0,,http://www.oed.com/dictionary/perukiership_n
"4 - unresolved: not marked obsolete, last-quotation year hidden",phonocentric,PHONOCENTRIC,12,adjective,1927-,1927,printed date range,compound,2,,language/linguistics/phonetics,Linguistics. Centred on speech; characterized by…,0,,http://www.oed.com/dictionary/phonocentric_adj
"4 - unresolved: not marked obsolete, last-quotation year hidden",phylactology,PHYLACTOLOGY,12,noun,1966-,1966,printed date range,borrowing,0,,military/espionage,Counter-espionage.,0,,http://www.oed.com/dictionary/phylactology_n
"4 - unresolved: not marked obsolete, last-quotation year hidden",platform tree,PLATFORMTREE,12,noun,1925-,1925,printed date range,compound,1,poetic and literary,sciences/life sciences/plants,"A tree with a wide-spreading, flat-topped crown.",0,,http://www.oed.com/dictionary/platform-tree_n
"4 - unresolved: not marked obsolete, last-quotation year hidden",polypetalous,POLYPETALOUS,12,adjective,1687-,1687,printed date range,compound,2,,sciences/life sciences/plants,Botany. Originally: †having many petals…,0,,http://www.oed.com/dictionary/polypetalous_adj
"4 - unresolved: not marked obsolete, last-quotation year hidden",postermaniac,POSTERMANIAC,12,noun,1895-,1895,printed date range,compound,0,,,A person with a mania for collecting posters.,0,,http://www.oed.com/dictionary/postermaniac_n
"4 - unresolved: not marked obsolete, last-quotation year hidden",post-official,POSTOFFICIAL,12,adjective,1938-,1938,printed date range,compound,1,,,Of or relating to a post office or its staff.,0,,http://www.oed.com/dictionary/post-official_adj
"4 - unresolved: not marked obsolete, last-quotation year hidden",practicalize,PRACTICALIZE,12,verb,1818-,1818,printed date range,derivative,2,,,transitive. To render practical.,0,,http://www.oed.com/dictionary/practicalize_v
"4 - unresolved: not marked obsolete, last-quotation year hidden",principality,PRINCIPALITY,12,noun,c1350-,1350,printed date range,borrowing,5,,,The territory held or governed by a prince.,0,,http://www.oed.com/dictionary/principality_n
"4 - unresolved: not marked obsolete, last-quotation year hidden",pseudepigram,PSEUDEPIGRAM,12,noun,c1905-,1905,printed date range,compound,0,,,A pretended epigram.,0,,http://www.oed.com/dictionary/pseudepigram_n
"4 - unresolved: not marked obsolete, last-quotation year hidden",pumpkinifier,PUMPKINIFIER,12,noun,1884-,1884,printed date range,derivative,0,,,A person who extravagantly or absurdly glorifies…,0,,http://www.oed.com/dictionary/pumpkinifier_n
"4 - unresolved: not marked obsolete, last-quotation year hidden",ratiocinable,RATIOCINABLE,12,adjective,1916-,1916,printed date range,borrowing,1,,,Able to be arrived at or deduced by reasoning.,0,,http://www.oed.com/dictionary/ratiocinable_adj
"4 - unresolved: not marked obsolete, last-quotation year hidden",rectangulate,RECTANGULATE,12,verb,1836-,1836,printed date range,borrowing,2,,,transitive. To place at right angles; to divide…,1,,http://www.oed.com/dictionary/rectangulate_v
"4 - unresolved: not marked obsolete, last-quotation year hidden",reflectorial,REFLECTORIAL,12,adjective,1753-,1753,printed date range,derivative,1,,"sciences/medicine/neurology, sciences/medicine/physiology","Physiology. = reflex, adj. I.3. rare.",0,,http://www.oed.com/dictionary/reflectorial_adj
"4 - unresolved: not marked obsolete, last-quotation year hidden",reluctantism,RELUCTANTISM,12,noun,1906-,1906,printed date range,derivative,0,,,The state or condition of being reluctant; reluctance.,0,,http://www.oed.com/dictionary/reluctantism_n
"4 - unresolved: not marked obsolete, last-quotation year hidden",rhymsterette,RHYMSTERETTE,12,noun,1957-,1957,printed date range,derivative,0,,arts/literature,A female rhymer.,0,,http://www.oed.com/dictionary/rhymsterette_n
"4 - unresolved: not marked obsolete, last-quotation year hidden",ringle-jingle,RINGLEJINGLE,12,verb,1913-,1913,printed date range,compound,0,,arts/literature/prosody,intransitive. To write in verse.,0,,http://www.oed.com/dictionary/ringle-jingle_v
"4 - unresolved: not marked obsolete, last-quotation year hidden",sancticolist,SANCTICOLIST,12,noun,1615-,1615,printed date range,borrowing,0,,religion and belief/religion,A worshipper of saints.,0,,http://www.oed.com/dictionary/sancticolist_n
"4 - unresolved: not marked obsolete, last-quotation year hidden",sansculotted,SANSCULOTTED,12,adjective,1795-,1795,printed date range,derivative,0,,crafts and trades/costume,Unbreeched.,0,,http://www.oed.com/dictionary/sansculotted_adj
"4 - unresolved: not marked obsolete, last-quotation year hidden",sans-pareilly,SANSPAREILLY,12,adjective,1818-,1818,printed date range,compound,0,,,Unexampled.,0,,http://www.oed.com/dictionary/sans-pareilly_adj
"4 - unresolved: not marked obsolete, last-quotation year hidden",Scots Nattery,SCOTSNATTERY,12,noun,1978-,1978,printed date range,derivative,0,colloquial and slang,politics/British politics,Scottish Nationalism.,0,,http://www.oed.com/dictionary/scots-nattery_n
"4 - unresolved: not marked obsolete, last-quotation year hidden",scramblement,SCRAMBLEMENT,12,noun,1747-,1747,printed date range,derivative,0,,,The action or an act of scrambling.,0,,http://www.oed.com/dictionary/scramblement_n
"4 - unresolved: not marked obsolete, last-quotation year hidden",sexual rights,SEXUALRIGHTS,12,noun,1818-,1818,printed date range,compound,3,,,The rights of individuals to control and make…,0,,http://www.oed.com/dictionary/sexual-rights_n
"4 - unresolved: not marked obsolete, last-quotation year hidden",shadow-script,SHADOWSCRIPT,12,noun,1898-,1898,printed date range,compound,0,,,Markings in shadow.,0,,http://www.oed.com/dictionary/shadow-script_n
"4 - unresolved: not marked obsolete, last-quotation year hidden",shepherdhood,SHEPHERDHOOD,12,noun,1596-,1596,printed date range,derivative,1,,,"(In quot.), the personality of a shepherd.",0,,http://www.oed.com/dictionary/shepherdhood_n
"4 - unresolved: not marked obsolete, last-quotation year hidden",shilly-shally,SHILLYSHALLY,12,verb,1782-,1782,printed date range,conversion,3,,,"intransitive. To vacillate, be irresolute or undecided.",1,,http://www.oed.com/dictionary/shilly-shally_v
"4 - unresolved: not marked obsolete, last-quotation year hidden",sinistration,SINISTRATION,12,noun,1854-,1854,printed date range,borrowing,0,,,The condition or property of being sinistral (in…,0,,http://www.oed.com/dictionary/sinistration_n
"4 - unresolved: not marked obsolete, last-quotation year hidden",stagemanship,STAGEMANSHIP,12,noun,?1842-,1842,printed date range,derivative,0,,arts/performing arts/theatre,The art or skill of a male stage actor or…,0,,http://www.oed.com/dictionary/stagemanship_n
"4 - unresolved: not marked obsolete, last-quotation year hidden",stelliscript,STELLISCRIPT,12,noun,1835-,1835,printed date range,borrowing,0,,,A writing in the stars.,0,,http://www.oed.com/dictionary/stelliscript_n
"4 - unresolved: not marked obsolete, last-quotation year hidden",stercoration,STERCORATION,12,noun,1605-,1605,printed date range,borrowing,1,,agriculture and horticulture/agriculture,The action or an act of manuring with dung.,0,,http://www.oed.com/dictionary/stercoration_n
"4 - unresolved: not marked obsolete, last-quotation year hidden",strangleable,STRANGLEABLE,12,adjective,1753-,1753,printed date range,derivative,0,,,Capable of being strangled.,0,,http://www.oed.com/dictionary/strangleable_adj
"4 - unresolved: not marked obsolete, last-quotation year hidden",stumble-block,STUMBLEBLOCK,12,verb,1819-,1819,printed date range,conversion,0,,,transitive. To put stumbling-blocks in the way of.,0,,http://www.oed.com/dictionary/stumble-block_v
"4 - unresolved: not marked obsolete, last-quotation year hidden",superannuate,SUPERANNUATE,12,verb,1649-,1649,printed date range,borrowing,3,,,transitive. To make (something) antiquated or…,1,,http://www.oed.com/dictionary/superannuate_v
"4 - unresolved: not marked obsolete, last-quotation year hidden",sweet sixteen,SWEETSIXTEEN,12,noun,?1765-,1765,printed date range,compound,2,,,Originally and chiefly North American. A girl's…,0,,http://www.oed.com/dictionary/sweet-sixteen_n
"4 - unresolved: not marked obsolete, last-quotation year hidden",symbolomania,SYMBOLOMANIA,12,noun,1970-,1970,printed date range,compound,0,,,Excessive use of symbols.,0,,http://www.oed.com/dictionary/symbolomania_n
"4 - unresolved: not marked obsolete, last-quotation year hidden",tacticianize,TACTICIANIZE,12,verb,1868-,1868,printed date range,derivative,0,,,To play the tactician.,0,,http://www.oed.com/dictionary/tacticianize_v
"4 - unresolved: not marked obsolete, last-quotation year hidden",tallow-candle,TALLOWCANDLE,12,verb,1894-,1894,printed date range,derivative,2,,,(transitive) to smear or rub with a tallow candle.,1,,http://www.oed.com/dictionary/tallow-candle_v
"4 - unresolved: not marked obsolete, last-quotation year hidden",tattarrattat,TATTARRATTAT,12,noun,1922-,1922,printed date range,imitative,0,,,"= rat-a-tat, n.",0,,http://www.oed.com/dictionary/tattarrattat_n
"4 - unresolved: not marked obsolete, last-quotation year hidden",telegraphone,TELEGRAPHONE,12,noun,1878-,1878,printed date range,blend,2,historical,technology/telecommunications/telephony,A device which records sounds received by…,0,,http://www.oed.com/dictionary/telegraphone_n
"4 - unresolved: not marked obsolete, last-quotation year hidden",terracentric,TERRACENTRIC,12,adjective,1932-,1932,printed date range,compound,1,,sciences/physical sciences/astronomy,"Having, or taking, the earth as centre; =…",0,,http://www.oed.com/dictionary/terracentric_adj
"4 - unresolved: not marked obsolete, last-quotation year hidden",thanks-living,THANKSLIVING,12,noun,1882-,1882,printed date range,compound,1,,,"After thanksgiving, action or conduct indicative…",0,,http://www.oed.com/dictionary/thanks-living_n
"4 - unresolved: not marked obsolete, last-quotation year hidden",theophysical,THEOPHYSICAL,12,adjective,1775-,1775,printed date range,compound,0,,,"Physical, but ordered by God.",0,,http://www.oed.com/dictionary/theophysical_adj
"4 - unresolved: not marked obsolete, last-quotation year hidden",theriomaniac,THERIOMANIAC,12,noun,1845-,1845,printed date range,compound,0,,"sport and leisure/hunting, fishing, and shooting/hunting",A person having an obsession or mania for hunting…,0,,http://www.oed.com/dictionary/theriomaniac_n
"4 - unresolved: not marked obsolete, last-quotation year hidden",thieve-friend,THIEVEFRIEND,12,noun,1599-,1599,printed date range,compound,0,,,A friend of thieves.,0,,http://www.oed.com/dictionary/thieve-friend_n
"4 - unresolved: not marked obsolete, last-quotation year hidden",Thomisticate,THOMISTICATE,12,verb,1730-,1730,printed date range,derivative,0,,,(intransitive) to argue or discourse in the…,0,,http://www.oed.com/dictionary/thomisticate_v
"4 - unresolved: not marked obsolete, last-quotation year hidden",thousandaire,THOUSANDAIRE,12,noun,1896-,1896,printed date range,derivative,1,,,One who has a thousand pounds.,0,,http://www.oed.com/dictionary/thousandaire_n
"4 - unresolved: not marked obsolete, last-quotation year hidden",threadbarity,THREADBARITY,12,noun,1892-,1892,printed date range,,0,,,In same sense.,0,,http://www.oed.com/dictionary/threadbarity_n
"4 - unresolved: not marked obsolete, last-quotation year hidden",tintinnabule,TINTINNABULE,12,noun,1834-,1834,printed date range,borrowing,0,humorous,arts/performing arts/music/bell-ringing,A bell.,0,,http://www.oed.com/dictionary/tintinnabule_n
"4 - unresolved: not marked obsolete, last-quotation year hidden",tittlebatian,TITTLEBATIAN,12,adjective,1836-,1836,printed date range,derivative,0,,sciences/life sciences/animals/fish,Relating to tittlebats.,0,,http://www.oed.com/dictionary/tittlebatian_adj
"4 - unresolved: not marked obsolete, last-quotation year hidden",togetherhood,TOGETHERHOOD,12,noun,1896-,1896,printed date range,derivative,0,,,"= togetherness, n.",0,,http://www.oed.com/dictionary/togetherhood_n
"4 - unresolved: not marked obsolete, last-quotation year hidden",toxophilitic,TOXOPHILITIC,12,adjective,1857-,1857,printed date range,derivative,0,,sport and leisure/sport/archery,Pertaining or relating to archers or archery.,0,,http://www.oed.com/dictionary/toxophilitic_adj
"4 - unresolved: not marked obsolete, last-quotation year hidden",tranquillify,TRANQUILLIFY,12,verb,1683-,1683,printed date range,borrowing,0,,,"transitive. = tranquillize, v. 1.",0,,http://www.oed.com/dictionary/tranquillify_v
"4 - unresolved: not marked obsolete, last-quotation year hidden",transaudient,TRANSAUDIENT,12,adjective,1854-,1854,printed date range,borrowing,1,,,Permitting the passage of sound; capable of being…,0,,http://www.oed.com/dictionary/transaudient_adj
"4 - unresolved: not marked obsolete, last-quotation year hidden",transdiurnal,TRANSDIURNAL,12,adjective,1848-,1848,printed date range,derivative,1,,,That is beyond the confines of day.,0,,http://www.oed.com/dictionary/transdiurnal_adj
"4 - unresolved: not marked obsolete, last-quotation year hidden",transnatural,TRANSNATURAL,12,adjective,1569-,1569,printed date range,derivative,2,,,Of which the nature is transmuted.,0,,http://www.oed.com/dictionary/transnatural_adj
"4 - unresolved: not marked obsolete, last-quotation year hidden",transuterine,TRANSUTERINE,12,adjective,1830-,1830,printed date range,borrowing,2,,,Beyond or outside of the womb.,0,,http://www.oed.com/dictionary/transuterine_adj
"4 - unresolved: not marked obsolete, last-quotation year hidden",transwritten,TRANSWRITTEN,12,adjective,1874-,1874,printed date range,derivative,0,,,"Transcribed, or ? translated.",0,,http://www.oed.com/dictionary/transwritten_adj
"4 - unresolved: not marked obsolete, last-quotation year hidden",trichomaniac,TRICHOMANIAC,12,noun,1949-,1949,printed date range,compound,0,,,A hair fetishist.,0,,http://www.oed.com/dictionary/trichomaniac_n
"4 - unresolved: not marked obsolete, last-quotation year hidden",trichotomist,TRICHOTOMIST,12,noun,1875-,1875,printed date range,borrowing,1,,crafts and trades/hairdressing,A hair-cutter.,0,yes,http://www.oed.com/dictionary/trichotomist_n1
"4 - unresolved: not marked obsolete, last-quotation year hidden",tritheocracy,TRITHEOCRACY,12,noun,1850-,1850,printed date range,compound,0,,religion and belief/religion/Christianity,Rule or government by three Gods; a group of…,0,,http://www.oed.com/dictionary/tritheocracy_n
"4 - unresolved: not marked obsolete, last-quotation year hidden",twinkle-dress,TWINKLEDRESS,12,noun,1960-,1960,printed date range,compound,0,poetic and literary,crafts and trades/costume,A sparkling party dress.,0,,http://www.oed.com/dictionary/twinkle-dress_n
"4 - unresolved: not marked obsolete, last-quotation year hidden",typographize,TYPOGRAPHIZE,12,verb,1811-,1811,printed date range,,0,,crafts and trades/printing and typography,"(transitive) to treat typographically, to…",0,,http://www.oed.com/dictionary/typographize_v
"4 - unresolved: not marked obsolete, last-quotation year hidden",wailing robes,WAILINGROBES,12,noun,a1616-,1616,printed date range,compound,1,,crafts and trades/costume,Mourning garments.,0,,http://www.oed.com/dictionary/wailing-robes_n
"4 - unresolved: not marked obsolete, last-quotation year hidden",waistcoateer,WAISTCOATEER,12,noun,a1625-,1625,printed date range,derivative,1,historical,,A person wearing a waistcoat of a specified fashion.,0,,http://www.oed.com/dictionary/waistcoateer_n
"4 - unresolved: not marked obsolete, last-quotation year hidden",waistcoatful,WAISTCOATFUL,12,noun,1824-,1824,printed date range,derivative,0,,technology/measurement,"As much (of anything) as would fill, or cover…",0,,http://www.oed.com/dictionary/waistcoatful_n
"4 - unresolved: not marked obsolete, last-quotation year hidden",whisperation,WHISPERATION,12,noun,1710-,1710,printed date range,derivative,0,,,Whispering.,0,,http://www.oed.com/dictionary/whisperation_n
"4 - unresolved: not marked obsolete, last-quotation year hidden",wicked-worded,WICKEDWORDED,12,adjective,1865-,1865,printed date range,compound,0,euphemistic,,As euphemism for ‘damned’.,0,,http://www.oed.com/dictionary/wicked-worded_adj
"4 - unresolved: not marked obsolete, last-quotation year hidden",withoutwards,WITHOUTWARDS,12,adverb,1865-,1865,printed date range,derivative,0,,,Towards the exterior.,0,,http://www.oed.com/dictionary/withoutwards_adv
"4 - unresolved: not marked obsolete, last-quotation year hidden",wolflessness,WOLFLESSNESS,12,noun,1928-,1928,printed date range,,0,,,The state of ‘not having the wolf at the door’…,0,,http://www.oed.com/dictionary/wolflessness_n
"4 - unresolved: not marked obsolete, last-quotation year hidden",archbishopess,ARCHBISHOPESS,13,noun,1781-,1781,printed date range,derivative,0,,religion and belief/religion,The wife of an archbishop.,0,,http://www.oed.com/dictionary/archbishopess_n
"4 - unresolved: not marked obsolete, last-quotation year hidden",arithmocratic,ARITHMOCRATIC,13,adjective,1862-,1862,printed date range,derivative,0,,,Designating a form of government in which the…,0,,http://www.oed.com/dictionary/arithmocratic_adj
"4 - unresolved: not marked obsolete, last-quotation year hidden",barristration,BARRISTRATION,13,noun,1837-,1837,printed date range,derivative,0,,law,The action of a barrister.,0,,http://www.oed.com/dictionary/barristration_n
"4 - unresolved: not marked obsolete, last-quotation year hidden",basileiolatry,BASILEIOLATRY,13,noun,1872-,1872,printed date range,borrowing,0,,,King-worship.,0,,http://www.oed.com/dictionary/basileiolatry_n
"4 - unresolved: not marked obsolete, last-quotation year hidden",benefactorate,BENEFACTORATE,13,verb,1769-,1769,printed date range,derivative,0,,,To act the benefactor to; to benefaction.,0,,http://www.oed.com/dictionary/benefactorate_v
"4 - unresolved: not marked obsolete, last-quotation year hidden",Birminghamize,BIRMINGHAMIZE,13,verb,1856-,1856,printed date range,proper name,1,historical,,transitive. British. To cause to resemble or…,0,,http://www.oed.com/dictionary/birminghamize_v
"4 - unresolved: not marked obsolete, last-quotation year hidden",brute-bastille,BRUTEBASTILLE,13,noun,1827-,1827,printed date range,compound,0,,,A menagerie.,0,,http://www.oed.com/dictionary/brute-bastille_n
"4 - unresolved: not marked obsolete, last-quotation year hidden",carnivoracity,CARNIVORACITY,13,noun,1730-,1730,printed date range,borrowing,1,,,Appetite for flesh.,0,,http://www.oed.com/dictionary/carnivoracity_n
"4 - unresolved: not marked obsolete, last-quotation year hidden",cataballitive,CATABALLITIVE,13,adjective,1816-,1816,printed date range,borrowing,0,,,Tending to throw down.,0,,http://www.oed.com/dictionary/cataballitive_adj
"4 - unresolved: not marked obsolete, last-quotation year hidden",chromatocracy,CHROMATOCRACY,13,noun,1852-,1852,printed date range,compound,0,,,"A ruling class of a particular colour, e.g. of…",0,,http://www.oed.com/dictionary/chromatocracy_n
"4 - unresolved: not marked obsolete, last-quotation year hidden",chromatograph,CHROMATOGRAPH,13,verb,1860-,1860,printed date range,compound,3,,,transitive. To represent in colours.,2,yes,http://www.oed.com/dictionary/chromatograph_v1
"4 - unresolved: not marked obsolete, last-quotation year hidden",collaborative,COLLABORATIVE,13,"adjective, noun",1927-,1927,printed date range,derivative,5,,,"Characterized by, based upon, or produced in…",0,,http://www.oed.com/dictionary/collaborative_adj
"4 - unresolved: not marked obsolete, last-quotation year hidden",colloquacious,COLLOQUACIOUS,13,adjective,1837-,1837,printed date range,borrowing,0,humorous,,Given to colloquy.,0,,http://www.oed.com/dictionary/colloquacious_adj
"4 - unresolved: not marked obsolete, last-quotation year hidden",contrabandage,CONTRABANDAGE,13,noun,1885-,1885,printed date range,derivative,0,,economics and commerce,"System or practice of contraband traffic, smuggling.",0,,http://www.oed.com/dictionary/contrabandage_n
"4 - unresolved: not marked obsolete, last-quotation year hidden",contributress,CONTRIBUTRESS,13,noun,1889-,1889,printed date range,derivative,0,,,A female (literary) contributor.,0,,http://www.oed.com/dictionary/contributress_n
"4 - unresolved: not marked obsolete, last-quotation year hidden",correspondent,CORRESPONDENT,13,"adjective, noun",c1460-,1460,printed date range,borrowing,5,,,Answering to or agreeing with something else in…,0,,http://www.oed.com/dictionary/correspondent_adj
"4 - unresolved: not marked obsolete, last-quotation year hidden",cosmographize,COSMOGRAPHIZE,13,verb,1592-,1592,printed date range,derivative,0,,,transitive. To describe the world in a map or…,0,,http://www.oed.com/dictionary/cosmographize_v
"4 - unresolved: not marked obsolete, last-quotation year hidden",counteractive,COUNTERACTIVE,13,"adjective, noun",1805-,1805,printed date range,derivative,3,,,Tending to counteract.,0,,http://www.oed.com/dictionary/counteractive_adj
"4 - unresolved: not marked obsolete, last-quotation year hidden",counter-toning,COUNTERTONING,13,noun,1873-,1873,printed date range,derivative,0,,,"The accompanying (of singing, etc.) in a…",0,,http://www.oed.com/dictionary/counter-toning_n
"4 - unresolved: not marked obsolete, last-quotation year hidden",cryptanalytic,CRYPTANALYTIC,13,adjective,1894-,1894,printed date range,compound,3,,language/cryptography,Of or relating to cryptanalysis; concerned with…,0,,http://www.oed.com/dictionary/cryptanalytic_adj
"4 - unresolved: not marked obsolete, last-quotation year hidden",cynarctomachy,CYNARCTOMACHY,13,noun,1663-,1663,printed date range,borrowing,1,,sport and leisure/sport/blood sports,Fighting of dogs and bears; bear-baiting.,0,,http://www.oed.com/dictionary/cynarctomachy_n
"4 - unresolved: not marked obsolete, last-quotation year hidden",cyperographer,CYPEROGRAPHER,13,noun,1881-,1881,printed date range,compound,0,,,A writer on sedges.,0,,http://www.oed.com/dictionary/cyperographer_n
"4 - unresolved: not marked obsolete, last-quotation year hidden",decapillatory,DECAPILLATORY,13,adjective,1839-,1839,printed date range,borrowing,0,,,Pertaining to the removal of hair from the head…,0,,http://www.oed.com/dictionary/decapillatory_adj
"4 - unresolved: not marked obsolete, last-quotation year hidden",depullulation,DEPULLULATION,13,noun,1839-,1839,printed date range,borrowing,0,,,Removal or plucking off of sprouts.,0,,http://www.oed.com/dictionary/depullulation_n
"4 - unresolved: not marked obsolete, last-quotation year hidden",dimensionable,DIMENSIONABLE,13,adjective,1884-,1884,printed date range,derivative,1,,,Capable of being measured; having dimensions.,0,,http://www.oed.com/dictionary/dimensionable_adj
"4 - unresolved: not marked obsolete, last-quotation year hidden",discriminator,DISCRIMINATOR,13,noun,1663-,1663,printed date range,borrowing,4,,,A person who perceives or notes distinctions or…,0,,http://www.oed.com/dictionary/discriminator_n
"4 - unresolved: not marked obsolete, last-quotation year hidden",draggle-haired,DRAGGLEHAIRED,13,adjective,1865-,1865,printed date range,derivative,0,,,With hair hanging wet and untidy.,0,,http://www.oed.com/dictionary/draggle-haired_adj
"4 - unresolved: not marked obsolete, last-quotation year hidden",dullification,DULLIFICATION,13,noun,1855-,1855,printed date range,derivative,1,colloquial and slang,,(In quot.) something that makes one dull).,0,,http://www.oed.com/dictionary/dullification_n
"4 - unresolved: not marked obsolete, last-quotation year hidden",electric hedge,ELECTRICHEDGE,13,noun,1921-,1921,printed date range,compound,2,,,An invisible barrier charged with electricity.,0,,http://www.oed.com/dictionary/electric-hedge_n
"4 - unresolved: not marked obsolete, last-quotation year hidden",elephanticide,ELEPHANTICIDE,13,noun,1855-,1855,printed date range,compound,0,,,The killing of an elephant.,0,,http://www.oed.com/dictionary/elephanticide_n
"4 - unresolved: not marked obsolete, last-quotation year hidden",evacuationist,EVACUATIONIST,13,noun,1884-,1884,printed date range,derivative,1,,,One who advocates the evacuation of (an occupied…,0,,http://www.oed.com/dictionary/evacuationist_n
"4 - unresolved: not marked obsolete, last-quotation year hidden",exhibitionize,EXHIBITIONIZE,13,verb,1834-,1834,printed date range,derivative,0,,,(intransitive) to frequent exhibitions.,0,,http://www.oed.com/dictionary/exhibitionize_v
"4 - unresolved: not marked obsolete, last-quotation year hidden",expressionist,EXPRESSIONIST,13,"noun, adjective",1667-,1667,printed date range,derivative,4,,arts,"An artist, composer, writer, etc., whose work…",0,,http://www.oed.com/dictionary/expressionist_n
"4 - unresolved: not marked obsolete, last-quotation year hidden",extramuralist,EXTRAMURALIST,13,noun,1868-,1868,printed date range,derivative,0,,,One who lives outside the walls of a city.,0,,http://www.oed.com/dictionary/extramuralist_n
"4 - unresolved: not marked obsolete, last-quotation year hidden",extravolution,EXTRAVOLUTION,13,noun,1829-,1829,printed date range,borrowing,1,,,A rolling outwards; opposed to intravolution.,0,,http://www.oed.com/dictionary/extravolution_n
"4 - unresolved: not marked obsolete, last-quotation year hidden",gallinivorous,GALLINIVOROUS,13,adjective,1862-,1862,printed date range,borrowing,0,,,Feeding on fowls or poultry.,0,,http://www.oed.com/dictionary/gallinivorous_adj
"4 - unresolved: not marked obsolete, last-quotation year hidden",harbingership,HARBINGERSHIP,13,noun,1613-,1613,printed date range,derivative,0,,,The office or position of a harbinger.,0,,http://www.oed.com/dictionary/harbingership_n
"4 - unresolved: not marked obsolete, last-quotation year hidden",hymnification,HYMNIFICATION,13,noun,1891-,1891,printed date range,borrowing,1,,,The making of hymns.,0,,http://www.oed.com/dictionary/hymnification_n
"4 - unresolved: not marked obsolete, last-quotation year hidden",iconistically,ICONISTICALLY,13,adverb,1684-,1684,printed date range,derivative,0,,,"In the manner of an icon, image, or figure; as an…",0,,http://www.oed.com/dictionary/iconistically_adv
"4 - unresolved: not marked obsolete, last-quotation year hidden",impropriation,IMPROPRIATION,13,noun,?1535-,1535,printed date range,derivative,3,,religion and belief/religion/Christianity/ecclesiastical,"An impropriated benefice; a living, tithes, etc…",0,,http://www.oed.com/dictionary/impropriation_n
"4 - unresolved: not marked obsolete, last-quotation year hidden",incoexistence,INCOEXISTENCE,13,noun,1690-,1690,printed date range,derivative,0,,,Absence of coexistence; the fact of not existing…,0,,http://www.oed.com/dictionary/incoexistence_n
"4 - unresolved: not marked obsolete, last-quotation year hidden",indifferenced,INDIFFERENCED,13,adjective,1748-,1748,printed date range,derivative,1,,,"Covered over with indifference, having an outward…",0,,http://www.oed.com/dictionary/indifferenced_adj
"4 - unresolved: not marked obsolete, last-quotation year hidden",indistinction,INDISTINCTION,13,noun,1624-,1624,printed date range,derivative,3,,,The fact of not distinguishing or making…,0,,http://www.oed.com/dictionary/indistinction_n
"4 - unresolved: not marked obsolete, last-quotation year hidden",Infanto-mastix,INFANTOMASTIX,13,noun,1656-,1656,printed date range,compound,0,,,"A name given to St Augustine, in allusion to his…",0,,http://www.oed.com/dictionary/infanto-mastix_n
"4 - unresolved: not marked obsolete, last-quotation year hidden",interadditive,INTERADDITIVE,13,noun,a1834-,1834,printed date range,derivative,1,,,Something added or inserted between or among…,0,,http://www.oed.com/dictionary/interadditive_n
"4 - unresolved: not marked obsolete, last-quotation year hidden",interlapidate,INTERLAPIDATE,13,verb,1814-,1814,printed date range,borrowing,0,,,transitive. To fit in between each other like…,0,,http://www.oed.com/dictionary/interlapidate_v
"4 - unresolved: not marked obsolete, last-quotation year hidden",irreligionize,IRRELIGIONIZE,13,verb,1854-,1854,printed date range,derivative,0,,,"transitive. To turn to irreligion, make irreligious.",0,,http://www.oed.com/dictionary/irreligionize_v
"4 - unresolved: not marked obsolete, last-quotation year hidden",jail-delivered,JAILDELIVERED,13,adjective,1821-,1821,printed date range,compound,0,,,Of a prisoner or occupant of a jail: freed or…,0,,http://www.oed.com/dictionary/jail-delivered_adj
"4 - unresolved: not marked obsolete, last-quotation year hidden",joggling table,JOGGLINGTABLE,13,noun,1845-,1845,printed date range,compound,0,,"crafts and trades/printing and typography, manufacturing and industry/mining",Printing. A vibrating table or board that allows…,0,,http://www.oed.com/dictionary/joggling-table_n
"4 - unresolved: not marked obsolete, last-quotation year hidden",joint-stockery,JOINTSTOCKERY,13,noun,1864-,1864,printed date range,derivative,1,,economics and commerce,"Dealing in, or formation of, joint stocks.",0,,http://www.oed.com/dictionary/joint-stockery_n
"4 - unresolved: not marked obsolete, last-quotation year hidden",knockupedness,KNOCKUPEDNESS,13,noun,1855-,1855,printed date range,compound,0,,,The state of being ‘knocked up’ or weak.,0,,http://www.oed.com/dictionary/knockupedness_n
"4 - unresolved: not marked obsolete, last-quotation year hidden",lollification,LOLLIFICATION,13,noun,1834-,1834,printed date range,derivative,0,,,"Lolling, lounging.",0,,http://www.oed.com/dictionary/lollification_n
"4 - unresolved: not marked obsolete, last-quotation year hidden",Lutheranancer,LUTHERANANCER,13,noun,?a1562-,1562,printed date range,derivative,0,,religion and belief/religion/Christianity,"= Lutheran, adj. B.",0,,http://www.oed.com/dictionary/lutheranancer_n
"4 - unresolved: not marked obsolete, last-quotation year hidden",macrocephalus,MACROCEPHALUS,13,noun,1578-,1578,printed date range,borrowing,3,historical,sciences/medicine,Medicine. A fetus with macrocephaly (now rare…,0,,http://www.oed.com/dictionary/macrocephalus_n
"4 - unresolved: not marked obsolete, last-quotation year hidden",mastigophoric,MASTIGOPHORIC,13,adjective,1816-,1816,printed date range,borrowing,1,humorous,sciences/life sciences/microbiology,"Biology. = mastigophoran, adj.",0,,http://www.oed.com/dictionary/mastigophoric_adj
"4 - unresolved: not marked obsolete, last-quotation year hidden",megalopsychic,MEGALOPSYCHIC,13,adjective,1896-,1896,printed date range,borrowing,0,,,Magnanimous.,0,,http://www.oed.com/dictionary/megalopsychic_adj
"4 - unresolved: not marked obsolete, last-quotation year hidden",monodiabolism,MONODIABOLISM,13,noun,1880-,1880,printed date range,compound,0,,,"Belief in a single devil (cf. polydiabolism, n.).",0,,http://www.oed.com/dictionary/monodiabolism_n
"4 - unresolved: not marked obsolete, last-quotation year hidden",monstrousness,MONSTROUSNESS,13,noun,1574-,1574,printed date range,derivative,3,,,The quality of being monstrous (in various senses…,0,,http://www.oed.com/dictionary/monstrousness_n
"4 - unresolved: not marked obsolete, last-quotation year hidden",mother-of-pearl,MOTHEROFPEARL,13,"noun, interjection, adjective",1547-,1547,printed date range,compound,4,,sciences/life sciences/animals/invertebrates/shells and shellfish,"A smooth, shining, iridescent substance forming…",0,,http://www.oed.com/dictionary/mother-of-pearl_n
"4 - unresolved: not marked obsolete, last-quotation year hidden",mousetrap word,MOUSETRAPWORD,13,noun,1952-,1952,printed date range,compound,0,,,A misleading or deceptive word.,0,,http://www.oed.com/dictionary/mousetrap-word_n
"4 - unresolved: not marked obsolete, last-quotation year hidden",multitudinous,MULTITUDINOUS,13,adjective,1603-,1603,printed date range,borrowing,4,,,With plural noun: existing in multitudes or great…,0,,http://www.oed.com/dictionary/multitudinous_adj
"4 - unresolved: not marked obsolete, last-quotation year hidden",myrtle-greener,MYRTLEGREENER,13,noun,1858-,1858,printed date range,compound,0,,,A person dressed in myrtle green.,0,,http://www.oed.com/dictionary/myrtle-greener_n
"4 - unresolved: not marked obsolete, last-quotation year hidden",omnivicarious,OMNIVICARIOUS,13,adjective,1949-,1949,printed date range,compound,0,,,That may be substituted for anything else.,0,,http://www.oed.com/dictionary/omnivicarious_adj
"4 - unresolved: not marked obsolete, last-quotation year hidden",on-the-make-ness,ONTHEMAKENESS,13,noun,1923-,1923,printed date range,derivative,0,,,The fact or state of being on the make.,0,,http://www.oed.com/dictionary/on-the-make-ness_n
"4 - unresolved: not marked obsolete, last-quotation year hidden",orthographize,ORTHOGRAPHIZE,13,verb,1596-,1596,printed date range,derivative,1,,,intransitive. To follow or apply the rules of…,0,,http://www.oed.com/dictionary/orthographize_v
"4 - unresolved: not marked obsolete, last-quotation year hidden",pettifogulize,PETTIFOGULIZE,13,verb,1851-,1851,printed date range,compound,0,,,intransitive. To quibble.,0,,http://www.oed.com/dictionary/pettifogulize_v
"4 - unresolved: not marked obsolete, last-quotation year hidden",polyphloisbic,POLYPHLOISBIC,13,adjective,1915-,1915,printed date range,borrowing,0,humorous,,"= polyphloisboian, adj.",0,,http://www.oed.com/dictionary/polyphloisbic_adj
"4 - unresolved: not marked obsolete, last-quotation year hidden",pornosophical,PORNOSOPHICAL,13,adjective,1922-,1922,printed date range,blend,0,,philosophy,Apparently: of or relating to the philosophy of…,0,,http://www.oed.com/dictionary/pornosophical_adj
"4 - unresolved: not marked obsolete, last-quotation year hidden",post-mortemity,POSTMORTEMITY,13,noun,1922-,1922,printed date range,derivative,0,,,The state of death.,0,,http://www.oed.com/dictionary/post-mortemity_n
"4 - unresolved: not marked obsolete, last-quotation year hidden",professorling,PROFESSORLING,13,noun,1903-,1903,printed date range,derivative,1,humorous,,A petty or insignificant professor.,0,,http://www.oed.com/dictionary/professorling_n
"4 - unresolved: not marked obsolete, last-quotation year hidden",prostisciutto,PROSTISCIUTTO,13,noun,1930-,1930,printed date range,blend,0,,,A female prostitute regarded metaphorically as an…,0,,http://www.oed.com/dictionary/prostisciutto_n
"4 - unresolved: not marked obsolete, last-quotation year hidden",radiolocation,RADIOLOCATION,13,noun,1926-,1926,printed date range,compound,3,historical,technology/radar,The use of radio for determining the position of…,0,,http://www.oed.com/dictionary/radiolocation_n
"4 - unresolved: not marked obsolete, last-quotation year hidden",saltativeness,SALTATIVENESS,13,noun,1829-,1829,printed date range,borrowing,0,,,The faculty of leaping or jumping.,0,,http://www.oed.com/dictionary/saltativeness_n
"4 - unresolved: not marked obsolete, last-quotation year hidden",sanguine-heart,SANGUINEHEART,13,adjective,1840-,1840,printed date range,compound,0,,sciences/life sciences/plants,Crimson at the heart.,0,,http://www.oed.com/dictionary/sanguine-heart_adj
"4 - unresolved: not marked obsolete, last-quotation year hidden",sash-windowing,SASHWINDOWING,13,noun,1826-,1826,printed date range,derivative,0,,manufacturing and industry/building/glazing,The action of furnishing with sash windows.,0,,http://www.oed.com/dictionary/sash-windowing_n
"4 - unresolved: not marked obsolete, last-quotation year hidden",scolding-stock,SCOLDINGSTOCK,13,noun,a1754-,1754,printed date range,compound,1,,,An object for scolding.,0,,http://www.oed.com/dictionary/scolding-stock_n
"4 - unresolved: not marked obsolete, last-quotation year hidden",scoliograptic,SCOLIOGRAPTIC,13,adjective,1853-,1853,printed date range,borrowing,0,,,Obliquely marked.,0,,http://www.oed.com/dictionary/scoliograptic_adj
"4 - unresolved: not marked obsolete, last-quotation year hidden",seamstressing,SEAMSTRESSING,13,noun,1873-,1873,printed date range,derivative,2,,crafts and trades/textiles/needlework,The action of working as a seamstress.,0,,http://www.oed.com/dictionary/seamstressing_n
"4 - unresolved: not marked obsolete, last-quotation year hidden",self-abnegator,SELFABNEGATOR,13,noun,1872-,1872,printed date range,derivative,1,,,A person who denies himself or herself something…,0,,http://www.oed.com/dictionary/self-abnegator_n
"4 - unresolved: not marked obsolete, last-quotation year hidden",sheepsheadism,SHEEPSHEADISM,13,noun,1841-,1841,printed date range,derivative,0,,,The practice of eating sheep's-head.,0,,http://www.oed.com/dictionary/sheepsheadism_n
"4 - unresolved: not marked obsolete, last-quotation year hidden",sinescriptual,SINESCRIPTUAL,13,adjective,1840-,1840,printed date range,borrowing,0,,,Not possessing the Scriptures.,0,,http://www.oed.com/dictionary/sinescriptual_adj
"4 - unresolved: not marked obsolete, last-quotation year hidden",spillspilling,SPILLSPILLING,13,adjective,1922-,1922,printed date range,derivative,0,,,Repeatedly spilling.,0,,http://www.oed.com/dictionary/spillspilling_adj
"4 - unresolved: not marked obsolete, last-quotation year hidden",stereoscopism,STEREOSCOPISM,13,noun,1892-,1892,printed date range,derivative,0,,,"Appearance of solidity, as of an object viewed in…",0,,http://www.oed.com/dictionary/stereoscopism_n
"4 - unresolved: not marked obsolete, last-quotation year hidden",succenturiate,SUCCENTURIATE,13,adjective,1641-,1641,printed date range,borrowing,2,,"sciences/life sciences/animals, sciences/medicine/anatomy, sciences/medicine/embryology",Anatomy and Zoology. Of various anatomical…,0,,http://www.oed.com/dictionary/succenturiate_adj
"4 - unresolved: not marked obsolete, last-quotation year hidden",swabification,SWABIFICATION,13,noun,1833-,1833,printed date range,derivative,0,humorous,,Mopping.,0,,http://www.oed.com/dictionary/swabification_n
"4 - unresolved: not marked obsolete, last-quotation year hidden",swashbucklery,SWASHBUCKLERY,13,noun,1889-,1889,printed date range,derivative,0,,,The conduct of a swashbuckler.,0,,http://www.oed.com/dictionary/swashbucklery_n
"4 - unresolved: not marked obsolete, last-quotation year hidden",syllogistical,SYLLOGISTICAL,13,adjective,1528-,1528,printed date range,borrowing,2,,philosophy/logic,"= syllogistic, adj.",0,,http://www.oed.com/dictionary/syllogistical_adj
"4 - unresolved: not marked obsolete, last-quotation year hidden",symphronistic,SYMPHRONISTIC,13,adjective,1827-,1827,printed date range,,1,,,Involving coincidence or identity of thought…,0,,http://www.oed.com/dictionary/symphronistic_adj
"4 - unresolved: not marked obsolete, last-quotation year hidden",telectrograph,TELECTROGRAPH,13,noun,1857-,1857,printed date range,compound,0,historical,technology/telecommunications/telegraphy,†a. (An alternative name proposed for) a…,0,,http://www.oed.com/dictionary/telectrograph_n
"4 - unresolved: not marked obsolete, last-quotation year hidden",televisionary,TELEVISIONARY,13,"noun, adjective",1925-,1925,printed date range,blend,2,"colloquial and slang, humorous",technology/telecommunications/broadcasting/television,A person with visionary ideas for the development…,0,,http://www.oed.com/dictionary/televisionary_n
"4 - unresolved: not marked obsolete, last-quotation year hidden",thanatography,THANATOGRAPHY,13,noun,1839-,1839,printed date range,compound,2,,,An account of a person's death.,0,,http://www.oed.com/dictionary/thanatography_n
"4 - unresolved: not marked obsolete, last-quotation year hidden",thesmophilist,THESMOPHILIST,13,noun,1644-,1644,printed date range,borrowing,0,,law,A lover of law.,0,,http://www.oed.com/dictionary/thesmophilist_n
"4 - unresolved: not marked obsolete, last-quotation year hidden",threesomeness,THREESOMENESS,13,noun,1853-,1853,printed date range,derivative,0,,,"The quality of existing in threes, triplicity.",0,,http://www.oed.com/dictionary/threesomeness_n
"4 - unresolved: not marked obsolete, last-quotation year hidden",tip-top-gallant,TIPTOPGALLANT,13,adjective,1730-,1730,printed date range,compound,0,colloquial and slang,,Of superlatively high rank or quality.,0,,http://www.oed.com/dictionary/tip-top-gallant_adj
"4 - unresolved: not marked obsolete, last-quotation year hidden",toilet service,TOILETSERVICE,13,noun,1786-,1786,printed date range,compound,2,,,a. (Perhaps) service to ladies; b. a set of…,0,,http://www.oed.com/dictionary/toilet-service_n
"4 - unresolved: not marked obsolete, last-quotation year hidden",topsy-turvical,TOPSYTURVICAL,13,adjective,1882-,1882,printed date range,derivative,1,,,Of a topsy-turvy character.,0,,http://www.oed.com/dictionary/topsy-turvical_adj
"4 - unresolved: not marked obsolete, last-quotation year hidden",topsy-turvyism,TOPSYTURVYISM,13,noun,1880-,1880,printed date range,derivative,1,,,Topsy-turvy system or method.,0,,http://www.oed.com/dictionary/topsy-turvyism_n
"4 - unresolved: not marked obsolete, last-quotation year hidden",topsy-turvyist,TOPSYTURVYIST,13,noun,1890-,1890,printed date range,derivative,0,,,An advocate of something (considered to be)…,0,,http://www.oed.com/dictionary/topsy-turvyist_n
"4 - unresolved: not marked obsolete, last-quotation year hidden",topsy-turvyize,TOPSYTURVYIZE,13,verb,1893-,1893,printed date range,derivative,0,,,"(transitive) to turn topsy-turvy, throw into…",0,,http://www.oed.com/dictionary/topsy-turvyize_v
"4 - unresolved: not marked obsolete, last-quotation year hidden",toxophilitism,TOXOPHILITISM,13,noun,1840-,1840,printed date range,derivative,0,,sport and leisure/sport/archery,"= toxophily, n.",0,,http://www.oed.com/dictionary/toxophilitism_n
"4 - unresolved: not marked obsolete, last-quotation year hidden",tramification,TRAMIFICATION,13,noun,1834-,1834,printed date range,derivative,0,,,The construction of a tramway.,0,,http://www.oed.com/dictionary/tramification_n
"4 - unresolved: not marked obsolete, last-quotation year hidden",trium-feminate,TRIUMFEMINATE,13,noun,1873-,1873,printed date range,borrowing,0,,,A group of three women associated in government.,0,,http://www.oed.com/dictionary/trium-feminate_n
"4 - unresolved: not marked obsolete, last-quotation year hidden",vanitarianism,VANITARIANISM,13,noun,1849-,1849,printed date range,derivative,0,,,The pursuit of vanities.,0,,http://www.oed.com/dictionary/vanitarianism_n
"4 - unresolved: not marked obsolete, last-quotation year hidden",victimologist,VICTIMOLOGIST,13,noun,1838-,1838,printed date range,compound,0,,law,A person who studies the victims of crime; an…,0,,http://www.oed.com/dictionary/victimologist_n
"4 - unresolved: not marked obsolete, last-quotation year hidden",autophotograph,AUTOPHOTOGRAPH,14,noun,1880-,1880,printed date range,compound,0,,technology/photography,"Originally: = autoradiograph, n. (now rare). Now…",0,,http://www.oed.com/dictionary/autophotograph_n
"4 - unresolved: not marked obsolete, last-quotation year hidden",bracketologist,BRACKETOLOGIST,14,noun,1992-,1992,printed date range,derivative,3,,sport and leisure/sport/basketball,A person who works to resolve disputed passages…,0,,http://www.oed.com/dictionary/bracketologist_n
"4 - unresolved: not marked obsolete, last-quotation year hidden",chalypsography,CHALYPSOGRAPHY,14,noun,1878-,1878,printed date range,borrowing,0,,arts/visual arts/engraving and etching,Steel engraving.,0,,http://www.oed.com/dictionary/chalypsography_n
"4 - unresolved: not marked obsolete, last-quotation year hidden",cirque-couchant,CIRQUECOUCHANT,14,noun,1820-,1820,printed date range,compound,1,,,Lying coiled up in circles.,0,,http://www.oed.com/dictionary/cirque-couchant_n
"4 - unresolved: not marked obsolete, last-quotation year hidden",compackability,COMPACKABILITY,14,noun,1827-,1827,printed date range,derivative,0,,,Capability of being packed close together.,0,,http://www.oed.com/dictionary/compackability_n
"4 - unresolved: not marked obsolete, last-quotation year hidden",constituentary,CONSTITUENTARY,14,adjective,1840-,1840,printed date range,derivative,0,,,Pertaining to a constituent (sense A.2).,0,,http://www.oed.com/dictionary/constituentary_adj
"4 - unresolved: not marked obsolete, last-quotation year hidden",continentalize,CONTINENTALIZE,14,verb,1855-,1855,printed date range,derivative,2,,,intransitive. To make a continental tour; to…,0,,http://www.oed.com/dictionary/continentalize_v
"4 - unresolved: not marked obsolete, last-quotation year hidden",conventionally,CONVENTIONALLY,14,adverb,1697-,1697,printed date range,derivative,5,,,"In a way which follows practice, custom, or…",0,,http://www.oed.com/dictionary/conventionally_adv
"4 - unresolved: not marked obsolete, last-quotation year hidden",cornucopiosity,CORNUCOPIOSITY,14,noun,1848-,1848,printed date range,derivative,0,,,? Cornucopia-like arrangement or profusion.,0,,http://www.oed.com/dictionary/cornucopiosity_n
"4 - unresolved: not marked obsolete, last-quotation year hidden",cyberchondriac,CYBERCHONDRIAC,14,noun,1993-,1993,printed date range,compound,1,disparaging,technology/computing,a. A person who worries irrationally about the…,0,,http://www.oed.com/dictionary/cyberchondriac_n
"4 - unresolved: not marked obsolete, last-quotation year hidden",daintification,DAINTIFICATION,14,noun,1780-,1780,printed date range,derivative,1,,,Daintified condition.,0,,http://www.oed.com/dictionary/daintification_n
"4 - unresolved: not marked obsolete, last-quotation year hidden",declarationist,DECLARATIONIST,14,noun,1892-,1892,printed date range,derivative,0,,,One who joins in or signs a declaration.,0,,http://www.oed.com/dictionary/declarationist_n
"4 - unresolved: not marked obsolete, last-quotation year hidden",delphinestrian,DELPHINESTRIAN,14,noun,1820-,1820,printed date range,borrowing,0,,sport and leisure/horses and riding,A rider on a dolphin.,0,,http://www.oed.com/dictionary/delphinestrian_n
"4 - unresolved: not marked obsolete, last-quotation year hidden",deparochialize,DEPAROCHIALIZE,14,verb,1862-,1862,printed date range,derivative,1,,,transitive. To deprive of parochial character.,0,,http://www.oed.com/dictionary/deparochialize_v
"4 - unresolved: not marked obsolete, last-quotation year hidden",dimonosyllabic,DIMONOSYLLABIC,14,adjective,1844-,1844,printed date range,compound,0,,,Consisting of two monosyllables.,0,,http://www.oed.com/dictionary/dimonosyllabic_adj
"4 - unresolved: not marked obsolete, last-quotation year hidden",ecclesiophobia,ECCLESIOPHOBIA,14,noun,1877-,1877,printed date range,compound,0,,religion and belief/religion/Christianity/ecclesiastical,A morbid dread of ecclesiasticism.,0,,http://www.oed.com/dictionary/ecclesiophobia_n
"4 - unresolved: not marked obsolete, last-quotation year hidden",elderberriness,ELDERBERRINESS,14,noun,1589-,1589,printed date range,derivative,0,,,"Used as a mock title, after highness, etc.",0,,http://www.oed.com/dictionary/elderberriness_n
"4 - unresolved: not marked obsolete, last-quotation year hidden",electromorphic,ELECTROMORPHIC,14,adjective,1907-,1907,printed date range,compound,1,,sciences/physical sciences/chemistry/organic chemistry,Biochemistry. Of or relating to an electromorph.,0,,http://www.oed.com/dictionary/electromorphic_adj
"4 - unresolved: not marked obsolete, last-quotation year hidden",enchantingness,ENCHANTINGNESS,14,noun,1879-,1879,printed date range,derivative,1,,,The quality of being enchanting.,0,,http://www.oed.com/dictionary/enchantingness_n
"4 - unresolved: not marked obsolete, last-quotation year hidden",episcopomastix,EPISCOPOMASTIX,14,noun,1660-,1660,printed date range,borrowing,0,,religion and belief/religion/Christianity/ecclesiastical,A person who attacks the system of episcopal…,0,,http://www.oed.com/dictionary/episcopomastix_n
"4 - unresolved: not marked obsolete, last-quotation year hidden",five-finger-tied,FIVEFINGERTIED,14,adjective,a1616-,1616,printed date range,compound,0,,,? tied with all the fingers of the hand.,0,,http://www.oed.com/dictionary/five-finger-tied_adj
"4 - unresolved: not marked obsolete, last-quotation year hidden",flirtationship,FLIRTATIONSHIP,14,noun,1841-,1841,printed date range,derivative,0,,,A period of repeated flirtatious behaviour…,0,,http://www.oed.com/dictionary/flirtationship_n
"4 - unresolved: not marked obsolete, last-quotation year hidden",flurrification,FLURRIFICATION,14,noun,1822-,1822,printed date range,derivative,0,,,The state of being flurried.,0,,http://www.oed.com/dictionary/flurrification_n
"4 - unresolved: not marked obsolete, last-quotation year hidden",grammaticalize,GRAMMATICALIZE,14,verb,1810-,1810,printed date range,derivative,3,,language/linguistics/grammar,Linguistics. transitive (in passive) and…,0,,http://www.oed.com/dictionary/grammaticalize_v
"4 - unresolved: not marked obsolete, last-quotation year hidden",harlequinadish,HARLEQUINADISH,14,adjective,1859-,1859,printed date range,derivative,0,,,Of the nature of a harlequinade.,0,,http://www.oed.com/dictionary/harlequinadish_adj
"4 - unresolved: not marked obsolete, last-quotation year hidden",humblefication,HUMBLEFICATION,14,noun,1808-,1808,printed date range,derivative,0,,,A making (oneself) humble.,0,,http://www.oed.com/dictionary/humblefication_n
"4 - unresolved: not marked obsolete, last-quotation year hidden",hyperboreanism,HYPERBOREANISM,14,noun,1824-,1824,printed date range,derivative,0,,,An extreme northernism.,0,,http://www.oed.com/dictionary/hyperboreanism_n
"4 - unresolved: not marked obsolete, last-quotation year hidden",ichthyophagize,ICHTHYOPHAGIZE,14,verb,1853-,1853,printed date range,,0,,,(intransitive) to eat fish.,0,,http://www.oed.com/dictionary/ichthyophagize_v
"4 - unresolved: not marked obsolete, last-quotation year hidden",incendiaryship,INCENDIARYSHIP,14,noun,1641-,1641,printed date range,derivative,0,,,The office or personality of an incendiary.,0,,http://www.oed.com/dictionary/incendiaryship_n
"4 - unresolved: not marked obsolete, last-quotation year hidden",inconclusivism,INCONCLUSIVISM,14,noun,a1866-,1866,printed date range,derivative,0,,religion and belief/religion,A theory or doctrine that conclusive evidence on…,0,,http://www.oed.com/dictionary/inconclusivism_n
"4 - unresolved: not marked obsolete, last-quotation year hidden",indifferencist,INDIFFERENCIST,14,noun,1768-,1768,printed date range,derivative,0,,,One who maintains the indifference or…,0,,http://www.oed.com/dictionary/indifferencist_n
"4 - unresolved: not marked obsolete, last-quotation year hidden",inferentialism,INFERENTIALISM,14,noun,1874-,1874,printed date range,derivative,2,,philosophy,A theory involving or depending on (mere)…,0,,http://www.oed.com/dictionary/inferentialism_n
"4 - unresolved: not marked obsolete, last-quotation year hidden",inferentialist,INFERENTIALIST,14,noun,1891-,1891,printed date range,derivative,2,,philosophy,An advocate of such a theory.,0,,http://www.oed.com/dictionary/inferentialist_n
"4 - unresolved: not marked obsolete, last-quotation year hidden",intermingledom,INTERMINGLEDOM,14,noun,1753-,1753,printed date range,derivative,1,,,"= interminglement, n.",0,,http://www.oed.com/dictionary/intermingledom_n
"4 - unresolved: not marked obsolete, last-quotation year hidden",invincibleship,INVINCIBLESHIP,14,noun,1708-,1708,printed date range,derivative,0,,,Used as a mock title for one said to be invincible.,0,,http://www.oed.com/dictionary/invincibleship_n
"4 - unresolved: not marked obsolete, last-quotation year hidden",Italianesquery,ITALIANESQUERY,14,noun,1850-,1850,printed date range,derivative,0,,,Work executed in Italian style.,0,,http://www.oed.com/dictionary/italianesquery_n
"4 - unresolved: not marked obsolete, last-quotation year hidden",logofascinated,LOGOFASCINATED,14,adjective,1652-,1652,printed date range,borrowing,1,,,Fascinated by words.,0,,http://www.oed.com/dictionary/logofascinated_adj
"4 - unresolved: not marked obsolete, last-quotation year hidden",memorandum head,MEMORANDUMHEAD,14,noun,1732-,1732,printed date range,compound,0,,"crafts and trades/printing and typography, economics and commerce",†a. A good head for making mental notes; b…,0,,http://www.oed.com/dictionary/memorandum-head_n
"4 - unresolved: not marked obsolete, last-quotation year hidden",mothersickness,MOTHERSICKNESS,14,noun,1768-,1768,printed date range,compound,0,,sciences/medicine/psychology/psychiatry,"Hysteria. Cf. mothersick, adj. 1.",0,,http://www.oed.com/dictionary/mothersickness_n
"4 - unresolved: not marked obsolete, last-quotation year hidden",pantopragmatic,PANTOPRAGMATIC,14,"adjective, noun",1860-,1860,printed date range,compound,1,humorous,,Originally: †of or relating to ‘pantopragmatics’…,0,,http://www.oed.com/dictionary/pantopragmatic_adj
"4 - unresolved: not marked obsolete, last-quotation year hidden",parapsychology,PARAPSYCHOLOGY,14,noun,1887-,1887,printed date range,derivative,4,,"religion and belief/belief systems and practices/parapsychology, sciences/medicine/psychology",The field of study that deals with paranormal…,0,,http://www.oed.com/dictionary/parapsychology_n
"4 - unresolved: not marked obsolete, last-quotation year hidden",pecksniffingly,PECKSNIFFINGLY,14,adverb,1914-,1914,printed date range,derivative,0,,,"In a manner resembling Pecksniff (cf. Pecksniff, n.).",0,,http://www.oed.com/dictionary/pecksniffingly_adv
"4 - unresolved: not marked obsolete, last-quotation year hidden",pressure figure,PRESSUREFIGURE,14,noun,1884-,1884,printed date range,,2,,sciences/physical sciences/earth sciences/minerals,†a. A shape that corresponds to some situation…,0,,http://www.oed.com/dictionary/pressure-figure_n
"4 - unresolved: not marked obsolete, last-quotation year hidden",pseudodominant,PSEUDODOMINANT,14,"noun, adjective",1947-,1947,printed date range,compound,1,,sciences/life sciences/genetics,Genetics. A recessive allele manifesting as a…,0,,http://www.oed.com/dictionary/pseudodominant_n
"4 - unresolved: not marked obsolete, last-quotation year hidden",ringroundabout,RINGROUNDABOUT,14,verb,1922-,1922,printed date range,compound,0,,,transitive. To surround.,0,,http://www.oed.com/dictionary/ringroundabout_v
"4 - unresolved: not marked obsolete, last-quotation year hidden",rule of thumbite,RULEOFTHUMBITE,14,noun,1916-,1916,printed date range,derivative,0,,,A person who works by rule of thumb.,0,,http://www.oed.com/dictionary/rule-of-thumbite_n
"4 - unresolved: not marked obsolete, last-quotation year hidden",sanctification,SANCTIFICATION,14,noun,a1530-,1530,printed date range,borrowing,5,,religion and belief/religion/Christianity,Theology. The action of the Holy Spirit in…,0,,http://www.oed.com/dictionary/sanctification_n
"4 - unresolved: not marked obsolete, last-quotation year hidden",simplicitarian,SIMPLICITARIAN,14,noun,1809-,1809,printed date range,derivative,0,,,"A person who lives modestly, plainly, or…",0,,http://www.oed.com/dictionary/simplicitarian_n
"4 - unresolved: not marked obsolete, last-quotation year hidden",slipperslapper,SLIPPERSLAPPER,14,noun,1922-,1922,printed date range,compound,0,,crafts and trades/costume/shoes,"A loose, sloppily-fitting slipper (cf. slip-slop…",0,,http://www.oed.com/dictionary/slipperslapper_n
"4 - unresolved: not marked obsolete, last-quotation year hidden",statisticianly,STATISTICIANLY,14,adverb,1882-,1882,printed date range,derivative,0,,sciences/mathematics/statistics,In the manner of a statistician.,0,,http://www.oed.com/dictionary/statisticianly_adv
"4 - unresolved: not marked obsolete, last-quotation year hidden",stripe-shadowed,STRIPESHADOWED,14,adjective,1878-,1878,printed date range,compound,1,,,Crossed by stripes of shadow.,0,,http://www.oed.com/dictionary/stripe-shadowed_adj
"4 - unresolved: not marked obsolete, last-quotation year hidden",syllable-monger,SYLLABLEMONGER,14,noun,1784-,1784,printed date range,compound,0,,,One who makes verses (regarded merely as an…,0,,http://www.oed.com/dictionary/syllable-monger_n
"4 - unresolved: not marked obsolete, last-quotation year hidden",sympsychograph,SYMPSYCHOGRAPH,14,noun,1896-,1896,printed date range,derivative,0,,,An imaginary composite portrait produced by…,0,,http://www.oed.com/dictionary/sympsychograph_n
"4 - unresolved: not marked obsolete, last-quotation year hidden",technologizing,TECHNOLOGIZING,14,noun,1856-,1856,printed date range,derivative,2,,,The action of making technical or technological…,0,,http://www.oed.com/dictionary/technologizing_n
"4 - unresolved: not marked obsolete, last-quotation year hidden",teetotalleress,TEETOTALLERESS,14,noun,1854-,1854,printed date range,derivative,0,,,A female teetotaller.,0,,http://www.oed.com/dictionary/teetotalleress_n
"4 - unresolved: not marked obsolete, last-quotation year hidden",telemicroscope,TELEMICROSCOPE,14,noun,1868-,1868,printed date range,compound,2,,sciences/physical sciences/physics/optics,An instrument combining components… A special…,0,,http://www.oed.com/dictionary/telemicroscope_n
"4 - unresolved: not marked obsolete, last-quotation year hidden",tercentenarize,TERCENTENARIZE,14,verb,1866-,1866,printed date range,derivative,0,,,(transitive) to celebrate the tercentenary of.,0,,http://www.oed.com/dictionary/tercentenarize_v
"4 - unresolved: not marked obsolete, last-quotation year hidden",tertio-geniture,TERTIOGENITURE,14,noun,1855-,1855,printed date range,borrowing,0,,,Right of succession or inheritance belonging to…,0,,http://www.oed.com/dictionary/tertio-geniture_n
"4 - unresolved: not marked obsolete, last-quotation year hidden",three-cornerism,THREECORNERISM,14,noun,1884-,1884,printed date range,derivative,0,,,The fact or system of having ‘three-cornered’…,0,,http://www.oed.com/dictionary/three-cornerism_n
"4 - unresolved: not marked obsolete, last-quotation year hidden",tintinnabulism,TINTINNABULISM,14,noun,1826-,1826,printed date range,borrowing,0,,arts/performing arts/music/bell-ringing,The art or practice of bell-ringing.,0,,http://www.oed.com/dictionary/tintinnabulism_n
"4 - unresolved: not marked obsolete, last-quotation year hidden",topsy-turviment,TOPSYTURVIMENT,14,noun,1884-,1884,printed date range,derivative,0,,,Act of turning or condition of being turned…,0,,http://www.oed.com/dictionary/topsy-turviment_n
"4 - unresolved: not marked obsolete, last-quotation year hidden",torturing-stock,TORTURINGSTOCK,14,noun,1622-,1622,printed date range,compound,0,,,A person upon whom torture is inflicted.,0,,http://www.oed.com/dictionary/torturing-stock_n
"4 - unresolved: not marked obsolete, last-quotation year hidden",twiddle-twaddle,TWIDDLETWADDLE,14,verb,1925-,1925,printed date range,conversion,1,,,"intransitive, to chatter foolishly.",1,,http://www.oed.com/dictionary/twiddle-twaddle_v
"4 - unresolved: not marked obsolete, last-quotation year hidden",twirlification,TWIRLIFICATION,14,noun,1834-,1834,printed date range,derivative,0,,,"Twirling, gyrating.",0,,http://www.oed.com/dictionary/twirlification_n
"4 - unresolved: not marked obsolete, last-quotation year hidden",venisonivorous,VENISONIVOROUS,14,adjective,1831-,1831,printed date range,derivative,0,,,Given to eating venison.,0,,http://www.oed.com/dictionary/venisonivorous_adj
"4 - unresolved: not marked obsolete, last-quotation year hidden",wind instrument,WINDINSTRUMENT,14,noun,1582-,1582,printed date range,compound,3,,arts/performing arts/music,Any musical instrument whose sound is made by…,0,,http://www.oed.com/dictionary/wind-instrument_n
"4 - unresolved: not marked obsolete, last-quotation year hidden",woolgathersome,WOOLGATHERSOME,14,adjective,1922-,1922,printed date range,derivative,0,,,Suggestive of wool-gathering.,0,,http://www.oed.com/dictionary/woolgathersome_adj
"4 - unresolved: not marked obsolete, last-quotation year hidden",anthroposophist,ANTHROPOSOPHIST,15,noun,1851-,1851,printed date range,derivative,3,,education,An advocate or practitioner of Rudolf Steiner's…,0,,http://www.oed.com/dictionary/anthroposophist_n
"4 - unresolved: not marked obsolete, last-quotation year hidden",Bermuda Triangle,BERMUDATRIANGLE,15,noun,1964-,1964,printed date range,proper name,2,,transport/aviation,A roughly triangular area of the western Atlantic…,0,,http://www.oed.com/dictionary/bermuda-triangle_n
"4 - unresolved: not marked obsolete, last-quotation year hidden",comato-crapulose,COMATOCRAPULOSE,15,adjective,1850-,1850,printed date range,borrowing,0,humorous,,In a state of drowsiness and head-ache consequent…,0,,http://www.oed.com/dictionary/comato-crapulose_adj
"4 - unresolved: not marked obsolete, last-quotation year hidden",confessionalize,CONFESSIONALIZE,15,verb,1860-,1860,printed date range,derivative,2,,,intransitive. To introduce or use the confessional.,0,,http://www.oed.com/dictionary/confessionalize_v
"4 - unresolved: not marked obsolete, last-quotation year hidden",Congregationism,CONGREGATIONISM,15,noun,1884-,1884,printed date range,derivative,0,,,See quot. 1884.,0,,http://www.oed.com/dictionary/congregationism_n
"4 - unresolved: not marked obsolete, last-quotation year hidden",consequenceless,CONSEQUENCELESS,15,adjective,1849-,1849,printed date range,derivative,1,,,Without consequences.,0,,http://www.oed.com/dictionary/consequenceless_adj
"4 - unresolved: not marked obsolete, last-quotation year hidden",constitutioning,CONSTITUTIONING,15,noun,1820-,1820,printed date range,derivative,1,,,Making of constitutions.,0,,http://www.oed.com/dictionary/constitutioning_n
"4 - unresolved: not marked obsolete, last-quotation year hidden",dactylodeiktous,DACTYLODEIKTOUS,15,adjective,1852-,1852,printed date range,compound,0,,,Pointed at with the finger.,0,,http://www.oed.com/dictionary/dactylodeiktous_adj
"4 - unresolved: not marked obsolete, last-quotation year hidden",daguerreotypism,DAGUERREOTYPISM,15,noun,1846-,1846,printed date range,derivative,0,,arts/visual arts/painting and drawing/painting,Minute exactness as of a daguerreotype.,0,,http://www.oed.com/dictionary/daguerreotypism_n
"4 - unresolved: not marked obsolete, last-quotation year hidden",demutualization,DEMUTUALIZATION,15,noun,1905-,1905,printed date range,derivative,3,,economics and commerce,The process of converting a mutual company owned…,0,,http://www.oed.com/dictionary/demutualization_n
"4 - unresolved: not marked obsolete, last-quotation year hidden",dictionary-proof,DICTIONARYPROOF,15,adjective,1819-,1819,printed date range,compound,0,,,†a. (Apparently) of proven ability through having…,0,,http://www.oed.com/dictionary/dictionary-proof_adj
"4 - unresolved: not marked obsolete, last-quotation year hidden",dishumanization,DISHUMANIZATION,15,noun,1909-,1909,printed date range,derivative,0,,,The act or process of dishumanizing.,0,,http://www.oed.com/dictionary/dishumanization_n
"4 - unresolved: not marked obsolete, last-quotation year hidden",dissubstantiate,DISSUBSTANTIATE,15,verb,1871-,1871,printed date range,derivative,0,,,transitive. To deprive of substance or substantiality.,0,,http://www.oed.com/dictionary/dissubstantiate_v
"4 - unresolved: not marked obsolete, last-quotation year hidden",ecclesiasticize,ECCLESIASTICIZE,15,verb,1865-,1865,printed date range,derivative,1,,religion and belief/religion/Christianity/ecclesiastical,transitive. To render ecclesiastical.,0,,http://www.oed.com/dictionary/ecclesiasticize_v
"4 - unresolved: not marked obsolete, last-quotation year hidden",executioneering,EXECUTIONEERING,15,adjective,1818-,1818,printed date range,derivative,1,,,That is employed in executions (of criminals).,0,,http://www.oed.com/dictionary/executioneering_adj
"4 - unresolved: not marked obsolete, last-quotation year hidden",experimentalist,EXPERIMENTALIST,15,"noun, adjective",1677-,1677,printed date range,derivative,4,,,A person who tries out or advocates new and…,0,,http://www.oed.com/dictionary/experimentalist_n
"4 - unresolved: not marked obsolete, last-quotation year hidden",Fifth-monarchism,FIFTHMONARCHISM,15,noun,1870-,1870,printed date range,derivative,0,,,The principles of the Fifth-monarchy men.,0,,http://www.oed.com/dictionary/fifth-monarchism_n
"4 - unresolved: not marked obsolete, last-quotation year hidden",gratitudinarian,GRATITUDINARIAN,15,adjective,1794-,1794,printed date range,borrowing,0,,,Making a show of gratitude.,0,,http://www.oed.com/dictionary/gratitudinarian_adj
"4 - unresolved: not marked obsolete, last-quotation year hidden",heterodogmatize,HETERODOGMATIZE,15,verb,1651-,1651,printed date range,compound,0,,,intransitive to hold or pronounce an opinion…,0,,http://www.oed.com/dictionary/heterodogmatize_v
"4 - unresolved: not marked obsolete, last-quotation year hidden",housemaidenhood,HOUSEMAIDENHOOD,15,noun,1874-,1874,printed date range,compound,0,,,"The condition, state, or practice of working as a…",0,,http://www.oed.com/dictionary/housemaidenhood_n
"4 - unresolved: not marked obsolete, last-quotation year hidden",ickylickysticky,ICKYLICKYSTICKY,15,adjective,1922-,1922,printed date range,derivative,0,colloquial and slang,,Unpleasantly sticky.,0,,http://www.oed.com/dictionary/ickylickysticky_adj
"4 - unresolved: not marked obsolete, last-quotation year hidden",inconsequentism,INCONSEQUENTISM,15,noun,1829-,1829,printed date range,derivative,0,,,"= inconsequence, n. 3.",0,,http://www.oed.com/dictionary/inconsequentism_n
"4 - unresolved: not marked obsolete, last-quotation year hidden",indiscretionary,INDISCRETIONARY,15,adjective,1840-,1840,printed date range,derivative,1,,,Of or pertaining to indiscretion.,0,,http://www.oed.com/dictionary/indiscretionary_adj
"4 - unresolved: not marked obsolete, last-quotation year hidden",leading-stringed,LEADINGSTRINGED,15,adjective,1859-,1859,printed date range,derivative,0,,,"Guided with, or kept within, leading-strings.",0,,http://www.oed.com/dictionary/leading-stringed_adj
"4 - unresolved: not marked obsolete, last-quotation year hidden",lithographic pen,LITHOGRAPHICPEN,15,noun,1862-,1862,printed date range,compound,1,,,A pen used for drawing a design on stone or metal.,0,,http://www.oed.com/dictionary/lithographic-pen_n
"4 - unresolved: not marked obsolete, last-quotation year hidden",murdermongeress,MURDERMONGERESS,15,noun,1957-,1957,printed date range,derivative,0,,arts/literature,A female writer of murder stories.,0,,http://www.oed.com/dictionary/murdermongeress_n
"4 - unresolved: not marked obsolete, last-quotation year hidden",parthenogenetic,PARTHENOGENETIC,15,adjective,1860-,1860,printed date range,compound,4,,"sciences/life sciences, sciences/medicine/physiology","Biology. Relating to, characterized by, or of the…",0,,http://www.oed.com/dictionary/parthenogenetic_adj
"4 - unresolved: not marked obsolete, last-quotation year hidden",peacock's feather,PEACOCKSFEATHER,15,noun,?a1425-,1425,printed date range,compound,0,,,Any of the feathers of a peacock; spec. one of…,0,,http://www.oed.com/dictionary/peacocks-feather_n
"4 - unresolved: not marked obsolete, last-quotation year hidden",peripherization,PERIPHERIZATION,15,noun,1926-,1926,printed date range,derivative,2,,,The process of being moved to the periphery…,0,,http://www.oed.com/dictionary/peripherization_n
"4 - unresolved: not marked obsolete, last-quotation year hidden",pilgrim-fatherly,PILGRIMFATHERLY,15,adjective,1883-,1883,printed date range,compound,0,,,Characteristic of the Pilgrim Fathers.,0,,http://www.oed.com/dictionary/pilgrim-fatherly_adj
"4 - unresolved: not marked obsolete, last-quotation year hidden",providentialist,PROVIDENTIALIST,15,"noun, adjective",1695-,1695,printed date range,derivative,3,,religion and belief/religion,"A believer in the predestination of events, esp…",0,,http://www.oed.com/dictionary/providentialist_n
"4 - unresolved: not marked obsolete, last-quotation year hidden",supernaturaldom,SUPERNATURALDOM,15,noun,1869-,1869,printed date range,derivative,0,,,The realm of supernatural things or beings.,0,,http://www.oed.com/dictionary/supernaturaldom_n
"4 - unresolved: not marked obsolete, last-quotation year hidden",tartar-emeticize,TARTAREMETICIZE,15,verb,1844-,1844,printed date range,compound,0,,sciences/medicine,(transitive) to dose with tartar-emetic.,0,,http://www.oed.com/dictionary/tartar-emeticize_v
"4 - unresolved: not marked obsolete, last-quotation year hidden",vespertilionize,VESPERTILIONIZE,15,verb,1854-,1854,printed date range,borrowing,0,,sciences/life sciences/animals,transitive. To convert or turn into a bat.,0,,http://www.oed.com/dictionary/vespertilionize_v
"4 - unresolved: not marked obsolete, last-quotation year hidden",vindictivolence,VINDICTIVOLENCE,15,noun,1865-,1865,printed date range,borrowing,0,,,The desire of revenging oneself or of taking vengeance.,0,,http://www.oed.com/dictionary/vindictivolence_n
"4 - unresolved: not marked obsolete, last-quotation year hidden",weather-wiseacre,WEATHERWISEACRE,15,noun,1807-,1807,printed date range,compound,0,,,One who professes to be weather-wise.,0,,http://www.oed.com/dictionary/weather-wiseacre_n
"4 - unresolved: not marked obsolete, last-quotation year hidden",anthropometrical,ANTHROPOMETRICAL,16,adjective,1853-,1853,printed date range,compound,3,,social sciences/cultural anthropology,Of or relating to the measurement of the human…,0,,http://www.oed.com/dictionary/anthropometrical_adj
"4 - unresolved: not marked obsolete, last-quotation year hidden",counter-ponderant,COUNTERPONDERANT,16,adjective,1824-,1824,printed date range,derivative,0,,,"Counter-weighing, counter-balancing.",0,,http://www.oed.com/dictionary/counter-ponderant_adj
"4 - unresolved: not marked obsolete, last-quotation year hidden",incorporationist,INCORPORATIONIST,16,noun,1888-,1888,printed date range,derivative,2,,,One who favours or supports incorporation.,0,,http://www.oed.com/dictionary/incorporationist_n
"4 - unresolved: not marked obsolete, last-quotation year hidden",knick-knackically,KNICKKNACKICALLY,16,adverb,1749-,1749,printed date range,derivative,0,,,"In a knick-knackish way, frivolously.",0,,http://www.oed.com/dictionary/knick-knackically_adv
"4 - unresolved: not marked obsolete, last-quotation year hidden",Old Moore's Almanac,OLDMOORESALMANAC,16,verb,1916-,1916,printed date range,conversion,2,,,intransitive. To engage in predictions of the future.,0,,http://www.oed.com/dictionary/old-moores-almanac_v
"4 - unresolved: not marked obsolete, last-quotation year hidden",plus ça change-ness,PLUSCACHANGENESS,16,noun,1966-,1966,printed date range,derivative,0,,,The quality of remaining fundamentally the same…,0,,http://www.oed.com/dictionary/plus-ca-change-ness_n
"4 - unresolved: not marked obsolete, last-quotation year hidden",pneumatic-drilled,PNEUMATICDRILLED,16,adjective,1947-,1947,printed date range,compound,0,,,Equipped with a pneumatic drill (figurative in…,0,,http://www.oed.com/dictionary/pneumatic-drilled_adj
"4 - unresolved: not marked obsolete, last-quotation year hidden",practicalization,PRACTICALIZATION,16,noun,1869-,1869,printed date range,derivative,2,,,Implementation; the action of putting into effect.,0,,http://www.oed.com/dictionary/practicalization_n
"4 - unresolved: not marked obsolete, last-quotation year hidden",prisoner-of-wardom,PRISONEROFWARDOM,16,noun,1974-,1974,printed date range,derivative,0,,,The condition of being a prisoner of war.,0,,http://www.oed.com/dictionary/prisoner-of-wardom_n
"4 - unresolved: not marked obsolete, last-quotation year hidden",robinredbreasted,ROBINREDBREASTED,16,adjective,1922-,1922,printed date range,derivative,0,,,Wearing a red waistcoat.,0,,http://www.oed.com/dictionary/robinredbreasted_adj
"4 - unresolved: not marked obsolete, last-quotation year hidden",saccharhinoceros,SACCHARHINOCEROS,16,noun,1951-,1951,printed date range,blend,0,,,A lumbering person with an excessively effusive…,0,,http://www.oed.com/dictionary/saccharhinoceros_n
"4 - unresolved: not marked obsolete, last-quotation year hidden",scratchification,SCRATCHIFICATION,16,noun,1840-,1840,printed date range,derivative,0,humorous,,A spiteful attack.,0,,http://www.oed.com/dictionary/scratchification_n
"4 - unresolved: not marked obsolete, last-quotation year hidden",scribble-scrabble,SCRIBBLESCRABBLE,16,"adverb, noun, adjective",1590-,1590,printed date range,compound,1,colloquial and slang,,"A scribbled or scrawled message, drawing, etc…",1,,http://www.oed.com/dictionary/scribble-scrabble_adv
"4 - unresolved: not marked obsolete, last-quotation year hidden",sterilifidianism,STERILIFIDIANISM,16,noun,a1834-,1834,printed date range,borrowing,0,,,Belief in the sufficiency of a ‘barren’ faith.,0,,http://www.oed.com/dictionary/sterilifidianism_n
"4 - unresolved: not marked obsolete, last-quotation year hidden",tatterdemalionry,TATTERDEMALIONRY,16,noun,1840-,1840,printed date range,derivative,0,,,The body of tatterdemalions.,0,,http://www.oed.com/dictionary/tatterdemalionry_n
"4 - unresolved: not marked obsolete, last-quotation year hidden",threnothriambics,THRENOTHRIAMBICS,16,noun,1673-,1673,printed date range,borrowing,0,humorous,,Verses in which lamentation and triumph are combined.,0,,http://www.oed.com/dictionary/threnothriambics_n
"4 - unresolved: not marked obsolete, last-quotation year hidden",trouser-stockings,TROUSERSTOCKINGS,16,noun,1883-,1883,printed date range,compound,0,,crafts and trades/costume,†a. (Apparently) leggings or tights for a swimmer…,0,,http://www.oed.com/dictionary/trouser-stockings_n
"4 - unresolved: not marked obsolete, last-quotation year hidden",whipping-snapping,WHIPPINGSNAPPING,16,adjective,1861-,1861,printed date range,derivative,0,,,"Diminutive, insignificant.",0,,http://www.oed.com/dictionary/whipping-snapping_adj
"4 - unresolved: not marked obsolete, last-quotation year hidden",chirographosophic,CHIROGRAPHOSOPHIC,17,adjective,1850-,1850,printed date range,derivative,0,,arts/decorative arts/handwriting and calligraphy,"Skilled in, or a judge of handwriting.",0,,http://www.oed.com/dictionary/chirographosophic_adj
"4 - unresolved: not marked obsolete, last-quotation year hidden",conversion therapy,CONVERSIONTHERAPY,17,noun,1967-,1967,printed date range,compound,4,,,Therapy or treatment intended or claimed to…,0,,http://www.oed.com/dictionary/conversion-therapy_n
"4 - unresolved: not marked obsolete, last-quotation year hidden",degeomorphization,DEGEOMORPHIZATION,17,noun,1894-,1894,printed date range,borrowing,0,,,"The process of making unlike, or less like, the earth.",0,,http://www.oed.com/dictionary/degeomorphization_n
"4 - unresolved: not marked obsolete, last-quotation year hidden",dendranthropology,DENDRANTHROPOLOGY,17,noun,a1843-,1843,printed date range,compound,0,,sciences/life sciences/plants,‘Study based on the theory that man had sprung…,0,,http://www.oed.com/dictionary/dendranthropology_n
"4 - unresolved: not marked obsolete, last-quotation year hidden",environment agency,ENVIRONMENTAGENCY,17,noun,1913-,1913,printed date range,compound,2,,,a. A means of connecting the immortal soul with…,0,,http://www.oed.com/dictionary/environment-agency_n
"4 - unresolved: not marked obsolete, last-quotation year hidden",episuperstruction,EPISUPERSTRUCTION,17,noun,1840-,1840,printed date range,derivative,0,,,Additional superstruction.,0,,http://www.oed.com/dictionary/episuperstruction_n
"4 - unresolved: not marked obsolete, last-quotation year hidden",gooseberryologist,GOOSEBERRYOLOGIST,17,noun,1838-,1838,printed date range,compound,0,,,A person who studies gooseberries.,0,,http://www.oed.com/dictionary/gooseberryologist_n
"4 - unresolved: not marked obsolete, last-quotation year hidden",manger-doggishness,MANGERDOGGISHNESS,17,noun,1861-,1861,printed date range,compound,0,,,The fact or condition of being a dog-in-the-manger.,0,,http://www.oed.com/dictionary/manger-doggishness_n
"4 - unresolved: not marked obsolete, last-quotation year hidden",parapsychological,PARAPSYCHOLOGICAL,17,adjective,1887-,1887,printed date range,derivative,3,,religion and belief/belief systems and practices/parapsychology,Of or relating to parapsychology (parapsychology…,0,,http://www.oed.com/dictionary/parapsychological_adj
"4 - unresolved: not marked obsolete, last-quotation year hidden",thalassometrician,THALASSOMETRICIAN,17,noun,1652-,1652,printed date range,compound,0,,,One who measures the sea.,0,,http://www.oed.com/dictionary/thalassometrician_n
"4 - unresolved: not marked obsolete, last-quotation year hidden",theomisanthropist,THEOMISANTHROPIST,17,noun,1831-,1831,printed date range,compound,0,,,One who hates God and man.,0,,http://www.oed.com/dictionary/theomisanthropist_n
"4 - unresolved: not marked obsolete, last-quotation year hidden",Yankeedoodledodom,YANKEEDOODLEDODOM,17,noun,1843-,1843,printed date range,derivative,0,,,"= Yankeedom, n.",0,,http://www.oed.com/dictionary/yankeedoodledodom_n
"4 - unresolved: not marked obsolete, last-quotation year hidden",champagne socialism,CHAMPAGNESOCIALISM,18,noun,1906-,1906,printed date range,compound,1,disparaging,politics,Socialism as practised or espoused by people who…,0,,http://www.oed.com/dictionary/champagne-socialism_n
"4 - unresolved: not marked obsolete, last-quotation year hidden",champagne socialist,CHAMPAGNESOCIALIST,18,noun,1906-,1906,printed date range,compound,2,disparaging,politics,A person who espouses socialist ideals but enjoys…,0,,http://www.oed.com/dictionary/champagne-socialist_n
"4 - unresolved: not marked obsolete, last-quotation year hidden",exeleutherostomize,EXELEUTHEROSTOMIZE,18,verb,1854-,1854,printed date range,borrowing,0,,,transitive. To speak out freely.,0,,http://www.oed.com/dictionary/exeleutherostomize_v
"4 - unresolved: not marked obsolete, last-quotation year hidden",inconsequentialism,INCONSEQUENTIALISM,18,noun,1893-,1893,printed date range,derivative,0,,,Inconsequential or disconnected nature.,0,,http://www.oed.com/dictionary/inconsequentialism_n
"4 - unresolved: not marked obsolete, last-quotation year hidden",superintendentship,SUPERINTENDENTSHIP,18,noun,1565-,1565,printed date range,derivative,2,,,"The office, position, or role of superintendent…",0,,http://www.oed.com/dictionary/superintendentship_n
"4 - unresolved: not marked obsolete, last-quotation year hidden",broken heart syndrome,BROKENHEARTSYNDROME,19,noun,1946-,1946,printed date range,compound,3,,sciences/medicine/pathology,"a. Depression, low spirits, or despondency…",0,,http://www.oed.com/dictionary/broken-heart-syndrome_n
"4 - unresolved: not marked obsolete, last-quotation year hidden",impossibilification,IMPOSSIBILIFICATION,19,noun,a1834-,1834,printed date range,derivative,0,,,A rendering impossible.,0,,http://www.oed.com/dictionary/impossibilification_n
"4 - unresolved: not marked obsolete, last-quotation year hidden",schematologetically,SCHEMATOLOGETICALLY,19,adverb,1652-,1652,printed date range,borrowing,0,,,By means of figured language.,0,,http://www.oed.com/dictionary/schematologetically_adv
"4 - unresolved: not marked obsolete, last-quotation year hidden",gastrophilanthropist,GASTROPHILANTHROPIST,20,noun,1814-,1814,printed date range,compound,0,,,A benevolent purveyor for the appetites of others.,0,,http://www.oed.com/dictionary/gastrophilanthropist_n
"4 - unresolved: not marked obsolete, last-quotation year hidden",special correspondent,SPECIALCORRESPONDENT,20,noun,1821-,1821,printed date range,compound,4,,,A journalist who writes for a newspaper on…,0,,http://www.oed.com/dictionary/special-correspondent_n
"4 - unresolved: not marked obsolete, last-quotation year hidden",telephotomicrography,TELEPHOTOMICROGRAPHY,20,noun,1897-,1897,printed date range,compound,0,,technology/photography,†a. The art or practice of photographing distant…,0,,http://www.oed.com/dictionary/telephotomicrography_n
"4 - unresolved: not marked obsolete, last-quotation year hidden",psychophysicotherapeutics,PSYCHOPHYSICOTHERAPEUTICS,25,noun,1922-,1922,printed date range,compound,0,,sciences/medicine,Remedial treatment of the mind and body.,0,,http://www.oed.com/dictionary/psychophysicotherapeutics_n
