crossword_form,length,lemma,pos,date,formation,definition,url
YOFF,4,yoff,verb,c1630,imitative,intransitive. To make a sound resembling the…,http://www.oed.com/dictionary/yoff_v
ALECY,5,alecy,noun,1594,derivative,Foolishness or irrationality due to drunkenness…,http://www.oed.com/dictionary/alecy_n
AMEED,5,ameed,verb,1807,derivative,transitive. To reward or recompense (a person)…,http://www.oed.com/dictionary/ameed_v
CHEHO,5,cheho,verb,1706,imitative,intransitive. To sneeze.,http://www.oed.com/dictionary/cheho_v
CHICH,5,chich,verb,c1450,variant,transitive. Of a hen: to call (her chicks). Cf…,http://www.oed.com/dictionary/chich_v
DONLY,5,donly,adjective,1893,derivative,Having the characteristics or attributes of a…,http://www.oed.com/dictionary/donly_adj
EARAL,5,earal,adjective,1658,derivative,"Concerned with the ear, or that which is heard.",http://www.oed.com/dictionary/earal_adj
ELVET,5,elvet,noun,1885,derivative,A tiny elf.,http://www.oed.com/dictionary/elvet_n
HOBLE,5,hoble,verb,1530,variant,intransitive. To use a net for catching birds; to…,http://www.oed.com/dictionary/hoble_v
IULAN,5,iulan,adjective,a1627,borrowing,Of the first growth of the beard.,http://www.oed.com/dictionary/iulan_adj
LABRA,5,labra,noun,a1616,borrowing,A lip.,http://www.oed.com/dictionary/labra_n
MEROP,5,merop,adjective,1864,borrowing,"= meropic, adj.",http://www.oed.com/dictionary/merop_adj
OWLBY,5,owlby,noun,1653,derivative,derogatory. Obsolete. Apparently: a person who resembles an owl.,http://www.oed.com/dictionary/owlby_n
OXIFY,5,oxify,verb,1804,derivative,transitive. To make an ox of; to turn into an ox.,http://www.oed.com/dictionary/oxify_v
QCDOM,5,Q.C.-dom,,1865,,The state or condition of a Q.C.,http://www.oed.com/dictionary/qc-dom_x
SAFED,5,safed,adjective,1881,derivative,Provided with a safe for securing money and…,http://www.oed.com/dictionary/safed_adj
SAGED,5,saged,adjective,1563,derivative,Befitting a sage; characterized by wisdom.,http://www.oed.com/dictionary/saged_adj
TRIVE,5,trive,verb,1573,shortening,"transitive. = contrive, v.¹",http://www.oed.com/dictionary/trive_v
ACHAGE,6,achage,noun,1875,derivative,The state of having an ache.,http://www.oed.com/dictionary/achage_n
AMEBLY,6,amebly,noun,a1643,variant,Perhaps: an amiable or friendly person.,http://www.oed.com/dictionary/amebly_n
AMOUND,6,amound,verb,1642,variant,intransitive. To amount to something.,http://www.oed.com/dictionary/amound_v
ANNIST,6,Annist,noun,1730,proper name,In the 18th century: a supporter of Queen Anne.,http://www.oed.com/dictionary/annist_n
BEATOR,6,beator,noun,1719,derivative,A person who hits or beats another. Contrasted…,http://www.oed.com/dictionary/beator_n
BUMBIS,6,bumbis,noun,a1640,arbitrary,A piece of meaningless pig Latin used as patter…,http://www.oed.com/dictionary/bumbis_n
CRAZEN,6,crazen,adjective,1596,derivative,"Split or cracked; broken, damaged. Cf. crazed…",http://www.oed.com/dictionary/crazen_adj
CURKLE,6,curkle,verb,1693,imitative,To cry as a quail.,http://www.oed.com/dictionary/curkle_v
CUTAIR,6,cut-air,noun,1665,compound,"The largest vein of a fly's wing, which forms the…",http://www.oed.com/dictionary/cut-air_n
DEALTH,6,dealth,noun,1637,derivative,Portion dealt.,http://www.oed.com/dictionary/dealth_n
DEBASH,6,debash,verb,1610,derivative,To abash.,http://www.oed.com/dictionary/debash_v
DEBIND,6,debind,verb,1814,derivative,To bind down. (Put by Scott into the mouth of…,http://www.oed.com/dictionary/debind_v
DEFEUD,6,defeud,noun,1648,derivative,= Feud.,http://www.oed.com/dictionary/defeud_n
DETOMB,6,detomb,verb,1607,derivative,transitive. To deliver from the tomb.,http://www.oed.com/dictionary/detomb_v
DINGEE,6,dingee,noun,1835,derivative,A member of the crew of a dinghy.,http://www.oed.com/dictionary/dingee_n
DUABLE,6,duable,adjective,1647,borrowing,Divisible into two.,http://www.oed.com/dictionary/duable_adj
EARLED,6,earled,adjective,1606,derivative,Raised to the rank of earl.,http://www.oed.com/dictionary/earled_adj
FATARY,6,fatary,noun,1652,derivative,"A person who foretells fates; a fortune-teller, a…",http://www.oed.com/dictionary/fatary_n
FRANKY,6,franky,adjective,1582,derivative,Looking as if frank-fed; ‘stalled’.,http://www.oed.com/dictionary/franky_adj
INCUBE,6,incube,verb,1642,derivative,transitive. To infix like a cube.,http://www.oed.com/dictionary/incube_v
INDOCK,6,indock,verb,1611,derivative,"To put in dock, to dock: in quot. 1611 figurative…",http://www.oed.com/dictionary/indock_v
INPATH,6,in-path,noun,1582,derivative,"A way that is no way, an impassable way.",http://www.oed.com/dictionary/in-path_n
JOBCRY,6,Job-cry,noun,1891,compound,A vehement lamentation like that of Job.,http://www.oed.com/dictionary/job-cry_n
JOBISM,6,Jobism,noun,1855,derivative,A vehement lamentation like that of Job.,http://www.oed.com/dictionary/jobism_n
JOBLER,6,jobler,noun,1662,derivative,A person who does odd jobs or small pieces of…,http://www.oed.com/dictionary/jobler_n
LUDENT,6,ludent,noun,1573,borrowing,A player.,http://www.oed.com/dictionary/ludent_n
LYNCHY,6,Lynchy,adverb,1840,proper name,In a manner suggestive of ‘Judge Lynch’ (see…,http://www.oed.com/dictionary/lynchy_adv
MANNET,6,mannet,noun,1631,derivative,A little man.,http://www.oed.com/dictionary/mannet_n
MOMIZE,6,momize,verb,1654,derivative,"intransitive. To find fault; to criticize, censure.",http://www.oed.com/dictionary/momize_v
MUTISH,6,mutish,adjective,1865,derivative,Reminiscent of a funeral mute. Only in…,http://www.oed.com/dictionary/mutish_adj
NAMEFY,6,namefy,verb,1589,derivative,transitive. To mention by name.,http://www.oed.com/dictionary/namefy_v
NANITY,6,nanity,noun,1892,borrowing,The condition of being abnormally deficient or…,http://www.oed.com/dictionary/nanity_n
NEOGAM,6,neogam,noun,1862,borrowing,A newly-wed person.,http://www.oed.com/dictionary/neogam_n
OUTJET,6,out-jet,verb,1822,derivative,transitive. To be more intensely black than.,http://www.oed.com/dictionary/out-jet_v
PADRAM,6,pad-ram,noun,1715,compound,A good-tempered ram.,http://www.oed.com/dictionary/pad-ram_n
PIKESS,6,pikess,noun,1854,derivative,"A female pike (pike, n.³).",http://www.oed.com/dictionary/pikess_n
PIKISH,6,pikish,adjective,1799,derivative,"Perhaps: armed, martial.",http://www.oed.com/dictionary/pikish_adj
POLIAD,6,poliad,noun,1818,borrowing,A nymph who inhabits a city.,http://www.oed.com/dictionary/poliad_n
PROSET,6,proset,noun,1625,derivative,A little or insignificant piece of prose.,http://www.oed.com/dictionary/proset_n
PUNKIN,6,punkin,noun,1866,derivative,"= punlet, n.",http://www.oed.com/dictionary/punkin_n
PUNLET,6,punlet,noun,a1834,derivative,A little pun.,http://www.oed.com/dictionary/punlet_n
PURDOG,6,pur-dog,noun,a1637,compound,(Perhaps) the dog often depicted alongside the…,http://www.oed.com/dictionary/pur-dog_n
SOFANE,6,sofane,adjective,1860,derivative,Of or relating to a sofa.,http://www.oed.com/dictionary/sofane_adj
SUITLY,6,suitly,adverb,1913,derivative,"Fittingly, appropriately; suitably.",http://www.oed.com/dictionary/suitly_adv
TANTIN,6,tan-tin,noun,1721,imitative,Imitation of the sound of a bell: in quot. adverbial.,http://www.oed.com/dictionary/tan-tin_n
TAPERY,6,tapery,noun,1657,derivative,Tape and the like.,http://www.oed.com/dictionary/tapery_n
TAWDER,6,tawder,verb,1716,backformation,transitive. To deck out in tawdry garments.,http://www.oed.com/dictionary/tawder_v
TWANGO,6,twango,interjection,1617,compound,"= twang, n.¹ 1.",http://www.oed.com/dictionary/twango_int
UNPASS,6,unpass,verb,1606,derivative,"transitive. To rescind (a pledge). Cf. pass, v. X.46a.",http://www.oed.com/dictionary/unpass_v
URNARY,6,urnary,noun,1750,derivative,The designing or making of urns.,http://www.oed.com/dictionary/urnary_n
WEENER,6,weener,noun,1604,derivative,"One who weens; easy weener, a credulous person.",http://www.oed.com/dictionary/weener_n
WIPARD,6,wipard,noun,1653,derivative,An article for wiping.,http://www.oed.com/dictionary/wipard_n
WISIFY,6,wisify,verb,1694,derivative,transitive. To make wise.,http://www.oed.com/dictionary/wisify_v
WITTEE,6,wittee,noun,1654,derivative,A wife whose adultery was forced upon her by her…,http://www.oed.com/dictionary/wittee_n
ANEABIL,7,aneabil,adjective,1609,derivative,"Of a person: single, unmarried.",http://www.oed.com/dictionary/aneabil_adj
AQUEITY,7,aqueity,noun,1612,borrowing,The essential principle of water; watery quality.,http://www.oed.com/dictionary/aqueity_n
BAWDEFY,7,bawdefy,verb,1562,derivative,transitive. Perhaps: to mark or cover (something)…,http://www.oed.com/dictionary/bawdefy_v
BEEFEAT,7,beef-eat,verb,1671,backformation,"(Cf. beefeater, n.)",http://www.oed.com/dictionary/beef-eat_v
BONZOID,7,Bonzoid,adjective,1928,derivative,Exhibiting characteristics of the comic strip…,http://www.oed.com/dictionary/bonzoid_adj
CHEAPTH,7,cheapth,noun,1606,derivative,Inexpensiveness or abundance of commodities…,http://www.oed.com/dictionary/cheapth_n
CLERIFY,7,clerify,verb,1861,derivative,transitive. To cause (a person) to take on the…,http://www.oed.com/dictionary/clerify_v
CLOUDLY,7,cloudly,adjective,1621,derivative,"Cloud-like, of the nature of a cloud.",http://www.oed.com/dictionary/cloudly_adj
COMPOPE,7,compope,noun,1659,derivative,"A fellow-pope, a colleague in the papal office.",http://www.oed.com/dictionary/compope_n
COOKICS,7,cookics,noun,1845,derivative,"Cookery, humorously regarded as a branch of science.",http://www.oed.com/dictionary/cookics_n
COWLISH,7,cowlish,adjective,1536,derivative,"Characteristic of monk; monkish. (Cf. cowl, n.¹ 1b.)",http://www.oed.com/dictionary/cowlish_adj
COWLIST,7,cowlist,noun,1637,derivative,One who wears a cowl; a monk.,http://www.oed.com/dictionary/cowlist_n
DASHISM,7,dashism,noun,1788,derivative,The characteristic of being daringly bold. Cf…,http://www.oed.com/dictionary/dashism_n
DEAMPLE,7,de-ample,verb,1657,derivative,"To deprive of amplitude, belittle.",http://www.oed.com/dictionary/de-ample_v
DEARING,7,dearing,noun,1601,derivative,Darling.,http://www.oed.com/dictionary/dearing_n
DECROTT,7,decrott,verb,1653,borrowing,"transitive. To clean from dirt, remove dirt from.",http://www.oed.com/dictionary/decrott_v
DENTITY,7,dentity,noun,1638,borrowing,The age of teething.,http://www.oed.com/dictionary/dentity_n
DICKENY,7,Dickeny,adjective,1886,proper name,Influenced by the writings of Charles Dickens.,http://www.oed.com/dictionary/dickeny_adj
DISKNOW,7,disknow,verb,1606,derivative,transitive. To fail to know or acknowledge.,http://www.oed.com/dictionary/disknow_v
DISMAGN,7,dismagn,verb,1657,borrowing,transitive. To deprive of greatness.,http://www.oed.com/dictionary/dismagn_v
DISSELF,7,disself,verb,1606,derivative,To put (a person) beside himself or herself; to…,http://www.oed.com/dictionary/disself_v
DISSOUL,7,dissoul,verb,1622,derivative,transitive. To deprive of a soul.,http://www.oed.com/dictionary/dissoul_v
DISSPUR,7,disspur,verb,1603,derivative,transitive. To deprive (of spurs).,http://www.oed.com/dictionary/disspur_v
DISTIME,7,distime,verb,1650,derivative,transitive. ? To put out of time; to mistime.,http://www.oed.com/dictionary/distime_v
DISTREE,7,distree,verb,a1638,derivative,transitive. To deprive or strip of trees.,http://www.oed.com/dictionary/distree_v
DOGCOOK,7,dog-cook,noun,1825,compound,"A male cook (cf. dog, n.¹ I.2 and compounds C.2b).",http://www.oed.com/dictionary/dog-cook_n
EMBREAD,7,embread,verb,1548,derivative,"transitive. To convert into, or incorporate in, bread.",http://www.oed.com/dictionary/embread_v
EYEAREA,7,eye-area,noun,1895,compound,A representation of the eye and its surrounding…,http://www.oed.com/dictionary/eye-area_n
EYEDAWN,7,eye-dawn,noun,1820,compound,The dawn or first appearance (of a feeling) in the eye.,http://www.oed.com/dictionary/eye-dawn_n
FAIRFUL,7,fairful,noun,1872,derivative,As many as would fill a fair.,http://www.oed.com/dictionary/fairful_n
FIBLING,7,fibling,adjective,1681,derivative,Given to telling little fibs.,http://www.oed.com/dictionary/fibling_adj
FOETROY,7,foe-Troy,adjective,?1615,compound,Hostile to Troy.,http://www.oed.com/dictionary/foe-troy_adj
GASPANT,7,gaspant,adjective,1831,derivative,A mock-heraldic term for: gasping.,http://www.oed.com/dictionary/gaspant_adj
GOBLERY,7,goblery,noun,1798,derivative,Probably: goblins collectively.,http://www.oed.com/dictionary/goblery_n
GOINGLY,7,goingly,adverb,a1642,derivative,At a walking pace.,http://www.oed.com/dictionary/goingly_adv
GRAPING,7,graping,adjective,1610,derivative,Bearing grapes.,http://www.oed.com/dictionary/graping_adj
HALSNER,7,halsner,noun,1594,derivative,"An augury, an omen. Cf. halsen, v. 2.",http://www.oed.com/dictionary/halsner_n
HARIOLE,7,hariole,verb,1833,,"To divine, guess.",http://www.oed.com/dictionary/hariole_v
HERSALL,7,hersall,noun,1590,shortening,"In Spenser: = rehearsal, n.",http://www.oed.com/dictionary/hersall_n
HIPHAPE,7,hip hape,noun,a1640,compound,"Clothing or an accessory used to cover, alter, or…",http://www.oed.com/dictionary/hip-hape_n
HOBBIZE,7,Hobbize,verb,1696,proper name,intransitive. To align one's ideas or theories…,http://www.oed.com/dictionary/hobbize_v
IDOLANT,7,idolant,noun,1605,derivative,A person who worships an idol or image as a god…,http://www.oed.com/dictionary/idolant_n
JOSSISH,7,jossish,adjective,1834,derivative,Resembling or characteristic of a joss.,http://www.oed.com/dictionary/jossish_adj
KNAVATE,7,knavate,noun,c1506,derivative,"A knave, a rogue.",http://www.oed.com/dictionary/knavate_n
KNAVESS,7,knavess,noun,1833,derivative,A knavish woman; an unscrupulous or dishonest…,http://www.oed.com/dictionary/knavess_n
KNEEIFY,7,kneeify,verb,c1630,derivative,"To make a knee of: in quot. 1630, to attach (the…",http://www.oed.com/dictionary/kneeify_v
LEAFJOY,7,leaf-joy,noun,1638,compound,A joy which is extendable or flexible; cf. leaf…,http://www.oed.com/dictionary/leaf-joy_n
LEGGERY,7,leggery,noun,1830,derivative,A storehouse of legs. (In quot. with reference to…,http://www.oed.com/dictionary/leggery_n
LEVELRY,7,Levelry,noun,1661,derivative,The principles of the Levellers.,http://www.oed.com/dictionary/levelry_n
LIEBILL,7,lie-bill,noun,1620,compound,"A distortion of libel, n.",http://www.oed.com/dictionary/lie-bill_n
LONEDOM,7,lonedom,noun,1612,derivative,Solitariness.,http://www.oed.com/dictionary/lonedom_n
LONGBOX,7,long box,noun,a1643,compound,A box used to transport the wares of a hawker of books.,http://www.oed.com/dictionary/long-box_n
MANCASE,7,man-case,noun,1655,compound,A body.,http://www.oed.com/dictionary/man-case_n
MANNITY,7,mannity,noun,1621,derivative,Human beings collectively.,http://www.oed.com/dictionary/mannity_n
MEROPIC,7,meropic,adjective,1854,borrowing,Gifted with the power of speech.,http://www.oed.com/dictionary/meropic_adj
MITROUS,7,mitrous,adjective,1791,derivative,Relating to a mitre or bishopric.,http://www.oed.com/dictionary/mitrous_adj
MIXTISH,7,mixtish,adjective,1837,derivative,Of the nature of a mixture.,http://www.oed.com/dictionary/mixtish_adj
MOBILAR,7,mobilar,adjective,1766,derivative,Relating to the mob.,http://www.oed.com/dictionary/mobilar_adj
MOORERY,7,Moorery,noun,1808,derivative,A Moorish quarter of a city.,http://www.oed.com/dictionary/moorery_n
MOSSIFY,7,mossify,verb,1822,derivative,intransitive. To eulogize or idealize moss or…,http://www.oed.com/dictionary/mossify_v
NAPPIST,7,nappist,noun,1894,derivative,A person who is fond of playing nap.,http://www.oed.com/dictionary/nappist_n
NONCOME,7,noncome,noun,1600,borrowing,A state of bewilderment or insanity.,http://www.oed.com/dictionary/noncome_n
OBOLARY,7,obolary,adjective,1820,derivative,Possessing or able to contribute only obols or…,http://www.oed.com/dictionary/obolary_adj
ODOURET,7,odouret,noun,1825,derivative,A faint smell.,http://www.oed.com/dictionary/odouret_n
OENOGEN,7,oenogen,noun,1817,,The vapour from a wine that carries its aroma.,http://www.oed.com/dictionary/oenogen_n
OLIVITY,7,olivity,noun,1656,borrowing,The time at which olives are harvested and…,http://www.oed.com/dictionary/olivity_n
ONIONET,7,onionet,noun,1820,derivative,A small onion.,http://www.oed.com/dictionary/onionet_n
OOZELET,7,oozelet,noun,1865,derivative,A small channel in which water oozes through bog…,http://www.oed.com/dictionary/oozelet_n
OPERISH,7,operish,adjective,1742,derivative,"Of, relating to, or characteristic of opera.",http://www.oed.com/dictionary/operish_adj
OUTNOSE,7,out-nose,verb,1624,derivative,(transitive) to put out the nose of.,http://www.oed.com/dictionary/out-nose_v
OVERLOP,7,overlop,verb,1893,derivative,transitive. To hang loosely over.,http://www.oed.com/dictionary/overlop_v
PENNISH,7,pennish,adjective,1646,derivative,Relating to a pen or to writing.,http://www.oed.com/dictionary/pennish_adj
PEWDISH,7,pew-dish,noun,1654,compound,A dish passed or placed among the pews in a…,http://www.oed.com/dictionary/pew-dish_n
PIKEISH,7,pikeish,adjective,1890,derivative,"Of, relating to, or suggestive of a pike.",http://www.oed.com/dictionary/pikeish_adj
POETAST,7,poetast,noun,1892,shortening,A poetaster.,http://www.oed.com/dictionary/poetast_n
POLKAIC,7,polkaic,adjective,1884,derivative,That has the character of a polka.,http://www.oed.com/dictionary/polkaic_adj
POLKERY,7,polkery,noun,1845,derivative,A social gathering for the purpose of dancing the…,http://www.oed.com/dictionary/polkery_n
POLKING,7,polking,adjective,1856,derivative,Of a person: that dances the polka.,http://www.oed.com/dictionary/polking_adj
POLLMAD,7,poll-mad,adjective,1577,compound,Mad-brained.,http://www.oed.com/dictionary/poll-mad_adj
PONENCY,7,ponency,noun,1865,borrowing,The action of positing or stating the existence…,http://www.oed.com/dictionary/ponency_n
POPPEAN,7,poppean,adjective,1791,derivative,Of or resembling opium or its effects; soporific.,http://www.oed.com/dictionary/poppean_adj
POPPISH,7,poppish,adjective,1881,derivative,Of the nature of a carbonated drink; fizzy.,http://www.oed.com/dictionary/poppish_adj
PORELET,7,porelet,noun,a1382,derivative,A pauper.,http://www.oed.com/dictionary/porelet_n
PORTIFY,7,portify,verb,1861,derivative,transitive. To convert (claret) into port; in…,http://www.oed.com/dictionary/portify_v
POSTIFY,7,postify,verb,1624,derivative,transitive. To fix or nail to a post.,http://www.oed.com/dictionary/postify_v
POTFURY,7,pot-fury,noun,1597,compound,Fury or excitement brought on by inebriation.,http://www.oed.com/dictionary/pot-fury_n
POTLING,7,potling,noun,1616,derivative,"A drunkard. Cf. poetling, n.",http://www.oed.com/dictionary/potling_n
PROCUMB,7,procumb,verb,1791,borrowing,intransitive. To prostrate oneself.,http://www.oed.com/dictionary/procumb_v
PROTURB,7,proturb,verb,1845,borrowing,transitive. To drive or chase out.,http://www.oed.com/dictionary/proturb_v
PUFFKIN,7,puffkin,noun,1639,derivative,A flighty or capricious person.,http://www.oed.com/dictionary/puffkin_n
PUNNAGE,7,punnage,noun,a1849,derivative,Puns collectively.,http://www.oed.com/dictionary/punnage_n
PUNYISH,7,punyish,adjective,1832,derivative,Somewhat puny.,http://www.oed.com/dictionary/punyish_adj
PURCHOP,7,pur-chop,noun,a1637,compound,(Perhaps) the truncheon often depicted in the…,http://www.oed.com/dictionary/pur-chop_n
PUSHERY,7,pushery,noun,1788,derivative,"Pushiness. Cf. push, v. II.10.",http://www.oed.com/dictionary/pushery_n
PYRERGY,7,pyrergy,noun,1651,borrowing,The action of working in or with fire; heat energy.,http://www.oed.com/dictionary/pyrergy_n
REINAGE,7,reinage,noun,1863,derivative,Reins collectively.,http://www.oed.com/dictionary/reinage_n
ROSABEL,7,rosabel,noun,1523,borrowing,A beautiful rose.,http://www.oed.com/dictionary/rosabel_n
RUNLONG,7,runlong,noun,1674,compound,The course or passage of something.,http://www.oed.com/dictionary/runlong_n
SEXIOUS,7,sexious,adjective,a1593,derivative,"Perhaps: sectarian (cf. sex, n.²).",http://www.oed.com/dictionary/sexious_adj
SINGMAN,7,sing-man,noun,1691,compound,A singing man.,http://www.oed.com/dictionary/sing-man_n
STAGEAN,7,stagean,adjective,1602,derivative,Characteristic or reminiscent of plays or…,http://www.oed.com/dictionary/stagean_adj
STUPPLE,7,stupple,noun,1611,variant,Probably: a stepping stone or a row of these.,http://www.oed.com/dictionary/stupple_n
SUBCHET,7,subchet,noun,?a1513,variant,"Probably: = sub-charge, n. 1.",http://www.oed.com/dictionary/subchet_n
SURLING,7,surling,noun,1605,derivative,A surly fellow.,http://www.oed.com/dictionary/surling_n
SURVISE,7,survise,verb,1600,variant,"transitive. To look upon, behold.",http://www.oed.com/dictionary/survise_v
TAPSKIN,7,tapskin,noun,1605,compound,A drumstick.,http://www.oed.com/dictionary/tapskin_n
TAURIZE,7,taurize,verb,1727,borrowing,"intransitive. To play the bull, to take the form…",http://www.oed.com/dictionary/taurize_v
TAWDRUM,7,tawdrum,noun,1680,borrowing,A tawdry decoration.,http://www.oed.com/dictionary/tawdrum_n
TESTERN,7,testern,verb,a1616,derivative,transitive. To present with a tester; to ‘tip’.,http://www.oed.com/dictionary/testern_v
TOWNEEN,7,towneen,noun,1893,derivative,A small town.,http://www.oed.com/dictionary/towneen_n
TOYPATE,7,toy-pate,noun,1702,compound,A person with a head full of odd fancies or…,http://www.oed.com/dictionary/toy-pate_n
TPHROWH,7,tphrowh,interjection,1575,imitative,An exclamation to arrest or call attention: cf…,http://www.oed.com/dictionary/tphrowh_int
UNCLIFY,7,unclify,verb,1799,derivative,transitive. To make an uncle of.,http://www.oed.com/dictionary/unclify_v
WITRACK,7,wit-rack,noun,1642,compound,A faculty of eliciting speech by wit (as a rack…,http://www.oed.com/dictionary/wit-rack_n
WOODIST,7,woodist,noun,1613,derivative,An imaginary uncivilized human-like creature…,http://www.oed.com/dictionary/woodist_n
ZONULET,7,zonulet,noun,1648,borrowing,A little zone or girdle.,http://www.oed.com/dictionary/zonulet_n
ADVENTRY,8,adventry,noun,1616,derivative,An adventure; an enterprise or undertaking.,http://www.oed.com/dictionary/adventry_n
ALIICIDE,8,aliicide,noun,1868,borrowing,Murder.,http://www.oed.com/dictionary/aliicide_n
BEARBRAT,8,bearbrat,noun,1582,compound,A term of abuse for a person.,http://www.oed.com/dictionary/bearbrat_n
BETAWDER,8,betawder,verb,1682,derivative,transitive. To adorn or dress (someone) in gaudy…,http://www.oed.com/dictionary/betawder_v
BLINDLED,8,blindled,adjective,1605,derivative,Veiled; darkened.,http://www.oed.com/dictionary/blindled_adj
BREAKGAP,8,break gap,noun,1662,compound,That which opens a gap or passage; (in quot. in…,http://www.oed.com/dictionary/break-gap_n
BUSHBILL,8,bush-bill,noun,1626,compound,Probably: a tool for cutting back vegetation; a…,http://www.oed.com/dictionary/bush-bill_n
BUSHKNOT,8,bush-knot,noun,1880,compound,"A crude or makeshift knot. See bush, n.¹ B.2.",http://www.oed.com/dictionary/bush-knot_n
CAWATION,8,cawation,noun,a1635,derivative,"The cawing of a crow, rook, raven, or other bird…",http://www.oed.com/dictionary/cawation_n
CHANTLET,8,chantlet,noun,a1874,derivative,A little song or melody.,http://www.oed.com/dictionary/chantlet_n
CHECKSET,8,check-set,noun,1861,compound,"A corn-planting machine, or a device attached to…",http://www.oed.com/dictionary/check-set_n
CIVICIZE,8,civicize,verb,1888,derivative,transitive. To make civic or urban.,http://www.oed.com/dictionary/civicize_v
CLUBDRUB,8,club drub,verb,1875,compound,transitive to beat (a person) with a club.,http://www.oed.com/dictionary/club-drub_v
COMBFEAT,8,comb-feat,noun,1653,compound,"‘A dressing or thrashing’ (Davies): cf. comb, v. 3.",http://www.oed.com/dictionary/comb-feat_n
CONTRUTH,8,contruth,verb,1650,derivative,"intransitive. To be true together, agree in truth.",http://www.oed.com/dictionary/contruth_v
COPESTER,8,copester,noun,1637,derivative,"A wearer of a cope, i.e. a monk.",http://www.oed.com/dictionary/copester_n
COUGHERY,8,coughery,noun,1693,derivative,Coughing-place.,http://www.oed.com/dictionary/coughery_n
CROSSDOG,8,cross-dog,noun,1861,compound,A type of building implement used for supporting…,http://www.oed.com/dictionary/cross-dog_n
CULLYISM,8,cullyism,noun,1712,derivative,The condition of a cully.,http://www.oed.com/dictionary/cullyism_n
DACOITEE,8,dacoitee,noun,1887,derivative,A person robbed by a dacoit or dacoits.,http://www.oed.com/dictionary/dacoitee_n
DACTYLET,8,dactylet,noun,1597,derivative,A little dactyl.,http://www.oed.com/dictionary/dactylet_n
DARKSHIP,8,darkship,noun,1707,derivative,With possessive adjective: a mock title of…,http://www.oed.com/dictionary/darkship_n
DAYLIVER,8,day-liver,noun,1623,compound,A person who experiences life day by day.,http://www.oed.com/dictionary/day-liver_n
DEBTBIND,8,debt-bind,verb,1563,compound,"transitive. To bind by obligation, render indebted.",http://www.oed.com/dictionary/debt-bind_v
DEMENTIR,8,dementir,verb,1707,borrowing,"transitive. To fail to justify, belie.",http://www.oed.com/dictionary/dementir_v
DEPASTOR,8,depastor,noun,1583,borrowing,"One who feeds upon, eats away, or consumes.",http://www.oed.com/dictionary/depastor_n
DERIDENT,8,derident,adjective,1609,borrowing,"? Deriding, or smiling.",http://www.oed.com/dictionary/derident_adj
DEVILADE,8,devilade,noun,1775,derivative,A social gathering or entertainment regarded as…,http://www.oed.com/dictionary/devilade_n
DIAPRIZE,8,diaprize,verb,1626,borrowing,"= diaper, v.",http://www.oed.com/dictionary/diaprize_v
DISHEDGE,8,dishedge,verb,c1595,derivative,transitive. To deprive of its hedge.,http://www.oed.com/dictionary/dishedge_v
DOGTHICK,8,dog-thick,adjective,a1810,compound,"As ‘thick’ as dogs, intimate (cf. dog, n.¹…",http://www.oed.com/dictionary/dog-thick_adj
DUMCOWED,8,dum-cowed,adjective,1825,derivative,Intimidated or threatened; browbeaten.,http://www.oed.com/dictionary/dum-cowed_adj
DUSTLING,8,dustling,noun,1674,derivative,"A small grain or particle; cf. dust, n.¹ 2a.",http://www.oed.com/dictionary/dustling_n
EARRIDGE,8,ear-ridge,noun,1853,compound,A headband worn as a protection against cold.,http://www.oed.com/dictionary/ear-ridge_n
EASERESS,8,easeress,noun,1631,derivative,A woman who provides relief from pain or distress.,http://www.oed.com/dictionary/easeress_n
ELLIPSED,8,ellipsed,adjective,1607,derivative,Characterized by ellipsis.,http://www.oed.com/dictionary/ellipsed_adj
EMPERSON,8,emperson,verb,1548,derivative,"transitive. To unite in one person. Cf. person, v. 1.",http://www.oed.com/dictionary/emperson_v
ENGOTISH,8,engotish,verb,1664,derivative,transitive. To class or designate as ‘Gothic’.,http://www.oed.com/dictionary/engotish_v
EPHORISM,8,ephorism,noun,1633,derivative,A tribunal resembling that of the ephors.,http://www.oed.com/dictionary/ephorism_n
EXCOMMON,8,excommon,verb,1671,derivative,"= discommon, v. (see quot. 1671).",http://www.oed.com/dictionary/excommon_v
FATICANE,8,faticane,noun,1652,borrowing,A person who or thing which foretells; a prophet.,http://www.oed.com/dictionary/faticane_n
FINIFEST,8,finifest,adverb,1551,borrowing,(See quot. 1551.),http://www.oed.com/dictionary/finifest_adv
FORENESS,8,foreness,noun,1587,derivative,Priority.,http://www.oed.com/dictionary/foreness_n
FRESCOUR,8,frescour,noun,1638,borrowing,Coolness.,http://www.oed.com/dictionary/frescour_n
FRONTATE,8,frontate,adjective,1855,borrowing,Of a leaf: having a broad (rather than pointed)…,http://www.oed.com/dictionary/frontate_adj
GOUPABLE,8,go-up-able,adjective,1850,derivative,Of a river: capable of being followed towards the…,http://www.oed.com/dictionary/go-up-able_adj
GUMSTAKE,8,gum-stake,noun,1671,compound,A tooth.,http://www.oed.com/dictionary/gum-stake_n
GUNNERED,8,gunnered,adjective,1628,derivative,Trained in gunnery.,http://www.oed.com/dictionary/gunnered_adj
GYPSIETY,8,gypsiety,noun,a1774,derivative,The quality or condition of being a Gypsy.,http://www.oed.com/dictionary/gypsiety_n
HEMPENLY,8,hempenly,adjective,1609,derivative,Relating to or connected with hemp.,http://www.oed.com/dictionary/hempenly_adj
HUFFPUFF,8,huff-puff,adjective,1582,compound,Moved with every puff of wind.,http://www.oed.com/dictionary/huff-puff_adj
HURTFOOT,8,hurtfoot,noun,1567,compound,That which hurts the foot.,http://www.oed.com/dictionary/hurtfoot_n
HYPOSTLE,8,hypostle,noun,a1626,borrowing,One who draws back; an apostate.,http://www.oed.com/dictionary/hypostle_n
IMMODISH,8,immodish,adjective,a1657,derivative,Not according to the mode; unfashionable.,http://www.oed.com/dictionary/immodish_adj
IMMOTION,8,immotion,noun,1706,derivative,? Impulse. (Apparently fantastically used.),http://www.oed.com/dictionary/immotion_n
INLOVING,8,inloving,noun,1633,derivative,"Loving, holding in affection.",http://www.oed.com/dictionary/inloving_n
INSERENE,8,inserene,verb,1609,derivative,transitive. To render cloudy or not serene; to cloud.,http://www.oed.com/dictionary/inserene_v
INTAILED,8,intailed,adjective,1659,derivative,Joined by the tails (with allusion to Judges xv. 4).,http://www.oed.com/dictionary/intailed_adj
JACKMATE,8,Jack mate,noun,1577,compound,A person or party able to contend with another on…,http://www.oed.com/dictionary/jack-mate_n
JILTSHIP,8,jiltship,noun,1690,derivative,A mock title for a jilt.,http://www.oed.com/dictionary/jiltship_n
KEEPDOOR,8,keep-door,noun,1682,compound,"A porter, door-ward.",http://www.oed.com/dictionary/keep-door_n
LACKEYAN,8,lackeyan,adjective,1620,derivative,Of or pertaining to a lackey.,http://www.oed.com/dictionary/lackeyan_adj
LEAPSKIP,8,leap-skip,adjective,a1649,compound,Applied to the knight's move in chess.,http://www.oed.com/dictionary/leap-skip_adj
LIGHTBED,8,light-bed,verb,1612,compound,intransitive. Of a vessel: to run aground lightly.,http://www.oed.com/dictionary/light-bed_v
LURCHMAN,8,lurch-man,noun,1603,compound,A pilferer.,http://www.oed.com/dictionary/lurch-man_n
MALLETER,8,malleter,noun,1823,derivative,"A person who beats, as with a mallet.",http://www.oed.com/dictionary/malleter_n
MANUCAPT,8,manucapt,verb,1898,backformation,transitive. To provide sureties for the…,http://www.oed.com/dictionary/manucapt_v
MARATIZE,8,Maratize,verb,1794,proper name,transitive. To assassinate as Marat was assassinated.,http://www.oed.com/dictionary/maratize_v
MASQUINS,8,masquins,noun,1694,variant,A masquerade.,http://www.oed.com/dictionary/masquins_n
MESSIESS,8,Messiess,noun,1685,borrowing,A female Messiah.,http://www.oed.com/dictionary/messiess_n
METREDOM,8,metredom,noun,1592,derivative,Versifying; the writing of poetry.,http://www.oed.com/dictionary/metredom_n
MIDWIFER,8,midwifer,noun,1825,derivative,"A male midwife; = man-midwife, n.",http://www.oed.com/dictionary/midwifer_n
MINDSMAN,8,mindsman,noun,1837,compound,"A man of mind (see mind, n.¹ IV.21b).",http://www.oed.com/dictionary/mindsman_n
MISNAMER,8,misnamer,noun,1589,derivative,"Puttenham's word for: metonymy. Cf. surnamer, n.",http://www.oed.com/dictionary/misnamer_n
MOBFEAST,8,mob feast,noun,1830,compound,A banquet open to all.,http://www.oed.com/dictionary/mob-feast_n
MOMUSITE,8,Momusite,noun,1655,proper name,A supposed follower of Momus; a person who…,http://www.oed.com/dictionary/momusite_n
MONETISM,8,monetism,noun,1707,borrowing,"The worship of money. Cf. monetist, n.",http://www.oed.com/dictionary/monetism_n
MONETIST,8,monetist,noun,1707,borrowing,"A person who worships money. Cf. monetism, n.",http://www.oed.com/dictionary/monetist_n
MONOPOUS,8,monopous,adjective,1798,borrowing,That has only one eye; one-eyed.,http://www.oed.com/dictionary/monopous_adj
MORTIFER,8,mortifer,noun,1667,borrowing,A bringer of death.,http://www.oed.com/dictionary/mortifer_n
MUDQUAKE,8,mud-quake,noun,1760,compound,An earthquake occurring in muddy or marshy terrain.,http://www.oed.com/dictionary/mud-quake_n
NAOMETRY,8,naometry,noun,1631,borrowing,Prophecy founded on the numerological analysis of…,http://www.oed.com/dictionary/naometry_n
NEALFIRE,8,neal-fire,noun,1813,compound,Annealing fire (figurative in quot. 1813).,http://www.oed.com/dictionary/neal-fire_n
NETTLEFY,8,nettlefy,verb,1602,derivative,"transitive. To wreathe with nettles; = nettle, v…",http://www.oed.com/dictionary/nettlefy_v
NIGRIFIC,8,nigrific,adjective,1804,borrowing,Black.,http://www.oed.com/dictionary/nigrific_adj
NITIGRAM,8,nitigram,noun,1614,compound,An inept or mediocre epigram.,http://www.oed.com/dictionary/nitigram_n
NONSICUT,8,nonsicut,noun,1621,borrowing,"A person regarded as perfect or excellent, a…",http://www.oed.com/dictionary/nonsicut_n
NOOMETRY,8,noometry,noun,1817,borrowing,The measurement of the mind.,http://www.oed.com/dictionary/noometry_n
OCEANINN,8,ocean-inn,noun,1851,compound,"A stopping-place in the ocean, likened to an inn.",http://www.oed.com/dictionary/ocean-inn_n
OINTLING,8,ointling,noun,a1603,derivative,An anointed priest.,http://www.oed.com/dictionary/ointling_n
OUTFOLIO,8,outfolio,verb,1847,derivative,(transitive) to drive out with folios.,http://www.oed.com/dictionary/outfolio_v
OUTLOOSE,8,out-loose,noun,1689,derivative,"A means of escape (from an obligation, duty, etc.).",http://www.oed.com/dictionary/out-loose_n
OUTUNCLE,8,out-uncle,verb,1747,derivative,(transitive) to do out of an uncle.,http://www.oed.com/dictionary/out-uncle_v
OXFELLER,8,ox-feller,noun,1856,compound,A butcher.,http://www.oed.com/dictionary/ox-feller_n
PAGEMEAL,8,pagemeal,adverb,1827,derivative,Page by page.,http://www.oed.com/dictionary/pagemeal_adv
PAMCHILD,8,pam-child,noun,1760,compound,A male child.,http://www.oed.com/dictionary/pam-child_n
PARABORE,8,parabore,noun,1844,derivative,A defence from bores.,http://www.oed.com/dictionary/parabore_n
PARASTER,8,paraster,noun,1653,borrowing,"A (supposed) image of a star, analogous to a…",http://www.oed.com/dictionary/paraster_n
PARTYKIN,8,partykin,noun,1855,derivative,A small social party.,http://www.oed.com/dictionary/partykin_n
PASTEGOD,8,paste-god,noun,1626,compound,An idol made of paste.,http://www.oed.com/dictionary/paste-god_n
PEDALISM,8,pedalism,noun,1863,derivative,"Pedal agency, action of the feet.",http://www.oed.com/dictionary/pedalism_n
PENCILRY,8,pencilry,noun,1620,derivative,The use of a pencil; drawing or painting with a pencil.,http://www.oed.com/dictionary/pencilry_n
PEPLOSED,8,peplosed,adjective,1875,derivative,Wearing a peplos.,http://www.oed.com/dictionary/peplosed_adj
PETERKIN,8,Peterkin,noun,1892,proper name,An unworthy or insignificant claimant to the…,http://www.oed.com/dictionary/peterkin_n
PETTYFOG,8,petty-fog,noun,1641,compound,A small mist.,http://www.oed.com/dictionary/petty-fog_n
PEZANTIC,8,pezantic,adjective,1613,derivative,"Like a peasant; rustic, uncouth.",http://www.oed.com/dictionary/pezantic_adj
PIGFULLY,8,pigfully,adverb,1891,derivative,In a manner befitting a pig.,http://www.oed.com/dictionary/pigfully_adv
PINDFOOL,8,pindfool,noun,1550,variant,A place where fools are enclosed; (contextually)…,http://www.oed.com/dictionary/pindfool_n
PINFAITH,8,pin-faith,adjective,1800,compound,Implicitly believing or credulous; liable to pin…,http://www.oed.com/dictionary/pin-faith_adj
PODICATE,8,podicate,verb,1853,borrowing,intransitive. To slide or move along on one's buttocks.,http://www.oed.com/dictionary/podicate_v
POLYEPIC,8,polyepic,adjective,a1832,,Consisting of more than one word.,http://www.oed.com/dictionary/polyepic_adj
POPENESS,8,popeness,noun,a1684,derivative,Possession or assumption of popelike attributes.,http://www.oed.com/dictionary/popeness_n
POPINIAN,8,popinian,noun,1613,compound,A Roman Catholic.,http://www.oed.com/dictionary/popinian_n
POROLOGY,8,porology,noun,1684,compound,A scientific treatise on pores or porous bodies.,http://www.oed.com/dictionary/porology_n
POSEMENT,8,posement,noun,1850,derivative,Perplexity.,http://www.oed.com/dictionary/posement_n
POSTVIDE,8,postvide,verb,a1661,derivative,intransitive (with against) to make provision for…,http://www.oed.com/dictionary/postvide_v
POTHARDY,8,pot-hardy,adjective,1615,compound,Emboldened as a result of inebriation; cf…,http://www.oed.com/dictionary/pot-hardy_adj
POTISUGE,8,potisuge,noun,1620,borrowing,A drunkard.,http://www.oed.com/dictionary/potisuge_n
POWERLET,8,powerlet,noun,1889,derivative,An insignificant power.,http://www.oed.com/dictionary/powerlet_n
PRAYPRAY,8,pray-pray,adjective,1753,compound,Like a person saying ‘Pray! pray!’; beseeching or…,http://www.oed.com/dictionary/pray-pray_adj
PRIMEFUL,8,primeful,adjective,1606,derivative,Characterized by being in the prime of life; youthful.,http://www.oed.com/dictionary/primeful_adj
PRINCIFY,8,princify,verb,1847,derivative,transitive. To make into a prince; to make princely.,http://www.oed.com/dictionary/princify_v
PROGREDE,8,progrede,verb,1866,borrowing,intransitive. To move in a direct (prograde) direction.,http://www.oed.com/dictionary/progrede_v
PROTODAW,8,protodaw,noun,1548,compound,"An utter fool, a complete idiot.",http://www.oed.com/dictionary/protodaw_n
PSEUDISM,8,pseudism,noun,1899,borrowing,A false statement.,http://www.oed.com/dictionary/pseudism_n
PULPITLY,8,pulpitly,adverb,1872,derivative,With regard to the pulpit or preaching.,http://www.oed.com/dictionary/pulpitly_adv
PULSEPAD,8,pulse-pad,noun,1702,compound,"A medical man (cf. pad, n.³ 4).",http://www.oed.com/dictionary/pulse-pad_n
PULSIDGE,8,pulsidge,noun,1600,variant,"Humorous blunder for pulse, n.²",http://www.oed.com/dictionary/pulsidge_n
PUNCHINE,8,Punchine,adjective,1846,proper name,Of or relating to the magazine Punch.,http://www.oed.com/dictionary/punchine_adj
PUPPYESS,8,puppyess,noun,1791,derivative,"A female puppy (puppy, n. 2a); a foolish…",http://www.oed.com/dictionary/puppyess_n
PYROTECT,8,pyrotect,noun,1851,compound,"A maker of fireworks, a pyrotechnist.",http://www.oed.com/dictionary/pyrotect_n
RANKRODE,8,rank-rode,adjective,1609,compound,That has ridden furiously.,http://www.oed.com/dictionary/rank-rode_adj
SAINTAGE,8,saintage,noun,1657,derivative,Honour (done) as to a saint.,http://www.oed.com/dictionary/saintage_n
SANDDUST,8,sand dust,noun,1604,compound,"= dust, n.¹ 3b.",http://www.oed.com/dictionary/sand-dust_n
SCOTIETY,8,Scotiety,noun,1655,proper name,The essential qualities of John Duns Scotus. See…,http://www.oed.com/dictionary/scotiety_n
SELFCIDE,8,selfcide,noun,1692,derivative,An act of killing oneself; suicide.,http://www.oed.com/dictionary/selfcide_n
SELFLEFT,8,self-left,adjective,1667,derivative,Left to oneself or itself; left alone.,http://www.oed.com/dictionary/self-left_adj
SHAMSTER,8,shamster,noun,1716,derivative,"A shammer, impostor.",http://www.oed.com/dictionary/shamster_n
SHIFTGOT,8,shift-got,adjective,1598,compound,Obtained by fraudulent or underhand means (cf…,http://www.oed.com/dictionary/shift-got_adj
SHOPDONE,8,shop-done,adjective,1888,compound,Produced in a workshop.,http://www.oed.com/dictionary/shop-done_adj
SINKSOUL,8,sink-soul,noun,1688,compound,A person who destroys souls.,http://www.oed.com/dictionary/sink-soul_n
SLAVEAGE,8,slaveage,noun,1831,derivative,Enslaved people regarded as a class or group.,http://www.oed.com/dictionary/slaveage_n
SNAPPERY,8,snappery,noun,1639,derivative,The action of cutting with a snap.,http://www.oed.com/dictionary/snappery_n
SNIPPERY,8,snippery,noun,1639,derivative,Snipping.,http://www.oed.com/dictionary/snippery_n
STAFFIAN,8,staffian,adjective,1820,derivative,Suitable for making staffs.,http://www.oed.com/dictionary/staffian_adj
STAYTIME,8,stay-time,noun,1713,compound,? something to arrest the flight of time.,http://www.oed.com/dictionary/stay-time_n
STEEPFUL,8,steepful,adjective,1606,derivative,"Abounding in steeps, steep.",http://www.oed.com/dictionary/steepful_adj
STINTKEY,8,stint-key,noun,1827,compound,A key which checks the supply (of ale); in quot…,http://www.oed.com/dictionary/stint-key_n
STOWSOME,8,stowsome,adjective,1674,derivative,Having position in space.,http://www.oed.com/dictionary/stowsome_adj
STUDWISE,8,stud-wise,adverb,1600,,In a studded pattern.,http://www.oed.com/dictionary/stud-wise_adv
STUDYMAN,8,study-man,noun,1657,compound,A man who engages in study; a scholar (as opposed…,http://www.oed.com/dictionary/study-man_n
SWASHADO,8,swashado,noun,1663,derivative,A swashbuckler.,http://www.oed.com/dictionary/swashado_n
TAWDRYNE,8,tawdryne,noun,1586,arbitrary,"= tawdry, n.",http://www.oed.com/dictionary/tawdryne_n
TEMPLIZE,8,templize,verb,1650,derivative,intransitive. To assume the form or character of…,http://www.oed.com/dictionary/templize_v
THETISIE,8,Thetisie,noun,1600,derivative,The abode of Thetis and the Nereids; the watery realm.,http://www.oed.com/dictionary/thetisie_n
TIPPLAGE,8,tipplage,noun,1653,derivative,"Intoxicating drink generally, tipple.",http://www.oed.com/dictionary/tipplage_n
TOMECIDE,8,tomecide,noun,1849,derivative,A person who destroys books.,http://www.oed.com/dictionary/tomecide_n
TOPGIDDY,8,top-giddy,adjective,1824,compound,Probably: giddy as a top.,http://www.oed.com/dictionary/top-giddy_adj
TOPRIGHT,8,top-right,adjective,a1560,compound,"Upright, erect.",http://www.oed.com/dictionary/top-right_adj
TOTANGLE,8,totangle,noun,1629,borrowing,A figure that is ‘all angle’: applied to a circle…,http://www.oed.com/dictionary/totangle_n
TOWNSKIP,8,townskip,noun,1837,compound,A humorous form of address for a boy.,http://www.oed.com/dictionary/townskip_n
TRANSLAY,8,translay,verb,a1861,derivative,transitive. To transfer and rebury (a person's…,http://www.oed.com/dictionary/translay_v
TURCICAL,8,Turcical,adjective,1602,borrowing,Characteristic or typical of the Turks; Turkish…,http://www.oed.com/dictionary/turcical_adj
TYMPANED,8,tympaned,adjective,a1634,derivative,"Affected as with a ‘tympan’ (tympan, n. 2)…",http://www.oed.com/dictionary/tympaned_adj
UNLAVING,8,unlaving,adjective,1834,derivative,"That does not bathe or wash. Cf. lave, v.¹ 1.",http://www.oed.com/dictionary/unlaving_adj
UTRALITY,8,utrality,noun,1642,borrowing,Tendency to favour both sides; inclination…,http://www.oed.com/dictionary/utrality_n
WEDSPITE,8,wed-spite,adjective,a1577,compound,"= spite-wed, adj.",http://www.oed.com/dictionary/wed-spite_adj
WHORESTY,8,whore-sty,noun,1621,compound,A brothel.,http://www.oed.com/dictionary/whore-sty_n
WINGPOST,8,wing-post,noun,a1661,compound,A carrier pigeon.,http://www.oed.com/dictionary/wing-post_n
WITHALSO,8,with also,adverb,1586,compound,"Also; = withal, adv. A.1a.",http://www.oed.com/dictionary/with-also_adv
WITTIFUL,8,wittiful,adjective,1590,derivative,"Full of ‘wit’, wise, sensible.",http://www.oed.com/dictionary/wittiful_adj
YOHEHOIC,8,yo-hehoic,adjective,1888,derivative,"relating to the cry ‘yo-he-ho’; cf. yo-he-ho theory, n.",http://www.oed.com/dictionary/yo-hehoic_adj
ZEBEDIST,8,Zebedist,noun,1574,proper name,A person who seeks advancement or high office.,http://www.oed.com/dictionary/zebedist_n
AGECOEVAL,9,age-coeval,adjective,1843,compound,Having the same age or date of origin…,http://www.oed.com/dictionary/age-coeval_adj
AGREEMONY,9,agreemony,noun,1678,variant,Agreeableness.,http://www.oed.com/dictionary/agreemony_n
AGUESHAKE,9,ague-shake,verb,1653,compound,transitive to cause (a person) to shake as though…,http://www.oed.com/dictionary/ague-shake_v
BEATIZING,9,beatizing,adjective,1652,derivative,That beatifies or imparts divine or heavenly…,http://www.oed.com/dictionary/beatizing_adj
BITEBEAST,9,bite-beast,noun,1877,compound,A creature that bites.,http://www.oed.com/dictionary/bite-beast_n
BREAKLOVE,9,breaklove,adjective,1582,compound,That destroys love or ends loving relationship.,http://www.oed.com/dictionary/breaklove_adj
BUSKINADE,9,buskinade,noun,1653,derivative,A blow given with a buskin.,http://www.oed.com/dictionary/buskinade_n
CALFLOLLY,9,calf-lolly,noun,1708,compound,A stupid calf.,http://www.oed.com/dictionary/calf-lolly_n
CANTANKER,9,cantanker,noun,1825,backformation,"= cantankerousness, n.",http://www.oed.com/dictionary/cantanker_n
CELLARITY,9,cellarity,noun,1867,derivative,The condition of living in a cellar.,http://www.oed.com/dictionary/cellarity_n
CHAIRBOLL,9,chair boll,noun,1556,compound,"A round knob on the arm of a chair (cf. boll, n.¹ 4).",http://www.oed.com/dictionary/chair-boll_n
CHEAPABLE,9,cheapable,adjective,1570,derivative,Perhaps: having monetary value.,http://www.oed.com/dictionary/cheapable_adj
CIDERSHIP,9,cidership,noun,1594,derivative,With possessive adjective: a mock title of…,http://www.oed.com/dictionary/cidership_n
CITTICISM,9,citticism,noun,1616,,Urban manner.,http://www.oed.com/dictionary/citticism_n
CLOCKBEAM,9,clock-beam,noun,1862,compound,A pendulum.,http://www.oed.com/dictionary/clock-beam_n
COCKNEITY,9,cockneity,noun,a1881,derivative,Cockney people.,http://www.oed.com/dictionary/cockneity_n
COMPRIEST,9,compriest,noun,1642,derivative,A fellow-priest; a compresbyter.,http://www.oed.com/dictionary/compriest_n
CONEYHOOD,9,coneyhood,noun,1595,derivative,"The condition of being a dupe (see coney, n.¹ III.10).",http://www.oed.com/dictionary/coneyhood_n
CONIATING,9,coniating,noun,1693,borrowing,Used to express the noise made by storks.,http://www.oed.com/dictionary/coniating_n
CORANTOLY,9,corantoly,adverb,1657,derivative,In the style of a coranto.,http://www.oed.com/dictionary/corantoly_adv
CORRAYNED,9,corrayned,adjective,1647,variant,Apparently: altogether ruined.,http://www.oed.com/dictionary/corrayned_adj
CRACKARET,9,crackaret,noun,1653,derivative,"A fart. Cf. crack, n. I.1.",http://www.oed.com/dictionary/crackaret_n
DAEDALIZE,9,daedalize,verb,a1618,derivative,transitive. To make intricate or maze-like.,http://www.oed.com/dictionary/daedalize_v
DEARTHFUL,9,dearthful,adjective,1786,derivative,"Costly, expensive.",http://www.oed.com/dictionary/dearthful_adj
DECOGNIZE,9,decognize,verb,1659,derivative,transitive. To cease or fail to recognize.,http://www.oed.com/dictionary/decognize_v
DELIGNATE,9,delignate,verb,1655,borrowing,transitive. To remove wood or trees from (a place).,http://www.oed.com/dictionary/delignate_v
DEPRIVADO,9,deprivado,noun,1728,derivative,A person who has been deprived (of office…,http://www.oed.com/dictionary/deprivado_n
DISDESIRE,9,disdesire,verb,1651,derivative,transitive. To do the reverse of desiring; to…,http://www.oed.com/dictionary/disdesire_v
DISTHATCH,9,disthatch,verb,1654,derivative,transitive. To deprive of thatch (in quot. 1654…,http://www.oed.com/dictionary/disthatch_v
DISYELLOW,9,disyellow,verb,1586,derivative,transitive. To remove the yellow from; to rid of…,http://www.oed.com/dictionary/disyellow_v
DUMMERELL,9,dummerell,noun,1593,derivative,Probably: a person who pretends to be unable to…,http://www.oed.com/dictionary/dummerell_n
DUOPOLIZE,9,duopolize,verb,1659,borrowing,transitive. To engross between two.,http://www.oed.com/dictionary/duopolize_v
EARTHHORN,9,earth horn,noun,?a1400,compound,An instrument said to have been used by the…,http://www.oed.com/dictionary/earth-horn_n
EXVACCINE,9,ex-vaccine,adjective,1804,borrowing,Obtained from a cow.,http://www.oed.com/dictionary/ex-vaccine_adj
FARMERAGE,9,farmerage,noun,1828,derivative,The body of farmers collectively.,http://www.oed.com/dictionary/farmerage_n
FASHIONLY,9,fashionly,adjective,1613,derivative,Perhaps: influenced by changes in fashion; fashionable.,http://www.oed.com/dictionary/fashionly_adj
FRANTLING,9,frantling,noun,1693,unknown,Used to express the noise made by peacocks.,http://www.oed.com/dictionary/frantling_n
FRESHHOOD,9,freshhood,noun,1836,compound,The condition or state of being a freshman; =…,http://www.oed.com/dictionary/freshhood_n
FRESHMENT,9,freshment,noun,1611,derivative,Refreshing influence.,http://www.oed.com/dictionary/freshment_n
GENIUSKIN,9,geniuskin,noun,1882,derivative,A little genius or attendant spirit (see genius…,http://www.oed.com/dictionary/geniuskin_n
GENTLYING,9,gentlying,noun,1851,derivative,"An utterance of ‘gently’ (cf. gently, adv. 3b).",http://www.oed.com/dictionary/gentlying_n
GRAMMATES,9,grammates,noun,1633,borrowing,With plural agreement. Rudiments; first principles.,http://www.oed.com/dictionary/grammates_n
GREGATION,9,gregation,noun,1621,borrowing,"A crowd, multitude (see quot. 1621).",http://www.oed.com/dictionary/gregation_n
HALFHORSY,9,half-horsy,adjective,1591,compound,"Designating a centaur. Cf. half-horse, n.",http://www.oed.com/dictionary/half-horsy_adj
HARMONIAC,9,harmoniac,adjective,1771,borrowing,"Relating to harmony, or to the cultivation of…",http://www.oed.com/dictionary/harmoniac_adj
HAZARDISE,9,hazardise,noun,1590,derivative,"A hazardous position, a condition of peril or risk.",http://www.oed.com/dictionary/hazardise_n
HEALTHIST,9,healthist,noun,1640,derivative,A person who is given to drinking people's…,http://www.oed.com/dictionary/healthist_n
HUSSARIAN,9,hussarian,noun,1760,blend,Apparently: a person born or living in Germany or…,http://www.oed.com/dictionary/hussarian_n
IMPETICOS,9,impeticos,verb,a1616,variant,transitive. To put (something) into one's pocket…,http://www.oed.com/dictionary/impeticos_v
INCIRCLET,9,incirclet,noun,a1586,derivative,A little circular curl or spiral.,http://www.oed.com/dictionary/incirclet_n
INSCRUPLE,9,inscruple,verb,1663,derivative,transitive. To possess with scruples.,http://www.oed.com/dictionary/inscruple_v
INSECTIVE,9,insective,adjective,a1834,borrowing,? Characteristic of insects.,http://www.oed.com/dictionary/insective_adj
IRONWORKY,9,iron-worky,adjective,1885,derivative,Abounding in or characterized by ironwork.,http://www.oed.com/dictionary/iron-worky_adj
JUNKETOUS,9,junketous,adjective,1830,derivative,Given to junketing or merrymaking.,http://www.oed.com/dictionary/junketous_adj
KENNELAGE,9,kennelage,noun,1612,derivative,"A system of kennels, gutters collectively.",http://www.oed.com/dictionary/kennelage_n
KINGINESS,9,kinginess,noun,a1849,derivative,"Kingly quality, kingliness.",http://www.oed.com/dictionary/kinginess_n
KNAIFATIC,9,knaifatic,adjective,1568,derivative,"Knavish; dishonest, unscrupulous.",http://www.oed.com/dictionary/knaifatic_adj
LOVEPAPER,9,love paper,noun,a1627,compound,A love letter.,http://www.oed.com/dictionary/love-paper_n
LOVERTINE,9,lovertine,adjective,1603,blend,That enjoys being in love.,http://www.oed.com/dictionary/lovertine_adj
LUXURIETY,9,luxuriety,noun,a1768,derivative,Luxuriance.,http://www.oed.com/dictionary/luxuriety_n
MACEPROOF,9,mace-proof,adjective,1633,compound,Safe from arrest.,http://www.oed.com/dictionary/mace-proof_adj
MANUTRACT,9,manu-tract,noun,1660,borrowing,Something traced by hand.,http://www.oed.com/dictionary/manu-tract_n
MARTYRAGO,9,martyrago,noun,1654,compound,A female martyr.,http://www.oed.com/dictionary/martyrago_n
MEATIFIED,9,meatified,adjective,1607,derivative,Probably: corpulent.,http://www.oed.com/dictionary/meatified_adj
MERITRESS,9,meritress,noun,1617,derivative,A woman who merits something. (In quot. 1617…,http://www.oed.com/dictionary/meritress_n
MEROCRACY,9,merocracy,noun,1652,borrowing,Government by a small number out of the whole.,http://www.oed.com/dictionary/merocracy_n
MICRONYMY,9,micronymy,noun,1889,compound,The use of short names or terms.,http://www.oed.com/dictionary/micronymy_n
MICROPTIC,9,microptic,adjective,1800,compound,Microscopic.,http://www.oed.com/dictionary/microptic_adj
MILLENIZE,9,millenize,verb,1593,borrowing,intransitive. To favour millenarian views.,http://www.oed.com/dictionary/millenize_v
MILLIFORM,9,milliform,adjective,c1581,compound,Of a thousand shapes or aspects.,http://www.oed.com/dictionary/milliform_adj
MINIMATED,9,minimated,adjective,a1626,borrowing,Reduced to the smallest size possible.,http://www.oed.com/dictionary/minimated_adj
MITEOLOGY,9,miteology,noun,1803,compound,The study of mites.,http://www.oed.com/dictionary/miteology_n
MOBREADER,9,mob-reader,noun,1697,compound,A reader belonging to the mob; an uneducated reader.,http://www.oed.com/dictionary/mob-reader_n
MOCKANIST,9,mockanist,noun,c1540,derivative,A person who mocks; a mocker.,http://www.oed.com/dictionary/mockanist_n
MOCKCLOWN,9,mock-clown,noun,1598,compound,Perhaps: a kind of dance step.,http://www.oed.com/dictionary/mock-clown_n
MOONDRAKE,9,moon-drake,noun,a1635,,A fiery moon.,http://www.oed.com/dictionary/moon-drake_n
MOSQUELET,9,mosquelet,noun,1888,derivative,A little mosque.,http://www.oed.com/dictionary/mosquelet_n
MOTHERAGE,9,motherage,noun,a1591,derivative,The condition or state of being a mother.,http://www.oed.com/dictionary/motherage_n
MOUNDLESS,9,moundless,adjective,1605,derivative,That is not a true world; formless.,http://www.oed.com/dictionary/moundless_adj
MOVERSHIP,9,movership,noun,1658,derivative,Only in first movership n. the position or office…,http://www.oed.com/dictionary/movership_n
NAVIFAUNA,9,navifauna,noun,1879,borrowing,The fauna found on a ship.,http://www.oed.com/dictionary/navifauna_n
NICOTIANT,9,nicotiant,adjective,1877,derivative,That is smoking tobacco.,http://www.oed.com/dictionary/nicotiant_adj
OBSERVIST,9,observist,noun,1827,derivative,A person who engages in observation; an observer.,http://www.oed.com/dictionary/observist_n
OEDIPODIC,9,oedipodic,adjective,1694,borrowing,Swollen-footed; gouty.,http://www.oed.com/dictionary/oedipodic_adj
OLOGISTIC,9,ologistic,adjective,a1861,derivative,"Of, relating to, or characteristic of an ‘ologist’.",http://www.oed.com/dictionary/ologistic_adj
OSCULABLE,9,osculable,adjective,1893,derivative,That can be kissed.,http://www.oed.com/dictionary/osculable_adj
OUTCHANGE,9,outchange,noun,1695,derivative,Perhaps: exchange of currency for that of a…,http://www.oed.com/dictionary/outchange_n
OUTFINGER,9,outfinger,verb,1880,derivative,(transitive) to open the fingers of (a hand).,http://www.oed.com/dictionary/outfinger_v
OUTWITTAL,9,outwittal,noun,1875,derivative,The fact of outwitting someone.,http://www.oed.com/dictionary/outwittal_n
OVERATLAS,9,over-Atlas,verb,1593,derivative,transitive. To load or burden more than Atlas; to…,http://www.oed.com/dictionary/over-atlas_v
OVERTOISE,9,overtoise,verb,1840,derivative,transitive. To measure out in toises.,http://www.oed.com/dictionary/overtoise_v
OXYGENITY,9,oxygenity,noun,1894,derivative,The quality of being oxygenous.,http://www.oed.com/dictionary/oxygenity_n
OYSTERIZE,9,oysterize,verb,1793,derivative,(transitive) (perhaps) to open up like an oyster.,http://www.oed.com/dictionary/oysterize_v
PADRONAGE,9,padronage,noun,1670,borrowing,"= padronancy, n.",http://www.oed.com/dictionary/padronage_n
PAMPERIZE,9,pamperize,verb,a1845,derivative,"= pamper, v.",http://www.oed.com/dictionary/pamperize_v
PANOMPHIC,9,Panomphic,adjective,1822,borrowing,"= Panomphaean, adj. 3.",http://www.oed.com/dictionary/panomphic_adj
PANORAMAL,9,panoramal,adjective,1808,derivative,Prone to take a panoramic view or survey.,http://www.oed.com/dictionary/panoramal_adj
PARDONOUS,9,pardonous,adjective,1610,derivative,Full of pardon.,http://www.oed.com/dictionary/pardonous_adj
PARVENANT,9,parvenant,noun,1843,borrowing,A person who is acquiring a higher social…,http://www.oed.com/dictionary/parvenant_n
PASTPRIME,9,past-prime,adjective,1883,compound,"= past-meridian, adj.",http://www.oed.com/dictionary/past-prime_adj
PAULOPAST,9,paulo-past,adjective,1880,variant,That is recently past; relating to something…,http://www.oed.com/dictionary/paulo-past_adj
PEDOEUVRE,9,pedoeuvre,noun,1825,borrowing,A planned movement or action performed with the feet.,http://www.oed.com/dictionary/pedoeuvre_n
PENNISOME,9,pennisome,adjective,1631,derivative,"Lucrative, profitable.",http://www.oed.com/dictionary/pennisome_adj
PEPTICIAN,9,peptician,noun,1831,derivative,A person who has good digestion.,http://www.oed.com/dictionary/peptician_n
PEPTICITY,9,pepticity,noun,1838,derivative,The condition of having good digestion.,http://www.oed.com/dictionary/pepticity_n
PETTISHIP,9,pettiship,noun,1581,derivative,Littleness; pettiness.,http://www.oed.com/dictionary/pettiship_n
PHAGOLOGY,9,phagology,noun,1837,borrowing,The feeding habits of an animal or animals.,http://www.oed.com/dictionary/phagology_n
PIGGICIDE,9,piggicide,noun,1837,compound,A person who kills pigs.,http://www.oed.com/dictionary/piggicide_n
PILLARIZE,9,pillarize,verb,1827,derivative,"transitive. To inscribe on, or commemorate by…",http://www.oed.com/dictionary/pillarize_v
PINIONIST,9,pinionist,noun,1613,derivative,A winged creature.,http://www.oed.com/dictionary/pinionist_n
PIPEMERRY,9,pipe merry,adjective,1542,compound,Merry from drinking wine; drunk.,http://www.oed.com/dictionary/pipe-merry_adj
PLAYWOMAN,9,playwoman,noun,1889,compound,An actress of plays.,http://www.oed.com/dictionary/playwoman_n
PLUTONIZE,9,plutonize,verb,1600,proper name,transitive. To make infernal or demonic.,http://www.oed.com/dictionary/plutonize_v
POETASTIC,9,poetastic,adjective,1893,derivative,Of the nature of a poetaster.,http://www.oed.com/dictionary/poetastic_adj
POINTLING,9,pointling,noun,1840,derivative,A little index finger.,http://www.oed.com/dictionary/pointling_n
POLYNESIA,9,polynesia,noun,1889,proper name,A group of objects resembling the Polynesian islands.,http://www.oed.com/dictionary/polynesia_n
POTBOYDOM,9,potboydom,noun,1850,derivative,Pot-boys collectively.,http://www.oed.com/dictionary/potboydom_n
POTHOUSEY,9,pot-housey,adjective,1872,derivative,Suggestive of or appropriate to a pothouse. Cf…,http://www.oed.com/dictionary/pot-housey_adj
POTPANION,9,potpanion,noun,c1565,shortening,A drinking companion.,http://www.oed.com/dictionary/potpanion_n
POTTIPPED,9,pot-tipped,adjective,1638,compound,"Of the nose, reddened at the tip by drinking.",http://www.oed.com/dictionary/pot-tipped_adj
PRAYERING,9,prayering,noun,1828,derivative,The act of saying prayers; praying.,http://www.oed.com/dictionary/prayering_n
PREGUSTIC,9,pregustic,noun,1694,derivative,"= pregustator, n.",http://www.oed.com/dictionary/pregustic_n
PRIDELING,9,prideling,noun,1825,derivative,A proud young person.,http://www.oed.com/dictionary/prideling_n
PRIMOSITY,9,primosity,noun,?a1806,derivative,Primness.,http://www.oed.com/dictionary/primosity_n
PROCURISH,9,procurish,adjective,1687,derivative,Like a procuress.,http://www.oed.com/dictionary/procurish_adj
PROFLATED,9,proflated,adjective,1816,borrowing,Of the cheeks or mouth: puffed up with air.,http://www.oed.com/dictionary/proflated_adj
PSILOLOGY,9,psilology,noun,a1834,variant,"Vacuous chatter, mere talk.",http://www.oed.com/dictionary/psilology_n
PUELLULAR,9,puellular,adjective,1861,borrowing,"= puellile, adj.",http://www.oed.com/dictionary/puellular_adj
PULPITARY,9,pulpitary,adjective,1784,derivative,"= pulpitical, adj.",http://www.oed.com/dictionary/pulpitary_adj
PUNKETTEE,9,punkettee,noun,1612,derivative,"A young prostitute. Cf. punketto, n.¹",http://www.oed.com/dictionary/punkettee_n
PYRURGIAN,9,pyrurgian,noun,1684,compound,"A physician who uses, or specializes in the use…",http://www.oed.com/dictionary/pyrurgian_n
RASCALESS,9,rascaless,noun,1747,derivative,A female rascal.,http://www.oed.com/dictionary/rascaless_n
READMIRAL,9,readmiral,verb,1599,derivative,transitive. To make (a person) an admiral again.,http://www.oed.com/dictionary/readmiral_v
REGATTING,9,regatting,noun,1843,derivative,Participation in a regatta or regattas.,http://www.oed.com/dictionary/regatting_n
REPAGANIC,9,repaganic,adjective,1701,derivative,Displaying characteristics of a renewed paganization.,http://www.oed.com/dictionary/repaganic_adj
RESERVERY,9,reservery,noun,1878,derivative,The occupation of serving as a reservist.,http://www.oed.com/dictionary/reservery_n
ROMANCITY,9,romancity,noun,1828,derivative,A romantic quality or characteristic.,http://www.oed.com/dictionary/romancity_n
SACERDOTE,9,sacerdote,noun,1685,borrowing,A priest.,http://www.oed.com/dictionary/sacerdote_n
SARACENLY,9,Saracenly,adverb,1596,derivative,In a barbarous or cruelly harsh manner.,http://www.oed.com/dictionary/saracenly_adv
SCALPTIZE,9,scalptize,verb,1708,borrowing,transitive. To scratch.,http://www.oed.com/dictionary/scalptize_v
SCEPTROUS,9,sceptrous,adjective,1822,derivative,Of the nature of a sceptre.,http://www.oed.com/dictionary/sceptrous_adj
SELLTRUTH,9,sell-truth,noun,1682,compound,A person willing to deny or ignore the truth for…,http://www.oed.com/dictionary/sell-truth_n
SHAVESTER,9,shavester,noun,1620,derivative,A barber.,http://www.oed.com/dictionary/shavester_n
SHORTLIVY,9,short livy,adjective,a1325,derivative,Short-lived.,http://www.oed.com/dictionary/short-livy_adj
SINGALONE,9,sing-alone,noun,1691,compound,A solo singer.,http://www.oed.com/dictionary/sing-alone_n
STEPTULLY,9,step-Tully,noun,1593,,A person who attempts (but fails) to write like…,http://www.oed.com/dictionary/step-tully_n
STOOPFROG,9,stoop-frog,noun,1589,compound,An oppressor of frogs (the King Stork of the fable).,http://www.oed.com/dictionary/stoop-frog_n
SUBRISORY,9,subrisory,adjective,1861,borrowing,Characterized by a smiling playfulness; amusing.,http://www.oed.com/dictionary/subrisory_adj
SUBVIRATE,9,subvirate,noun,1861,borrowing,A class of men who are weaker and less manly than…,http://www.oed.com/dictionary/subvirate_n
SURPASSED,9,surpassed,adjective,1725,derivative,Bygone.,http://www.oed.com/dictionary/surpassed_adj
THINKACHE,9,thinkache,noun,1892,compound,"A painful thought, an instance of mental suffering.",http://www.oed.com/dictionary/thinkache_n
TOMBOYADE,9,tomboyade,noun,1886,derivative,An escapade typical of or appropriate to a tomboy.,http://www.oed.com/dictionary/tomboyade_n
TOTHERDAY,9,tother-day,adjective,1662,compound,"(See tother, pron. II.6c), that happened or…",http://www.oed.com/dictionary/tother-day_adj
TOTILATER,9,totilater,noun,1629,borrowing,"A figure that is ‘all side’, or consists of an…",http://www.oed.com/dictionary/totilater_n
TRANSTIME,9,transtime,verb,1647,derivative,transitive. To change as to time.,http://www.oed.com/dictionary/transtime_v
TRAVATURE,9,travature,noun,1730,borrowing,"A joist. Cf. trave, n. 2.",http://www.oed.com/dictionary/travature_n
TUNICHOOD,9,tunic-hood,noun,1858,derivative,The fact of being a person who wears a tunic.,http://www.oed.com/dictionary/tunic-hood_n
TURKISHER,9,Turkisher,noun,1607,derivative,A Turk.,http://www.oed.com/dictionary/turkisher_n
TYMPANIED,9,tympanied,adjective,1637,derivative,"Inflated as with a tympany, puffed up.",http://www.oed.com/dictionary/tympanied_adj
UNPAIDISH,9,unpaidish,adjective,1829,derivative,Characteristic of the Great Unpaid.,http://www.oed.com/dictionary/unpaidish_adj
UPPERPLUS,9,upperplus,noun,1578,variant,"Surplus, balance.",http://www.oed.com/dictionary/upperplus_n
VENTILARY,9,ventilary,adjective,1683,borrowing,Due to or caused by wind.,http://www.oed.com/dictionary/ventilary_adj
VOLANTIER,9,volantier,noun,1791,derivative,"The driver of a volante (volante, n.).",http://www.oed.com/dictionary/volantier_n
WAFERWALL,9,wafer-wall,noun,1620,compound,A wall flimsy as a wafer.,http://www.oed.com/dictionary/wafer-wall_n
WARLINESS,9,warliness,noun,1605,derivative,Warlike disposition; courage in war.,http://www.oed.com/dictionary/warliness_n
WATCHHOUR,9,watch hour,noun,?a1534,compound,"The hour for sounding the watch (cf. watch, n. I.4).",http://www.oed.com/dictionary/watch-hour_n
WATCHMENT,9,watchment,noun,1740,derivative,An instance of keeping watch.,http://www.oed.com/dictionary/watchment_n
WATCHNICK,9,watch-nick,noun,1897,compound,A minuscule saw made from a watch-spring.,http://www.oed.com/dictionary/watch-nick_n
WATERWANT,9,water-want,adjective,1605,compound,That can endure shortage of water.,http://www.oed.com/dictionary/water-want_adj
WEEDYSLOW,9,weedy-slow,adverb,1921,compound,Extremely slowly.,http://www.oed.com/dictionary/weedy-slow_adv
WHIPBROTH,9,whip-broth,noun,1615,compound,"A ‘taste of the whip’, a flogging.",http://www.oed.com/dictionary/whip-broth_n
WHORECALL,9,whore-call,noun,a1692,compound,Something whose sound is liable to attract…,http://www.oed.com/dictionary/whore-call_n
WHORETOLL,9,whore toll,noun,1545,compound,A sum of money paid by priests for committing…,http://www.oed.com/dictionary/whore-toll_n
WILLDOALL,9,will-do-all,noun,1583,compound,Money.,http://www.oed.com/dictionary/will-do-all_n
WITHCHILD,9,with-child,verb,1605,compound,"transitive. To ‘get with child’, make pregnant.",http://www.oed.com/dictionary/with-child_v
WOMANBOND,9,woman bond,noun,1675,compound,"= bondwoman, n.",http://www.oed.com/dictionary/woman-bond_n
WRITINGER,9,writinger,noun,1867,derivative,An expert or specialist in handwriting.,http://www.oed.com/dictionary/writinger_n
YEARNLING,9,yearnling,noun,1829,derivative,A young child over which one yearns.,http://www.oed.com/dictionary/yearnling_n
ACHRISTISM,10,a-Christism,noun,1692,derivative,Disbelief in the divinity of Jesus Christ.,http://www.oed.com/dictionary/a-christism_n
ANGELPROOF,10,angel-proof,noun,1607,compound,(With reference to gold) purity of the standard…,http://www.oed.com/dictionary/angel-proof_n
ANTIMONYAN,10,anti-monyan,adjective,1683,derivative,Designating the principle that the lending of…,http://www.oed.com/dictionary/anti-monyan_adj
BABLATRICE,10,bablatrice,noun,1595,derivative,Perhaps: a female babbler.,http://www.oed.com/dictionary/bablatrice_n
BABLIAMINY,10,babliaminy,noun,1608,compound,A babbler.,http://www.oed.com/dictionary/babliaminy_n
BALLADLING,10,balladling,noun,1798,derivative,A little ballad.,http://www.oed.com/dictionary/balladling_n
BONEBASTER,10,bone-baster,noun,1600,compound,"(A name for) a heavy stick or cudgel; cf. baster, n.²",http://www.oed.com/dictionary/bone-baster_n
BREAKHEDGE,10,break hedge,noun,1573,compound,A trespasser.,http://www.oed.com/dictionary/break-hedge_n
BURGULLIAN,10,burgullian,noun,1601,uncertain,"A braggadocio, bully.",http://www.oed.com/dictionary/burgullian_n
CARRIONERE,10,carrionere,noun,1648,derivative,"A holder or dispenser of carrion, or of that…",http://www.oed.com/dictionary/carrionere_n
CENTIPLUME,10,centiplume,adjective,1874,compound,Having a hundred feathers or plumes.,http://www.oed.com/dictionary/centiplume_adj
CHRISTDUST,10,Christ-dust,noun,1881,compound,Flour.,http://www.oed.com/dictionary/christ-dust_n
CLUBBATIER,10,clubbatier,noun,1680,compound,A man armed with a club or cudgel.,http://www.oed.com/dictionary/clubbatier_n
COACHMATCH,10,coach-match,noun,1647,compound,A chariot race.,http://www.oed.com/dictionary/coach-match_n
CONSISTURE,10,consisture,noun,1706,derivative,Consistency; degree of firmness or density.,http://www.oed.com/dictionary/consisture_n
CONVENISSE,10,convenisse,noun,1661,borrowing,A written agreement; a contract or covenant.,http://www.oed.com/dictionary/convenisse_n
CORDILOQUY,10,cordiloquy,noun,1642,borrowing,The action or practice of speaking from the heart.,http://www.oed.com/dictionary/cordiloquy_n
CORRECTIFY,10,correctify,verb,1637,borrowing,"transitive. To correct, set right.",http://www.oed.com/dictionary/correctify_v
COURTCHAIR,10,court chair,noun,1619,compound,A chair or seat inlaid with ivory and shaped like…,http://www.oed.com/dictionary/court-chair_n
CRACKGROAT,10,crack-groat,noun,1666,compound,A damaged groat; a coin of very little value. Cf…,http://www.oed.com/dictionary/crack-groat_n
CUPISCENCE,10,cupiscence,noun,1647,shortening,"= concupiscence, n.",http://www.oed.com/dictionary/cupiscence_n
DECHEERFUL,10,decheerful,adjective,1608,derivative,"Void of cheerfulness, melancholy.",http://www.oed.com/dictionary/decheerful_adj
DEMULCEATE,10,demulceate,verb,1817,borrowing,"= demulce, v.",http://www.oed.com/dictionary/demulceate_v
DIABOLOGUE,10,diabologue,noun,a1713,borrowing,A literary work in the form of a dialogue and…,http://www.oed.com/dictionary/diabologue_n
DICTIONEER,10,dictioneer,noun,1848,derivative,A self-appointed critic of diction.,http://www.oed.com/dictionary/dictioneer_n
DISBROTHER,10,disbrother,verb,1622,derivative,transitive. To undo the brotherhood of; to make…,http://www.oed.com/dictionary/disbrother_v
DISKINGDOM,10,diskingdom,verb,1596,derivative,transitive. To expel from or deprive of the kingdom.,http://www.oed.com/dictionary/diskingdom_v
DISROYALTY,10,disroyalty,noun,1630,derivative,Undoing of royal dignity.,http://www.oed.com/dictionary/disroyalty_n
DISSOCIETY,10,dissociety,noun,1602,derivative,The opposite of companionship; mutual aversion.,http://www.oed.com/dictionary/dissociety_n
DISTAINTED,10,distainted,adjective,1599,derivative,"Infected, corrupted.",http://www.oed.com/dictionary/distainted_adj
DRIPPLEKIE,10,dripplekie,noun,1662,borrowing,"A very small drop, a driblet.",http://www.oed.com/dictionary/dripplekie_n
DUNGHILLRY,10,dunghillry,noun,1581,derivative,Base or despicable condition or behaviour.,http://www.oed.com/dictionary/dunghillry_n
ECONOMICAR,10,economicar,noun,1523,borrowing,A writer or authority on household management…,http://www.oed.com/dictionary/economicar_n
ELEVENTEEN,10,eleventeen,noun,a1700,compound,Twenty-one.,http://www.oed.com/dictionary/eleventeen_n
EMPUSALAND,10,empusaland,noun,1799,compound,An imaginary land or world inhabited by empusas…,http://www.oed.com/dictionary/empusaland_n
ETCETERAZE,10,etceteraze,verb,1831,derivative,intransitive. To do a number of (unspecified) things.,http://www.oed.com/dictionary/etceteraze_v
FLAPDRAGON,10,flapdragon,verb,a1616,,(transitive) to swallow as one would a flap-dragon.,http://www.oed.com/dictionary/flapdragon_v
FOMBLITUDE,10,fomblitude,noun,1583,derivative,A poor comparison.,http://www.oed.com/dictionary/fomblitude_n
FOOLBEGGED,10,fool-begged,adjective,a1616,compound,"Foolish, ridiculous; cf. to beg (a person) for a…",http://www.oed.com/dictionary/fool-begged_adj
FROGPECKER,10,frog-pecker,noun,1825,compound,A heron.,http://www.oed.com/dictionary/frog-pecker_n
FUNIPOTENT,10,funipotent,adjective,1880,borrowing,That plays tricks with ropes.,http://www.oed.com/dictionary/funipotent_adj
GALLANTIFY,10,gallantify,verb,1672,derivative,transitive (in passive). To be beaten or thrashed…,http://www.oed.com/dictionary/gallantify_v
GALLANTURE,10,gallanture,noun,a1683,derivative,Behaviour characteristic of a gallant (gallant…,http://www.oed.com/dictionary/gallanture_n
GAMEBATTLE,10,game-battle,noun,1826,compound,A tussle with poachers.,http://www.oed.com/dictionary/game-battle_n
GAUSAPINAL,10,gausapinal,adjective,1652,derivative,Made of frieze.,http://www.oed.com/dictionary/gausapinal_adj
GRACIOSOLY,10,graciosoly,adverb,1879,derivative,"In the manner of a clown or gracioso (gracioso, n. 2).",http://www.oed.com/dictionary/graciosoly_adv
GRIEVEMENT,10,grievement,noun,1708,derivative,"A hurt, injury.",http://www.oed.com/dictionary/grievement_n
GROCERWISE,10,grocer-wise,adverb,1897,derivative,In the manner of a grocer.,http://www.oed.com/dictionary/grocer-wise_adv
GUNSLEEVED,10,gun-sleeved,adjective,1782,compound,(Of a garment) having gun-shaped sleeves.,http://www.oed.com/dictionary/gun-sleeved_adj
HEELLIFTER,10,heel lifter,noun,1583,compound,"A fugitive, a runaway.",http://www.oed.com/dictionary/heel-lifter_n
HURRYCURRY,10,hurry-curry,noun,1599,compound,? A swift car or curricle.,http://www.oed.com/dictionary/hurry-curry_n
INCISIONER,10,incisioner,noun,1602,derivative,"One who makes incisions, a surgeon.",http://www.oed.com/dictionary/incisioner_n
INDURATIZE,10,induratize,verb,1598,derivative,transitive. To harden (the heart).,http://www.oed.com/dictionary/induratize_v
INJUSTICER,10,injusticer,noun,a1618,derivative,An agent or officer of injustice.,http://www.oed.com/dictionary/injusticer_n
INTOLERATE,10,intolerate,verb,1767,derivative,transitive. Not to tolerate; to treat with intolerance.,http://www.oed.com/dictionary/intolerate_v
JEWELPROOF,10,jewel-proof,adjective,a1625,compound,Able to resist the attraction of jewels.,http://www.oed.com/dictionary/jewel-proof_adj
KABBALIZER,10,kabbalizer,noun,1593,derivative,A person who interprets texts or events in…,http://www.oed.com/dictionary/kabbalizer_n
KAFFIRHOOD,10,Kaffirhood,noun,1877,derivative,Obsolete. offensive. The state or condition of being a Xhosa.,http://www.oed.com/dictionary/kaffirhood_n
KYVARKNAUE,10,kyvar-knaue,adjective,1563,compound,"= Cover-knave, that covers a knave.",http://www.oed.com/dictionary/kyvar-knaue_adj
LOBSTERIZE,10,lobsterize,verb,1606,derivative,"intransitive. To move backwards, as a lobster is…",http://www.oed.com/dictionary/lobsterize_v
LOGGERSHIP,10,loggership,noun,1634,derivative,Used as a derisive title for a sluggard.,http://www.oed.com/dictionary/loggership_n
LONGLITTLE,10,long-little,noun,1653,compound,A long discussion that has little substance.,http://www.oed.com/dictionary/long-little_n
LONGSTRAWS,10,long-straws,noun,1835,compound,The action or game of drawing straws in order to…,http://www.oed.com/dictionary/long-straws_n
LONGYARNED,10,long-yarned,adjective,1616,compound,(Of life) very or excessively long.,http://www.oed.com/dictionary/long-yarned_adj
LUCIFERING,10,Lucifering,adjective,1596,derivative,Acting the part of Lucifer.,http://www.oed.com/dictionary/lucifering_adj
MAGAZINARY,10,magazinary,noun,1825,derivative,The office or place of production of a magazine.,http://www.oed.com/dictionary/magazinary_n
MAIDENLESS,10,maidenless,adjective,a1603,derivative,Not truly chaste.,http://www.oed.com/dictionary/maidenless_adj
MALEFIDIAN,10,male-fidian,noun,1659,borrowing,A misbeliever.,http://www.oed.com/dictionary/male-fidian_n
MANUSCULPT,10,manusculpt,noun,a1859,borrowing,An inscription carved or engraved by hand.,http://www.oed.com/dictionary/manusculpt_n
MARGINALIC,10,marginalic,adjective,a1849,derivative,Suggestive or reminiscent of marginalia.,http://www.oed.com/dictionary/marginalic_adj
MASTIFFDAY,10,mastiff day,noun,1781,compound,A very hot day.,http://www.oed.com/dictionary/mastiff-day_n
MESSIANIZE,10,Messianize,verb,1877,derivative,transitive. To imbue with a Messianic character.,http://www.oed.com/dictionary/messianize_v
MESSMATISM,10,messmatism,noun,1886,derivative,"= commensalism, n.",http://www.oed.com/dictionary/messmatism_n
METEORETTE,10,meteorette,noun,1876,derivative,A small shooting star.,http://www.oed.com/dictionary/meteorette_n
MIDNOCTIAL,10,mid-noctial,adjective,1593,compound,Belonging or relating to midnight.,http://www.oed.com/dictionary/mid-noctial_adj
MINIMINESS,10,miniminess,noun,a1626,borrowing,The condition of being very small or insignificant.,http://www.oed.com/dictionary/miniminess_n
MINTPHRASE,10,mint-phrase,noun,1631,compound,A newly coined phrase.,http://www.oed.com/dictionary/mint-phrase_n
MINUTEJACK,10,minute jack,noun,a1616,compound,A fickle or changeable person.,http://www.oed.com/dictionary/minute-jack_n
MISDATEFUL,10,misdateful,adjective,1862,derivative,Prone to misdating; full of misdatings.,http://www.oed.com/dictionary/misdateful_adj
MOBCAPPISH,10,mob-cappish,adjective,1828,derivative,"Dowdy, frumpish.",http://www.oed.com/dictionary/mob-cappish_adj
MOBILARITY,10,mobilarity,noun,1766,derivative,"The fact or condition of being favoured, admired…",http://www.oed.com/dictionary/mobilarity_n
MOLOCHSHIP,10,Molochship,noun,1661,derivative,A mock title for a cruel or ruthless person.,http://www.oed.com/dictionary/molochship_n
MONGRELITY,10,mongrelity,noun,1859,derivative,"= mongrelism, n.",http://www.oed.com/dictionary/mongrelity_n
MONOCOLOUS,10,monocolous,adjective,1798,borrowing,One-legged.,http://www.oed.com/dictionary/monocolous_adj
MORTMAINER,10,mortmainer,noun,1808,derivative,A person who holds a mortmain. In quot…,http://www.oed.com/dictionary/mortmainer_n
MUSOMASTIX,10,musomastix,noun,1586,borrowing,An enemy of the Muses.,http://www.oed.com/dictionary/musomastix_n
MUTTONSHIP,10,muttonship,noun,1632,derivative,derogatory. Obsolete. A mock title of respect for…,http://www.oed.com/dictionary/muttonship_n
MYNHEERIFY,10,mynheerify,verb,1804,derivative,intransitive. To study Dutch.,http://www.oed.com/dictionary/mynheerify_v
MYTHOMETER,10,mythometer,noun,1890,compound,A supposed system or standard for judging myths.,http://www.oed.com/dictionary/mythometer_n
NANKEENING,10,nankeening,noun,1830,derivative,"A type of cloth; = nankeen, n. A.I.1a.",http://www.oed.com/dictionary/nankeening_n
NIGHTEATER,10,night-eater,noun,1626,compound,A flea.,http://www.oed.com/dictionary/night-eater_n
NIMBLETAIL,10,nimble-tail,noun,a1661,,A fish mentioned by Juvenal (perhaps a kind of…,http://www.oed.com/dictionary/nimble-tail_n
NOFORSOOTH,10,noforsooth,verb,a1644,compound,transitive. To waste or squander away (one's…,http://www.oed.com/dictionary/noforsooth_v
NOTWELLISH,10,not wellish,adjective,1737,derivative,Somewhat unwell.,http://www.oed.com/dictionary/not-wellish_adj
OCCASIONET,10,occasionet,noun,1593,derivative,A small occasion.,http://www.oed.com/dictionary/occasionet_n
OCTOBERIST,10,Octoberist,noun,a1797,derivative,Perhaps: a person whose views or actions are…,http://www.oed.com/dictionary/octoberist_n
OFFICERAGE,10,officerage,noun,1841,derivative,The services of an officer or official.,http://www.oed.com/dictionary/officerage_n
OFFIVOROUS,10,offivorous,adjective,1713,compound,Offal-eating.,http://www.oed.com/dictionary/offivorous_adj
OLLAPODISM,10,ollapodism,noun,1837,derivative,A sentence made up of various languages.,http://www.oed.com/dictionary/ollapodism_n
OMNITOOLED,10,omnitooled,adjective,1851,compound,Possessing many tools.,http://www.oed.com/dictionary/omnitooled_adj
OMNIVORANT,10,omnivorant,adjective,1852,borrowing,"All-devouring, omnivorous.",http://www.oed.com/dictionary/omnivorant_adj
OMOPHAGEAN,10,omophagean,adjective,1856,borrowing,Relating to the eating of raw food.,http://www.oed.com/dictionary/omophagean_adj
ONEGODDITE,10,one-Goddite,noun,1831,compound,A monotheist.,http://www.oed.com/dictionary/one-goddite_n
ONOMAMANIA,10,onomamania,noun,1854,borrowing,An obsession or craze about a name or names.,http://www.oed.com/dictionary/onomamania_n
OPIUMSMOKE,10,opium-smoke,verb,1870,compound,transitive to bring into a specified condition by…,http://www.oed.com/dictionary/opium-smoke_v
ORANGIZING,10,Orangizing,noun,1839,derivative,The playing of the part of William of Orange…,http://www.oed.com/dictionary/orangizing_n
ORIFACTURE,10,orifacture,noun,1673,borrowing,The action of making with the mouth.,http://www.oed.com/dictionary/orifacture_n
OUDENOLOGY,10,oudenology,noun,1838,borrowing,"The science of nothing, or of things having no…",http://www.oed.com/dictionary/oudenology_n
OVEROFFICE,10,over-office,verb,a1616,derivative,transitive. To lord it over by virtue of one's…,http://www.oed.com/dictionary/over-office_v
OWLSPIEGLE,10,Owlspiegle,verb,1830,proper name,transitive. Scott's word for: to render like the…,http://www.oed.com/dictionary/owlspiegle_v
PACKPAUNCH,10,pack paunch,noun,1582,compound,"(Perhaps) a paunch like a pack, or a person with…",http://www.oed.com/dictionary/pack-paunch_n
PADRONANCY,10,padronancy,noun,1670,borrowing,The office and duties of the prime minister of…,http://www.oed.com/dictionary/padronancy_n
PADRONSHIP,10,padronship,noun,1670,derivative,"= padronancy, n.",http://www.oed.com/dictionary/padronship_n
PALATICIAN,10,palatician,noun,1821,derivative,A person skilled in matters of the palate.,http://www.oed.com/dictionary/palatician_n
PALAVERIST,10,palaverist,noun,a1873,derivative,"= palaverer, n.",http://www.oed.com/dictionary/palaverist_n
PANOMPHAIC,10,panomphaic,adjective,1878,proper name,"= Panomphaean, adj. 3.",http://www.oed.com/dictionary/panomphaic_adj
PANTODEVIL,10,panto-devil,noun,1694,compound,A complete or entire devil.,http://www.oed.com/dictionary/panto-devil_n
PARAGOGIZE,10,paragogize,verb,1866,derivative,transitive. To add as a final syllable.,http://www.oed.com/dictionary/paragogize_v
PARATOPISM,10,paratopism,noun,1851,borrowing,"The relating of an event, circumstance, etc., to…",http://www.oed.com/dictionary/paratopism_n
PEDICURISM,10,pedicurism,noun,1863,derivative,The practice or art of giving pedicures.,http://www.oed.com/dictionary/pedicurism_n
PENCILLOUS,10,pencillous,adjective,1850,derivative,Resembling the form of a pencil; pencil-like.,http://www.oed.com/dictionary/pencillous_adj
PENITISSIM,10,penitissim,adjective,1652,borrowing,Innermost.,http://www.oed.com/dictionary/penitissim_adj
PERANTIQUE,10,perantique,adjective,1883,derivative,Very antique; ancient.,http://www.oed.com/dictionary/perantique_adj
PERJURATOR,10,perjurator,noun,1689,borrowing,A perjurer.,http://www.oed.com/dictionary/perjurator_n
PERMIRIFIC,10,permirific,adjective,1868,borrowing,Very wonderful or marvellous.,http://www.oed.com/dictionary/permirific_adj
PERSUADEND,10,persuadend,noun,1865,borrowing,A person who is to be persuaded.,http://www.oed.com/dictionary/persuadend_n
PHILHYMNIC,10,philhymnic,adjective,1861,compound,Hymn-loving.,http://www.oed.com/dictionary/philhymnic_adj
PHILOFELON,10,philofelon,adjective,1831,compound,Criminal-loving.,http://www.oed.com/dictionary/philofelon_adj
PHOENIXITY,10,phoenixity,noun,1886,derivative,The quality of being like a phoenix (in quot…,http://www.oed.com/dictionary/phoenixity_n
PHYSICSHIP,10,physicship,noun,1689,derivative,A mock title given to a medical expert.,http://www.oed.com/dictionary/physicship_n
PHYSICSTER,10,physicster,noun,1689,derivative,A medicinal practitioner.,http://www.oed.com/dictionary/physicster_n
PIERROTISM,10,Pierrotism,noun,1734,derivative,The movements or behaviour used to express the…,http://www.oed.com/dictionary/pierrotism_n
PILGRIMDOM,10,pilgrimdom,noun,1887,derivative,The domain of pilgrims or pilgrimages (in quot…,http://www.oed.com/dictionary/pilgrimdom_n
PILGRIMISM,10,pilgrimism,noun,1886,derivative,The condition of being a pilgrim; itinerancy.,http://www.oed.com/dictionary/pilgrimism_n
PLASSONITY,10,plassonity,noun,1882,derivative,The quality or condition of being a plasson.,http://www.oed.com/dictionary/plassonity_n
PLEISTODOX,10,pleistodox,adjective,1814,borrowing,Holding the opinion of the majority.,http://www.oed.com/dictionary/pleistodox_adj
PLENIPOING,10,plenipoing,noun,1890,derivative,The action of serving as a plenipotentiary.,http://www.oed.com/dictionary/plenipoing_n
POCULATION,10,poculation,noun,1837,borrowing,The action or practice of drinking (alcohol).,http://www.oed.com/dictionary/poculation_n
PODICATION,10,podication,noun,1884,borrowing,The process of being struck on the buttocks; a…,http://www.oed.com/dictionary/podication_n
POLYOTICAL,10,polyotical,adjective,1613,,Having many ears (figurative in quot.).,http://www.oed.com/dictionary/polyotical_adj
POLYPONOUS,10,polyponous,adjective,1853,,Occupied with many tasks.,http://www.oed.com/dictionary/polyponous_adj
POLYPOSIST,10,polyposist,noun,1821,,A person who drinks a lot; a hard drinker.,http://www.oed.com/dictionary/polyposist_n
POLYTASTED,10,polytasted,adjective,1709,compound,Having many tastes or flavours; (perhaps also)…,http://www.oed.com/dictionary/polytasted_adj
POLYTRAGIC,10,polytragic,adjective,1607,compound,Containing many tragedies.,http://www.oed.com/dictionary/polytragic_adj
PONDERLING,10,ponderling,noun,1861,derivative,A child that is weighed.,http://www.oed.com/dictionary/ponderling_n
POPLOCRACY,10,poplocracy,noun,1895,compound,Popular rule; government by the people.,http://www.oed.com/dictionary/poplocracy_n
POPOMASTIC,10,popomastic,adjective,1612,borrowing,Attacking the Pope.,http://www.oed.com/dictionary/popomastic_adj
POSTVENANT,10,postvenant,noun,1876,borrowing,That which comes after or follows; a consequence.,http://www.oed.com/dictionary/postvenant_n
POTBOYSHIP,10,potboyship,noun,1841,derivative,The position of a pot-boy.,http://www.oed.com/dictionary/potboyship_n
POTHARNESS,10,pot-harness,noun,1622,compound,Alcoholic drink as a source of courage.,http://www.oed.com/dictionary/pot-harness_n
POTHOOKERY,10,pot-hookery,noun,1795,derivative,"Unintelligible writing, scrawl.",http://www.oed.com/dictionary/pot-hookery_n
POTSMITTEN,10,potsmitten,adjective,1596,compound,(Of an agreement) marked by the parties clinking…,http://www.oed.com/dictionary/potsmitten_adj
POTVERDUGO,10,pot verdugo,noun,1616,,Giddiness induced by drinking alcohol.,http://www.oed.com/dictionary/pot-verdugo_n
PRECIATION,10,preciation,noun,1893,shortening,The determination of price; pricing.,http://www.oed.com/dictionary/preciation_n
PREGUSTANT,10,pregustant,adjective,1824,borrowing,That tastes beforehand.,http://www.oed.com/dictionary/pregustant_adj
PRELATEITY,10,prelateity,noun,1642,derivative,The essential quality or essence of being a prelate.,http://www.oed.com/dictionary/prelateity_n
PRESBYOTIC,10,presbyotic,adjective,1889,compound,Of the nature of presbycusis.,http://www.oed.com/dictionary/presbyotic_adj
PRESTOLATE,10,prestolate,verb,1653,borrowing,transitive. To await.,http://www.oed.com/dictionary/prestolate_v
PRESULTORY,10,presultory,adjective,1652,variant,"Impetuous, presumptuous.",http://www.oed.com/dictionary/presultory_adj
PRIDEMONEY,10,pride money,noun,a1652,compound,A tax on ostentation.,http://www.oed.com/dictionary/pride-money_n
PRIMIFESTE,10,primifeste,noun,1551,borrowing,A first feast.,http://www.oed.com/dictionary/primifeste_n
PRIMROSERY,10,Primrosery,noun,1897,derivative,"= Primrosism, n.",http://www.oed.com/dictionary/primrosery_n
PRINCIFIED,10,princified,adjective,1857,derivative,"Princelike, elevated.",http://www.oed.com/dictionary/princified_adj
PROFANATIC,10,profanatic,adjective,1689,blend,Characterized by an excessive enthusiasm for profanity.,http://www.oed.com/dictionary/profanatic_adj
PROKOSMIAL,10,prokosmial,adjective,1855,,That existed before the universe.,http://www.oed.com/dictionary/prokosmial_adj
PRONOUNIST,10,pronounist,noun,1625,derivative,A person who favours the use of pronouns.,http://www.oed.com/dictionary/pronounist_n
PROXICALLY,10,proxically,adverb,1827,derivative,As a proxy or substitute.,http://www.oed.com/dictionary/proxically_adv
PSEUDOMICA,10,pseudo-mica,noun,1849,compound,A mineral resembling mica.,http://www.oed.com/dictionary/pseudo-mica_n
PUFFYLIGHT,10,puffy-light,verb,1610,compound,(transitive) to impart a puffy lightness to (soil).,http://www.oed.com/dictionary/puffy-light_v
PUGNASTICS,10,pugnastics,noun,1830,borrowing,Pugilistic performances.,http://www.oed.com/dictionary/pugnastics_n
PUNDITSHIP,10,punditship,noun,1873,derivative,Hindu scholarship.,http://www.oed.com/dictionary/punditship_n
PUNKATEERO,10,punkateero,noun,1602,derivative,"A procurer of prostitutes, a pimp, a pander.",http://www.oed.com/dictionary/punkateero_n
QUIVERANTE,10,quiverante,noun,1775,compound,Tremulous quality or tone of voice.,http://www.oed.com/dictionary/quiverante_n
RAILWIFERY,10,railwifery,noun,1695,derivative,"Abusive scolding, regarded as comparable to that…",http://www.oed.com/dictionary/railwifery_n
RAISEDEVIL,10,raise-devil,adjective,c1661,compound,That raises the devil.,http://www.oed.com/dictionary/raise-devil_adj
RASCALMENT,10,rascalment,noun,1832,derivative,"= rascality, n. 2.",http://www.oed.com/dictionary/rascalment_n
REFORMLING,10,reformling,noun,1663,derivative,An amended pamphlet.,http://www.oed.com/dictionary/reformling_n
RIDIBUNDAL,10,ridibundal,adjective,1652,borrowing,"Characterized by laughter. Cf. ridibund, adj.",http://www.oed.com/dictionary/ridibundal_adj
RUFFYTUFFY,10,ruffy-tuffy,adjective,a1821,compound,Dishevelled.,http://www.oed.com/dictionary/ruffy-tuffy_adj
SCARLETITE,10,scarletite,noun,1829,derivative,"One who hunts in scarlet (see scarlet, n. A.3).",http://www.oed.com/dictionary/scarletite_n
SCREWSMILE,10,screw-smile,noun,1879,compound,A forced smile.,http://www.oed.com/dictionary/screw-smile_n
SCRIBBLAGE,10,scribblage,noun,1805,derivative,Ephemeral writing; worthless scribblings.,http://www.oed.com/dictionary/scribblage_n
SEEINGSHOP,10,seeing shop,noun,1577,compound,"The faculty of sight (likened to a room, with the…",http://www.oed.com/dictionary/seeing-shop_n
SEPTEMFOIL,10,septemfoil,noun,1842,,An ornamental feature consisting of seven cusps…,http://www.oed.com/dictionary/septemfoil_n
SEPTIPEDAL,10,septipedal,adjective,1606,borrowing,Seven feet in length.,http://www.oed.com/dictionary/septipedal_adj
SEPTIREGAL,10,septiregal,adjective,1847,compound,Of seven kings.,http://www.oed.com/dictionary/septiregal_adj
SERVEIMAGE,10,serve-image,noun,1531,compound,A person who worships images or idols; an idolater.,http://www.oed.com/dictionary/serve-image_n
SHIFTMAKER,10,shiftmaker,noun,1836,compound,A person who is obliged to resort to desperate…,http://www.oed.com/dictionary/shiftmaker_n
SINISTRINE,10,sinistrine,adjective,1792,derivative,Situated on the left-hand side; left.,http://www.oed.com/dictionary/sinistrine_adj
SPROUNTING,10,sprounting,noun,1691,variant,An issue or discharge of water in a spout; a spouting.,http://www.oed.com/dictionary/sprounting_n
STALKHOUND,10,stalk-hound,noun,1664,compound,A dog used in stalking game (in quot. figurative).,http://www.oed.com/dictionary/stalk-hound_n
STANDFIGHT,10,stand-fight,noun,?1611,compound,A hand-to-hand fight; cf. fight of stand n. at…,http://www.oed.com/dictionary/stand-fight_n
STATUARISM,10,statuarism,noun,1791,derivative,Partiality for the art of sculpture.,http://www.oed.com/dictionary/statuarism_n
STIRSTRIFE,10,stir-strife,adjective,1589,compound,That stirs or excites strife.,http://www.oed.com/dictionary/stir-strife_adj
STOPTHROAT,10,stop-throat,adjective,1600,compound,That tightly enwraps the throat.,http://www.oed.com/dictionary/stop-throat_adj
SUBJECTESS,10,subjectess,noun,1772,derivative,A female subject.,http://www.oed.com/dictionary/subjectess_n
SUISECTION,10,suisection,noun,1893,borrowing,Examination of oneself or one's behaviour…,http://www.oed.com/dictionary/suisection_n
SUNEXTINCT,10,sun-extinct,adjective,1929,compound,Inwardly dead.,http://www.oed.com/dictionary/sun-extinct_adj
SUPERFIDEL,10,super-fidel,adjective,1834,derivative,That has too much belief.,http://www.oed.com/dictionary/super-fidel_adj
SURCINGLER,10,surcingler,noun,1662,derivative,"One who wears a surcingle, a member of the clergy.",http://www.oed.com/dictionary/surcingler_n
SWEATSWEET,10,sweat-sweet,adjective,1605,compound,"Exuding a sweet, musky scent.",http://www.oed.com/dictionary/sweat-sweet_adj
SYNODICATE,10,synodicate,verb,1645,derivative,transitive. To give out as by synodal authority.,http://www.oed.com/dictionary/synodicate_v
TALKERSEER,10,talker-seer,noun,1884,compound,A person possessing both visionary qualities and…,http://www.oed.com/dictionary/talker-seer_n
TARLTONIZE,10,Tarltonize,verb,1592,proper name,"intransitive. To act or speak like Tarlton, a…",http://www.oed.com/dictionary/tarltonize_v
TERMDRIVER,10,term-driver,noun,1633,compound,(Perhaps) a person who attends court during law…,http://www.oed.com/dictionary/term-driver_n
TERTERRIFY,10,ter-terrify,verb,a1618,compound,transitive. To terrify threefold; to frighten…,http://www.oed.com/dictionary/ter-terrify_v
THEATERIAN,10,theaterian,noun,1602,,A person connected with the theatre; an actor.,http://www.oed.com/dictionary/theaterian_n
THOUGHTKIN,10,thoughtkin,noun,a1871,derivative,"= thoughtlet, n.",http://www.oed.com/dictionary/thoughtkin_n
THROATERAL,10,throateral,adjective,1664,compound,Guttural.,http://www.oed.com/dictionary/throateral_adj
THROATROOM,10,throat room,noun,1843,compound,Opportunity to speak or shout.,http://www.oed.com/dictionary/throat-room_n
THUMPATORY,10,thumpatory,adjective,1693,derivative,Characterized by thumping.,http://www.oed.com/dictionary/thumpatory_adj
TIGERANTIC,10,tigerantic,adjective,a1704,,"= tigerish, adj. 1.",http://www.oed.com/dictionary/tigerantic_adj
TOBACCICAL,10,tobaccical,adjective,1604,,"Pertaining to, addicted to, or caused by tobacco.",http://www.oed.com/dictionary/tobaccical_adj
TOPHONOURS,10,top-honours,noun,1700,compound,"The topsails of a ship, in reference to the…",http://www.oed.com/dictionary/top-honours_n
TRADENTINE,10,tradentine,adjective,1653,borrowing,Situated beyond or outside the teeth.,http://www.oed.com/dictionary/tradentine_adj
TRANSCLOUT,10,transclout,verb,1647,derivative,transitive. To transform or disfigure with clouts…,http://www.oed.com/dictionary/transclout_v
TRIANGLIFY,10,trianglify,verb,1589,derivative,transitive. To make into or arrange in a triangle…,http://www.oed.com/dictionary/trianglify_v
TRINKETING,10,trinketing,adjective,1674,,"Having to do with trinkets, toys, or trivial…",http://www.oed.com/dictionary/trinketing_adj
TURNSERVED,10,turn-served,adjective,1613,compound,That has acted in a self-interested way. See to…,http://www.oed.com/dictionary/turn-served_adj
URANOPATHY,10,uranopathy,noun,1868,compound,Emotional or sentimental responsiveness to…,http://www.oed.com/dictionary/uranopathy_n
VISURIENCY,10,visuriency,noun,1652,borrowing,The desire of seeing.,http://www.oed.com/dictionary/visuriency_n
WATCHBIRTH,10,watch-birth,noun,1608,compound,A literary work brought into being by watching.,http://www.oed.com/dictionary/watch-birth_n
WHOLESTEAL,10,whole-steal,noun,1649,compound,"Theft of something in its entirety, or on a large…",http://www.oed.com/dictionary/whole-steal_n
WILFULLING,10,wilfulling,noun,1606,,A wilful act.,http://www.oed.com/dictionary/wilfulling_n
WITHWORKER,10,with-worker,noun,1884,compound,"A fellow-worker, co-worker.",http://www.oed.com/dictionary/with-worker_n
WOMANSHIRE,10,womanshire,noun,1606,compound,A notional place in which women reside.,http://www.oed.com/dictionary/womanshire_n
WONDERNIZE,10,wondernize,verb,1599,derivative,transitive. To make a wonder or marvel of.,http://www.oed.com/dictionary/wondernize_v
ZOOMANTIST,10,zoomantist,noun,1861,compound,A person who a person who practises divination by…,http://www.oed.com/dictionary/zoomantist_n
AEQUALIFORM,11,aequaliform,adjective,1660,borrowing,"Having a uniform, constant, or indivisible form.",http://www.oed.com/dictionary/aequaliform_adj
AIRGONATION,11,airgonation,noun,1784,derivative,Travel through the air by means of a hot-air…,http://www.oed.com/dictionary/airgonation_n
ANAPAGANIZE,11,anapaganize,verb,1831,derivative,transitive. To make (something) pagan again.,http://www.oed.com/dictionary/anapaganize_v
ANIMABILITY,11,animability,noun,1814,derivative,The ability to experience sensations…,http://www.oed.com/dictionary/animability_n
ANNIHILMENT,11,annihilment,noun,1526,derivative,"Annihilation, complete destruction.",http://www.oed.com/dictionary/annihilment_n
ANTENOAHITE,11,ante-Noahite,noun,1810,,A person from before the time of Noah.,http://www.oed.com/dictionary/ante-noahite_n
ANTICLIMATE,11,anticlimate,noun,1625,derivative,In early modern geography: each of the bands on…,http://www.oed.com/dictionary/anticlimate_n
APPENDICING,11,appendicing,adjective,1661,borrowing,"Attached; hanging, suspended.",http://www.oed.com/dictionary/appendicing_adj
AUTOBURGLAR,11,auto-burglar,noun,1884,compound,A person who burgles his or her own house.,http://www.oed.com/dictionary/auto-burglar_n
BALLOONICAL,11,balloonical,adjective,1851,derivative,Connected with balloons; aeronautical.,http://www.oed.com/dictionary/balloonical_adj
BAWDREAMINY,11,bawdreaminy,noun,1608,compound,"Probably: bawdiness (bawdiness, n.¹); lewdness…",http://www.oed.com/dictionary/bawdreaminy_n
BIASDRAWING,11,bias drawing,noun,a1616,compound,"Deviation from the truth, insincerity.",http://www.oed.com/dictionary/bias-drawing_n
BILLPATCHED,11,bill-patched,adjective,1598,compound,Covered with notices demanding payment.,http://www.oed.com/dictionary/bill-patched_adj
BIRTHPUFFED,11,birth-puffed,adjective,1793,compound,"Proud of one's ancestry; cf. birth, n.¹ 2a.",http://www.oed.com/dictionary/birth-puffed_adj
BLANKETLOVE,11,blanket love,noun,a1657,compound,Illicit love outside of marriage.,http://www.oed.com/dictionary/blanket-love_n
BOCARDIZING,11,bocardizing,adjective,1652,derivative,Forming awkward or bad syllogisms; reasoning awkwardly.,http://www.oed.com/dictionary/bocardizing_adj
BREAKCOVERT,11,break-covert,adjective,1820,compound,That breaks covert; that starts forth from a…,http://www.oed.com/dictionary/break-covert_adj
BREAKLEAGUE,11,break league,noun,1582,compound,A person who fails to keep the terms of a league…,http://www.oed.com/dictionary/break-league_n
BREAKPULPIT,11,break-pulpit,noun,1588,compound,"An impassioned, vehement, or bombastic preacher.",http://www.oed.com/dictionary/break-pulpit_n
BRIARWOODER,11,briar-wooder,noun,1886,derivative,"A person who smokes a briarwood pipe, esp…",http://www.oed.com/dictionary/briar-wooder_n
BULLBEGGING,11,bull-begging,adjective,1592,,That operates as a terror.,http://www.oed.com/dictionary/bull-begging_adj
BUTTERBOWZY,11,butter bowzy,adjective,1719,compound,Designating a Dutchman.,http://www.oed.com/dictionary/butter-bowzy_adj
BUTTERYWORN,11,buttery-worn,adjective,1885,compound,(Of a person's body) worn out as a result of time…,http://www.oed.com/dictionary/buttery-worn_adj
CALLOGRAPHY,11,callography,noun,1841,borrowing,In the terminology of the U.S. academic Roswell…,http://www.oed.com/dictionary/callography_n
CALOPHANTIC,11,calophantic,adjective,1596,borrowing,Pretending or making a show of excellence.,http://www.oed.com/dictionary/calophantic_adj
CAMERANIOUS,11,cameranious,adjective,1791,borrowing,Of the nature of chamber music.,http://www.oed.com/dictionary/cameranious_adj
CANTINGCOAT,11,canting-coat,noun,1687,compound,The black gown worn by Puritan ministers.,http://www.oed.com/dictionary/canting-coat_n
CARDOPHAGUS,11,cardophagus,noun,1858,borrowing,"A thistle-eater, i.e. a donkey.",http://www.oed.com/dictionary/cardophagus_n
CATAPHYSICS,11,cataphysics,noun,1654,derivative,plural (see quot. 1654).,http://www.oed.com/dictionary/cataphysics_n
CATARUMPANT,11,catarumpant,adjective,1689,borrowing,"(Humorous): cf. Greek κατά, cat and rampant.",http://www.oed.com/dictionary/catarumpant_adj
CENTESSENCE,11,centessence,noun,1871,borrowing,In hyperbolic use: the most characteristic…,http://www.oed.com/dictionary/centessence_n
CHAPELIZING,11,chapelizing,noun,1659,derivative,The establishment of a place as a chapel.,http://www.oed.com/dictionary/chapelizing_n
CHECKBITTED,11,check-bitted,adjective,1845,derivative,Of a horse: fitted with a check bit.,http://www.oed.com/dictionary/check-bitted_adj
CHICKENABLE,11,chickenable,adjective,1853,derivative,Of an egg: capable of producing a chicken.,http://www.oed.com/dictionary/chickenable_adj
COACHCOFFER,11,coach coffer,noun,1607,compound,A box belonging to the driver of a horse-drawn…,http://www.oed.com/dictionary/coach-coffer_n
COACHHORSER,11,coach-horser,noun,1837,derivative,A person who provides horses for coaches. Cf…,http://www.oed.com/dictionary/coach-horser_n
COACHLEAVES,11,coach-leaves,noun,1631,compound,Folding blinds that cover the window of a coach.,http://www.oed.com/dictionary/coach-leaves_n
COACHTREATS,11,coach treats,noun,1607,compound,"The straps, chains, or ropes by which a horse is…",http://www.oed.com/dictionary/coach-treats_n
COMMENTITER,11,commentiter,noun,1645,borrowing,"A deviser of lies, a liar.",http://www.oed.com/dictionary/commentiter_n
COMPETENCER,11,competencer,noun,1621,derivative,The possessor of a competency (of means).,http://www.oed.com/dictionary/competencer_n
COMPOLITIZE,11,compolitize,verb,1647,derivative,transitive. To combine in citizenship.,http://www.oed.com/dictionary/compolitize_v
CONDUNGHILL,11,condunghill,verb,1650,derivative,transitive. To make like a dunghill.,http://www.oed.com/dictionary/condunghill_v
CONSCIUNCLE,11,consciuncle,noun,a1670,derivative,A minute or hair-splitting conscience.,http://www.oed.com/dictionary/consciuncle_n
CONSERVIENT,11,conservient,adjective,1651,derivative,Serving conjointly.,http://www.oed.com/dictionary/conservient_adj
CONVENTMENT,11,conventment,noun,1690,derivative,A body of people convened or set up for a…,http://www.oed.com/dictionary/conventment_n
CONVICINITY,11,convicinity,noun,1783,derivative,Vicinity to each other.,http://www.oed.com/dictionary/convicinity_n
COREGNATION,11,co-regnation,noun,1654,derivative,A period of joint rule.,http://www.oed.com/dictionary/co-regnation_n
COTQUEANITY,11,cotqueanity,noun,1602,derivative,Character or quality of a (female) cotquean.,http://www.oed.com/dictionary/cotqueanity_n
COTTAGEHOOD,11,cottagehood,noun,1860,derivative,The state or condition of being a cottage.,http://www.oed.com/dictionary/cottagehood_n
COXCOMBBIRD,11,coxcomb bird,noun,1734,compound,A parrot.,http://www.oed.com/dictionary/coxcomb-bird_n
CRAMPSPIDER,11,cramp spider,noun,1721,compound,An insect that stands and runs on the surface of…,http://www.oed.com/dictionary/cramp-spider_n
CRINIPAROUS,11,criniparous,adjective,1798,compound,Producing hair.,http://www.oed.com/dictionary/criniparous_adj
CRITICIASIS,11,criticiasis,noun,1874,derivative,Criticism regarded as a disease.,http://www.oed.com/dictionary/criticiasis_n
CUPSTANTIAL,11,cupstantial,adjective,1583,variant,"Arising from, or associated with, intoxication or…",http://www.oed.com/dictionary/cupstantial_adj
DECIPHERAGE,11,decipherage,noun,1851,derivative,The action or result of deciphering.,http://www.oed.com/dictionary/decipherage_n
DEPRAVERESS,11,depraveress,noun,1557,derivative,A female depraver.,http://www.oed.com/dictionary/depraveress_n
DIRECTITUDE,11,directitude,noun,a1616,compound,"Apparently: discredit, disgrace.",http://www.oed.com/dictionary/directitude_n
DISCONJURED,11,disconjured,adjective,1837,derivative,Apparently: deprived of the power of conjuring.,http://www.oed.com/dictionary/disconjured_adj
DISSIMILIES,11,dissimilies,noun,1659,borrowing,With plural agreement. Dissimilar things; things…,http://www.oed.com/dictionary/dissimilies_n
DISTECTURED,11,distectured,adjective,1632,derivative,Deprived of the roof; unroofed.,http://www.oed.com/dictionary/distectured_adj
DIVISIONATE,11,divisionate,verb,a1586,derivative,"transitive. To make division of, divide.",http://www.oed.com/dictionary/divisionate_v
ELISIONABLE,11,elisionable,adjective,1877,derivative,That may be elided; elidible.,http://www.oed.com/dictionary/elisionable_adj
EMPIRICUTIC,11,empiricutic,adjective,a1616,variant,Empirical.,http://www.oed.com/dictionary/empiricutic_adj
ENIXIBILITY,11,enixibility,noun,1652,borrowing,? Possibility of being brought forth.,http://www.oed.com/dictionary/enixibility_n
EQUESTRIANA,11,equestriana,noun,1825,,A female equestrian.,http://www.oed.com/dictionary/equestriana_n
EXPECCATION,11,expeccation,noun,a1631,borrowing,(See quot. 1631.),http://www.oed.com/dictionary/expeccation_n
FATIDICENCY,11,fatidicency,noun,1693,derivative,The action or practice of foretelling the future…,http://www.oed.com/dictionary/fatidicency_n
FICKLEFORCE,11,fickle-force,noun,1567,compound,(See quot. 1567.),http://www.oed.com/dictionary/fickle-force_n
FINGERSHADE,11,finger-shade,noun,1711,compound,The action of concealing the mouth with the fingers.,http://www.oed.com/dictionary/finger-shade_n
FLAILFINNED,11,flail-finned,adjective,a1631,compound,Having a long fin which resembles a flail. Cf…,http://www.oed.com/dictionary/flail-finned_adj
GALLANTSHIP,11,gallantship,noun,1579,derivative,"With possessive adjective, as a mock title of…",http://www.oed.com/dictionary/gallantship_n
GELDINGEITY,11,geldingeity,noun,a1774,derivative,The quality of being a gelding.,http://www.oed.com/dictionary/geldingeity_n
GOUTJUSTICE,11,gout-justice,noun,1619,compound,"Justice that is delayed or slow, as if hampered…",http://www.oed.com/dictionary/gout-justice_n
HECATONTOME,11,hecatontome,noun,1641,borrowing,A collection of a hundred volumes.,http://www.oed.com/dictionary/hecatontome_n
HEELSOPHIST,11,heel sophist,noun,1743,compound,A person knowledgeable in the art of dancing.,http://www.oed.com/dictionary/heel-sophist_n
HOBBYHEADED,11,hobby headed,adjective,a1625,compound,"Having thick, shaggy hair.",http://www.oed.com/dictionary/hobby-headed_adj
HOBGOBLINET,11,hobgoblinet,noun,1615,derivative,A small hobgoblin.,http://www.oed.com/dictionary/hobgoblinet_n
HYPERBYSSAL,11,hyperbyssal,adjective,1691,borrowing,Of or belonging to surpassing depth or profundity.,http://www.oed.com/dictionary/hyperbyssal_adj
IMPROVERESS,11,improveress,noun,1744,derivative,A female improver.,http://www.oed.com/dictionary/improveress_n
INOBSTINATE,11,inobstinate,verb,1599,derivative,"transitive. To render obstinate, confirm in obstinacy.",http://www.oed.com/dictionary/inobstinate_v
INSEPARIZED,11,inseparized,adjective,a1618,derivative,"= inseparate, adj.",http://www.oed.com/dictionary/inseparized_adj
JAILDELIVER,11,jail-deliver,verb,?1632,compound,"transitive. To rescue, save, or set (a prisoner)…",http://www.oed.com/dictionary/jail-deliver_v
LEGERDEHEEL,11,legerdeheel,noun,1605,variant,to play legerdeheel: (of a woman) to be sexually…,http://www.oed.com/dictionary/legerdeheel_n
LEOPARDIZED,11,leopardized,adjective,1762,derivative,A lion represented as passant guardant.,http://www.oed.com/dictionary/leopardized_adj
LITTLEBLESS,11,little-bless,verb,1610,compound,transitive to curse.,http://www.oed.com/dictionary/little-bless_v
LOCORESTIVE,11,loco-restive,adjective,1796,compound,Inclined to remain in one place.,http://www.oed.com/dictionary/loco-restive_adj
MACROPICIDE,11,macropicide,noun,1866,borrowing,A person who kills kangaroos.,http://www.oed.com/dictionary/macropicide_n
MAJESTARIAN,11,majestarian,adjective,1847,derivative,Of or relating to the sovereign.,http://www.oed.com/dictionary/majestarian_adj
MANHUCKSTER,11,man-huckster,noun,a1640,compound,The manager of a male brothel.,http://www.oed.com/dictionary/man-huckster_n
MARCHPANADO,11,march panado,verb,1650,derivative,"transitive. To mould (a thing), in the manner of…",http://www.oed.com/dictionary/march-panado_v
MARITURIENT,11,mariturient,adjective,1765,borrowing,Eager to marry.,http://www.oed.com/dictionary/mariturient_adj
MASSINGMATE,11,massing-mate,noun,1607,compound,The priest who celebrates mass.,http://www.oed.com/dictionary/massing-mate_n
MEETHELPING,11,meet-helping,noun,1869,derivative,The action of a helpmeet.,http://www.oed.com/dictionary/meet-helping_n
MERCHANTISH,11,merchantish,adjective,1848,derivative,Resembling or characteristic of a merchant.,http://www.oed.com/dictionary/merchantish_adj
MIMOPROPHET,11,mimo-prophet,noun,1668,borrowing,A mock or pretended prophet.,http://www.oed.com/dictionary/mimo-prophet_n
MODERNICIDE,11,modernicide,noun,1760,compound,"A person who kills ‘moderns’ (see modernist, n. A.2).",http://www.oed.com/dictionary/modernicide_n
MOFUSSILIZE,11,mofussilize,verb,1863,derivative,"intransitive. To live in a remote, rural, or…",http://www.oed.com/dictionary/mofussilize_v
MOMENTARIAN,11,momentarian,noun,1863,derivative,"= infinitesimalist, n. Cf. moment, n. I.3b.",http://www.oed.com/dictionary/momentarian_n
MONONEIRIST,11,mononeirist,noun,1763,borrowing,A person who has only ever dreamed once.,http://www.oed.com/dictionary/mononeirist_n
MONSTRICIDE,11,monstricide,noun,1859,borrowing,The killing of a monster.,http://www.oed.com/dictionary/monstricide_n
MUSOPHOBIST,11,musophobist,noun,1880,borrowing,A person who dislikes or mistrusts poetry.,http://www.oed.com/dictionary/musophobist_n
MUTTERATION,11,mutteration,noun,1753,derivative,The action of muttering.,http://www.oed.com/dictionary/mutteration_n
NEOTERIZING,11,neoterizing,noun,1873,borrowing,The coining of new words or phrases; = neologism…,http://www.oed.com/dictionary/neoterizing_n
NETHERLINGS,11,netherlings,noun,1852,derivative,"Nether garments (see nether, adj. A.2b).",http://www.oed.com/dictionary/netherlings_n
NUXVOMICIZE,11,nux-vomicize,verb,1866,derivative,transitive. To adulterate (a drink) with nux vomica.,http://www.oed.com/dictionary/nux-vomicize_v
OBANDSOLLER,11,ob-and-soller,noun,1678,derivative,A person who engages in scholastic disputation…,http://www.oed.com/dictionary/ob-and-soller_n
ORTHOGLOSSY,11,orthoglossy,noun,1877,borrowing,Accepted or customary pronunciation.,http://www.oed.com/dictionary/orthoglossy_n
OUTOFDOORER,11,out-of-doorer,noun,1839,derivative,A person who prefers to live or stay in the open air.,http://www.oed.com/dictionary/out-of-doorer_n
PACKISHNESS,11,packishness,noun,1672,derivative,The condition or quality of being a pack.,http://www.oed.com/dictionary/packishness_n
PALACEMOUSE,11,palace-mouse,noun,1608,compound,An obsequious courtier.,http://www.oed.com/dictionary/palace-mouse_n
PALAEOLATRY,11,palaeolatry,noun,1887,compound,"Worship of, or excessive reverence for, that…",http://www.oed.com/dictionary/palaeolatry_n
PAMPHLETAGE,11,pamphletage,noun,1896,derivative,The totality of pamphlets on a particular…,http://www.oed.com/dictionary/pamphletage_n
PAMPINULATE,11,pampinulate,verb,1592,borrowing,transitive. To cover with convoluted strands or…,http://www.oed.com/dictionary/pampinulate_v
PAPAPHOBIST,11,papaphobist,noun,a1834,derivative,A person affected with papaphobia.,http://www.oed.com/dictionary/papaphobist_n
PAPISTICATE,11,papisticate,verb,1746,derivative,transitive. To convert to Roman Catholicism.,http://www.oed.com/dictionary/papisticate_v
PAPYROCRACY,11,papyrocracy,noun,1843,compound,Government by excessive paperwork.,http://www.oed.com/dictionary/papyrocracy_n
PARADOXLING,11,paradoxling,noun,1863,derivative,A little paradox.,http://www.oed.com/dictionary/paradoxling_n
PARAKEETISM,11,parakeetism,noun,1658,derivative,An example of speaking without understanding what…,http://www.oed.com/dictionary/parakeetism_n
PAROCHIALIC,11,parochialic,adjective,1848,borrowing,Parochial.,http://www.oed.com/dictionary/parochialic_adj
PARRATIONAL,11,par-rational,adjective,1647,borrowing,Equally rational or reasonable.,http://www.oed.com/dictionary/par-rational_adj
PARSONARCHY,11,parsonarchy,noun,1830,derivative,A body of ruling parsons.,http://www.oed.com/dictionary/parsonarchy_n
PATHETICATE,11,patheticate,verb,1885,derivative,"transitive. To make pathetic, to give a pathetic…",http://www.oed.com/dictionary/patheticate_v
PEDOMETRIST,11,pedometrist,noun,1827,derivative,A person who uses a pedometer.,http://www.oed.com/dictionary/pedometrist_n
PERMORALIZE,11,permoralize,verb,1888,derivative,transitive. To permeate or imbue with moral influence.,http://www.oed.com/dictionary/permoralize_v
PERSHEETING,11,per-sheeting,noun,1805,derivative,The practice of charging at so much per sheet…,http://www.oed.com/dictionary/per-sheeting_n
PHANTOMIZER,11,phantomizer,noun,1860,derivative,"= spiritualizer, n. 1.",http://www.oed.com/dictionary/phantomizer_n
PHILOCUBIST,11,philocubist,noun,1822,borrowing,"A dice player, a gambler.",http://www.oed.com/dictionary/philocubist_n
PHILOGALIST,11,philogalist,noun,1819,,"= philofelist, n.",http://www.oed.com/dictionary/philogalist_n
PIECEBRIGHT,11,piece-bright,adjective,1877,compound,Bright in parts.,http://www.oed.com/dictionary/piece-bright_adj
PIGLINGHOOD,11,piglinghood,noun,1885,derivative,The state or condition of being a pigling.,http://www.oed.com/dictionary/piglinghood_n
PIROUETTISM,11,pirouettism,noun,1839,derivative,An inclination towards or habit of pirouetting.,http://www.oed.com/dictionary/pirouettism_n
PISCITARIAN,11,piscitarian,noun,1880,borrowing,A fishmonger.,http://www.oed.com/dictionary/piscitarian_n
PLACENTIATE,11,placentiate,verb,1694,borrowing,"transitive. To please, satisfy.",http://www.oed.com/dictionary/placentiate_v
PLANETICOSE,11,planeticose,adjective,1849,borrowing,Given to wandering; itinerant.,http://www.oed.com/dictionary/planeticose_adj
PLENORDERLY,11,plenorderly,adverb,1650,compound,Under the orders or authority of all.,http://www.oed.com/dictionary/plenorderly_adv
PLENTYPRICE,11,plenty price,noun,1860,compound,A price appropriate to a time of plenty (cf…,http://www.oed.com/dictionary/plenty-price_n
PLUMELETAGE,11,plumeletage,noun,1855,derivative,"Small, delicate plumage.",http://www.oed.com/dictionary/plumeletage_n
PLURANIMOUS,11,pluranimous,adjective,1650,borrowing,Not unanimous.,http://www.oed.com/dictionary/pluranimous_adj
POLEMOMANIA,11,polemomania,noun,1874,borrowing,Excessive desire for conflict; militant anger.,http://www.oed.com/dictionary/polemomania_n
POLYADAMITE,11,polyadamite,adjective,1832,compound,"Asserting the existence of many ‘Adams’, or first…",http://www.oed.com/dictionary/polyadamite_adj
POLYGRAMMAR,11,polygrammar,noun,1812,compound,A grammar of several different languages.,http://www.oed.com/dictionary/polygrammar_n
POOHPOOHIST,11,pooh-poohist,noun,1861,derivative,"= pooh-pooher, n.",http://www.oed.com/dictionary/pooh-poohist_n
POPEDOMSHIP,11,popedomship,noun,1588,derivative,The office or authority of a pope.,http://www.oed.com/dictionary/popedomship_n
POPLOCRATIC,11,Poplocratic,adjective,1895,compound,"= Popocratic, adj.",http://www.oed.com/dictionary/poplocratic_adj
POSTFERMENT,11,postferment,noun,a1661,derivative,Removal to an inferior office. Opposed to preferment.,http://www.oed.com/dictionary/postferment_n
POSTUREMAKE,11,posture-make,verb,1853,compound,intransitive. To make postures. Only in present…,http://www.oed.com/dictionary/posture-make_v
POTESTOLATE,11,potestolate,noun,1522,variant,Perhaps: a ruler; a powerful person.,http://www.oed.com/dictionary/potestolate_n
PRENUNTIATE,11,prenuntiate,noun,1866,borrowing,"A foreteller, a harbinger.",http://www.oed.com/dictionary/prenuntiate_n
PROCULSTANT,11,proculstant,noun,1589,borrowing,A Protestant.,http://www.oed.com/dictionary/proculstant_n
PRODIALOGUE,11,pro-dialogue,noun,1884,derivative,An introductory dialogue.,http://www.oed.com/dictionary/pro-dialogue_n
PROOFFAVOUR,11,proof-favour,noun,a1625,compound,Favour or goodwill of proven strength.,http://www.oed.com/dictionary/proof-favour_n
PROPINQUIAL,11,propinquial,adjective,1891,derivative,Relating to or carried out in the vicinity.,http://www.oed.com/dictionary/propinquial_adj
PULICARIOUS,11,pulicarious,adjective,1872,borrowing,Of the nature of or resembling a flea.,http://www.oed.com/dictionary/pulicarious_adj
PUNCTIUNCLE,11,punctiuncle,noun,1874,borrowing,An extremely minute or trifling point.,http://www.oed.com/dictionary/punctiuncle_n
PURVEYANCER,11,purveyancer,noun,1800,derivative,"= purveyor, n. 1c.",http://www.oed.com/dictionary/purveyancer_n
PYRAMIDAIRE,11,pyramidaire,noun,1876,derivative,A person to whom a pyramid is erected as a monument.,http://www.oed.com/dictionary/pyramidaire_n
PYTHONIZING,11,pythonizing,noun,1654,derivative,An act of ventriloquizing (apparently used of the…,http://www.oed.com/dictionary/pythonizing_n
QUADRUPAWED,11,quadru-pawed,adjective,1828,compound,Having four paws.,http://www.oed.com/dictionary/quadru-pawed_adj
QUALITYSHIP,11,qualityship,noun,1865,derivative,Social position.,http://www.oed.com/dictionary/qualityship_n
QUEENOMANIA,11,Queenomania,noun,1820,compound,Devotion to the cause of Queen Caroline…,http://www.oed.com/dictionary/queenomania_n
QUESTIONFUL,11,questionful,noun,1647,derivative,A full reply to a question.,http://www.oed.com/dictionary/questionful_n
QUINQUAGINT,11,quinquagint,noun,1843,borrowing,A group of fifty persons.,http://www.oed.com/dictionary/quinquagint_n
QUIZZACIOUS,11,quizzacious,adjective,1843,derivative,Mocking; satirical.,http://www.oed.com/dictionary/quizzacious_adj
RAPHAELHOOD,11,Raphaelhood,noun,1851,proper name,The state or condition of being considered like…,http://www.oed.com/dictionary/raphaelhood_n
RATIOCINANT,11,ratiocinant,adjective,1693,borrowing,That reasons; reasoning.,http://www.oed.com/dictionary/ratiocinant_adj
RECONCILESS,11,reconciless,noun,1865,derivative,A female reconciler.,http://www.oed.com/dictionary/reconciless_n
REPATRIOTED,11,repatrioted,adjective,1755,derivative,That has become patriotic again.,http://www.oed.com/dictionary/repatrioted_adj
REPORTERIZE,11,reporterize,verb,1891,derivative,transitive to treat in the manner of a reporter.,http://www.oed.com/dictionary/reporterize_v
RESPECTANCE,11,respectance,noun,1820,derivative,"= respect, n.",http://www.oed.com/dictionary/respectance_n
RHABDOSOPHY,11,rhabdosophy,noun,1820,compound,The practice of gesturing with one's cane or…,http://www.oed.com/dictionary/rhabdosophy_n
RIGHTEOUSER,11,righteouser,noun,1866,derivative,A person who makes another or others righteous…,http://www.oed.com/dictionary/righteouser_n
ROBUSTIHOOD,11,robustihood,noun,1834,derivative,Robustness.,http://www.oed.com/dictionary/robustihood_n
ROMANCERESS,11,romanceress,noun,1841,derivative,A female romancer.,http://www.oed.com/dictionary/romanceress_n
ROUNDLINESS,11,roundliness,noun,1870,derivative,The quality of having a rounded outline or contour.,http://www.oed.com/dictionary/roundliness_n
ROUTINARITY,11,routinarity,noun,1868,derivative,The condition of being dependent on routine.,http://www.oed.com/dictionary/routinarity_n
RUINIFEROUS,11,ruiniferous,adjective,1854,compound,Rich in ruins.,http://www.oed.com/dictionary/ruiniferous_adj
SCARLATICAL,11,scarlatical,adjective,1672,derivative,Having the prejudices characteristic of those who…,http://www.oed.com/dictionary/scarlatical_adj
SCHOOLINGLY,11,schoolingly,adverb,1871,derivative,So as to provide a lesson.,http://www.oed.com/dictionary/schoolingly_adv
SERINGAHOOD,11,seringahood,noun,1754,derivative,The condition of abounding in seringa blossom.,http://www.oed.com/dictionary/seringahood_n
SHRILLBATED,11,shrill-bated,adjective,1582,compound,With a shrill sound like the voices of people arguing.,http://www.oed.com/dictionary/shrill-bated_adj
SPECIMENIFY,11,specimenify,verb,1820,derivative,transitive. To select (something) as a specimen…,http://www.oed.com/dictionary/specimenify_v
SPIRITUELLY,11,spirituelly,adverb,1825,derivative,In a refined or witty manner.,http://www.oed.com/dictionary/spirituelly_adv
STEADMOTHER,11,stead mother,noun,1591,compound,(See quot. 1591).,http://www.oed.com/dictionary/stead-mother_n
STIRPASSION,11,stir-passion,noun,1604,compound,Something that stirs or excites passion.,http://www.oed.com/dictionary/stir-passion_n
STRETCHLING,11,stretchling,noun,1674,derivative,A minute quantity of space.,http://www.oed.com/dictionary/stretchling_n
SUPERFINISH,11,superfinish,adjective,1866,derivative,Somewhat superfine.,http://www.oed.com/dictionary/superfinish_adj
SURCINGLING,11,surcingling,noun,1654,derivative,A flogging with a surcingle.,http://www.oed.com/dictionary/surcingling_n
TACTURIENCY,11,tacturiency,noun,1652,borrowing,The desire of touching.,http://www.oed.com/dictionary/tacturiency_n
TAPINOPHOBY,11,tapinophoby,noun,1773,borrowing,(See quot. 1773.),http://www.oed.com/dictionary/tapinophoby_n
THINKINGDOM,11,thinkingdom,noun,1880,derivative,A social structure of thinking persons.,http://www.oed.com/dictionary/thinkingdom_n
THRONONICAL,11,thrononical,adjective,a1626,derivative,Of or relating to a ruler occupying a throne.,http://www.oed.com/dictionary/thrononical_adj
THWARTEROUS,11,thwarterous,adjective,1625,derivative,"Tortuous, twisted, gnarled.",http://www.oed.com/dictionary/thwarterous_adj
TOMORROWING,11,tomorrowing,adjective,1824,derivative,That procrastinates.,http://www.oed.com/dictionary/tomorrowing_adj
TOTIPRESENT,11,totipresent,adjective,1768,borrowing,Present throughout the whole of a space.,http://www.oed.com/dictionary/totipresent_adj
TRANSSPIRIT,11,trans-spirit,verb,1652,derivative,transitive. To convey the spirit of (a thing)…,http://www.oed.com/dictionary/trans-spirit_v
TRUCHSPRITE,11,truch sprite,noun,1582,,A spirit acting as interpreter or messenger.,http://www.oed.com/dictionary/truch-sprite_n
VAGABUNDULO,11,vagabundulo,noun,1631,derivative,? A roguish trick.,http://www.oed.com/dictionary/vagabundulo_n
VENTILABRAL,11,ventilabral,adjective,1882,borrowing,Concerning or relating to a (handheld) fan or fans.,http://www.oed.com/dictionary/ventilabral_adj
WATCHGEORGE,11,watch George,noun,1614,compound,A representation of St George in the form of a…,http://www.oed.com/dictionary/watch-george_n
WELLWOULDER,11,well-woulder,noun,1643,compound,A conditional or would-be well-wisher. Cf…,http://www.oed.com/dictionary/well-woulder_n
WHIMSEYCADO,11,whimseycado,noun,1654,borrowing,(?) A whim.,http://www.oed.com/dictionary/whimseycado_n
ALTILATITUDE,12,altilatitude,noun,1633,compound,Altitude and latitude combined (in quot. as a…,http://www.oed.com/dictionary/altilatitude_n
ANYLENGTHIAN,12,any-lengthian,adjective,1805,derivative,Unscrupulous; ready to go any lengths (see…,http://www.oed.com/dictionary/any-lengthian_adj
BALLOONICISM,12,balloonicism,noun,1838,derivative,A technical phrase in ballooning.,http://www.oed.com/dictionary/balloonicism_n
BALLOTICALLY,12,ballotically,adverb,c1842,derivative,In reference to the ballot.,http://www.oed.com/dictionary/ballotically_adv
BLACKAPRONRY,12,black-apronry,noun,1832,compound,"The wearers of black aprons, spec. the clerical…",http://www.oed.com/dictionary/black-apronry_n
BLACKARTSHIP,12,black artship,noun,a1692,derivative,Only in your Black Artship: a mock title or form…,http://www.oed.com/dictionary/black-artship_n
BLOCKHEADESS,12,blockheadess,noun,1827,derivative,A stupid or foolish woman.,http://www.oed.com/dictionary/blockheadess_n
CALODEMONIAL,12,calodemonial,adjective,a1529,compound,Of or pertaining to beautiful or good spirits.,http://www.oed.com/dictionary/calodemonial_adj
CATACATHOLIC,12,Catacatholic,adjective,1608,derivative,Of or relating to an apparent or supposed form of…,http://www.oed.com/dictionary/catacatholic_adj
CENTILINGUED,12,centilingued,adjective,1853,compound,Having a hundred tongues.,http://www.oed.com/dictionary/centilingued_adj
CHUFFECHAFFE,12,chuffe chaffe,adjective,1582,variant,Meaning uncertain: perhaps ‘swollen’ or ‘puffed…,http://www.oed.com/dictionary/chuffe-chaffe_adj
CLERICOMETER,12,clericometer,noun,1864,compound,A standard or device for measuring the outlook…,http://www.oed.com/dictionary/clericometer_n
CLIMACTERIAN,12,climacterian,noun,a1734,derivative,A person who uses the rhetorical device of climax…,http://www.oed.com/dictionary/climacterian_n
CLOAKATIVELY,12,cloakatively,adverb,1674,derivative,Superficially.,http://www.oed.com/dictionary/cloakatively_adv
CODICILLULAR,12,codicillular,adjective,1829,borrowing,Of the nature of a codicil or supplement.,http://www.oed.com/dictionary/codicillular_adj
CONCLOUTMENT,12,concloutment,noun,1593,derivative,"A clouting together, a patchwork.",http://www.oed.com/dictionary/concloutment_n
CONFORMALIST,12,conformalist,noun,1631,derivative,"= conformist, n.",http://www.oed.com/dictionary/conformalist_n
CONVERSIONER,12,conversioner,noun,1655,derivative,A writer on conversion.,http://www.oed.com/dictionary/conversioner_n
CORNUCOPIOUS,12,cornucopious,adjective,1654,derivative,"(Cf. cornucopia, n. d.)",http://www.oed.com/dictionary/cornucopious_adj
COUNTERPACER,12,counterpacer,noun,1556,derivative,One who paces or walks opposite; in plural =…,http://www.oed.com/dictionary/counterpacer_n
COUNTYOCRACY,12,countyocracy,noun,1859,compound,The aristocracy and leading families of a county.,http://www.oed.com/dictionary/countyocracy_n
CROTCHETHERO,12,crotchet-hero,noun,1807,compound,A musician.,http://www.oed.com/dictionary/crotchet-hero_n
DECATESSARAD,12,decatessarad,noun,a1614,borrowing,A poem of 14 lines.,http://www.oed.com/dictionary/decatessarad_n
DECILLIONIST,12,decillionist,noun,1865,derivative,One who deals in infinitesimal doses (of a drug)…,http://www.oed.com/dictionary/decillionist_n
DEHOMINATION,12,dehomination,noun,1647,borrowing,Deprival of the character or attributes of humanity.,http://www.oed.com/dictionary/dehomination_n
DEMONOSOPHER,12,demonosopher,noun,1780,compound,A person inspired by a demon or by the Devil.,http://www.oed.com/dictionary/demonosopher_n
DEPAROCHIATE,12,deparochiate,verb,1762,borrowing,intransitive. To depart from one's own parish.,http://www.oed.com/dictionary/deparochiate_v
DISCURSATIVE,12,discursative,adjective,1819,borrowing,That tends to pass from one object of thought to…,http://www.oed.com/dictionary/discursative_adj
DISDETERMINE,12,disdetermine,verb,1651,derivative,"transitive. To undo that which is determined, to annul.",http://www.oed.com/dictionary/disdetermine_v
DISKNOWLEDGE,12,disknowledge,verb,1576,derivative,"transitive. To put out of knowledge, make…",http://www.oed.com/dictionary/disknowledge_v
DOGMATOPOEIC,12,dogmatopoeic,adjective,1893,borrowing,Creating dogmas.,http://www.oed.com/dictionary/dogmatopoeic_adj
DUTCHDEFENCE,12,Dutch defence,noun,1749,compound,"Surrender, capitulation.",http://www.oed.com/dictionary/dutch-defence_n
EFFUMABILITY,12,effumability,noun,1680,borrowing,Capability of being converted into vapour.,http://www.oed.com/dictionary/effumability_n
ELVISHMARKED,12,elvish-marked,adjective,1597,compound,Marked or afflicted by elves; (hence) spiteful or…,http://www.oed.com/dictionary/elvish-marked_adj
EMBABUINIZED,12,embabuinized,adjective,1603,borrowing,Infatuated (with).,http://www.oed.com/dictionary/embabuinized_adj
ETCETERARIST,12,etceterarist,noun,a1843,derivative,A person who uses the word ‘etcetera’.,http://www.oed.com/dictionary/etceterarist_n
EVERYWAYNESS,12,everywayness,noun,1674,derivative,The quality of extending in every direction.,http://www.oed.com/dictionary/everywayness_n
FEATHERGLORY,12,feather-glory,noun,a1626,compound,Light and transitory glory.,http://www.oed.com/dictionary/feather-glory_n
FIRESIDESHIP,12,firesideship,noun,1845,derivative,(With preceding possessive adjective) a mock…,http://www.oed.com/dictionary/firesideship_n
GOBLETOFFICE,12,goblet-office,noun,1653,compound,A place for storing wine and other alcoholic drinks.,http://www.oed.com/dictionary/goblet-office_n
GOLDSMITHESS,12,goldsmithess,noun,c1450,derivative,A female goldsmith.,http://www.oed.com/dictionary/goldsmithess_n
HARDFASTNESS,12,hardfastness,noun,1674,compound,Density.,http://www.oed.com/dictionary/hardfastness_n
HOLIDAYWOMAN,12,holiday woman,noun,1548,compound,A woman who is at rest instead of working; an…,http://www.oed.com/dictionary/holiday-woman_n
HURRICANIOUS,12,hurricanious,adjective,1706,derivative,Hurricane-like.,http://www.oed.com/dictionary/hurricanious_adj
HUSBANDFIELD,12,husband-field,noun,1811,compound,A cultivated field.,http://www.oed.com/dictionary/husband-field_n
IMMONARCHIZE,12,immonarchize,verb,1679,derivative,transitive. To confer monarchy upon; to make into…,http://www.oed.com/dictionary/immonarchize_v
IMMONASTERED,12,immonastered,adjective,1622,derivative,Shut up in a monastery.,http://www.oed.com/dictionary/immonastered_adj
IMPALETOCKED,12,impaletocked,adjective,1653,borrowing,"Rendering French empaletoqué ‘muffled, or lapt vp…",http://www.oed.com/dictionary/impaletocked_adj
INSENSIBLIST,12,insensiblist,noun,1782,derivative,One who professes insensibility or apathy.,http://www.oed.com/dictionary/insensiblist_n
JEWELDARLING,12,jewel-darling,adjective,1643,compound,That is as precious or highly prized as a jewel.,http://www.oed.com/dictionary/jewel-darling_adj
JUNKETACEOUS,12,junketaceous,adjective,1760,derivative,Given to junketing or merrymaking.,http://www.oed.com/dictionary/junketaceous_adj
KIRKOMANETIC,12,kirkomanetic,adjective,1652,derivative,Fervently supportive of the Kirk or Church of Scotland.,http://www.oed.com/dictionary/kirkomanetic_adj
LETTERSTRUCK,12,letter-struck,adjective,1667,compound,Smitten with love of literature and learning.,http://www.oed.com/dictionary/letter-struck_adj
MAGISTRICIDE,12,magistricide,noun,1670,borrowing,A person who kills his or her master or teacher.,http://www.oed.com/dictionary/magistricide_n
MEMORANDUMER,12,memorandumer,noun,1787,derivative,A person who makes memoranda.,http://www.oed.com/dictionary/memorandumer_n
METHEGLINIST,12,metheglinist,noun,1655,derivative,A brewer of metheglin.,http://www.oed.com/dictionary/metheglinist_n
MICRANTHROPE,12,micranthrope,noun,1822,borrowing,"= micranthropos, n.",http://www.oed.com/dictionary/micranthrope_n
MICROSCOPIZE,12,microscopize,verb,1846,derivative,intransitive. To work with a microscope.,http://www.oed.com/dictionary/microscopize_v
MIDDLEAGEISM,12,middleageism,noun,1840,derivative,Medievalism.,http://www.oed.com/dictionary/middleageism_n
MOSSTROOPERY,12,mosstroopery,noun,1845,derivative,The practices of the moss-troopers.,http://www.oed.com/dictionary/mosstroopery_n
NEIGHBOURIZE,12,neighbourize,verb,1899,derivative,intransitive. To associate with others as…,http://www.oed.com/dictionary/neighbourize_v
NEPHELOLATER,12,nephelolater,noun,1895,compound,A person who admires clouds.,http://www.oed.com/dictionary/nephelolater_n
NIGRICANTING,12,nigricanting,adjective,?1715,borrowing,That blackens (figurative in quot. 1715).,http://www.oed.com/dictionary/nigricanting_adj
NOTHINGIZING,12,nothingizing,noun,1834,derivative,"Reduction to nothing, obliteration.",http://www.oed.com/dictionary/nothingizing_n
OBITANEOUSLY,12,obitaneously,adverb,a1834,derivative,"By the way, in passing. Cf. obiter, adv.",http://www.oed.com/dictionary/obitaneously_adv
OBSCENOMETER,12,obscenometer,noun,1828,compound,An imaginary instrument for measuring the degree…,http://www.oed.com/dictionary/obscenometer_n
OCTAGONFACED,12,octagon-faced,adjective,1892,compound,"Able to show eight different faces, extremely…",http://www.oed.com/dictionary/octagon-faced_adj
OMNISCIOLISM,12,omnisciolism,noun,1892,compound,The quality of knowing a little about everything.,http://www.oed.com/dictionary/omnisciolism_n
OMNIVOROSITY,12,omnivorosity,noun,1896,derivative,"= omnivorousness, n.",http://www.oed.com/dictionary/omnivorosity_n
OTHERSELFISH,12,otherselfish,adjective,1877,derivative,Altruistic.,http://www.oed.com/dictionary/otherselfish_adj
OVERTURCASED,12,overturcased,adjective,1647,derivative,Covered with turquoises.,http://www.oed.com/dictionary/overturcased_adj
PALAEOMACHIC,12,palaeomachic,adjective,1877,,Of or relating to ancient warfare.,http://www.oed.com/dictionary/palaeomachic_adj
PANCAKEWARDS,12,pancakewards,adverb,1867,derivative,Towards or for a pancake.,http://www.oed.com/dictionary/pancakewards_adv
PANFRIVOLIUM,12,panfrivolium,noun,1834,compound,A place or scene of utter frivolity. (In quot…,http://www.oed.com/dictionary/panfrivolium_n
PAPYROPHOBIA,12,papyrophobia,noun,1790,compound,Fear of paper.,http://www.oed.com/dictionary/papyrophobia_n
PARSONOLATRY,12,parsonolatry,noun,1852,derivative,The worship of parsons.,http://www.oed.com/dictionary/parsonolatry_n
PASSERICIDAL,12,passericidal,adjective,a1876,borrowing,That kills sparrows; sparrow-killing.,http://www.oed.com/dictionary/passericidal_adj
PASTELLETEER,12,pastelleteer,noun,1893,derivative,A writer of literary pastels.,http://www.oed.com/dictionary/pastelleteer_n
PASTMERIDIAN,12,past-meridian,adjective,1898,compound,"Past one's prime, elderly.",http://www.oed.com/dictionary/past-meridian_adj
PATEROPHOBIA,12,paterophobia,noun,1840,borrowing,Fear or mistrust of the early Christian Fathers.,http://www.oed.com/dictionary/paterophobia_n
PATROLLOTISM,12,patrollotism,noun,1837,compound,The systematic use of patrols.,http://www.oed.com/dictionary/patrollotism_n
PATRONESSING,12,patronessing,noun,1834,derivative,"The behaviour of a patroness, esp. in support of…",http://www.oed.com/dictionary/patronessing_n
PEDICULARITY,12,pedicularity,noun,1876,derivative,The nature or set of characteristics of a louse.,http://www.oed.com/dictionary/pedicularity_n
PENANDINKAGE,12,pen-and-inkage,noun,1894,derivative,The use of pen and ink.,http://www.oed.com/dictionary/pen-and-inkage_n
PERRUQUERIAN,12,perruquerian,adjective,1836,derivative,Of or relating to a perruquier.,http://www.oed.com/dictionary/perruquerian_adj
PHILARCHAIST,12,philarchaist,noun,1652,borrowing,A person who prefers ancient things to their…,http://www.oed.com/dictionary/philarchaist_n
PHILOBRUTISH,12,philobrutish,adjective,1826,compound,Characterized by kindness to animals.,http://www.oed.com/dictionary/philobrutish_adj
PHILOBRUTIST,12,philobrutist,noun,1826,derivative,A person who is fond of or kind to animals; an…,http://www.oed.com/dictionary/philobrutist_n
PHILOKLEPTIC,12,philokleptic,adjective,1865,compound,Supporting or associating with thieves.,http://www.oed.com/dictionary/philokleptic_adj
PHOBANTHROPY,12,phobanthropy,noun,1848,borrowing,Morbid dread or strong dislike of humankind; =…,http://www.oed.com/dictionary/phobanthropy_n
PIANOFORTING,12,pianoforting,noun,1822,derivative,The action of playing the pianoforte.,http://www.oed.com/dictionary/pianoforting_n
PINGUIFEROUS,12,pinguiferous,adjective,1855,borrowing,"Fatty, greasy; causing fatness.",http://www.oed.com/dictionary/pinguiferous_adj
PLATFORMALLY,12,platformally,adverb,1870,derivative,In the manner of a platform speaker.,http://www.oed.com/dictionary/platformally_adv
PLAYWRIGHTRY,12,play-wrightry,noun,1851,derivative,"= playwrighting, n.",http://www.oed.com/dictionary/play-wrightry_n
PLOUSIOCRACY,12,plousiocracy,noun,1839,borrowing,"The wealthy ruling class. Cf. plutocracy, n.",http://www.oed.com/dictionary/plousiocracy_n
POLLUTIONATE,12,pollutionate,adjective,1593,derivative,"Polluted, desecrated.",http://www.oed.com/dictionary/pollutionate_adj
POLYBUTTONED,12,polybuttoned,adjective,1846,compound,Wearing many buttons.,http://www.oed.com/dictionary/polybuttoned_adj
POLYLYCHNOUS,12,polylychnous,adjective,1839,,Having many lamps or lights.,http://www.oed.com/dictionary/polylychnous_adj
POLYPRAGMIST,12,polypragmist,noun,1613,borrowing,"= polypragmatist, n.",http://www.oed.com/dictionary/polypragmist_n
PONTITECTURE,12,pontitecture,noun,1853,borrowing,The building of bridges.,http://www.oed.com/dictionary/pontitecture_n
POSTPARATIVE,12,postparative,noun,1581,derivative,An action performed after an exercise by way of…,http://www.oed.com/dictionary/postparative_n
POSTPONELESS,12,postponeless,adjective,c1862,derivative,That cannot be put off or averted.,http://www.oed.com/dictionary/postponeless_adj
POTWALLOPING,12,pot-walloping,noun,1849,compound,The sound produced by the boiler of a steam engine.,http://www.oed.com/dictionary/pot-walloping_n
POUNDIFEROUS,12,poundiferous,adjective,1871,compound,Accompanied by loud pounding.,http://www.oed.com/dictionary/poundiferous_adj
PRAELECTRESS,12,praelectress,noun,1889,derivative,A female lecturer.,http://www.oed.com/dictionary/praelectress_n
PRAYINGJENNY,12,praying-jenny,noun,1817,compound,A prayer wheel.,http://www.oed.com/dictionary/praying-jenny_n
PRECINCTUARY,12,precinctuary,adjective,1897,derivative,Concerned with a cathedral precinct or close.,http://www.oed.com/dictionary/precinctuary_adj
PREDECESSRIX,12,predecessrix,noun,1640,derivative,"= predecessoress, n.",http://www.oed.com/dictionary/predecessrix_n
PRETIEFOLLIE,12,pretiefollie,noun,1591,variant,The tree trefoil Medicago arborea (family…,http://www.oed.com/dictionary/pretiefollie_n
PRODITOMANIA,12,proditomania,noun,1898,borrowing,The irrational belief that everyone is a traitor.,http://www.oed.com/dictionary/proditomania_n
PROLEPSARIAN,12,prolepsarian,noun,1694,derivative,A person who explains something on the basis of a…,http://www.oed.com/dictionary/prolepsarian_n
PROLUSIONIZE,12,prolusionize,verb,1864,derivative,(intransitive) to deliver a prolusion (cf…,http://www.oed.com/dictionary/prolusionize_v
PROPUGNACLED,12,propugnacled,adjective,1875,derivative,Having ramparts; battlemented. (In quot. figurative.),http://www.oed.com/dictionary/propugnacled_adj
PROSODYBIGOT,12,prosody bigot,noun,1869,compound,A rigid follower of prosodic rules.,http://www.oed.com/dictionary/prosody-bigot_n
PROXIMIORITY,12,proximiority,noun,1720,borrowing,The fact of being nearer; greater proximity.,http://www.oed.com/dictionary/proximiority_n
PUGINESQUERY,12,Puginesquery,noun,1848,derivative,Matters related to Pugin or his architectural style.,http://www.oed.com/dictionary/puginesquery_n
PULLMANIZING,12,Pullmanizing,noun,1882,derivative,The practice of travelling in a Pullman car.,http://www.oed.com/dictionary/pullmanizing_n
PULPITOLATRY,12,pulpitolatry,noun,1853,derivative,Inordinate reverence for the pulpit or preaching.,http://www.oed.com/dictionary/pulpitolatry_n
PUPILABILITY,12,pupilability,noun,1761,derivative,"Perhaps: confidentiality, confidential character…",http://www.oed.com/dictionary/pupilability_n
PUPPYPEEPING,12,puppy-peeping,adjective,1895,compound,That looks with half-closed eyes like a puppy.,http://www.oed.com/dictionary/puppy-peeping_adj
QUIDNUNCKERY,12,quidnunckery,noun,1804,derivative,"= quidnuncism, n.",http://www.oed.com/dictionary/quidnunckery_n
QUIZZATORIAL,12,quizzatorial,adjective,1821,derivative,"= quizzacious, adj.",http://www.oed.com/dictionary/quizzatorial_adj
QUOTIDIARIAN,12,quotidiarian,noun,a1641,borrowing,Among the Essenes: a daily official.,http://www.oed.com/dictionary/quotidiarian_n
RAILROADSHIP,12,railroadship,noun,1883,derivative,The connection between separate places provided…,http://www.oed.com/dictionary/railroadship_n
RATTATTOOING,12,rat-tattooing,noun,c1852,blend,The action of beating a drum repeatedly. Cf…,http://www.oed.com/dictionary/rat-tattooing_n
RECKLESSHOOD,12,recklesshood,noun,1831,derivative,"Recklessness, carelessness, negligence.",http://www.oed.com/dictionary/recklesshood_n
REGICIDATION,12,regicidation,noun,1661,derivative,"= regicide, n.²",http://www.oed.com/dictionary/regicidation_n
RUFFIANOSITY,12,ruffianosity,noun,1823,derivative,"Boxing without regard to rules. Cf. ruffian, n. A.2c.",http://www.oed.com/dictionary/ruffianosity_n
SACRAMENTING,12,sacramenting,adjective,1687,derivative,? That celebrates the Mass.,http://www.oed.com/dictionary/sacramenting_adj
SCOTCHSLEEVE,12,Scotch-sleeve,noun,?1706,compound,(Probably) a person wearing sleeves of Scotch…,http://www.oed.com/dictionary/scotch-sleeve_n
SCRIBBLATORY,12,scribblatory,adjective,1827,derivative,Tending to produce a large amount of worthless…,http://www.oed.com/dictionary/scribblatory_adj
SENTIMENTIZE,12,sentimentize,verb,1753,derivative,"intransitive. ? = sentimentalize, v. 1.",http://www.oed.com/dictionary/sentimentize_v
SEPTIFRONTED,12,septi-fronted,adjective,a1708,,Having seven foreheads.,http://www.oed.com/dictionary/septi-fronted_adj
SHIRTSTUDDED,12,shirt-studded,adjective,1855,derivative,(Of a person) wearing shirt studs.,http://www.oed.com/dictionary/shirt-studded_adj
SONNETEERESS,12,sonneteeress,noun,1822,derivative,A female sonneteer.,http://www.oed.com/dictionary/sonneteeress_n
SOVEREIGNFUL,12,sovereignful,adjective,1508,derivative,Befitting or worthy of a sovereign; noble.,http://www.oed.com/dictionary/sovereignful_adj
SPANIARDSHIP,12,Spaniardship,noun,1734,derivative,Used as a (mock) title of respect in speaking to…,http://www.oed.com/dictionary/spaniardship_n
STALLEPISTLE,12,stall-epistle,noun,1642,compound,An ‘open letter’ or pamphlet sold on the stalls.,http://www.oed.com/dictionary/stall-epistle_n
STARTLEBRAIN,12,startle-brain,noun,a1652,compound,A thing which upsets the brain.,http://www.oed.com/dictionary/startle-brain_n
STITTYSTITTY,12,stitty stitty,adjective,1600,imitative,A derisive epithet applied to a stammerer.,http://www.oed.com/dictionary/stitty-stitty_adj
STOMACHANGER,12,stomach-anger,noun,1640,compound,Concealed anger.,http://www.oed.com/dictionary/stomach-anger_n
SUCCESSANEAN,12,successanean,adjective,1635,borrowing,Characterized by or involving succession; successive.,http://www.oed.com/dictionary/successanean_adj
SUGARCANDIAN,12,sugar-candian,noun,1597,variant,"= sugar candy, n. A.1.",http://www.oed.com/dictionary/sugar-candian_n
SUMMERBROACH,12,summer-broach,noun,1619,compound,"A maypole, (apparently) regarded as a temporary…",http://www.oed.com/dictionary/summer-broach_n
SUPERWEENING,12,superweening,adjective,1862,derivative,"= overweening, adj.",http://www.oed.com/dictionary/superweening_adj
SWARTRUTTING,12,swartrutting,adjective,1592,derivative,"Violent, aggressive; characteristic of a…",http://www.oed.com/dictionary/swartrutting_adj
SWINGEBREECH,12,swingebreech,noun,1581,compound,? One who struts or flaunts about.,http://www.oed.com/dictionary/swingebreech_n
TANTILLATION,12,tantillation,noun,1651,borrowing,A trifling space (of time).,http://www.oed.com/dictionary/tantillation_n
TERRAPINPAWS,12,terrapin-paws,noun,1876,compound,Long-handled tongs used for capturing terrapins.,http://www.oed.com/dictionary/terrapin-paws_n
TRAITOROLOGY,12,traitorology,noun,1647,compound,A roll or register of traitors.,http://www.oed.com/dictionary/traitorology_n
TRAMONTATION,12,tramontation,noun,1599,borrowing,Setting (of the sun).,http://www.oed.com/dictionary/tramontation_n
TRANSFORMITY,12,transformity,noun,1622,derivative,The state or condition of being transformed.,http://www.oed.com/dictionary/transformity_n
TRANSVILLAGE,12,trans-village,verb,1608,derivative,transitive. To transform or reduce (a town) to…,http://www.oed.com/dictionary/trans-village_v
TROLLTHEBOWL,12,troll-the-bowl,noun,1599,compound,A person playing bowls.,http://www.oed.com/dictionary/troll-the-bowl_n
UNPINDARICAL,12,unpindarical,adjective,1729,derivative,Not Pindaric: unlike Pindar in style or character.,http://www.oed.com/dictionary/unpindarical_adj
UPPERFLAPPED,12,upper-flapped,adjective,1850,derivative,Apparently (of a saddle): having a pair of flaps…,http://www.oed.com/dictionary/upper-flapped_adj
WELLTOPASSER,12,well-to-passer,noun,1654,derivative,A person of high social status.,http://www.oed.com/dictionary/well-to-passer_n
WORNOUTINESS,12,worn-outiness,noun,1842,derivative,"Worn-out condition; = worn-outness, n.",http://www.oed.com/dictionary/worn-outiness_n
WORSHIPFULTY,12,worshipfulty,noun,1589,derivative,"= worshipfulness, n. 2.",http://www.oed.com/dictionary/worshipfulty_n
WOULDINGNESS,12,wouldingness,noun,1645,derivative,"Desire, inclination.",http://www.oed.com/dictionary/wouldingness_n
ZEALSCOFFING,12,zeal-scoffing,adjective,1605,compound,That ridicules or derides religious devotion or zeal.,http://www.oed.com/dictionary/zeal-scoffing_adj
ALMSBASKETMAN,13,almsbasket man,noun,a1634,compound,"= almsman, n. 1.",http://www.oed.com/dictionary/almsbasket-man_n
ANTICONDUCTOR,13,anti-conductor,noun,1779,derivative,In a frictional electrostatic machine: a glass…,http://www.oed.com/dictionary/anti-conductor_n
BROKERBETWEEN,13,broker between,noun,1609,compound,An intermediary in romantic or sexual relationships.,http://www.oed.com/dictionary/broker-between_n
BUMDOCKDOUSSE,13,bumdockdousse,noun,1653,compound,Apparently: a children's game in which three…,http://www.oed.com/dictionary/bumdockdousse_n
CARAVANSERIAL,13,caravanserial,adjective,1864,derivative,Resembling or reminiscent of a caravanserai.,http://www.oed.com/dictionary/caravanserial_adj
CARDGOSPELLER,13,card gospeller,noun,1550,compound,"A professed Christian who gambles at cards, as a…",http://www.oed.com/dictionary/card-gospeller_n
CATAPRESBYTER,13,catapresbyter,noun,1659,derivative,A presbyter catachrestically so called; or an…,http://www.oed.com/dictionary/catapresbyter_n
CHINAMETALLED,13,China-metalled,adjective,1642,derivative,"Resembling porcelain in its fineness, delicacy…",http://www.oed.com/dictionary/china-metalled_adj
COALCARRIERLY,13,coal-carrierly,adjective,1606,derivative,"Servile, low.",http://www.oed.com/dictionary/coal-carrierly_adj
COLLECTIONIZE,13,collectionize,verb,1859,derivative,transitive. To gather or collect (things); to put…,http://www.oed.com/dictionary/collectionize_v
CONFECTIONESS,13,confectioness,noun,1640,derivative,A female confectioner.,http://www.oed.com/dictionary/confectioness_n
COUNTERFOOTED,13,counter-footed,adjective,1556,derivative,"A transl. of Greek ἀντίποδες antipodes, n. & adv.",http://www.oed.com/dictionary/counter-footed_adj
COUNTERPLIGHT,13,counter-plight,noun,1625,derivative,A fold in the opposite direction.,http://www.oed.com/dictionary/counter-plight_n
COUNTERWALKER,13,counter-walker,noun,1625,derivative,One who walks on the opposite side; in plural =…,http://www.oed.com/dictionary/counter-walker_n
COURTSHIPMENT,13,courtshipment,noun,1649,derivative,"Flattery. Cf. courtship, n. I.2.",http://www.oed.com/dictionary/courtshipment_n
CROCHETOLATRY,13,crochetolatry,noun,1859,compound,Intense or excessive devotion to crocheting.,http://www.oed.com/dictionary/crochetolatry_n
DEMONICULTURE,13,demoniculture,noun,1879,compound,Worship of demons.,http://www.oed.com/dictionary/demoniculture_n
DESPOTOMANIAC,13,despotomaniac,noun,1825,compound,One who has a mania in favour of despots…,http://www.oed.com/dictionary/despotomaniac_n
DISARITHMETIC,13,disarithmetic,verb,1606,derivative,transitive. Perhaps: to exclude from an…,http://www.oed.com/dictionary/disarithmetic_v
DISCOMPENSATE,13,discompensate,verb,1705,derivative,transitive. To remove (a compensation); to…,http://www.oed.com/dictionary/discompensate_v
DISGHIBELLINE,13,disghibelline,verb,1672,derivative,"transitive. To distinguish, as a Guelph from a…",http://www.oed.com/dictionary/disghibelline_v
DISPERSUASION,13,dispersuasion,noun,1653,derivative,Want of persuasion or feeling of certainty.,http://www.oed.com/dictionary/dispersuasion_n
DISSUBJECTION,13,dissubjection,noun,1672,derivative,The opposite of subjection; disobedience.,http://www.oed.com/dictionary/dissubjection_n
DISUNIVERSITY,13,disuniversity,verb,1665,derivative,transitive. To deprive of a university.,http://www.oed.com/dictionary/disuniversity_v
ENQUEROURESSE,13,enquerouresse,noun,c1430,borrowing,A female inquisitor.,http://www.oed.com/dictionary/enquerouresse_n
FAGGOTYMINDED,13,faggoty-minded,adjective,1856,derivative,Inclined towards harsh punishment for those who…,http://www.oed.com/dictionary/faggoty-minded_adj
FIGURESERVANT,13,figure-servant,noun,1850,compound,A commercial clerk.,http://www.oed.com/dictionary/figure-servant_n
FINELADICALLY,13,fine-ladically,adverb,1811,derivative,In the manner of a fine lady.,http://www.oed.com/dictionary/fine-ladically_adv
FLANTITANTING,13,flantitanting,adjective,1596,compound,Flaunting.,http://www.oed.com/dictionary/flantitanting_adj
FOSTERFEELING,13,foster-feeling,noun,1784,compound,"One who ‘fosters feeling’, a sentimental person.",http://www.oed.com/dictionary/foster-feeling_n
GONECOONINESS,13,gone cooniness,noun,1883,derivative,The quality or state of being a ‘gone coon’.,http://www.oed.com/dictionary/gone-cooniness_n
HOBBERNOBBERS,13,hobber-nobbers,adverb,1789,variant,Perhaps (with reference to drinking together)…,http://www.oed.com/dictionary/hobber-nobbers_adv
HUSBANDICALLY,13,husbandically,adverb,1654,derivative,With regard to a husband.,http://www.oed.com/dictionary/husbandically_adv
HYPEROCHALITY,13,hyperochality,noun,1637,borrowing,"Eminence, distinguished position.",http://www.oed.com/dictionary/hyperochality_n
INSTABULATION,13,instabulation,noun,1654,borrowing,Installment as in a stable.,http://www.oed.com/dictionary/instabulation_n
INTELLECTUATE,13,intellectuate,noun,1600,borrowing,Intellectual character or position.,http://www.oed.com/dictionary/intellectuate_n
INTRONIFICATE,13,intronificate,verb,1653,borrowing,transitive. To enthrone.,http://www.oed.com/dictionary/intronificate_v
JUSTICEHEIGHT,13,justice-height,adverb,1614,compound,"At or to the level of a justice (justice, n. II.5).",http://www.oed.com/dictionary/justice-height_adv
MAIDENWIDOWED,13,maiden-widowed,adjective,1599,compound,Widowed while still a maiden.,http://www.oed.com/dictionary/maiden-widowed_adj
MARQUETRIZING,13,marquetrizing,adjective,1610,derivative,That works in marquetry (in quot. 1610 figurative).,http://www.oed.com/dictionary/marquetrizing_adj
MELANCHOLYHAT,13,melancholy hat,noun,1614,compound,(Probably) a mourning hat (but cf. quot. 1598 at…,http://www.oed.com/dictionary/melancholy-hat_n
MERETRICULATE,13,meretriculate,verb,1611,blend,transitive. To deceive in the manner of a prostitute.,http://www.oed.com/dictionary/meretriculate_v
METHUSALEMESS,13,Methusalemess,noun,1790,derivative,A very old or long-lived woman.,http://www.oed.com/dictionary/methusalemess_n
METONOMATOSIS,13,metonomatosis,noun,1838,borrowing,A change of name.,http://www.oed.com/dictionary/metonomatosis_n
MILLIONOCRACY,13,millionocracy,noun,1860,compound,"Millionaires regarded as a distinct, esp…",http://www.oed.com/dictionary/millionocracy_n
MISEPISCOPIST,13,misepiscopist,noun,1659,borrowing,A hater of bishops.,http://www.oed.com/dictionary/misepiscopist_n
MOTIVEGRINDER,13,motive-grinder,noun,1834,compound,A person who laboriously or sophistically…,http://www.oed.com/dictionary/motive-grinder_n
MOUSETRAPLINE,13,mousetrap-line,noun,1678,compound,A line written to ensnare a person.,http://www.oed.com/dictionary/mousetrap-line_n
MURRAINSTRIKE,13,murrain-strike,verb,1613,compound,transitive. To infect with murrain.,http://www.oed.com/dictionary/murrain-strike_v
NEBULOCHAOTIC,13,nebulochaotic,adjective,1881,compound,Hazily confused.,http://www.oed.com/dictionary/nebulochaotic_adj
NEEDLESPITTER,13,needle-spitter,noun,1805,compound,A person who snaps or is sharp in speech.,http://www.oed.com/dictionary/needle-spitter_n
NEPHELOSPHERE,13,nephelosphere,noun,1883,compound,A cloudy atmosphere surrounding a planet or other…,http://www.oed.com/dictionary/nephelosphere_n
NIGHTINGALIZE,13,nightingalize,verb,1799,derivative,intransitive. To sing like a nightingale.,http://www.oed.com/dictionary/nightingalize_v
NIMBLEFINGERS,13,nimble-fingers,noun,1781,compound,(Applied to) a juggler.,http://www.oed.com/dictionary/nimble-fingers_n
NONSURRECTIVE,13,non-surrective,adjective,1668,borrowing,Incapable of getting up.,http://www.oed.com/dictionary/non-surrective_adj
NOTHINGOUSIAN,13,nothingousian,noun,1791,compound,A person who has no opinion concerning the Second…,http://www.oed.com/dictionary/nothingousian_n
OMNIVERSIFIER,13,omni-versifier,noun,1833,compound,A writer of very large quantities of verse.,http://www.oed.com/dictionary/omni-versifier_n
ORGANOMORPHIC,13,organomorphic,adjective,1886,compound,"(Perhaps) taking the form, or representing as, an…",http://www.oed.com/dictionary/organomorphic_adj
ORNITHOTROPHE,13,ornithotrophe,noun,1826,,(J. F. M. Dovaston's name for) a place to which…,http://www.oed.com/dictionary/ornithotrophe_n
OROROTUNDOISM,13,ororotundoism,noun,1840,derivative,"= orotundity, n.",http://www.oed.com/dictionary/ororotundoism_n
PAPAPRELATIST,13,papa-prelatist,noun,1816,derivative,A supporter of prelates who behave papally.,http://www.oed.com/dictionary/papa-prelatist_n
PARKKEEPERESS,13,park-keeperess,noun,1852,derivative,A female park-keeper; a park-keeper's wife.,http://www.oed.com/dictionary/park-keeperess_n
PEACOCKICALLY,13,peacockically,adverb,1834,derivative,"= peacockishly, adv.",http://www.oed.com/dictionary/peacockically_adv
PEDOMETRICIAN,13,pedometrician,noun,1827,derivative,A person who makes pedometers.,http://www.oed.com/dictionary/pedometrician_n
PERCUNCTORILY,13,percunctorily,adverb,1615,borrowing,Lazily; in a dilatory manner.,http://www.oed.com/dictionary/percunctorily_adv
PHILODENDRIST,13,philodendrist,noun,1870,borrowing,A lover of trees.,http://www.oed.com/dictionary/philodendrist_n
PHLYAROLOGIST,13,phlyarologist,noun,1867,borrowing,A person who talks nonsense.,http://www.oed.com/dictionary/phlyarologist_n
PITCHSPEECHED,13,pitch-speeched,adjective,1596,compound,"Using foul or offensive speech, foul-mouthed.",http://www.oed.com/dictionary/pitch-speeched_adj
PNEUMATOPHANY,13,pneumatophany,noun,1892,compound,An appearance or manifestation of the Holy Spirit.,http://www.oed.com/dictionary/pneumatophany_n
POLYCEPHALIST,13,polycephalist,noun,1659,borrowing,A person who has many heads. In quot. figurative…,http://www.oed.com/dictionary/polycephalist_n
POLYDIABOLISM,13,polydiabolism,noun,1876,compound,Belief in many devils or evil spirits.,http://www.oed.com/dictionary/polydiabolism_n
POLYDIABOLIST,13,polydiabolist,noun,1876,,A person who believes in many devils or evil spirits.,http://www.oed.com/dictionary/polydiabolist_n
POLYFENESTRAL,13,polyfenestral,adjective,1838,,Having many windows.,http://www.oed.com/dictionary/polyfenestral_adj
POLYSTIGMATIC,13,polystigmatic,adjective,1881,,Relating to many spots.,http://www.oed.com/dictionary/polystigmatic_adj
POLYTHELEMISM,13,polythelemism,noun,1905,,Belief in many divine wills.,http://www.oed.com/dictionary/polythelemism_n
POSSESSIONIST,13,possessionist,noun,1726,derivative,A person who claims knowledge of or familiarity…,http://www.oed.com/dictionary/possessionist_n
POSTTEMPORARY,13,post-temporary,adjective,1905,,a. Later than the time of the actual events; b…,http://www.oed.com/dictionary/post-temporary_adj
POTAMOPHILOUS,13,potamophilous,adjective,1827,borrowing,River-loving.,http://www.oed.com/dictionary/potamophilous_adj
POTPUNISHMENT,13,pot-punishment,noun,1598,compound,The punishment of being forced to drink alcohol.,http://www.oed.com/dictionary/pot-punishment_n
PREEXISTERIAN,13,pre-existerian,noun,1837,derivative,"= pre-existentiary, n.",http://www.oed.com/dictionary/pre-existerian_n
PREFERMENTARY,13,prefermentary,noun,1660,derivative,"A recipient of a preferment (preferment, n. II.5).",http://www.oed.com/dictionary/prefermentary_n
PRESENTIALIST,13,presentialist,noun,1656,derivative,"A believer in the Real Presence; see real presence, n.",http://www.oed.com/dictionary/presentialist_n
PRETEXTATIZED,13,pretextatized,adjective,1854,borrowing,Rendered equivocal or obscene.,http://www.oed.com/dictionary/pretextatized_adj
PROSOPOLOGIST,13,prosopologist,noun,1820,borrowing,A person who studies the face or facial features.,http://www.oed.com/dictionary/prosopologist_n
PROTOQUAMQUAM,13,protoquamquam,noun,1670,borrowing,A chief clerk or notary.,http://www.oed.com/dictionary/protoquamquam_n
PSELLISMOLOGY,13,psellismology,noun,1856,borrowing,The study or treatment of stammering.,http://www.oed.com/dictionary/psellismology_n
PUNCTILIONIST,13,punctilionist,noun,1825,derivative,A punctilious person.,http://www.oed.com/dictionary/punctilionist_n
PUNCTILIOSHIP,13,punctilioship,noun,1714,derivative,"Observance of niceties, punctiliousness.",http://www.oed.com/dictionary/punctilioship_n
PUPILTEACHERY,13,pupil-teachery,noun,1890,derivative,The character or practice of a pupil teacher.,http://www.oed.com/dictionary/pupil-teachery_n
QUATRECRESTED,13,quatre-crested,adjective,1791,borrowing,Having four crests.,http://www.oed.com/dictionary/quatre-crested_adj
RAGAMUFFINESS,13,ragamuffiness,noun,1868,derivative,A female ragamuffin.,http://www.oed.com/dictionary/ragamuffiness_n
ROARINGSCHOOL,13,roaring school,noun,1617,compound,"A school for (learning) roaring (roaring, n.¹ 2).",http://www.oed.com/dictionary/roaring-school_n
SABBATHCEASED,13,Sabbath-ceased,adjective,1593,compound,Halted or paused for the duration of the Sabbath.,http://www.oed.com/dictionary/sabbath-ceased_adj
SEPULCHROMANY,13,sepulchromany,noun,1606,compound,‘Mania’ relating to burial.,http://www.oed.com/dictionary/sepulchromany_n
SEVENCHAMPION,13,seven-champion,noun,1676,compound,A person likened to one of the Seven Champions…,http://www.oed.com/dictionary/seven-champion_n
SEVENSOMENESS,13,sevensomeness,noun,1853,derivative,The quality of consisting of seven parts or…,http://www.oed.com/dictionary/sevensomeness_n
SMALLTALKABLE,13,small-talkable,adjective,1859,derivative,That is capable of being engaged in small talk.,http://www.oed.com/dictionary/small-talkable_adj
SUPERJESUITED,13,super-Jesuited,adjective,a1628,derivative,Ruled over by Jesuits.,http://www.oed.com/dictionary/super-jesuited_adj
SURREVERENTLY,13,surreverently,adverb,a1637,derivative,Very reverently: ironically with reference to…,http://www.oed.com/dictionary/surreverently_adv
SYLLYJESTICAL,13,sylly-jestical,adjective,1601,variant,"= syllogistical, adj.",http://www.oed.com/dictionary/sylly-jestical_adj
TEMPORIZEMENT,13,temporizement,noun,1647,derivative,"= temporization, n. 1.",http://www.oed.com/dictionary/temporizement_n
THELYPHTHORIC,13,thelyphthoric,adjective,1794,borrowing,That corrupts or ruins women.,http://www.oed.com/dictionary/thelyphthoric_adj
TIPPETSCUFFLE,13,tippet-scuffle,noun,1641,compound,An ecclesiastical wrangle.,http://www.oed.com/dictionary/tippet-scuffle_n
TRANSCENDIARY,13,transcendiary,noun,1654,borrowing,"A transcendent person or thing; in quot. 1654, an…",http://www.oed.com/dictionary/transcendiary_n
UNLAYHOLDABLE,13,unlayholdable,adjective,1860,derivative,That cannot be seized on or laid hold of.,http://www.oed.com/dictionary/unlayholdable_adj
WHIGGOLOGICAL,13,whiggological,adjective,1817,derivative,Relating to or influenced by Whig principles; Whiggish.,http://www.oed.com/dictionary/whiggological_adj
ANTICYCLOMETER,14,anticyclometer,noun,1866,derivative,"A person hostile to, or sceptical of, those who…",http://www.oed.com/dictionary/anticyclometer_n
ARCHPRESBYTERY,14,archpresbytery,noun,1649,compound,‘The absolute dominion of presbytery’ (Todd)…,http://www.oed.com/dictionary/archpresbytery_n
ASTROALCHEMIST,14,astro-alchemist,noun,1876,compound,A person who combines astrology and alchemy.,http://www.oed.com/dictionary/astro-alchemist_n
BASTARDBELLIED,14,bastard-bellied,adjective,1640,compound,Pregnant with an illegitimate child.,http://www.oed.com/dictionary/bastard-bellied_adj
BROTHERMANHOOD,14,brother-manhood,noun,1864,derivative,A sense of brotherhood or fellow feeling.,http://www.oed.com/dictionary/brother-manhood_n
BULLIONHERETIC,14,bullion-heretic,noun,1662,compound,Someone who conforms to the doctrine and…,http://www.oed.com/dictionary/bullion-heretic_n
CALVINISTICATE,14,calvinisticate,verb,1834,derivative,transitive. To instil a Calvinistic or…,http://www.oed.com/dictionary/calvinisticate_v
CENTIRELIGIOUS,14,centireligious,adjective,1650,compound,Of a hundred religions.,http://www.oed.com/dictionary/centireligious_adj
CHRISTOCRUCIAN,14,Christo-crucian,noun,1654,,A follower or worshipper of the crucified Christ…,http://www.oed.com/dictionary/christo-crucian_n
CHURCHWARDENED,14,churchwardened,adjective,1598,derivative,Placed in the care of a churchwarden.,http://www.oed.com/dictionary/churchwardened_adj
CONVENTUALSHIP,14,conventualship,noun,1687,derivative,The condition or status of being conventual…,http://www.oed.com/dictionary/conventualship_n
CORREPUGNATION,14,correpugnation,noun,1623,derivative,A symptom accessory to the main opposing symptom.,http://www.oed.com/dictionary/correpugnation_n
COSTERMONGERED,14,costermongered,adjective,1891,derivative,Occupied by costermongers.,http://www.oed.com/dictionary/costermongered_adj
CYNICOCRATICAL,14,cynicocratical,adjective,1881,compound,Composed of a ruling body of cynics (see cynic…,http://www.oed.com/dictionary/cynicocratical_adj
DEMOCRATOMETER,14,democratometer,noun,1859,compound,A means of ascertaining or gauging public opinion.,http://www.oed.com/dictionary/democratometer_n
DINNERDOCTRINE,14,dinner-doctrine,noun,1649,compound,Theological doctrine motivated only by material…,http://www.oed.com/dictionary/dinner-doctrine_n
DISPIRITUALITY,14,dispirituality,noun,1684,derivative,An unspiritual or worldly act.,http://www.oed.com/dictionary/dispirituality_n
DISWORKMANSHIP,14,disworkmanship,noun,1610,derivative,Bad or defective workmanship.,http://www.oed.com/dictionary/disworkmanship_n
EXTENDLESSNESS,14,extendlessness,noun,a1676,derivative,Perhaps: boundlessness.,http://www.oed.com/dictionary/extendlessness_n
FLUSTERBLUSTER,14,fluster-bluster,noun,1708,compound,A ‘blustering’ wind.,http://www.oed.com/dictionary/fluster-bluster_n
HIGHWAYMANHOOD,14,highwaymanhood,noun,1861,derivative,The fact or condition of being a highwayman.,http://www.oed.com/dictionary/highwaymanhood_n
INCORRUPTARIAN,14,incorruptarian,noun,1690,derivative,One who holds the world to be incorruptible or…,http://www.oed.com/dictionary/incorruptarian_n
INFLUENZACIZED,14,influenzacized,adjective,1849,derivative,Having influenza.,http://www.oed.com/dictionary/influenzacized_adj
INQUISITURIENT,14,inquisiturient,adjective,1644,borrowing,Desirous of making inquisition; eager to play the…,http://www.oed.com/dictionary/inquisiturient_adj
MANMOUNTAINISM,14,man-mountainism,noun,1842,compound,The great stature enjoyed by a person of…,http://www.oed.com/dictionary/man-mountainism_n
MATTRESSRUBBER,14,mattress rubber,noun,a1627,compound,(Perhaps) a rough mattress cover.,http://www.oed.com/dictionary/mattress-rubber_n
NEEDLEALPHABET,14,needle-alphabet,noun,1663,compound,A sampler consisting of embroidered letters of…,http://www.oed.com/dictionary/needle-alphabet_n
NEPHELOLOGICAL,14,nephelological,adjective,1881,compound,Of or relating to clouds or cloudiness.,http://www.oed.com/dictionary/nephelological_adj
NORTHBRITONIZE,14,North-Britonize,verb,1764,proper name,"transitive. To publish in The North Briton, esp…",http://www.oed.com/dictionary/north-britonize_v
OLLAPODRIDAISH,14,olla-podrida-ish,adjective,1827,derivative,"Heterogeneous, diverse.",http://www.oed.com/dictionary/olla-podrida-ish_adj
OLLAPODRIDICAL,14,olla-podridical,adjective,1830,derivative,"= olla-podrida-ish, adj.",http://www.oed.com/dictionary/olla-podridical_adj
OMNISWALLOWING,14,omniswallowing,adjective,1831,compound,Having a propensity to swallow or drink anything.,http://www.oed.com/dictionary/omniswallowing_adj
ONCARRYINGNESS,14,on-carryingness,noun,1832,compound,"Flow, continuity.",http://www.oed.com/dictionary/on-carryingness_n
OUTGRANDFATHER,14,out-grandfather,verb,1747,derivative,(transitive) to do out of a grandfather.,http://www.oed.com/dictionary/out-grandfather_v
PAPAPRELATICAL,14,papa-prelatical,adjective,1692,derivative,"Of, relating to, or resembling papal prelates, or…",http://www.oed.com/dictionary/papa-prelatical_adj
PARTICIPATRESS,14,participatress,noun,1827,derivative,A female who participates.,http://www.oed.com/dictionary/participatress_n
PATHOMYOTOMIST,14,pathomyotomist,noun,a1706,compound,A person who studies the muscles concerned in the…,http://www.oed.com/dictionary/pathomyotomist_n
PENNYALINERISM,14,penny-a-linerism,noun,1872,derivative,An expression in the style of a penny-a-liner.,http://www.oed.com/dictionary/penny-a-linerism_n
PENNYCRATCHING,14,pennycratching,noun,1581,compound,"(Probably) money-grubbing (cf. cratch, v. 2).",http://www.oed.com/dictionary/pennycratching_n
PERIPATETICATE,14,peripateticate,verb,1793,derivative,transitive with it as object. To walk on foot.,http://www.oed.com/dictionary/peripateticate_v
PERQUISQUILIAN,14,perquisquilian,adjective,1647,borrowing,Thoroughly trifling or worthless.,http://www.oed.com/dictionary/perquisquilian_adj
PEWTERLANGUAGE,14,pewter language,noun,1615,compound,The language of the tavern.,http://www.oed.com/dictionary/pewter-language_n
PHILOEPIORCIAN,14,philoepiorcian,adjective,1838,,Tending to favour perjury.,http://www.oed.com/dictionary/philoepiorcian_adj
PHILOSOPHYSHIP,14,philosophyship,noun,1798,derivative,With possessive adjective: a mock title for a…,http://www.oed.com/dictionary/philosophyship_n
PISHERYPASHERY,14,pishery pashery,noun,1600,compound,Perhaps: depreciatory or disparaging talk.,http://www.oed.com/dictionary/pishery-pashery_n
PITHECOLOGICAL,14,pithecological,adjective,1865,borrowing,Relating to the scientific study of apes.,http://www.oed.com/dictionary/pithecological_adj
POCKETTORTOISE,14,pocket-tortoise,noun,1687,compound,A pocket tortoiseshell comb.,http://www.oed.com/dictionary/pocket-tortoise_n
POLYDIABOLICAL,14,polydiabolical,noun,1876,compound,"= polydiabolist, n.",http://www.oed.com/dictionary/polydiabolical_n
POTPROOFARMOUR,14,pot-proof-armour,noun,1653,compound,Liquor as a source of bravery or courage.,http://www.oed.com/dictionary/pot-proof-armour_n
PREDICAMENTIST,14,predicamentist,noun,1827,derivative,A person who is in a predicament.,http://www.oed.com/dictionary/predicamentist_n
PRESTERJOHNIAN,14,Prester-Johnian,adjective,a1643,derivative,Of or relating to Prester John.,http://www.oed.com/dictionary/prester-johnian_adj
PROMETHEICALLY,14,Prometheically,adverb,1816,proper name,In the manner of Prometheus.,http://www.oed.com/dictionary/prometheically_adv
PROSAICOMIEPIC,14,prosai-comi-epic,adjective,1749,compound,"Combining prosaic, comic, and epic qualities or…",http://www.oed.com/dictionary/prosai-comi-epic_adj
PURITANOPAPIST,14,puritano-papist,noun,1601,compound,"= Puritan papist, n.",http://www.oed.com/dictionary/puritano-papist_n
RATTATATTATORY,14,rattatattatory,adjective,1709,derivative,Characterized by a succession of sharp rapping…,http://www.oed.com/dictionary/rattatattatory_adj
ROBBERACEOUSLY,14,robberaceously,adverb,1772,derivative,In a manner suggestive of robbers.,http://www.oed.com/dictionary/robberaceously_adv
SCURRILITISHIP,14,scurrilitiship,noun,1592,derivative,? the state of persons who indulge in scurrility.,http://www.oed.com/dictionary/scurrilitiship_n
SELFCONDEMNANT,14,self-condemnant,adjective,1846,variant,That condemns itself; self-condemning.,http://www.oed.com/dictionary/self-condemnant_adj
SEPTEMDECENARY,14,septemdecenary,noun,1843,compound,Recurring every seventeen years. Cf…,http://www.oed.com/dictionary/septemdecenary_n
SHRILLBREASTED,14,shrill-breasted,adjective,1594,compound,"Having a sharp, high-pitched call.",http://www.oed.com/dictionary/shrill-breasted_adj
SWALLOWSWIFTER,14,swallow-swifter,adjective,1605,compound,Swifter than a swallow.,http://www.oed.com/dictionary/swallow-swifter_adj
TIFFETYTAFFETY,14,tiffety-taffety,adjective,1595,compound,"Reduplicated form of taffety, adj. B.2a (cf…",http://www.oed.com/dictionary/tiffety-taffety_adj
TRADINGPEOPLED,14,trading-peopled,adjective,1727,compound,Inhabited by people engaged in trade or commerce.,http://www.oed.com/dictionary/trading-peopled_adj
TRANSFISTICATE,14,transfisticate,verb,1600,borrowing,To strike or smash with the fist.,http://www.oed.com/dictionary/transfisticate_v
VIRTUOSOMASTIX,14,virtuoso-mastix,noun,1671,compound,A person who is hostile to scholars. Cf…,http://www.oed.com/dictionary/virtuoso-mastix_n
ZENOCRATICALLY,14,Zenocratically,adverb,1588,borrowing,With the power or authority of Zeus (Jupiter in…,http://www.oed.com/dictionary/zenocratically_adv
ANTIBARTHOLOMEW,15,anti-Bartholomew,noun,1864,derivative,A massacre regarded as constituting a counterpart…,http://www.oed.com/dictionary/anti-bartholomew_n
ANTIPENTAGONIST,15,anti-pent-agonist,noun,1642,derivative,Each of five individuals holding an opposing view…,http://www.oed.com/dictionary/anti-pent-agonist_n
COMMONSENSEODOX,15,common-sense-o-dox,adjective,1866,derivative,In accordance with the principles of common…,http://www.oed.com/dictionary/common-sense-o-dox_adj
DEMOCRATIFIABLE,15,democratifiable,adjective,1812,derivative,Capable of being persuaded to advocate or support…,http://www.oed.com/dictionary/democratifiable_adj
DISOBEDIENTIARY,15,disobedientiary,"adjective, noun",1537,derivative,"= disobedient, n.",http://www.oed.com/dictionary/disobedientiary_adj
DISOBSTETRICATE,15,disobstetricate,verb,1652,derivative,transitive. To reverse the office of a midwife…,http://www.oed.com/dictionary/disobstetricate_v
EQUISUFFICIENCY,15,equisufficiency,noun,1612,compound,The being equally sufficient.,http://www.oed.com/dictionary/equisufficiency_n
FOOLCUNNINGNESS,15,fool-cunningness,noun,a1834,compound,Apparent cunning that in fact betrays foolishness…,http://www.oed.com/dictionary/fool-cunningness_n
GINGERBREADTRAP,15,gingerbread-trap,noun,1864,compound,(In quot. 1864) a selection of gingerbread cakes…,http://www.oed.com/dictionary/gingerbread-trap_n
GLOSSOMACHICALL,15,glossomachicall,adjective,1597,borrowing,Given to wordy strife.,http://www.oed.com/dictionary/glossomachicall_adj
GONECOONISHNESS,15,gone coonishness,noun,1890,derivative,"= gone cooniness, n.",http://www.oed.com/dictionary/gone-coonishness_n
GOVERNESSTONGUE,15,governess-tongue,noun,1892,compound,Language as taught by a governess; standard…,http://www.oed.com/dictionary/governess-tongue_n
GRANDJUNCTIONER,15,grand-junctioner,noun,1860,compound,(Perhaps) a director of the ‘Grand Junction’ railway.,http://www.oed.com/dictionary/grand-junctioner_n
HIPPOMANIACALLY,15,hippomaniacally,adverb,1876,compound,In a manner reminiscent of a mad horse…,http://www.oed.com/dictionary/hippomaniacally_adv
INCORPORATIONER,15,incorporationer,noun,1594,derivative,A member of an incorporation.,http://www.oed.com/dictionary/incorporationer_n
INUNDERSTANDING,15,inunderstanding,adjective,1659,derivative,Not understanding; without apprehension.,http://www.oed.com/dictionary/inunderstanding_adj
METAMORPHOSICAL,15,metamorphosical,adjective,1811,derivative,Changeable.,http://www.oed.com/dictionary/metamorphosical_adj
MULTOSCRIBBLING,15,multo-scribbling,adjective,1822,borrowing,Designating a person who writes or ‘scribbles’…,http://www.oed.com/dictionary/multo-scribbling_adj
MYSTERIZINGNESS,15,mysterizingness,noun,1817,derivative,The tendency in a person to make mysteries of things.,http://www.oed.com/dictionary/mysterizingness_n
NEWSPAPERACIOUS,15,newspaperacious,adjective,1843,derivative,Of a form or style associated with newspapers.,http://www.oed.com/dictionary/newspaperacious_adj
NIMBLECOMEQUICK,15,nimblecomequick,adjective,1863,compound,Of rapid growth.,http://www.oed.com/dictionary/nimblecomequick_adj
OMNIVERBIVOROUS,15,omniverbivorous,adjective,1858,,Having a large or inexhaustible appetite for words.,http://www.oed.com/dictionary/omniverbivorous_adj
OWNLITTERLOVING,15,own-litter-loving,adjective,1647,compound,(Perhaps) that has strong feelings of affection…,http://www.oed.com/dictionary/own-litter-loving_adj
PEDDELAPOTECARY,15,peddelapotecary,noun,1561,blend,"Perhaps: an apothecary who peddles medicines, an…",http://www.oed.com/dictionary/peddelapotecary_n
PETRARCHISTICAL,15,Petrarchistical,adjective,1603,proper name,Imitative of Petrarch.,http://www.oed.com/dictionary/petrarchistical_adj
PINGUISUBSTANCE,15,pingui-substance,noun,1621,borrowing,Fatty substance.,http://www.oed.com/dictionary/pingui-substance_n
PIROUETTIVENESS,15,pirouettiveness,noun,1844,derivative,The art or practice of pirouetting.,http://www.oed.com/dictionary/pirouettiveness_n
PNEUMATOMORPHIC,15,pneumatomorphic,adjective,1886,compound,Relating to the attribution of a spiritual form…,http://www.oed.com/dictionary/pneumatomorphic_adj
POLYAFFECTIONED,15,poly-affectioned,adjective,1893,compound,Displaying many affections or emotions.,http://www.oed.com/dictionary/poly-affectioned_adj
POLYPHLOISBOIIC,15,polyphloisboiic,adjective,1863,borrowing,"= polyphloisboian, adj.",http://www.oed.com/dictionary/polyphloisboiic_adj
POLYPRAGMONETIC,15,polypragmonetic,adjective,1693,derivative,"= polypragmatic, adj.",http://www.oed.com/dictionary/polypragmonetic_adj
PREROGATIVESHIP,15,prerogativeship,noun,1645,derivative,With possessive adjective: a mock title of…,http://www.oed.com/dictionary/prerogativeship_n
PRETEREROGATION,15,pretererogation,noun,1617,,Performance beyond or outside what is demanded or…,http://www.oed.com/dictionary/pretererogation_n
PUNKAHWALLAHING,15,punkah-wallahing,noun,1890,compound,The job of a punkah-wallah; the period spent…,http://www.oed.com/dictionary/punkah-wallahing_n
PYRGOPOLINIZING,15,pyrgopolinizing,adjective,1605,proper name,Acting in a manner characteristic of…,http://www.oed.com/dictionary/pyrgopolinizing_adj
REMENTIMUTATION,15,rementimutation,noun,1650,derivative,A second or new change of mind.,http://www.oed.com/dictionary/rementimutation_n
ROUNDABOUTILITY,15,roundaboutility,noun,1863,derivative,"= roundaboutness, n.",http://www.oed.com/dictionary/roundaboutility_n
SCIENTINTICALLY,15,scientintically,adverb,1761,variant,With reference to the scientific study of colour.,http://www.oed.com/dictionary/scientintically_adv
SELFSNATCHATION,15,self-snatchation,noun,1840,derivative,The action of saving oneself from something…,http://www.oed.com/dictionary/self-snatchation_n
SELFSUBSIDATION,15,self-subsidation,noun,1868,derivative,The formation of a pool of metal during smelting.,http://www.oed.com/dictionary/self-subsidation_n
SEXABOLITIONIST,15,sex-abolitionist,noun,1887,compound,A person who seeks to abolish sexual differences…,http://www.oed.com/dictionary/sex-abolitionist_n
SUBTERLAPSARIAN,15,subterlapsarian,adjective,1893,derivative,Of or relating to a view of redemption which…,http://www.oed.com/dictionary/subterlapsarian_adj
SUNSHINESHOWERY,15,sunshine-showery,adjective,1830,compound,(Perhaps) cheerful in the midst of difficult…,http://www.oed.com/dictionary/sunshine-showery_adj
SUPERORDINANCED,15,superordinanced,adjective,1656,derivative,Of a person: that has rejected or refused to…,http://www.oed.com/dictionary/superordinanced_adj
TEATABELLICALLY,15,teatabellically,adverb,1768,,"At the tea-table, in familiar conversation at tea.",http://www.oed.com/dictionary/teatabellically_adv
TECHNICOPHILIST,15,technicophilist,noun,1861,compound,A person who is fond of using technical terms.,http://www.oed.com/dictionary/technicophilist_n
TRAFFICABLENESS,15,trafficableness,noun,1889,derivative,The quality or condition of being tradable…,http://www.oed.com/dictionary/trafficableness_n
TRANSNIHILATION,15,transnihilation,noun,1820,borrowing,Transformation (of nothing) into nothings.,http://www.oed.com/dictionary/transnihilation_n
TRANSPLANTIVELY,15,transplantively,adverb,1606,derivative,In the way of transplantation.,http://www.oed.com/dictionary/transplantively_adv
UNLYCANTHROPIZE,15,unlycanthropize,verb,1660,derivative,transitive. To change (a person who has been…,http://www.oed.com/dictionary/unlycanthropize_v
WALKINGMATCHING,15,walking-matching,noun,1847,compound,Participation in walking matches.,http://www.oed.com/dictionary/walking-matching_n
BLINDBEETLEDNESS,16,blind beetledness,noun,1649,compound,"The quality of being extremely deluded, ignorant…",http://www.oed.com/dictionary/blind-beetledness_n
CHRISTIANOMASTIX,16,Christiano-mastix,noun,1678,,A persecutor of Christians; a person who argues…,http://www.oed.com/dictionary/christiano-mastix_n
COMPRESENTIALITY,16,compresentiality,noun,1686,derivative,The quality of being present together.,http://www.oed.com/dictionary/compresentiality_n
DAILYBREADLINESS,16,daily breadliness,noun,1863,derivative,A feeling of fellowship between people who earn…,http://www.oed.com/dictionary/daily-breadliness_n
DIRECTOEXECUTIVE,16,directo-executive,adjective,1863,compound,Involving or characterized by a combination of…,http://www.oed.com/dictionary/directo-executive_adj
GOSPELMASSMONGER,16,gospel massmonger,noun,a1555,compound,Apparently: a Protestant who attends the mass.,http://www.oed.com/dictionary/gospel-massmonger_n
GOSPELPERDURABLE,16,gospel perdurable,noun,a1425,compound,A ‘gospel of the Holy Spirit’ supposed to…,http://www.oed.com/dictionary/gospel-perdurable_n
HYSTEROPROTERIZE,16,hystero-proterize,verb,a1834,derivative,intransitive. To invert the natural order; to…,http://www.oed.com/dictionary/hystero-proterize_v
MERITORIOUSEQUAL,16,meritorious-equal,adjective,1821,compound,Equal in merit.,http://www.oed.com/dictionary/meritorious-equal_adj
MOISTENEDCHICKEN,16,moistened chicken,noun,1859,compound,A person excessively afraid of incurring any…,http://www.oed.com/dictionary/moistened-chicken_n
MOTIVEMILLWRIGHT,16,motive-millwright,noun,1834,compound,"= motive-grinder, n.",http://www.oed.com/dictionary/motive-millwright_n
NIHILIPARTURIENT,16,nihili-parturient,adjective,1812,borrowing,Producing nothing.,http://www.oed.com/dictionary/nihili-parturient_adj
OYSTERBARRELMUFF,16,oyster-barrel muff,noun,1703,compound,A muff made in the shape of an oyster-barrel.,http://www.oed.com/dictionary/oyster-barrel-muff_n
PARAGRAPHISTICAL,16,paragraphistical,adjective,a1640,derivative,"Probably: = paragraphic, adj.¹ Perhaps…",http://www.oed.com/dictionary/paragraphistical_adj
PARLOURCATTLECAR,16,parlour cattle-car,noun,1881,compound,A railway car for cattle providing more than…,http://www.oed.com/dictionary/parlour-cattle-car_n
PASTTHEMIDDLEAGE,16,past-the-middle-age,adjective,1844,compound,Older than middle-aged.,http://www.oed.com/dictionary/past-the-middle-age_adj
PENANDINKMANSHIP,16,pen-and-inkmanship,noun,1804,derivative,The occupation of writing.,http://www.oed.com/dictionary/pen-and-inkmanship_n
PHILORCHIDACEOUS,16,philorchidaceous,adjective,1884,compound,Fond of or interested in orchids.,http://www.oed.com/dictionary/philorchidaceous_adj
PHILOSOPHERCRAFT,16,philosophercraft,noun,1865,compound,Philosophical skill.,http://www.oed.com/dictionary/philosophercraft_n
QUODLIBETIFICATE,16,quodlibetificate,verb,?1743,compound,transitive. To deal with (a word) quibblingly.,http://www.oed.com/dictionary/quodlibetificate_v
SUPPLEJACKICALLY,16,supplejackically,adverb,1844,derivative,In a manner threatening punishment with a supplejack.,http://www.oed.com/dictionary/supplejackically_adv
TESTAMENTIFEROUS,16,testamentiferous,adjective,1772,borrowing,Bearing the covenant: applied to the Jewish ‘ark…,http://www.oed.com/dictionary/testamentiferous_adj
TRANSTEMPORATION,16,transtemporation,noun,1651,borrowing,"Intermission of time, delay.",http://www.oed.com/dictionary/transtemporation_n
YOUNGERSISTERISH,16,younger-sisterish,adjective,1864,compound,Having the character of a younger sister; spec…,http://www.oed.com/dictionary/younger-sisterish_adj
ATTORNEYUNIVERSAL,17,attorney universal,noun,1637,compound,An attorney general.,http://www.oed.com/dictionary/attorney-universal_n
CARDCONEYCATCHING,17,card coney-catching,noun,1592,compound,"Swindling by cheating at cards, card-sharping…",http://www.oed.com/dictionary/card-coney-catching_n
CHRISTAPOSTATICAL,17,Christ-apostatical,adjective,a1638,compound,That apostatizes from or abandons Christ.,http://www.oed.com/dictionary/christ-apostatical_adj
CROSSQUESTIONABLE,17,cross-questionable,adjective,1877,derivative,Capable of being cross-questioned.,http://www.oed.com/dictionary/cross-questionable_adj
NEEDLEHOUSEWIFERY,17,needle-housewifery,noun,1747,compound,Darning.,http://www.oed.com/dictionary/needle-housewifery_n
PANICHTHYOPHAGOUS,17,panichthyophagous,adjective,1853,compound,That eats fish of all kinds indiscriminately.,http://www.oed.com/dictionary/panichthyophagous_adj
PICTURESQUIESCITY,17,picturesquiescity,noun,1828,derivative,Picturesqueness.,http://www.oed.com/dictionary/picturesquiescity_n
POLYPHLOISBOIOTIC,17,polyphloisboiotic,adjective,1843,borrowing,"= polyphloisboian, adj.",http://www.oed.com/dictionary/polyphloisboiotic_adj
PROPOSITIONALNESS,17,propositionalness,noun,1864,derivative,A propensity for asserting propositions.,http://www.oed.com/dictionary/propositionalness_n
QUOMODOCUNQUIZING,17,quomodocunquizing,adjective,1652,borrowing,That makes money in any possible way.,http://www.oed.com/dictionary/quomodocunquizing_adj
SUBTLESUBTILIZING,17,subtle-subtilizing,noun,1866,compound,An act of making an excessively fine distinction…,http://www.oed.com/dictionary/subtle-subtilizing_n
WETBLANKETIVENESS,17,wet-blanketiveness,noun,1834,derivative,The quality of being a wet blanket (wet blanket…,http://www.oed.com/dictionary/wet-blanketiveness_n
WINDPIPESTRETCHER,17,windpipe-stretcher,noun,1617,compound,A hangman.,http://www.oed.com/dictionary/windpipe-stretcher_n
AUTOPSYCHOGRAPHIZE,18,autopsychographize,verb,c1833,compound,transitive to submit to autopsychography…,http://www.oed.com/dictionary/autopsychographize_v
DISCOMMONWEALTHING,18,discommonwealthing,noun,1647,derivative,An instance of being cut off from the…,http://www.oed.com/dictionary/discommonwealthing_n
HALFCHANNELLEDOVER,18,half channelled over,adjective,1709,compound,"Half drunk; = half-seas-over, adj.",http://www.oed.com/dictionary/half-channelled-over_adj
METEOROSOPHISTICAL,18,meteorosophistical,adjective,1814,borrowing,Ingeniously or elaborately sophistical.,http://www.oed.com/dictionary/meteorosophistical_adj
METROPOLITANEOUSLY,18,metropolitaneously,adverb,1852,derivative,In metropolitan fashion.,http://www.oed.com/dictionary/metropolitaneously_adv
MISPERSUASIBLENESS,18,mispersuasibleness,noun,a1684,derivative,Inability to be persuaded.,http://www.oed.com/dictionary/mispersuasibleness_n
NECRODIALOGISTICAL,18,necrodialogistical,adjective,1715,compound,Consisting of dialogues of the dead.,http://www.oed.com/dictionary/necrodialogistical_adj
POLYSYLLABILINGUAL,18,polysyllabilingual,adjective,1824,compound,Of or relating to polysyllabic languages.,http://www.oed.com/dictionary/polysyllabilingual_adj
SEVENTHHEAVENARIAN,18,seventh-heaven-arian,noun,1857,derivative,A person who is always extremely happy.,http://www.oed.com/dictionary/seventh-heaven-arian_n
LUMPERDEECLUMPERDEE,19,lumperdee clumperdee,adverb,a1556,variant,Used to express clumsy movement.,http://www.oed.com/dictionary/lumperdee-clumperdee_adv
PICTURESQUIFICATION,19,picturesquification,noun,1834,derivative,The act of making something picturesque.,http://www.oed.com/dictionary/picturesquification_n
SEVENMOUNTAINSEATED,19,seven mountain-seated,adjective,1624,compound,(As an epithet of the city of Rome) seated on…,http://www.oed.com/dictionary/seven-mountain-seated_adj
QUARTERMASTERIVENESS,20,quartermasteriveness,noun,1824,derivative,The qualities of a quartermaster.,http://www.oed.com/dictionary/quartermasteriveness_n
STATICOPHYSIOLOGICAL,20,statico-physiological,adjective,1764,compound,Concerned with both statics and physiology in…,http://www.oed.com/dictionary/statico-physiological_adj
PAULOPOSTFUTURATIVELY,21,paulo-post-futuratively,adverb,a1843,derivative,As belonging to the near future.,http://www.oed.com/dictionary/paulo-post-futuratively_adv
PNEUMATICOHEDONISTICS,21,pneumatico-hedonistics,noun,1817,compound,In the writings of Jeremy Bentham: the branch of…,http://www.oed.com/dictionary/pneumatico-hedonistics_n
POLYPHLOISBOIOTATOTIC,21,polyphloisboiotatotic,adjective,1843,variant,That roars most loudly of all or very loudly indeed.,http://www.oed.com/dictionary/polyphloisboiotatotic_adj
PRETERPLUPARENTHETICAL,22,preterpluparenthetical,adjective,1650,compound,Favouring or tending to use parenthesis.,http://www.oed.com/dictionary/preterpluparenthetical_adj
