LEMMA,PART OF SPEECH,DATE OF USE,FREQUENCY BAND NUMBER,DEFINITION,TYPE OF FORMATION,LANGUAGE OF ORIGIN,USAGE,OBSOLESCENCE,REGIONAL ENGLISH,SUBJECT,DOI,OED URL
altogether,"adjective, noun, adverb",Old English-,6,"In all respects, in every particular; entirely…",compound,,,In current use,,,https://doi.org/10.1093/OED/1459233262,http://www.oed.com/dictionary/altogether_adj
bearer,noun,Old English-,5,"A person who, or animal which, carries, brings…",derivative,,,In current use,,,https://doi.org/10.1093/OED/1164679908,http://www.oed.com/dictionary/bearer_n
bed,verb,Old English-,5,transitive. To provide (a person) with a place to…,inherited,,,In current use,,,https://doi.org/10.1093/OED/2709210139,http://www.oed.com/dictionary/bed_v
break,verb,Old English-,7,transitive. To separate or sever (an object) into…,inherited,,,In current use,,,https://doi.org/10.1093/OED/1829683774,http://www.oed.com/dictionary/break_v
breath,noun,Old English-,6,The air inhaled into and exhaled from the lungs…,inherited,,,In current use,,sciences,https://doi.org/10.1093/OED/1187223840,http://www.oed.com/dictionary/breath_n
broadway,"noun, adjective",Old English-,3,"A wide, open road or highway, as opposed to a…",compound,,,In current use,,,https://doi.org/10.1093/OED/3337602579,http://www.oed.com/dictionary/broadway_n1
by,"preposition, adverb, conjunction, interjection",Old English-,8,Indicating the agent after a… With nouns denoting…,inherited,,,In current use,,,https://doi.org/10.1093/OED/9312828012,http://www.oed.com/dictionary/by_prep
do,verb,Old English-,8,transitive. As periphrastic… In interrogative…,inherited,,,In current use,,,https://doi.org/10.1093/OED/7260885124,http://www.oed.com/dictionary/do_v
dog,noun,Old English-,6,"A domesticated carnivorous mammal, Canis…",unknown,,,In current use,,,https://doi.org/10.1093/OED/6646229330,http://www.oed.com/dictionary/dog_n1
earthly,"adjective, noun",Old English-,5,"Of or relating to the earth, terrestrial…",inherited,,,In current use,,,https://doi.org/10.1093/OED/1045103384,http://www.oed.com/dictionary/earthly_adj
edge,noun,Old English-,6,The line which forms the boundary of any object…,inherited,,,In current use,,,https://doi.org/10.1093/OED/7951240582,http://www.oed.com/dictionary/edge_n
float,verb,Old English-,6,To rest on the surface of any liquid; to be…,inherited,,,In current use,,,https://doi.org/10.1093/OED/6686153284,http://www.oed.com/dictionary/float_v
foam,verb,Old English-,5,"Of water or other liquid: To froth, gather foam…",inherited,,,In current use,,,https://doi.org/10.1093/OED/4250515766,http://www.oed.com/dictionary/foam_v
font,noun,Old English-,5,Christian Church. A receptacle in a church for…,borrowing,,,In current use,,religion and belief/religion/Christianity,https://doi.org/10.1093/OED/4640365651,http://www.oed.com/dictionary/font_n1
fork,noun,Old English-,5,"An instrument with two, three, or four prongs…",borrowing,,,In current use,,,https://doi.org/10.1093/OED/1122983280,http://www.oed.com/dictionary/fork_n
forthward,"adverb, adjective",Old English-,1,"Of motion: towards a place in front, onward…",derivative,,historical,In current use,,,https://doi.org/10.1093/OED/6497859191,http://www.oed.com/dictionary/forthward_adv
fosse,noun,Old English-,4,"Usually with capital initial. = Fosse Way, n. In…",borrowing,,historical,In current use,,,https://doi.org/10.1093/OED/7510460496,http://www.oed.com/dictionary/fosse_n1
gather,verb,Old English-,6,"To bring (persons, or occasionally animals)…",inherited,,,In current use,,,https://doi.org/10.1093/OED/1828018006,http://www.oed.com/dictionary/gather_v
glow,verb,Old English-,5,To burn with bodily heat; usually with the…,inherited,,,In current use,,,https://doi.org/10.1093/OED/7138821487,http://www.oed.com/dictionary/glow_v1
grave,verb,Old English-,4,"To engrave (an inscription, figures, etc.) upon a…",inherited,,archaic,In current use,,arts/visual arts/sculpture,https://doi.org/10.1093/OED/2363225535,http://www.oed.com/dictionary/grave_v1
grin,verb,Old English-,6,intransitive. Of persons or… By way of a forced…,inherited,,,In current use,,sciences/medicine,https://doi.org/10.1093/OED/5684339714,http://www.oed.com/dictionary/grin_v2
handed,adjective,Old English-,4,Having a hand or hands of a specified kind; esp…,derivative,,,In current use,,,https://doi.org/10.1093/OED/2683115581,http://www.oed.com/dictionary/handed_adj
head,verb,Old English-,6,transitive. To go in front or at the head of; to…,conversion,,,In current use,,,https://doi.org/10.1093/OED/9545891725,http://www.oed.com/dictionary/head_v
hide,noun,Old English-,4,"A measure of land in Old English times, continued…",inherited,,historical,In current use,,technology/measurement,https://doi.org/10.1093/OED/4228617161,http://www.oed.com/dictionary/hide_n2
hireling,"noun, adjective",Old English-,4,One who serves for hire or wages; a hired…,inherited,,,In current use,,military,https://doi.org/10.1093/OED/2621651681,http://www.oed.com/dictionary/hireling_n
hithercome,noun,Old English-1863,0,The action of coming hither; arrival.,compound,,,Not in use,,religion and belief/religion/Christianity,https://doi.org/10.1093/OED/3805393921,http://www.oed.com/dictionary/hithercome_n
hope,verb,Old English-,6,intransitive. To entertain expectation of…,inherited,,,In current use,,,https://doi.org/10.1093/OED/8020439089,http://www.oed.com/dictionary/hope_v
how,"adverb, interjection, noun",Old English-,7,In what way or manner; by what means. In direct…,inherited,,,In current use,,,https://doi.org/10.1093/OED/7130756218,http://www.oed.com/dictionary/how_adv
idol,noun,Old English-,5,"A person who is highly revered, admired, beloved…",borrowing,,,In current use,,,https://doi.org/10.1093/OED/1047474821,http://www.oed.com/dictionary/idol_n
imp,verb,Old English-,3,Falconry. To engraft feathers in… To imp a wing…,inherited,,,In current use,,"sciences/life sciences/animals/birds, sport and leisure/hunting, fishing, and shooting/hawking and falconry",https://doi.org/10.1093/OED/7126267487,http://www.oed.com/dictionary/imp_v
inner,"adjective, noun",Old English-,6,"Situated more within; more or… literal, of…",inherited,,,In current use,,,https://doi.org/10.1093/OED/4026887209,http://www.oed.com/dictionary/inner_adj
lame,"adjective, adverb",Old English-,5,Of a person or animal. Experiencing physical…,inherited,,,In current use,,,https://doi.org/10.1093/OED/4664748003,http://www.oed.com/dictionary/lame_adj
leathern,adjective,Old English-,4,Consisting or made of leather. leathern…,derivative,,humorous,In current use,,"crafts and trades/carriage-building, crafts and trades/leather-making, religion and belief/religion/Christianity/Quakerism",https://doi.org/10.1093/OED/2576392300,http://www.oed.com/dictionary/leathern_adj
life,noun,Old English-,7,"The condition, quality, or fact of being a living…",inherited,,,In current use,,,https://doi.org/10.1093/OED/1176943497,http://www.oed.com/dictionary/life_n
marker,noun,Old English-,6,An object or indicator that acts as a guide to…,derivative,,,In current use,,,https://doi.org/10.1093/OED/1144038930,http://www.oed.com/dictionary/marker_n
milk,verb,Old English-,5,transitive. To draw milk from (a cow or other…,inherited,,,In current use,,,https://doi.org/10.1093/OED/4796870365,http://www.oed.com/dictionary/milk_v
miss,noun,Old English-,4,"Disadvantage or regret caused by loss, absence…",borrowing,,,In current use,Britain and Ireland/British English,,https://doi.org/10.1093/OED/3926197643,http://www.oed.com/dictionary/miss_n1
monk,verb,Old English-,3,"intransitive, and transitive with it as object…",conversion,,derogatory,In current use,,religion and belief/religion,https://doi.org/10.1093/OED/6668860415,http://www.oed.com/dictionary/monk_v
otherwise,"noun, adverb, adjective",Old English-,6,In another case; in other circumstances; if not; else.,compound,,,In current use,,,https://doi.org/10.1093/OED/1502475910,http://www.oed.com/dictionary/otherwise_n
overhear,verb,Old English-,5,"transitive. To hear (words spoken, a person…",inherited,,,In current use,,,https://doi.org/10.1093/OED/1811789195,http://www.oed.com/dictionary/overhear_v
overtrow,noun,Old English-1891,0,Overconfidence.,derivative,,,Not in use,,,https://doi.org/10.1093/OED/4250946518,http://www.oed.com/dictionary/overtrow_n
playman,noun,Old English-1844,0,A person who practises physical exercise; an athlete.,compound,,,Not in use,,"sport and leisure/games/gambling, sport and leisure/sport/athletics",https://doi.org/10.1093/OED/2133348636,http://www.oed.com/dictionary/playman_n
pound,noun,Old English-,6,A unit of weight and mass originally derived from…,inherited,,,In current use,,economics and commerce,https://doi.org/10.1093/OED/4704381572,http://www.oed.com/dictionary/pound_n1
pull,verb,Old English-,6,transitive. To exert upon (something) a force…,uncertain,,,In current use,,,https://doi.org/10.1093/OED/1137989210,http://www.oed.com/dictionary/pull_v
rear,verb,Old English-,5,transitive. To bring up (a child) to maturity; to…,inherited,,,In current use,,,https://doi.org/10.1093/OED/7033274216,http://www.oed.com/dictionary/rear_v1
red,"adjective, noun",Old English-,6,"Designating the colour of blood, a ruby, a ripe…",inherited,,,In current use,,,https://doi.org/10.1093/OED/1089329307,http://www.oed.com/dictionary/red_adj
row,verb,Old English-,5,transitive. To propel (a boat or other vessel) by…,inherited,,,In current use,,sport and leisure/sport/water sports/rowing,https://doi.org/10.1093/OED/4423063271,http://www.oed.com/dictionary/row_v1
sake,noun,Old English-,6,Out of consideration for; on account of one's…,inherited,,,In current use,,,https://doi.org/10.1093/OED/2067509789,http://www.oed.com/dictionary/sake_n1
seam,noun,Old English-,5,The junction made by sewing together the edges of…,inherited,,,In current use,,crafts and trades,https://doi.org/10.1093/OED/1640294312,http://www.oed.com/dictionary/seam_n1
sedge,noun,Old English-,4,A name for various coarse grassy… As the name of…,inherited,,,In current use,,,https://doi.org/10.1093/OED/3195090723,http://www.oed.com/dictionary/sedge_n1
see,verb,Old English-,8,To perceive with the eyes (a… transitive. With…,inherited,,,In current use,,,https://doi.org/10.1093/OED/4953027704,http://www.oed.com/dictionary/see_v
set,verb,Old English-,7,"To put or place, cause to be, lie, rest, or…",inherited,,,In current use,,,https://doi.org/10.1093/OED/6993814720,http://www.oed.com/dictionary/set_v1
sevenfold,"adjective, noun, adverb",Old English-,4,Seven times as great or numerous; grown or…,inherited,,,In current use,,,https://doi.org/10.1093/OED/1181876806,http://www.oed.com/dictionary/sevenfold_adj
sew,verb,Old English-,5,"transitive. To fasten, attach, or join (pieces of…",inherited,,,In current use,,crafts and trades/textiles/needlework,https://doi.org/10.1093/OED/1076603132,http://www.oed.com/dictionary/sew_v1
shade,noun,Old English-,6,Cover afforded by the interposition of some…,variant,,,In current use,,,https://doi.org/10.1093/OED/3759913862,http://www.oed.com/dictionary/shade_n
shielded,adjective,Old English-,4,technical. Protected by a ‘shield’.,derivative,,,In current use,,,https://doi.org/10.1093/OED/1518337666,http://www.oed.com/dictionary/shielded_adj
shot,noun,Old English-,6,"An act of shooting, an individual discharge of a…",inherited,,,In current use,,,https://doi.org/10.1093/OED/1276402357,http://www.oed.com/dictionary/shot_n1
shove,verb,Old English-,5,transitive. To push (a person) with one's body or…,inherited,,,In current use,,,https://doi.org/10.1093/OED/7853290857,http://www.oed.com/dictionary/shove_v1
sick,verb,Old English-,3,intransitive. To act as a sick-nurse.,conversion,,,In current use,,sciences/medicine/pathology,https://doi.org/10.1093/OED/1096201633,http://www.oed.com/dictionary/sick_v1
so,"adverb, conjunction, adjective",Old English-,8,With forward reference: in this way; thus; as follows.,inherited,,,In current use,,,https://doi.org/10.1093/OED/1889545529,http://www.oed.com/dictionary/so_adv
soul,verb,Old English-,4,intransitive. English regional (chiefly northern…,conversion,,poetic and literary,In current use,,religion and belief/religion,https://doi.org/10.1093/OED/6407788217,http://www.oed.com/dictionary/soul_v
stand,noun,Old English-,6,A base or elevated surface on which something…,conversion,,,In current use,,,https://doi.org/10.1093/OED/2359097832,http://www.oed.com/dictionary/stand_n1
standing,"adjective, noun",Old English-,6,"Of a person, animal, etc.: that is in an upright…",derivative,,,In current use,,,https://doi.org/10.1093/OED/5038528894,http://www.oed.com/dictionary/standing_adj
starred,adjective,Old English-,5,Marked by a star (in various senses). Of a horse…,derivative,,,In current use,,sciences/life sciences,https://doi.org/10.1093/OED/9099137895,http://www.oed.com/dictionary/starred_adj
steal,verb,Old English-,6,transitive. To take away dishonestly (portable…,inherited,,,In current use,,,https://doi.org/10.1093/OED/8234882199,http://www.oed.com/dictionary/steal_v1
steeled,adjective,Old English-,4,"Made of steel, or with the outer surface, edge or…",derivative,,,In current use,,manufacturing and industry/manufacturing/metal industry,https://doi.org/10.1093/OED/8965180607,http://www.oed.com/dictionary/steeled_adj
sting,verb,Old English-,5,"‘To pierce or wound with a point darted out, as…",inherited,,,In current use,,sciences/medicine,https://doi.org/10.1093/OED/5697999922,http://www.oed.com/dictionary/sting_v1
stirrup,noun,Old English-,5,Either of a pair of supports for a rider's foot…,compound,,,In current use,,,https://doi.org/10.1093/OED/8000538335,http://www.oed.com/dictionary/stirrup_n
stride,noun,Old English-,5,An act of striding; a long step in walking…,inherited,,,In current use,,,https://doi.org/10.1093/OED/9172547836,http://www.oed.com/dictionary/stride_n
stride,verb,Old English-,5,To walk with long or extended steps; to stalk.,inherited,,,In current use,,,https://doi.org/10.1093/OED/6611884999,http://www.oed.com/dictionary/stride_v
sward,noun,Old English-,4,Without qualification: = 2b.,inherited,,,In current use,,,https://doi.org/10.1093/OED/1158368589,http://www.oed.com/dictionary/sward_n
thaw,verb,Old English-,5,"intransitive. Of ice, snow, or other substance…",inherited,,,In current use,North American English/U.S. English,sciences/physical sciences/earth sciences/geography/weather,https://doi.org/10.1093/OED/1185377881,http://www.oed.com/dictionary/thaw_v
thereby,adverb,Old English-,6,"By that; by means of, or because of, that…",compound,,,In current use,,,https://doi.org/10.1093/OED/5952726605,http://www.oed.com/dictionary/thereby_adv
title,verb,Old English-,5,"transitive. To give a title to (a book, poem…",borrowing,,,In current use,,,https://doi.org/10.1093/OED/7234008629,http://www.oed.com/dictionary/title_v
together,"adverb, preposition, noun, adjective",Old English-,7,"Into one gathering, company, mass, or body.",inherited,,,In current use,,,https://doi.org/10.1093/OED/9668226242,http://www.oed.com/dictionary/together_adv
township,noun,Old English-,5,In South Africa: an urban or peri-urban area…,derivative,,,In current use,,,https://doi.org/10.1093/OED/2536467997,http://www.oed.com/dictionary/township_n
unwisdom,noun,Old English-,3,"Lack or absence of wisdom; ignorance, folly, stupidity.",inherited,,,In current use,,,https://doi.org/10.1093/OED/4162754973,http://www.oed.com/dictionary/unwisdom_n
wade,verb,Old English-,5,To walk through water or any liquid or soft…,inherited,,,In current use,,,https://doi.org/10.1093/OED/1108558029,http://www.oed.com/dictionary/wade_v
wane,verb,Old English-,5,Of the moon: To undergo the periodical decrease…,inherited,,,In current use,,,https://doi.org/10.1093/OED/3926617234,http://www.oed.com/dictionary/wane_v
warlock,"noun, adjective",Old English-,4,Originally Scottish and English regional…,inherited,,,In current use,"Britain and Ireland/British English/English regional/English regional (northern), Britain and Ireland/British English/Scottish English",religion and belief/belief systems and practices/occult,https://doi.org/10.1093/OED/1142760579,http://www.oed.com/dictionary/warlock_n1
warp,noun,Old English-,5,"A twist or bending, esp. in wood not properly…",inherited,,,In current use,,,https://doi.org/10.1093/OED/5698872333,http://www.oed.com/dictionary/warp_n1
watch,noun,Old English-,6,"A timepiece, usually portable and worn on the…",inherited,,,In current use,,,https://doi.org/10.1093/OED/1093718543,http://www.oed.com/dictionary/watch_n
waterway,noun,Old English-,5,A route for travel or transport by water; a…,compound,,,In current use,,transport/inland waterways,https://doi.org/10.1093/OED/4291120398,http://www.oed.com/dictionary/waterway_n
wax,noun,Old English-,5,A substance (also distinctively called beeswax…,inherited,,,In current use,,,https://doi.org/10.1093/OED/5100414487,http://www.oed.com/dictionary/wax_n1
waxen,adjective,Old English-,4,transferred and figurative. As if… With reference…,derivative,,,In current use,,,https://doi.org/10.1093/OED/4117265227,http://www.oed.com/dictionary/waxen_adj1
weed,verb,Old English-,5,"transitive. To clear (land, a crop, etc.) of…",inherited,,,In current use,,agriculture and horticulture/agriculture,https://doi.org/10.1093/OED/5540917769,http://www.oed.com/dictionary/weed_v
welcome,"noun, adjective, interjection",Old English-,6,"Of a person: Acceptable as a visitor, companion…",inherited,,,In current use,,,https://doi.org/10.1093/OED/9848361064,http://www.oed.com/dictionary/welcome_n1
which,"adjective, pronoun",Old English-,8,"In predicative use: of what kind, quality, or…",inherited,,,In current use,,,https://doi.org/10.1093/OED/6387231752,http://www.oed.com/dictionary/which_adj
whom,pronoun,Old English-,7,As indirect object (in Old English… In direct…,inherited,,,In current use,,,https://doi.org/10.1093/OED/1075471729,http://www.oed.com/dictionary/whom_pron
will,noun,Old English-,6,The faculty by which a person exercises his or…,inherited,,,In current use,,,https://doi.org/10.1093/OED/5102455306,http://www.oed.com/dictionary/will_n1
wind,verb,Old English-,6,"Of a road, river, etc.: to follow… intransitive.",inherited,,,In current use,,,https://doi.org/10.1093/OED/1183750962,http://www.oed.com/dictionary/wind_v1
wonder,verb,Old English-,6,Usually with clause: To ask oneself in…,inherited,,,In current use,,,https://doi.org/10.1093/OED/7193389555,http://www.oed.com/dictionary/wonder_v
word,verb,Old English-,5,To express in or put into words… transitive. With…,conversion,,,In current use,,,https://doi.org/10.1093/OED/7275521822,http://www.oed.com/dictionary/word_v
man,verb,late Old English-,5,transitive. Originally Military and Nautical. To…,conversion,,,In current use,,transport/nautical,https://doi.org/10.1093/OED/6603255507,http://www.oed.com/dictionary/man_v
wile,noun,1154-,4,"A crafty, cunning, or deceitful trick; a sly…",borrowing,,"archaic, poetic and literary",In current use,,,https://doi.org/10.1093/OED/1073586911,http://www.oed.com/dictionary/wile_n
standard,"noun, adjective, interjection",?a1160-,7,"A rule, principle, criterion, or measure by which…",borrowing,,,In current use,,,https://doi.org/10.1093/OED/2128083509,http://www.oed.com/dictionary/standard_n
stone,verb,c1175-,5,"transitive. To throw stones at, pelt with stones…",conversion,,,In current use,,,https://doi.org/10.1093/OED/3557304856,http://www.oed.com/dictionary/stone_v
virgin,"noun, adjective",c1175-,5,"Not yet touched or handled, or used for any…",borrowing,,,In current use,,,https://doi.org/10.1093/OED/7193547002,http://www.oed.com/dictionary/virgin_n
want,verb,c1175-,7,transitive. With infinitive as object. To wish or…,borrowing,,,In current use,,,https://doi.org/10.1093/OED/4439556349,http://www.oed.com/dictionary/want_v
warmth,noun,c1175-,6,A moderately hot or pleasantly heated state of…,inherited,,,In current use,,,https://doi.org/10.1093/OED/5074114697,http://www.oed.com/dictionary/warmth_n
tenfold,"adjective, adverb",c1200-,4,Ten times as great or as much; ten times…,inherited,,,In current use,,,https://doi.org/10.1093/OED/1147019559,http://www.oed.com/dictionary/tenfold_adj
wilderness,noun,c1200-,5,(With article or other defining word) A wild or…,derivative,,,In current use,,,https://doi.org/10.1093/OED/1091941723,http://www.oed.com/dictionary/wilderness_n
lusty,adjective,a1225-,4,Full of healthy vigour. Of persons and animals…,derivative,,archaic,In current use,,,https://doi.org/10.1093/OED/4138006922,http://www.oed.com/dictionary/lusty_adj
chapel,noun,c1225-,5,Originally: any place for Christian worship other…,borrowing,,historical,In current use,,religion and belief/religion,https://doi.org/10.1093/OED/2043287039,http://www.oed.com/dictionary/chapel_n
cross,noun,c1225-,6,"Any object, figure, or mark formed by two or more…",borrowing,,,In current use,,,https://doi.org/10.1093/OED/7129908121,http://www.oed.com/dictionary/cross_n
hardy,verb,c1225-,2,transitive. To make hardy or robust; (also) to…,conversion,,,In current use,,,https://doi.org/10.1093/OED/9142120977,http://www.oed.com/dictionary/hardy_v
ladyship,noun,c1225-,4,Chiefly with possessive adjective: a title of…,derivative,,,In current use,,,https://doi.org/10.1093/OED/3677123832,http://www.oed.com/dictionary/ladyship_n
meekship,noun,c1225-,0,As a mock title for a (supposedly) meek person…,derivative,,,In current use,,,https://doi.org/10.1093/OED/6531887884,http://www.oed.com/dictionary/meekship_n
chapter,noun,?c1225-,7,A main division or section of a book or (later) a…,borrowing,,,In current use,,,https://doi.org/10.1093/OED/8367623663,http://www.oed.com/dictionary/chapter_n
figure,noun,?c1225-,7,A numerical character or symbol; esp. any of the…,borrowing,,,In current use,,,https://doi.org/10.1093/OED/1150219498,http://www.oed.com/dictionary/figure_n
matter,noun,?c1225-,7,"An event, circumstance, fact, question, state or…",borrowing,,,In current use,,,https://doi.org/10.1093/OED/9187669168,http://www.oed.com/dictionary/matter_n1
sacre,verb,?c1225-1976,0,"transitive. To consecrate (the elements, or the…",borrowing,,,Not in use,,religion and belief/religion/Christianity/liturgical,https://doi.org/10.1093/OED/6294252842,http://www.oed.com/dictionary/sacre_v1
standing,noun,?c1225-,5,"High esteem, rank, or status. Later (also) more…",derivative,,,In current use,,,https://doi.org/10.1093/OED/6656375873,http://www.oed.com/dictionary/standing_n1
windmill,"noun, adjective",c1230-,5,A structure that harnesses the power of the wind…,compound,,,In current use,,,https://doi.org/10.1093/OED/1863665613,http://www.oed.com/dictionary/windmill_n
creant,adjective,a1250-1833,0,"In phrases to yield oneself creant, to cry (or…",borrowing,,,Not in use,,,https://doi.org/10.1093/OED/6556374516,http://www.oed.com/dictionary/creant_adj1
stump,verb,c1250-,4,(Originally U.S.) To cause to be at a loss; to…,conversion,,,In current use,,,https://doi.org/10.1093/OED/2251591701,http://www.oed.com/dictionary/stump_v1
bush,"noun, adjective",?c1250-,6,A perennial woody plant that is smaller than a…,inherited,,,In current use,,,https://doi.org/10.1093/OED/4936482945,http://www.oed.com/dictionary/bush_n1
truth,verb,?c1250-,3,intransitive. U.S. colloquial and regional. To…,conversion,,,In current use,North American English/U.S. English,,https://doi.org/10.1093/OED/9323639933,http://www.oed.com/dictionary/truth_v
joy,verb,c1260-,4,intransitive. To feel or manifest joy; to be…,borrowing,,,In current use,,,https://doi.org/10.1093/OED/2509484642,http://www.oed.com/dictionary/joy_v
wire-drawer,noun,1265-,2,A person whose job is to draw metal into wire…,compound,,,In current use,,,https://doi.org/10.1093/OED/7816692341,http://www.oed.com/dictionary/wire-drawer_n
dote,noun,a1275-,3,"A foolish, incompetent, or slow-witted person.",conversion,,,In current use,,,https://doi.org/10.1093/OED/1156445948,http://www.oed.com/dictionary/dote_n1
flock,verb,c1275-,5,intransitive (rarely †reflexive). To gather in a…,conversion,,,In current use,,,https://doi.org/10.1093/OED/3757464749,http://www.oed.com/dictionary/flock_v1
murdrum,noun,1290-,2,From the 11th to the 15th cent.: a fine imposed…,borrowing,,historical,In current use,,,https://doi.org/10.1093/OED/2600592393,http://www.oed.com/dictionary/murdrum_n
entice,verb,1297-,5,"To allure, attract by the offer of pleasure or…",borrowing,,,In current use,,,https://doi.org/10.1093/OED/9408821043,http://www.oed.com/dictionary/entice_v
woodwork,noun,1297-,4,"Wood that has been worked, carved, shaped, etc…",compound,,,In current use,,crafts and trades/woodworking,https://doi.org/10.1093/OED/7430727550,http://www.oed.com/dictionary/woodwork_n
chaser,noun,a1300-,4,One who pursues (esp. with hostile intent).,borrowing,,,In current use,,,https://doi.org/10.1093/OED/8687575695,http://www.oed.com/dictionary/chaser_n1
land,verb,a1300-,6,To bring to land; to set on shore; to disembark.,conversion,,,In current use,,transport,https://doi.org/10.1093/OED/3280767735,http://www.oed.com/dictionary/land_v
mercurial,"noun, adjective",a1300-,4,"Of a person: having a lively, volatile, or…",borrowing,,,In current use,,sciences/physical sciences,https://doi.org/10.1093/OED/3157469228,http://www.oed.com/dictionary/mercurial_n
vicar,noun,a1300-,5,Originally: a person ministering to a parish in…,borrowing,,,In current use,,religion and belief/religion/Christianity,https://doi.org/10.1093/OED/7093242734,http://www.oed.com/dictionary/vicar_n
whence,"adverb, conjunction",a1300-,5,From what place? In a direct question.,derivative,,,In current use,,,https://doi.org/10.1093/OED/2838724241,http://www.oed.com/dictionary/whence_adv
chair,noun,c1300-,6,"A seat for one person, typically movable…",borrowing,,,In current use,,,https://doi.org/10.1093/OED/5186691526,http://www.oed.com/dictionary/chair_n1
course,"noun, adverb",c1300-,7,"A series of lectures, lessons, or instructional…",borrowing,,,In current use,,,https://doi.org/10.1093/OED/9705514042,http://www.oed.com/dictionary/course_n1
engine,verb,c1300-,4,transitive. To equip (a vessel) with an engine or…,borrowing,,,In current use,,,https://doi.org/10.1093/OED/7285416022,http://www.oed.com/dictionary/engine_v
milch,adjective,c1300-,4,"Of an animal, originally and… Bred or kept to…",uncertain,,,In current use,,,https://doi.org/10.1093/OED/1590764649,http://www.oed.com/dictionary/milch_adj
mount,verb,c1300-,6,"transitive. To raise in honour, estimation…",borrowing,,,In current use,,,https://doi.org/10.1093/OED/3105817861,http://www.oed.com/dictionary/mount_v
out and out,"adverb, adjective, noun",c1300-,4,"Thoroughly, completely, entirely; downright.",compound,,,In current use,,,https://doi.org/10.1093/OED/1168857348,http://www.oed.com/dictionary/out-and-out_adv
subtle,verb,c1300-,3,transitive. Chiefly U.S. To make more faint…,borrowing,,,In current use,,,https://doi.org/10.1093/OED/6303871190,http://www.oed.com/dictionary/subtle_v
Templar,noun,c1300-,5,A member of a military and religious order…,borrowing,,,In current use,,religion and belief/religion,https://doi.org/10.1093/OED/8172506177,http://www.oed.com/dictionary/templar_n
fame,verb,1303-,5,"To report (a person or thing) as, for, to be (so…",borrowing,,,In current use,,,https://doi.org/10.1093/OED/2443004142,http://www.oed.com/dictionary/fame_v1
flourishing,noun,1303-,4,"The action of flourish, v. in various senses.",derivative,,,In current use,,sciences/life sciences/plants,https://doi.org/10.1093/OED/7698474717,http://www.oed.com/dictionary/flourishing_n
trail,verb,1303-,5,To draw behind one; to drag along upon the ground…,inherited,,,In current use,,,https://doi.org/10.1093/OED/8966332403,http://www.oed.com/dictionary/trail_v1
birder,noun,1308-,4,Originally U.S. A birdwatcher.,derivative,,,In current use,,"sciences/life sciences/animals, sport and leisure/hunting, fishing, and shooting/hunting",https://doi.org/10.1093/OED/9685838336,http://www.oed.com/dictionary/birder_n
increase,verb,c1315-,7,"To become greater in size, amount, duration, or…",borrowing,,,In current use,,,https://doi.org/10.1093/OED/2018932839,http://www.oed.com/dictionary/increase_v
citizen,"noun, adjective",a1325-,6,A legally recognized subject or national of a…,borrowing,,,In current use,,,https://doi.org/10.1093/OED/2431197993,http://www.oed.com/dictionary/citizen_n
colour,verb,a1325-,6,transitive. To impart colour to; to impregnate…,borrowing,,,In current use,,,https://doi.org/10.1093/OED/1013220660,http://www.oed.com/dictionary/colour_v
favourable,adjective,a1325-,6,"Advantageous, helpful; beneficial for one's…",borrowing,,,In current use,,,https://doi.org/10.1093/OED/1132531232,http://www.oed.com/dictionary/favourable_adj
lard,verb,a1325-,4,transitive. Cookery. To prepare (lean meat…,borrowing,,,In current use,,,https://doi.org/10.1093/OED/1009664318,http://www.oed.com/dictionary/lard_v
reasonable,"adjective, noun, adverb",a1325-,6,"Of a person: sensible, sane; having sound…",borrowing,,,In current use,,,https://doi.org/10.1093/OED/5526692941,http://www.oed.com/dictionary/reasonable_adj
rocker,noun,a1325-,5,A person who performs rock music; (esp. in early…,derivative,,,In current use,,,https://doi.org/10.1093/OED/1171378089,http://www.oed.com/dictionary/rocker_n1
sacrify,verb,a1325-1827,0,transitive. To offer as a sacrifice.,borrowing,,,Not in use,,religion and belief/religion,https://doi.org/10.1093/OED/1178117503,http://www.oed.com/dictionary/sacrify_v
short livy,adjective,a1325,0,Short-lived.,derivative,,,Not in use,,,https://doi.org/10.1093/OED/1005309366,http://www.oed.com/dictionary/short-livy_adj
valiant,"adjective, noun",a1325-,5,"Of an action, deed, etc.: characterized by or…",borrowing,,,In current use,,,https://doi.org/10.1093/OED/6765584740,http://www.oed.com/dictionary/valiant_adj
Martinmas,noun,c1325-,3,"(The date of) the feast of St Martin, 11 November.",proper name,,,In current use,,religion and belief/religion,https://doi.org/10.1093/OED/2328777974,http://www.oed.com/dictionary/martinmas_n
mort,noun,c1330-,4,"Death, slaughter. Obsolete.",borrowing,,,In current use,,"arts/performing arts/music, sport and leisure/hunting, fishing, and shooting/hunting",https://doi.org/10.1093/OED/9830356490,http://www.oed.com/dictionary/mort_n1
pour,verb,c1330-,6,"intransitive. To gush out, flow steadily or…",borrowing,,,In current use,,,https://doi.org/10.1093/OED/6364414383,http://www.oed.com/dictionary/pour_v
Turk,noun,c1330-,6,"Originally: a Seljuk (Seljuk, n.) or Ottoman…",borrowing,,historical,In current use,,,https://doi.org/10.1093/OED/2765494816,http://www.oed.com/dictionary/turk_n1
faitour,noun,a1340-,2,"An impostor, cheat; esp. a vagrant who shams…",borrowing,,archaic,In current use,,,https://doi.org/10.1093/OED/2581811869,http://www.oed.com/dictionary/faitour_n
tumbler,noun,a1340-,4,"A drinking cup, originally having a rounded or…",derivative,,,In current use,,,https://doi.org/10.1093/OED/4960722999,http://www.oed.com/dictionary/tumbler_n
diligence,noun,1340-,5,Constant and earnest effort to accomplish what is…,borrowing,,,In current use,,,https://doi.org/10.1093/OED/8618451720,http://www.oed.com/dictionary/diligence_n1
God's penny,noun,1340-,0,A small sum paid as an initial instalment on…,compound,,historical,In current use,Britain and Ireland/British English/English regional/English regional (northern)/English regional (Yorkshire),economics and commerce,https://doi.org/10.1093/OED/6125375934,http://www.oed.com/dictionary/gods-penny_n
glory,noun,c1340-,6,"objectively. Exalted (and, in modern use…",borrowing,,,In current use,,,https://doi.org/10.1093/OED/3202040747,http://www.oed.com/dictionary/glory_n
insuperable,"adjective, noun",c1340-,4,"figurative (from A.1, A.2). Of difficulties…",borrowing,,,In current use,,,https://doi.org/10.1093/OED/6901573404,http://www.oed.com/dictionary/insuperable_adj
screen,noun,1348-,6,A movable piece of furniture consisting of an…,borrowing,,,In current use,,,https://doi.org/10.1093/OED/2785312416,http://www.oed.com/dictionary/screen_n1
frontal,noun,a1350-,4,A decorative covering for the front of an altar…,borrowing,,,In current use,,,https://doi.org/10.1093/OED/3726215103,http://www.oed.com/dictionary/frontal_n1
firstborn,"noun, adjective",c1350-,5,With the or possessive adjective. A person who is…,compound,,,In current use,,,https://doi.org/10.1093/OED/5042755013,http://www.oed.com/dictionary/firstborn_n
principality,noun,c1350-,5,The territory held or governed by a prince.,borrowing,,,In current use,,,https://doi.org/10.1093/OED/5514625265,http://www.oed.com/dictionary/principality_n
divine,verb,1362-,5,To figure out or understand (something) by…,borrowing,,,In current use,,,https://doi.org/10.1093/OED/1063749085,http://www.oed.com/dictionary/divine_v
desk,noun,1363-,6,A piece of furniture with a surface used for…,borrowing,,,In current use,,,https://doi.org/10.1093/OED/4849395000,http://www.oed.com/dictionary/desk_n
pounce,noun,1367-,3,A claw or talon of a bird of prey. Also…,shortening,,"archaic, historical",In current use,,"sciences/life sciences/animals/birds, sport and leisure/hunting, fishing, and shooting/hawking and falconry",https://doi.org/10.1093/OED/7405936107,http://www.oed.com/dictionary/pounce_n1
galosh,noun,1373-,4,In later use: An over-shoe (now usually made of…,borrowing,,,In current use,,crafts and trades/costume/shoes,https://doi.org/10.1093/OED/4529561236,http://www.oed.com/dictionary/galosh_n
wyver,noun,c1374-1857,0,A viper. Also figurative and in figurative context.,borrowing,,,Not in use,,"heraldry, sciences/life sciences/animals",https://doi.org/10.1093/OED/1067521508,http://www.oed.com/dictionary/wyver_n
faint,verb,a1375-,5,To fall into a swoon. Also with away.,conversion,,,In current use,,,https://doi.org/10.1093/OED/4678840879,http://www.oed.com/dictionary/faint_v
engrain,verb,1377-,4,To cause (a dye) to sink into the texture of a…,derivative,,,In current use,,crafts and trades/textiles,https://doi.org/10.1093/OED/2012753921,http://www.oed.com/dictionary/engrain_v1
seether,noun,1377-1700,0,One who is employed in boiling.,derivative,,,Not in use,,consumables/food and cooking,https://doi.org/10.1093/OED/1146375458,http://www.oed.com/dictionary/seether_n
humble,verb,c1380-,5,transitive. To render humble or meek in spirit…,conversion,,,In current use,,,https://doi.org/10.1093/OED/3478894393,http://www.oed.com/dictionary/humble_v1
kick,verb,c1380-,6,intransitive. To strike out with the foot.,unknown,,,In current use,,,https://doi.org/10.1093/OED/1132689697,http://www.oed.com/dictionary/kick_v1
mate,noun,c1380-,6,"A companion, fellow, comrade, friend; a fellow…",borrowing,,,In current use,,,https://doi.org/10.1093/OED/1207972330,http://www.oed.com/dictionary/mate_n2
safety,noun,c1380-,6,The state of being protected from or guarded…,borrowing,,,In current use,,,https://doi.org/10.1093/OED/7104233766,http://www.oed.com/dictionary/safety_n
commonty,noun,a1382-,2,Law (chiefly Scottish). Joint use or possession…,derivative,,historical,In current use,Britain and Ireland/British English/Scottish English,law,https://doi.org/10.1093/OED/3070260638,http://www.oed.com/dictionary/commonty_n
desirable,"adjective, noun",a1382-,6,That may be desired or wanted; that is to be…,borrowing,,,In current use,,,https://doi.org/10.1093/OED/7026179731,http://www.oed.com/dictionary/desirable_adj
hand in hand,"adverb, noun, adjective",a1382-,5,"Of two people: with the hands clasped, esp. as a…",compound,,,In current use,,,https://doi.org/10.1093/OED/4847636454,http://www.oed.com/dictionary/hand-in-hand_adv
heady,adjective,a1382-,5,"Originally: (of drink) intoxicating, potent…",derivative,,,In current use,,,https://doi.org/10.1093/OED/2735690460,http://www.oed.com/dictionary/heady_adj
honest,verb,a1382-1684,0,transitive. To confer honour or dignity on; to do…,borrowing,,,Not in use,,,https://doi.org/10.1093/OED/1974158758,http://www.oed.com/dictionary/honest_v
porelet,noun,a1382,0,A pauper.,derivative,,,Not in use,,,https://doi.org/10.1093/OED/4777311483,http://www.oed.com/dictionary/porelet_n
providence,noun,a1382-,5,"In full providence of God (also nature, etc.)…",borrowing,,,In current use,,religion and belief/religion/Christianity,https://doi.org/10.1093/OED/4224794687,http://www.oed.com/dictionary/providence_n
repeat,verb,a1382-,6,transitive. To say again (something which one has…,borrowing,,,In current use,,,https://doi.org/10.1093/OED/1075861875,http://www.oed.com/dictionary/repeat_v
solemnize,verb,a1382-,4,To celebrate (a marriage) with proper ceremonies…,borrowing,,,In current use,,,https://doi.org/10.1093/OED/9141484978,http://www.oed.com/dictionary/solemnize_v
tonguey,adjective,a1382-,2,"Full of ‘tongue’ or talk; talkative, loquacious…",derivative,,,In current use,North American English/U.S. English,,https://doi.org/10.1093/OED/1532517288,http://www.oed.com/dictionary/tonguey_adj
unreverence,noun,a1382-,1,Lack of reverence or due respect; irreverence.,derivative,,,In current use,,,https://doi.org/10.1093/OED/1157195223,http://www.oed.com/dictionary/unreverence_n
immunity,noun,c1384-,6,Medicine. The state of being insusceptible or…,borrowing,,,In current use,,law,https://doi.org/10.1093/OED/2476226448,http://www.oed.com/dictionary/immunity_n
middleman,noun,c1384-,5,"A trader, company, etc., that handles a commodity…",compound,,,In current use,,,https://doi.org/10.1093/OED/4278512994,http://www.oed.com/dictionary/middleman_n
overabound,verb,c1384-,1,intransitive. To abound too much with or in…,derivative,,,In current use,,,https://doi.org/10.1093/OED/6502429517,http://www.oed.com/dictionary/overabound_v
salutation,noun,c1384-,5,"The action, or an act, of saluting; a manner of…",borrowing,,,In current use,,,https://doi.org/10.1093/OED/5922840280,http://www.oed.com/dictionary/salutation_n
syllable,noun,c1384-,5,A vocal sound or set of sounds uttered with a…,borrowing,,,In current use,,language/linguistics/phonetics,https://doi.org/10.1093/OED/9851988920,http://www.oed.com/dictionary/syllable_n
eternal,"adjective, noun",c1386-,6,Infinite in future duration; that always will…,borrowing,,,In current use,,,https://doi.org/10.1093/OED/9641762696,http://www.oed.com/dictionary/eternal_adj
hostelry,noun,c1386-,4,A house where lodging and entertainment are…,borrowing,,archaic,In current use,,,https://doi.org/10.1093/OED/1084547256,http://www.oed.com/dictionary/hostelry_n
carriage,noun,a1387-,6,Any of the separate sections of a train in which…,borrowing,,,In current use,,,https://doi.org/10.1093/OED/1012109675,http://www.oed.com/dictionary/carriage_n
embolism,noun,a1387-,5,Pathology. (See quot.),borrowing,,,In current use,,crafts and trades/clocks and watches,https://doi.org/10.1093/OED/1018197995,http://www.oed.com/dictionary/embolism_n
silvery,noun,a1387,0,"= Silver sickness (silver, n. & adj.compounds C.2).",derivative,,,Not in use,,law,https://doi.org/10.1093/OED/1674833301,http://www.oed.com/dictionary/silvery_n
gutter,verb,1387-,4,intransitive. Of a candle: To melt away rapidly…,conversion,,,In current use,,,https://doi.org/10.1093/OED/8889430756,http://www.oed.com/dictionary/gutter_v
trap,verb,1390-,6,"To catch in or as in a trap, entrap, ensnare.",conversion,,,In current use,,sport and leisure,https://doi.org/10.1093/OED/6197270434,http://www.oed.com/dictionary/trap_v1
angerness,noun,c1390-,0,The quality or state of being angry; anger. Cf…,derivative,,,In current use,,,https://doi.org/10.1093/OED/1004673843,http://www.oed.com/dictionary/angerness_n
exploit,verb,c1390-,6,transitive. To make full use of; to derive…,borrowing,,,In current use,,,https://doi.org/10.1093/OED/2847899660,http://www.oed.com/dictionary/exploit_v
gorge,noun,c1390-,5,A narrow opening between hills; a ravine with…,borrowing,,,In current use,,,https://doi.org/10.1093/OED/8312138550,http://www.oed.com/dictionary/gorge_n1
mortise,noun,c1390-,4,"Woodworking and Joinery. A cavity, hole, or…",borrowing,,,In current use,,"crafts and trades/woodworking, manufacturing and industry/building",https://doi.org/10.1093/OED/8949520002,http://www.oed.com/dictionary/mortise_n
specious,"adjective, noun",c1390-,4,"Of reasoning, an argument, etc.: apparently sound…",borrowing,,,In current use,,,https://doi.org/10.1093/OED/4532132448,http://www.oed.com/dictionary/specious_adj
whoop,verb,c1390-,4,intransitive. To utter a ‘whoop!’ or a cry or…,borrowing,,,In current use,,,https://doi.org/10.1093/OED/3700509793,http://www.oed.com/dictionary/whoop_v
chip,noun,a1393-,6,A small piece or fragment of any relatively hard…,conversion,,,In current use,,,https://doi.org/10.1093/OED/8035506874,http://www.oed.com/dictionary/chip_n2
discoloured,adjective,a1393-,4,Altered from the usual or natural colour; changed…,derivative,,,In current use,,,https://doi.org/10.1093/OED/3626700242,http://www.oed.com/dictionary/discoloured_adj
traverse,noun,a1393-,4,An act of travelling or journeying right through…,borrowing,,,In current use,,,https://doi.org/10.1093/OED/7624633070,http://www.oed.com/dictionary/traverse_n
embroidery,noun,1393-,5,The art of ornamenting cloth and other fabrics…,borrowing,,,In current use,,crafts and trades/textiles/needlework,https://doi.org/10.1093/OED/8475558756,http://www.oed.com/dictionary/embroidery_n
shade,verb,1393-,5,"transitive. To screen from light or heat, to…",conversion,,,In current use,,,https://doi.org/10.1093/OED/8520321100,http://www.oed.com/dictionary/shade_v1
striker,noun,1393-,5,A workman who is ‘on strike’.,derivative,,,In current use,,,https://doi.org/10.1093/OED/2778903443,http://www.oed.com/dictionary/striker_n
causal,"noun, adjective",a1398-,6,Of the nature of cause and effect.,borrowing,,,In current use,,,https://doi.org/10.1093/OED/4485351252,http://www.oed.com/dictionary/causal_n
clog,verb,a1398-,5,transitive. To fill (something) up with anything…,conversion,,,In current use,,,https://doi.org/10.1093/OED/9543872683,http://www.oed.com/dictionary/clog_v
freshness,noun,a1398-,5,The quality or condition of being fresh (in…,derivative,,,In current use,,sciences/medicine,https://doi.org/10.1093/OED/5810586836,http://www.oed.com/dictionary/freshness_n
litter,verb,a1398-,5,"To cover as with litter, to strew with objects…",conversion,,,In current use,,,https://doi.org/10.1093/OED/6760500285,http://www.oed.com/dictionary/litter_v
moderator,noun,a1398-,5,A person who acts as an arbitrator between…,borrowing,,,In current use,,,https://doi.org/10.1093/OED/7940433708,http://www.oed.com/dictionary/moderator_n
Ostrogoth,"noun, adjective",a1398-,4,An East Goth; spec. a member of the eastern…,borrowing,,,In current use,,,https://doi.org/10.1093/OED/3108975606,http://www.oed.com/dictionary/ostrogoth_n
peerly,adverb,a1398-1888,0,In the manner of an equal or compeer.,derivative,,humorous,Not in use,,,https://doi.org/10.1093/OED/7573506140,http://www.oed.com/dictionary/peerly_adv
rarefy,verb,a1398-,4,"transitive. To make (esp. air) thin, usually by…",borrowing,,,In current use,,,https://doi.org/10.1093/OED/6846775833,http://www.oed.com/dictionary/rarefy_v
forked,adjective,1398-,4,Having a fork or fork-like end; shaped like a…,derivative,,,In current use,,,https://doi.org/10.1093/OED/7081937268,http://www.oed.com/dictionary/forked_adj
seminal,"adjective, noun",1398-,5,figurative. Having the properties of seed…,borrowing,,,In current use,,sciences,https://doi.org/10.1093/OED/1450853007,http://www.oed.com/dictionary/seminal_adj
courser,noun,a1400-,3,A person who uses dogs (esp. greyhounds or other…,borrowing,,,In current use,,,https://doi.org/10.1093/OED/1477919719,http://www.oed.com/dictionary/courser_n2
engross,verb,a1400-,5,To absorb or engage the whole attention or all…,borrowing,,,In current use,,,https://doi.org/10.1093/OED/4705068961,http://www.oed.com/dictionary/engross_v
extension,noun,a1400-,6,The action or process of widening in scope or…,borrowing,,,In current use,,,https://doi.org/10.1093/OED/4389850210,http://www.oed.com/dictionary/extension_n
marigold,"noun, adjective",a1400-,4,A plant of the genus Calendula (family Asteraceae…,proper name,,,In current use,,sciences/life sciences/plants,https://doi.org/10.1093/OED/3347008404,http://www.oed.com/dictionary/marigold_n
mouth,verb,a1400-,5,"transitive. To articulate (a word, etc.) silently…",conversion,,,In current use,,,https://doi.org/10.1093/OED/8947164840,http://www.oed.com/dictionary/mouth_v
overlook,verb,a1400-,6,transitive. To fail to see or observe; to pass…,derivative,,,In current use,,,https://doi.org/10.1093/OED/2194027227,http://www.oed.com/dictionary/overlook_v
reason,verb,a1400-,6,To think in a connected or logical… intransitive…,borrowing,,,In current use,,,https://doi.org/10.1093/OED/5679487283,http://www.oed.com/dictionary/reason_v
suffrage,noun,a1400-,5,The right to vote as a member of a particular…,borrowing,,,In current use,,,https://doi.org/10.1093/OED/1064558355,http://www.oed.com/dictionary/suffrage_n
unmeasure,noun,a1400-1821,0,Lack of measure or restraint; excess.,derivative,,,Not in use,,law,https://doi.org/10.1093/OED/2096851437,http://www.oed.com/dictionary/unmeasure_n
wardenship,noun,a1400-,3,"The office or position of a warden, in various…",derivative,,,In current use,,,https://doi.org/10.1093/OED/6862678359,http://www.oed.com/dictionary/wardenship_n
commonweal,noun,?a1400-,4,Common well-being; esp. the general good…,compound,,archaic,In current use,,,https://doi.org/10.1093/OED/4645246002,http://www.oed.com/dictionary/commonweal_n
earth horn,noun,?a1400,0,An instrument said to have been used by the…,compound,,,Not in use,,"agriculture and horticulture/agriculture, arts/performing arts/music",https://doi.org/10.1093/OED/9383790872,http://www.oed.com/dictionary/earth-horn_n
exalt,verb,?a1400-,5,"In various figurative or… To praise, extol…",borrowing,,,In current use,,,https://doi.org/10.1093/OED/1450682764,http://www.oed.com/dictionary/exalt_v
riotry,noun,?a1400-,1,"Riotousness, esp. unruly or riotous behaviour.",derivative,,,In current use,,,https://doi.org/10.1093/OED/9208920699,http://www.oed.com/dictionary/riotry_n
buttress,verb,c1400-,5,"transitive. To furnish, strengthen, or stabilize…",conversion,,,In current use,,manufacturing and industry/building/architecture,https://doi.org/10.1093/OED/5495085196,http://www.oed.com/dictionary/buttress_v
meridian,adjective,c1400-,4,Of or relating to midday or noon; occuring or…,borrowing,,poetic and literary,In current use,,,https://doi.org/10.1093/OED/1036018229,http://www.oed.com/dictionary/meridian_adj
ray,noun,c1400-,6,A single line or narrow beam of light; each of…,borrowing,,,In current use,,sciences,https://doi.org/10.1093/OED/6550553330,http://www.oed.com/dictionary/ray_n5
sacramental,"adjective, noun",c1400-,5,"Pertaining to, or of the nature of, a sacrament…",borrowing,,,In current use,,religion and belief/religion/Christianity/liturgical,https://doi.org/10.1093/OED/3912194525,http://www.oed.com/dictionary/sacramental_adj
sergeantry,noun,c1400-1840,0,"= sergeanty, n. 1.",borrowing,,,Not in use,,law,https://doi.org/10.1093/OED/1017677860,http://www.oed.com/dictionary/sergeantry_n
virulent,adjective,c1400-,5,"Medicine. Of diseases, etc.: Characterized by…",borrowing,,,In current use,,,https://doi.org/10.1093/OED/5939948490,http://www.oed.com/dictionary/virulent_adj
ignorant,"adjective, noun",?c1400-,5,Of a person: lacking knowledge or awareness…,borrowing,,,In current use,,,https://doi.org/10.1093/OED/5318472334,http://www.oed.com/dictionary/ignorant_adj
pregnant,"adjective, noun",1402-,6,Of a woman or other female mammal: having…,borrowing,,,In current use,,,https://doi.org/10.1093/OED/7908211690,http://www.oed.com/dictionary/pregnant_adj1
chinchery,noun,c1405-,0,"Miserliness, stinginess.",derivative,,,In current use,,,https://doi.org/10.1093/OED/1000601877,http://www.oed.com/dictionary/chinchery_n
licentiate,noun,c1405-,4,One who has obtained a licence or… One who has…,borrowing,,,In current use,,education/university,https://doi.org/10.1093/OED/7275656617,http://www.oed.com/dictionary/licentiate_n
royalty,noun,c1405-,5,As a mass noun: royal persons collectively.,borrowing,,,In current use,,,https://doi.org/10.1093/OED/7185319979,http://www.oed.com/dictionary/royalty_n
tuft,noun,c1405-,5,A bunch (natural or artificial) of small things…,borrowing,,,In current use,,sciences/life sciences/plants,https://doi.org/10.1093/OED/5185164946,http://www.oed.com/dictionary/tuft_n
misrule,noun,?1406-,4,The condition of being misruled; disorder…,derivative,,,In current use,,,https://doi.org/10.1093/OED/5134420479,http://www.oed.com/dictionary/misrule_n
diseasy,adjective,c1410-,0,Characterized by or causing discomfort or…,derivative,,,In current use,,sciences/medicine,https://doi.org/10.1093/OED/7772504514,http://www.oed.com/dictionary/diseasy_adj
manure,verb,1416-,4,transitive. To enrich (land) with manure; to…,borrowing,,,In current use,,agriculture and horticulture/agriculture,https://doi.org/10.1093/OED/5383081505,http://www.oed.com/dictionary/manure_v
convention,noun,1419-,6,A meeting of people for a particular purpose…,borrowing,,,In current use,,,https://doi.org/10.1093/OED/4811089369,http://www.oed.com/dictionary/convention_n
deject,verb,c1420-,4,"To depress in spirits; to cast down, dispirit…",borrowing,,,In current use,,,https://doi.org/10.1093/OED/6749922125,http://www.oed.com/dictionary/deject_v
pectoral,"noun, adjective",1422-,5,"Short for pectoral muscle, n. Usually in plural.",borrowing,,,In current use,,sciences/medicine,https://doi.org/10.1093/OED/8462849875,http://www.oed.com/dictionary/pectoral_n
water pump,noun,1422-,4,A pump for raising or moving water (or other fluid).,compound,,,In current use,,,https://doi.org/10.1093/OED/5466873922,http://www.oed.com/dictionary/water-pump_n
mental,"adjective, noun",?c1422-,6,Of or relating to the mind.,borrowing,,,In current use,,,https://doi.org/10.1093/OED/4706878400,http://www.oed.com/dictionary/mental_adj1
gospel perdurable,noun,a1425,0,A ‘gospel of the Holy Spirit’ supposed to…,compound,,,Not in use,,,https://doi.org/10.1093/OED/3217192159,http://www.oed.com/dictionary/gospel-perdurable_n
half moon,"noun, adjective",a1425-,4,The moon when half (or approximately half) of its…,compound,,,In current use,,,https://doi.org/10.1093/OED/8607054205,http://www.oed.com/dictionary/half-moon_n
martial,"adjective, noun",a1425-,5,Of or relating to battle or war; military.,borrowing,,,In current use,,military,https://doi.org/10.1093/OED/9011750047,http://www.oed.com/dictionary/martial_adj
domestic,"adjective, noun",?a1425-,6,"Of or belonging to the home, house, or household…",borrowing,,,In current use,,,https://doi.org/10.1093/OED/6463044905,http://www.oed.com/dictionary/domestic_adj
eligible,"adjective, noun",?a1425-,6,Fit or deserving to be chosen; worthy of pursuing…,borrowing,,,In current use,,,https://doi.org/10.1093/OED/9095476167,http://www.oed.com/dictionary/eligible_adj
expression,noun,?a1425-,7,The action or process of conveying or showing…,borrowing,,,In current use,,,https://doi.org/10.1093/OED/3474205700,http://www.oed.com/dictionary/expression_n
mastership,noun,?a1425-,4,Mastery or thorough knowledge of a subject…,derivative,,,In current use,,,https://doi.org/10.1093/OED/8039020177,http://www.oed.com/dictionary/mastership_n
mediciner,noun,?a1425-,2,"A physician, a healer; a practitioner or teacher…",derivative,,"archaic, historical",In current use,Britain and Ireland/British English/Scottish English,sciences/medicine,https://doi.org/10.1093/OED/8236365396,http://www.oed.com/dictionary/mediciner_n
mollify,verb,?a1425-,4,transitive. To soften in temper or disposition…,borrowing,,,In current use,,,https://doi.org/10.1093/OED/7733719889,http://www.oed.com/dictionary/mollify_v
oblong,"adjective, noun",?a1425-,5,Elongated (usually as a deviation from an exact…,borrowing,,,In current use,,,https://doi.org/10.1093/OED/7099186959,http://www.oed.com/dictionary/oblong_adj
peacock's feather,noun,?a1425-,0,Any of the feathers of a peacock; spec. one of…,compound,,,In current use,,,https://doi.org/10.1093/OED/2846327517,http://www.oed.com/dictionary/peacocks-feather_n
sensitive,"adjective, noun",?a1425-,6,"Of a person, animal, part or organ of the body…",borrowing,,,In current use,,,https://doi.org/10.1093/OED/3569825180,http://www.oed.com/dictionary/sensitive_adj
incumbent,noun,1425-,5,In general sense: The holder of any office.,borrowing,,,In current use,,,https://doi.org/10.1093/OED/7873254122,http://www.oed.com/dictionary/incumbent_n
possessory,adjective,1425-,4,Chiefly Law. Relating to a possessor; relating to…,borrowing,,,In current use,,law,https://doi.org/10.1093/OED/4925476432,http://www.oed.com/dictionary/possessory_adj
moonshine,"noun, adjective",c1425-,4,Appearance without substance; something…,compound,,,In current use,,,https://doi.org/10.1093/OED/1779247049,http://www.oed.com/dictionary/moonshine_n
mow,verb,c1425-,3,"intransitive. To make a face, to grimace…",conversion,,,In current use,,crafts and trades/hairdressing,https://doi.org/10.1093/OED/7776334909,http://www.oed.com/dictionary/mow_v3
plenitude,noun,c1425-,4,"Comparative fullness; abundance, amplitude, or…",borrowing,,,In current use,,,https://doi.org/10.1093/OED/7645761976,http://www.oed.com/dictionary/plenitude_n
rump,noun,c1425-,5,The part of an animal's body to which the tail is…,borrowing,,,In current use,,,https://doi.org/10.1093/OED/6381411696,http://www.oed.com/dictionary/rump_n1
ventilate,verb,c1425-,5,"transitive. To supply (a room, building, mine…",borrowing,,,In current use,,,https://doi.org/10.1093/OED/7557108021,http://www.oed.com/dictionary/ventilate_v
boxing,noun,?c1425-,5,"The action or process of box, v.² (in various…",derivative,,,In current use,,,https://doi.org/10.1093/OED/4118689783,http://www.oed.com/dictionary/boxing_n1
king,verb,?c1425-,2,transitive with it as object. To act as or be a…,conversion,,,In current use,,,https://doi.org/10.1093/OED/6589735594,http://www.oed.com/dictionary/king_v
crotchet,"noun, adverb",1426-,4,Music. A note having a duration equal to half…,borrowing,,,In current use,,,https://doi.org/10.1093/OED/7887513411,http://www.oed.com/dictionary/crotchet_n1
enact,verb,1430-,6,Of a legislative authority: To make into an act…,derivative,,,In current use,,law,https://doi.org/10.1093/OED/2897205181,http://www.oed.com/dictionary/enact_v
enquerouresse,noun,c1430,0,A female inquisitor.,borrowing,,,Not in use,,,https://doi.org/10.1093/OED/1004857064,http://www.oed.com/dictionary/enquerouresse_n
Moorish,adjective,1434-,5,Of or relating to the Moors; esp. designating or…,derivative,,,In current use,,"arts/decorative arts, manufacturing and industry/building/architecture",https://doi.org/10.1093/OED/5286318596,http://www.oed.com/dictionary/moorish_adj2
wineless,adjective,1436-,2,Lacking or destitute of wine.,derivative,,,In current use,,,https://doi.org/10.1093/OED/9868623921,http://www.oed.com/dictionary/wineless_adj
venerable,"adjective, noun",1437-,5,Of persons: Worthy of being… As an epithet of…,borrowing,,,In current use,,,https://doi.org/10.1093/OED/9749215266,http://www.oed.com/dictionary/venerable_adj
mussel shell,noun,?a1439-,3,The shell of a mussel.,compound,,,In current use,,sciences/life sciences/animals/invertebrates/shells and shellfish,https://doi.org/10.1093/OED/2364098154,http://www.oed.com/dictionary/mussel-shell_n
obsidional,adjective,?a1439-,2,Of or relating to a siege; spec. designating a…,borrowing,,historical,In current use,,"crafts and trades/coins and banknotes, history/ancient history/classical history/Roman history, military",https://doi.org/10.1093/OED/3149865293,http://www.oed.com/dictionary/obsidional_adj
cockleshell,noun,?1440-,3,"The shell of a cockle (cockle, n.² 1a), esp. a…",compound,,,In current use,,sciences/life sciences/animals/invertebrates/shells and shellfish,https://doi.org/10.1093/OED/5432675502,http://www.oed.com/dictionary/cockleshell_n
mediate,adjective,?1440-,5,Intermediate; intervening or interposed in…,borrowing,,,In current use,,,https://doi.org/10.1093/OED/7508714798,http://www.oed.com/dictionary/mediate_adj
chequer,verb,c1440-,4,transitive. To give (something) an appearance…,conversion,,,In current use,,,https://doi.org/10.1093/OED/1002534472,http://www.oed.com/dictionary/chequer_v
cream,verb,c1440-,4,"To work (butter and sugar, yolk of eggs and…",conversion,,,In current use,,,https://doi.org/10.1093/OED/9209148032,http://www.oed.com/dictionary/cream_v
frangible,adjective,c1440-,3,"Capable of being broken, breakable.",borrowing,,,In current use,,,https://doi.org/10.1093/OED/7149349036,http://www.oed.com/dictionary/frangible_adj
overthrow,noun,c1440-,4,The action of overthrowing something; the fact of…,conversion,,,In current use,,,https://doi.org/10.1093/OED/9364026419,http://www.oed.com/dictionary/overthrow_n1
sallet,noun,c1440-,3,"In medieval armour, a light globular headpiece…",borrowing,,historical,In current use,,military/armour,https://doi.org/10.1093/OED/2205727641,http://www.oed.com/dictionary/sallet_n
checky,"adjective, noun",1443-,2,Somewhat colloquial. In general use: checked…,borrowing,,,In current use,,heraldry,https://doi.org/10.1093/OED/5533231324,http://www.oed.com/dictionary/checky_adj
churchwarden,noun,1443-,4,"In the pre-reformation Church in England, and…",compound,,,In current use,,religion and belief/religion/Christianity/Anglican Church,https://doi.org/10.1093/OED/4405124901,http://www.oed.com/dictionary/churchwarden_n
commonwealth,noun,1445-,5,"The people of a nation, state, etc., as a whole…",compound,,,In current use,,,https://doi.org/10.1093/OED/1489900940,http://www.oed.com/dictionary/commonwealth_n
cognition,noun,1447-,5,Philosophy. The action or faculty of knowing…,borrowing,,,In current use,,philosophy,https://doi.org/10.1093/OED/8247089327,http://www.oed.com/dictionary/cognition_n
office,verb,c1449-,2,intransitive. North American. To have or work in…,conversion,,colloquial and slang,In current use,,,https://doi.org/10.1093/OED/9163394999,http://www.oed.com/dictionary/office_v
parabolic,"adjective, noun",c1449-,5,Geometry. Of the form of or resembling a…,borrowing,,,In current use,,sciences/mathematics/geometry,https://doi.org/10.1093/OED/7968161140,http://www.oed.com/dictionary/parabolic_adj
upsetting,noun,c1449-,4,"The action of overturning, or fact of being overturned.",derivative,,,In current use,,,https://doi.org/10.1093/OED/8293122970,http://www.oed.com/dictionary/upsetting_n
gunshot,noun,a1450-,3,An act of firing a gun; an individual shot so…,compound,,,In current use,,military/weaponry/gunnery and firearms,https://doi.org/10.1093/OED/9521518256,http://www.oed.com/dictionary/gunshot_n
maidenly,"adjective, adverb",a1450-,4,"Of a quality, action, etc.: proper to or…",derivative,,,In current use,,,https://doi.org/10.1093/OED/2332076767,http://www.oed.com/dictionary/maidenly_adj
rivet,verb,a1450-,5,To secure or fasten with or as… transitive…,conversion,,,In current use,,,https://doi.org/10.1093/OED/5960381182,http://www.oed.com/dictionary/rivet_v
chich,verb,c1450,0,transitive. Of a hen: to call (her chicks). Cf…,variant,,,Not in use,,sciences/life sciences/animals/birds,https://doi.org/10.1093/OED/1832120715,http://www.oed.com/dictionary/chich_v
cityless,adjective,c1450-,2,Without a city or cities; having no cities. Also…,derivative,,,In current use,,,https://doi.org/10.1093/OED/4984725705,http://www.oed.com/dictionary/cityless_adj
earl,verb,c1450,0,transitive. Perhaps: to be the lord of.,conversion,,,Not in use,,,https://doi.org/10.1093/OED/9673099266,http://www.oed.com/dictionary/earl_v1
goldsmithess,noun,c1450,0,A female goldsmith.,derivative,,,Not in use,,,https://doi.org/10.1093/OED/6155145723,http://www.oed.com/dictionary/goldsmithess_n
marshal,verb,c1450-,5,"transitive. To arrange or set (things, material…",conversion,,,In current use,,military,https://doi.org/10.1093/OED/1421033572,http://www.oed.com/dictionary/marshal_v
persuade,verb,c1450-,6,transitive. To urge successfully to do something…,borrowing,,,In current use,,,https://doi.org/10.1093/OED/2732907595,http://www.oed.com/dictionary/persuade_v
progenity,noun,c1450-,1,"= progeny, n. (in various senses).",borrowing,,,In current use,,,https://doi.org/10.1093/OED/1079358898,http://www.oed.com/dictionary/progenity_n
range,verb,c1450-,6,intransitive. To vary within certain limits; to…,borrowing,,,In current use,,,https://doi.org/10.1093/OED/1145678649,http://www.oed.com/dictionary/range_v1
selion,noun,c1450-,3,A portion of land of indeterminate area…,borrowing,,historical,In current use,,agriculture and horticulture/agriculture,https://doi.org/10.1093/OED/4569725966,http://www.oed.com/dictionary/selion_n
manumission,noun,1452-,4,The action of manumitting a slave; the fact of…,borrowing,,historical,In current use,,,https://doi.org/10.1093/OED/4527081779,http://www.oed.com/dictionary/manumission_n
saddle,noun,1454-1717,0,"A type of chair or seat; a bench, a settle…",variant,,,Not in use,Britain and Ireland/British English/Scottish English,,https://doi.org/10.1093/OED/6400102116,http://www.oed.com/dictionary/saddle_n2
orthography,noun,a1460-,4,Correct or proper spelling; spelling according to…,borrowing,,,In current use,,,https://doi.org/10.1093/OED/4000513634,http://www.oed.com/dictionary/orthography_n
correspondent,"adjective, noun",c1460-,5,Answering to or agreeing with something else in…,borrowing,,,In current use,,,https://doi.org/10.1093/OED/1473387945,http://www.oed.com/dictionary/correspondent_adj
perquisition,noun,1461-,2,"A thorough or diligent search, esp. one made…",borrowing,,,In current use,,law,https://doi.org/10.1093/OED/3606618206,http://www.oed.com/dictionary/perquisition_n
hooping,noun,1463-,3,concrete. Hoop-iron.,derivative,,,In current use,,crafts and trades/coopering,https://doi.org/10.1093/OED/5879210286,http://www.oed.com/dictionary/hooping_n
coessential,adjective,1471-,2,"One in essence, having the same essence; esp. in…",derivative,,,In current use,,religion and belief/religion/Christianity,https://doi.org/10.1093/OED/1164951770,http://www.oed.com/dictionary/coessential_adj
attorney,verb,a1475-1876,0,transitive. To appoint (someone) as one's legal…,conversion,,,Not in use,,law,https://doi.org/10.1093/OED/8090518405,http://www.oed.com/dictionary/attorney_v
microcosm,noun,a1475-,5,"More generally: a place, situation, etc…",borrowing,,,In current use,,,https://doi.org/10.1093/OED/4246376828,http://www.oed.com/dictionary/microcosm_n
mingle,verb,a1475-,5,"transitive. To bring together, intersperse, or…",derivative,,,In current use,,,https://doi.org/10.1093/OED/2724631250,http://www.oed.com/dictionary/mingle_v
sentential,adjective,a1475-,4,Pertaining to a sentence or series of words in…,borrowing,,,In current use,,language/linguistics/grammar,https://doi.org/10.1093/OED/9161896741,http://www.oed.com/dictionary/sentential_adj
term,verb,a1475-,6,transitive. To bring to an end or conclusion; to…,conversion,,,In current use,,,https://doi.org/10.1093/OED/6739309577,http://www.oed.com/dictionary/term_v
unjustice,noun,a1475-,2,Injustice; unfairness; unjust action or…,derivative,,,In current use,,,https://doi.org/10.1093/OED/5151318334,http://www.oed.com/dictionary/unjustice_n
sinistral,"adjective, noun",?a1475-,4,Situated on the left side; of or relating to the…,borrowing,,,In current use,,sciences,https://doi.org/10.1093/OED/1126821492,http://www.oed.com/dictionary/sinistral_adj
synonym,noun,?a1475-,5,"Strictly, a word having the same… Plural.",borrowing,,,In current use,,language/linguistics,https://doi.org/10.1093/OED/8009095905,http://www.oed.com/dictionary/synonym_n
syllable,verb,c1475-,4,To utter or express in (or as in) syllables or…,conversion,,,In current use,,language/linguistics/phonetics,https://doi.org/10.1093/OED/5040627028,http://www.oed.com/dictionary/syllable_v
corpulence,noun,1477-,3,"Bulk of body; over-bulkiness, obesity.",borrowing,,,In current use,,,https://doi.org/10.1093/OED/1184628070,http://www.oed.com/dictionary/corpulence_n
wintering,noun,1477-,4,"The keeping or tending of cattle, sheep, etc…",derivative,,,In current use,,agriculture and horticulture/agriculture,https://doi.org/10.1093/OED/8501405231,http://www.oed.com/dictionary/wintering_n
whinyard,noun,1478-,1,"A short-sword, a hanger.",unknown,,historical,In current use,,military/weaponry,https://doi.org/10.1093/OED/4581518059,http://www.oed.com/dictionary/whinyard_n
stone-blind,adjective,c1480-,3,Blind as a stone; completely blind. literal.,compound,,,In current use,,,https://doi.org/10.1093/OED/1203968419,http://www.oed.com/dictionary/stone-blind_adj
burl,verb,1483-,3,"transitive. To dress (cloth), esp. by removing…",conversion,,,In current use,,crafts and trades/textiles,https://doi.org/10.1093/OED/5191437615,http://www.oed.com/dictionary/burl_v1
septenary,"adjective, noun",c1484-,3,A group or set of seven.,borrowing,,,In current use,,,https://doi.org/10.1093/OED/3519831398,http://www.oed.com/dictionary/septenary_adj
scupper,noun,1485-,3,Nautical. Chiefly plural. An opening in a ship's…,derivative,,,In current use,,transport/nautical,https://doi.org/10.1093/OED/7628322538,http://www.oed.com/dictionary/scupper_n
momentary,"adjective, adverb",c1485-,5,Lasting only a moment; of only a moment's…,borrowing,,,In current use,,,https://doi.org/10.1093/OED/9025584535,http://www.oed.com/dictionary/momentary_adj
wing,verb,1486-,5,intransitive (†occasionally reflexive). To use…,conversion,,,In current use,,,https://doi.org/10.1093/OED/5339725834,http://www.oed.com/dictionary/wing_v
stab,verb,1487-,5,transitive. To wound (often to kill) with a…,variant,,,In current use,,"military/weaponry, sciences/medicine",https://doi.org/10.1093/OED/4839575786,http://www.oed.com/dictionary/stab_v
mischanced,adjective,1488-1875,0,"Unlucky, unfortunate, ill-fated.",derivative,,,Not in use,,,https://doi.org/10.1093/OED/7237297970,http://www.oed.com/dictionary/mischanced_adj
countable,adjective,1495-,4,Capable or proper to be counted or numbered; numerable.,borrowing,,,In current use,,sciences/mathematics,https://doi.org/10.1093/OED/1192429566,http://www.oed.com/dictionary/countable_adj
snap,noun,1495-,5,"A quick, sharp sound or report.",conversion,,,In current use,,,https://doi.org/10.1093/OED/1591198185,http://www.oed.com/dictionary/snap_n
annex,noun,1499-,4,A subsidiary building joined to or associated…,borrowing,,,In current use,,,https://doi.org/10.1093/OED/6397290212,http://www.oed.com/dictionary/annex_n
glum,noun,?1499-,4,"Glumness, sullenness.",conversion,,,In current use,,,https://doi.org/10.1093/OED/9440824716,http://www.oed.com/dictionary/glum_n
earmark,noun,a1500-,4,figurative. An identifying mark or feature. Also…,compound,,,In current use,,,https://doi.org/10.1093/OED/1216991273,http://www.oed.com/dictionary/earmark_n
fontal,"adjective, noun",a1500-,2,That is the source or origin of other things…,borrowing,,,In current use,,,https://doi.org/10.1093/OED/7860578439,http://www.oed.com/dictionary/fontal_adj
heavenliness,noun,a1500-,2,The state or quality of being heavenly in origin…,derivative,,,In current use,,,https://doi.org/10.1093/OED/2878537547,http://www.oed.com/dictionary/heavenliness_n
sunburnt,adjective,a1500-,4,"Of a person or a person's face, limbs, etc…",compound,,,In current use,,sciences/medicine/pathology,https://doi.org/10.1093/OED/3700381102,http://www.oed.com/dictionary/sunburnt_adj
traversable,adjective,a1500-,3,That may be traversed or crossed. Also figurative.,derivative,,,In current use,,,https://doi.org/10.1093/OED/3417866682,http://www.oed.com/dictionary/traversable_adj
whist,adjective,a1500-,3,"Silent, quiet, still, hushed; making no sound…",conversion,,archaic,In current use,,,https://doi.org/10.1093/OED/3952936090,http://www.oed.com/dictionary/whist_adj1
field wife,noun,?a1500-1617,0,a. A peasant woman; b. a woman who is taken from…,compound,,,Not in use,,law,https://doi.org/10.1093/OED/1064517064,http://www.oed.com/dictionary/field-wife_n
type,noun,?a1500-,7,That by which something is symbolized or figured…,borrowing,,,In current use,,,https://doi.org/10.1093/OED/7118436622,http://www.oed.com/dictionary/type_n
Christdom,noun,c1500-1843,0,The parts of the world where Christianity is the…,derivative,,,Not in use,,religion and belief/religion/Christianity,https://doi.org/10.1093/OED/1008693351,http://www.oed.com/dictionary/christdom_n
course,verb,c1500-,5,"intransitive. Of fluid, a current, etc.: to move…",conversion,,,In current use,,,https://doi.org/10.1093/OED/6859355230,http://www.oed.com/dictionary/course_v
incend,verb,?1504-1872,0,"transitive. To kindle, set alight, set on fire…",borrowing,,,Not in use,,,https://doi.org/10.1093/OED/8529740464,http://www.oed.com/dictionary/incend_v
knavate,noun,c1506,0,"A knave, a rogue.",derivative,,,Not in use,,,https://doi.org/10.1093/OED/5484478037,http://www.oed.com/dictionary/knavate_n
fin,verb,1508-,4,"intransitive. To swim, as a fish; hence used of…",conversion,,,In current use,,"sciences/life sciences/animals/fish, sport and leisure/sport/swimming/diving",https://doi.org/10.1093/OED/6351337131,http://www.oed.com/dictionary/fin_v
sovereignful,adjective,1508,0,Befitting or worthy of a sovereign; noble.,derivative,,,Not in use,,,https://doi.org/10.1093/OED/2083087135,http://www.oed.com/dictionary/sovereignful_adj
blandiment,noun,?1510-,0,"A statement or action that uses charm, flattery…",borrowing,,,In current use,,,https://doi.org/10.1093/OED/6525748464,http://www.oed.com/dictionary/blandiment_n
scaling,noun,a1513-,4,"Climbing, mounting; escalade.",derivative,,,In current use,,military,https://doi.org/10.1093/OED/8491365055,http://www.oed.com/dictionary/scaling_n1
subchet,noun,?a1513,0,"Probably: = sub-charge, n. 1.",variant,,,Not in use,,,https://doi.org/10.1093/OED/1978696061,http://www.oed.com/dictionary/subchet_n
flake,verb,1513-,5,To break or rub away or off in flakes; to take…,conversion,,,In current use,,,https://doi.org/10.1093/OED/4451589273,http://www.oed.com/dictionary/flake_v1
dog,verb,1519-,5,transitive. To follow like a dog on the heels of…,conversion,,,In current use,,,https://doi.org/10.1093/OED/3730924572,http://www.oed.com/dictionary/dog_v1
gorbelly,noun,1519-1888,0,A protuberant belly. Obsolete.,compound,,,Not in use,,,https://doi.org/10.1093/OED/5512719923,http://www.oed.com/dictionary/gorbelly_n
heart of grace,noun,c1520-,3,to take heart of grace (and variants): to pluck…,uncertain,,,In current use,,,https://doi.org/10.1093/OED/7138523338,http://www.oed.com/dictionary/heart-of-grace_n
evade,verb,a1522-,5,"transitive. To escape or avoid (attack, pursuit…",borrowing,,,In current use,,,https://doi.org/10.1093/OED/1083990297,http://www.oed.com/dictionary/evade_v
potestolate,noun,1522,0,Perhaps: a ruler; a powerful person.,variant,,,Not in use,,,https://doi.org/10.1093/OED/1295797666,http://www.oed.com/dictionary/potestolate_n
economicar,noun,1523,0,A writer or authority on household management…,borrowing,,,Not in use,,,https://doi.org/10.1093/OED/1398788223,http://www.oed.com/dictionary/economicar_n
rosabel,noun,1523,0,A beautiful rose.,borrowing,,,Not in use,,,https://doi.org/10.1093/OED/1132522334,http://www.oed.com/dictionary/rosabel_n
pollard,"adjective, noun",?1523-,3,Of a tree: that is a pollard (see B.4)…,derivative,,,In current use,,sciences/life sciences/plants,https://doi.org/10.1093/OED/9292868168,http://www.oed.com/dictionary/pollard_adj
bosom,verb,a1525-,4,"transitive. To take to the bosom, embrace…",conversion,,,In current use,,,https://doi.org/10.1093/OED/1008680113,http://www.oed.com/dictionary/bosom_v
annihilment,noun,1526,0,"Annihilation, complete destruction.",derivative,,,Not in use,,,https://doi.org/10.1093/OED/4912229878,http://www.oed.com/dictionary/annihilment_n
maintenantly,adverb,1528-77,0,"= maintenant, adv.",derivative,,,Not in use,,,https://doi.org/10.1093/OED/9494642118,http://www.oed.com/dictionary/maintenantly_adv
syllogistical,adjective,1528-,2,"= syllogistic, adj.",borrowing,,,In current use,,philosophy/logic,https://doi.org/10.1093/OED/1154869449,http://www.oed.com/dictionary/syllogistical_adj
calodemonial,adjective,a1529,0,Of or pertaining to beautiful or good spirits.,compound,,,Not in use,,religion and belief/mythology/classical mythology,https://doi.org/10.1093/OED/5440136289,http://www.oed.com/dictionary/calodemonial_adj
crafter,noun,a1529-,3,"A person who practises, or is employed in, a…",derivative,,,In current use,,arts/visual arts,https://doi.org/10.1093/OED/7816288914,http://www.oed.com/dictionary/crafter_n
hobby,verb,a1529,0,intransitive. To hunt game with a trained hobby…,conversion,,,Not in use,,"sport and leisure/hunting, fishing, and shooting/hawking and falconry",https://doi.org/10.1093/OED/9067093536,http://www.oed.com/dictionary/hobby_v
key-cold,"adjective, noun",1529-,2,Extremely cold; devoid of heat (sometimes with…,compound,,poetic and literary,In current use,,,https://doi.org/10.1093/OED/4165267054,http://www.oed.com/dictionary/key-cold_adj
sanctification,noun,a1530-,5,Theology. The action of the Holy Spirit in…,borrowing,,,In current use,,religion and belief/religion/Christianity,https://doi.org/10.1093/OED/8807759670,http://www.oed.com/dictionary/sanctification_n
subsistent,"adjective, noun",a1530-,4,Providing a means of subsistence; adequate to…,borrowing,,,In current use,,,https://doi.org/10.1093/OED/7024196461,http://www.oed.com/dictionary/subsistent_adj
bias,"noun, adjective, adverb",1530-,6,Tendency to favour or dislike a person or thing…,borrowing,,,In current use,,,https://doi.org/10.1093/OED/8048838144,http://www.oed.com/dictionary/bias_n
grapple,noun,1530-,4,"The action of grappling, or grappling with; the…",borrowing,,,In current use,,"sport and leisure/sport/wrestling, transport/nautical/navy",https://doi.org/10.1093/OED/4316599119,http://www.oed.com/dictionary/grapple_n
hoble,verb,1530,0,intransitive. To use a net for catching birds; to…,variant,,,Not in use,,"sport and leisure/hunting, fishing, and shooting/hunting",https://doi.org/10.1093/OED/1185614466,http://www.oed.com/dictionary/hoble_v
imburse,verb,c1530-,3,transitive. To put into one's (or a) purse; to…,borrowing,,,In current use,,,https://doi.org/10.1093/OED/2263781850,http://www.oed.com/dictionary/imburse_v
explore,verb,1531-,6,transitive. To travel to or around (an uncharted…,borrowing,,,In current use,,,https://doi.org/10.1093/OED/1120165755,http://www.oed.com/dictionary/explore_v
moulder,verb,1531-,4,intransitive. To decay to dust; to rot; to…,derivative,,,In current use,,,https://doi.org/10.1093/OED/5387463935,http://www.oed.com/dictionary/moulder_v
prejudge,verb,1531-,4,transitive. To pass judgement or pronounce…,derivative,,,In current use,,,https://doi.org/10.1093/OED/1103027158,http://www.oed.com/dictionary/prejudge_v
serve-image,noun,1531,0,A person who worships images or idols; an idolater.,compound,,,Not in use,,religion and belief/religion,https://doi.org/10.1093/OED/1049074328,http://www.oed.com/dictionary/serve-image_n
turnagain,"adjective, noun",1531-,1,A component of a bobbin-net machine that reverses…,conversion,,,In current use,,,https://doi.org/10.1093/OED/5100111751,http://www.oed.com/dictionary/turnagain_adj
cruciate,verb,1532-,4,transitive. To afflict with grievous pain or…,borrowing,,archaic,In current use,,,https://doi.org/10.1093/OED/1197465663,http://www.oed.com/dictionary/cruciate_v
prescript,noun,1532-,3,A thing which is prescribed or laid down as a…,borrowing,,,In current use,,law,https://doi.org/10.1093/OED/9354974332,http://www.oed.com/dictionary/prescript_n
unpaved,adjective,a1533-,4,Not paved. Also figurative.,derivative,,,In current use,,,https://doi.org/10.1093/OED/1299313463,http://www.oed.com/dictionary/unpaved_adj
adulterine,"adjective, noun",?1533-,3,Conceived or born as the result of an adulterous…,borrowing,,historical,In current use,,,https://doi.org/10.1093/OED/2150424200,http://www.oed.com/dictionary/adulterine_adj
watch hour,noun,?a1534,0,"The hour for sounding the watch (cf. watch, n. I.4).",compound,,,Not in use,,,https://doi.org/10.1093/OED/2087351712,http://www.oed.com/dictionary/watch-hour_n
craze,noun,1534-,4,"A personal obsession, compulsion, or obsessive…",conversion,,,In current use,,sciences/medicine/psychology/psychiatry,https://doi.org/10.1093/OED/4614959363,http://www.oed.com/dictionary/craze_n1
all round,"adverb, adjective, preposition, noun",a1535-,5,"Everywhere around, completely around; in all…",compound,,,In current use,,,https://doi.org/10.1093/OED/1548437157,http://www.oed.com/dictionary/all-round_adv
cancellation,noun,1535-,5,"The action of cancel, v.: the crossing out or…",borrowing,,,In current use,,"crafts and trades/printing and typography, law",https://doi.org/10.1093/OED/2456936744,http://www.oed.com/dictionary/cancellation_n
Levitical,adjective,1535-,4,Pertaining to the Levites or the tribe of Levi.,borrowing,,,In current use,,religion and belief/religion,https://doi.org/10.1093/OED/2179214252,http://www.oed.com/dictionary/levitical_adj
impropriation,noun,?1535-,3,"An impropriated benefice; a living, tithes, etc…",derivative,,,In current use,,religion and belief/religion/Christianity/ecclesiastical,https://doi.org/10.1093/OED/3675127398,http://www.oed.com/dictionary/impropriation_n
deaconess,noun,a1536-,4,Ecclesiastical. The name of an order of women in…,derivative,,,In current use,,religion and belief/religion/Christianity/ecclesiastical,https://doi.org/10.1093/OED/8558431648,http://www.oed.com/dictionary/deaconess_n
cowlish,adjective,1536,0,"Characteristic of monk; monkish. (Cf. cowl, n.¹ 1b.)",derivative,,,Not in use,,,https://doi.org/10.1093/OED/8959356045,http://www.oed.com/dictionary/cowlish_adj
up,noun,1536-,5,A rise in life; a spell of prosperity; a success…,conversion,,colloquial and slang,In current use,,,https://doi.org/10.1093/OED/3206731562,http://www.oed.com/dictionary/up_n
disobedientiary,"adjective, noun",1537,0,"= disobedient, n.",derivative,,,Not in use,,,https://doi.org/10.1093/OED/8260965386,http://www.oed.com/dictionary/disobedientiary_adj
manuary,"noun, adjective",1537-1860,0,An indulgence given for touching a sacred relic.,borrowing,,,Not in use,,,https://doi.org/10.1093/OED/8699226808,http://www.oed.com/dictionary/manuary_n
pedary,"noun, adjective",1537-1716,0,A pardon or indulgence for a pilgrim (who had…,borrowing,,,Not in use,,,https://doi.org/10.1093/OED/1188888902,http://www.oed.com/dictionary/pedary_n
insanie,noun,a1538-,0,Insanity.,borrowing,,,In current use,,sciences/medicine,https://doi.org/10.1093/OED/5846250600,http://www.oed.com/dictionary/insanie_n
instinct,verb,a1538-1865,0,"transitive. To instigate, prompt, impel internally.",borrowing,,,Not in use,,,https://doi.org/10.1093/OED/4282406815,http://www.oed.com/dictionary/instinct_v
polity,noun,a1538-,5,A particular form of government or political…,borrowing,,,In current use,,politics,https://doi.org/10.1093/OED/7624581399,http://www.oed.com/dictionary/polity_n1
ladyness,noun,1538-,1,The quality or state of being a lady…,derivative,,,In current use,,,https://doi.org/10.1093/OED/1032396881,http://www.oed.com/dictionary/ladyness_n
messieurs,noun,1539-,3,"The regular French plural of monsieur, n., used…",borrowing,,,In current use,,,https://doi.org/10.1093/OED/6223994063,http://www.oed.com/dictionary/messieurs_n
glass,verb,1540-,4,"To protect by a covering of glass, to enclose or…",conversion,,,In current use,,,https://doi.org/10.1093/OED/3337618476,http://www.oed.com/dictionary/glass_v
mockanist,noun,c1540,0,A person who mocks; a mocker.,derivative,,,Not in use,,,https://doi.org/10.1093/OED/7266604339,http://www.oed.com/dictionary/mockanist_n
Dominical,"adjective, noun",1541-,3,Of or relating to the Lord (Jesus Christ)…,borrowing,,,In current use,,religion and belief/religion/Christianity/ecclesiastical,https://doi.org/10.1093/OED/9374592611,http://www.oed.com/dictionary/dominical_adj
tipstaff,noun,1541-,3,An official carrying a tipped staff; spec. (a) a…,compound,,archaic,In current use,,law,https://doi.org/10.1093/OED/4850474220,http://www.oed.com/dictionary/tipstaff_n
chirurgical,adjective,?1541-,3,Of or pertaining to surgery; skilled in…,borrowing,,archaic,In current use,,sciences/medicine/surgery,https://doi.org/10.1093/OED/3809646454,http://www.oed.com/dictionary/chirurgical_adj
termless,adjective,a1542-,2,Originally and chiefly poetic. Having no limit in…,derivative,,poetic and literary,In current use,,,https://doi.org/10.1093/OED/8304039816,http://www.oed.com/dictionary/termless_adj
owling,noun,1542-,2,U.S. regional. The action of imitating the…,derivative,,historical,In current use,,economics and commerce,https://doi.org/10.1093/OED/1194727567,http://www.oed.com/dictionary/owling_n
pipe merry,adjective,1542,0,Merry from drinking wine; drunk.,compound,,,Not in use,,,https://doi.org/10.1093/OED/9885058967,http://www.oed.com/dictionary/pipe-merry_adj
gospelly,adverb,?1542-1869,0,In accordance with the Christian gospel.,derivative,,,Not in use,,religion and belief/religion/Christianity,https://doi.org/10.1093/OED/1102579019,http://www.oed.com/dictionary/gospelly_adv
homicide,verb,1543-,3,transitive. To kill or murder (a person).,conversion,,,In current use,,,https://doi.org/10.1093/OED/1178450566,http://www.oed.com/dictionary/homicide_v
meninx,noun,1545-,3,Each of the three membranes enveloping the brain…,borrowing,,,In current use,,sciences/medicine/anatomy,https://doi.org/10.1093/OED/3668094045,http://www.oed.com/dictionary/meninx_n
neddy,noun,1545-,2,A donkey; an ass.,proper name,,colloquial and slang,In current use,Australasian English/Australian English,,https://doi.org/10.1093/OED/1954492247,http://www.oed.com/dictionary/neddy_n1
whore toll,noun,1545,0,A sum of money paid by priests for committing…,compound,,,Not in use,,"economics and commerce, religion and belief/religion",https://doi.org/10.1093/OED/1117432635,http://www.oed.com/dictionary/whore-toll_n
fetch,noun,a1547-,4,Nautical. (See quots.) More generally: the…,conversion,,,In current use,,,https://doi.org/10.1093/OED/5197105600,http://www.oed.com/dictionary/fetch_n1
mother-of-pearl,"noun, interjection, adjective",1547-,4,"A smooth, shining, iridescent substance forming…",compound,,,In current use,,sciences/life sciences/animals/invertebrates/shells and shellfish,https://doi.org/10.1093/OED/4898267581,http://www.oed.com/dictionary/mother-of-pearl_n
embread,verb,1548,0,"transitive. To convert into, or incorporate in, bread.",derivative,,,Not in use,,religion and belief/religion/Christianity/liturgical,https://doi.org/10.1093/OED/5755643038,http://www.oed.com/dictionary/embread_v
emperson,verb,1548,0,"transitive. To unite in one person. Cf. person, v. 1.",derivative,,,Not in use,,,https://doi.org/10.1093/OED/1662294035,http://www.oed.com/dictionary/emperson_v
figurer,noun,1548-,3,A person who uses or deals with figures; esp. one…,derivative,,,In current use,,sciences/mathematics,https://doi.org/10.1093/OED/2086551639,http://www.oed.com/dictionary/figurer_n
herbary,noun,1548-,2,A treatise on herbs; a herbal.,borrowing,,,In current use,,sciences/life sciences/plants,https://doi.org/10.1093/OED/9672549497,http://www.oed.com/dictionary/herbary_n
holiday woman,noun,1548,0,A woman who is at rest instead of working; an…,compound,,,Not in use,,,https://doi.org/10.1093/OED/3880439195,http://www.oed.com/dictionary/holiday-woman_n
miracle,verb,1548-,3,"transitive. To transform, produce, etc., as if by…",conversion,,,In current use,,,https://doi.org/10.1093/OED/6914990640,http://www.oed.com/dictionary/miracle_v
protodaw,noun,1548,0,"An utter fool, a complete idiot.",compound,,humorous,Not in use,,,https://doi.org/10.1093/OED/1068413600,http://www.oed.com/dictionary/protodaw_n
severe,adjective,1548-,6,"Of pain, suffering, loss, or the like: Grievous…",borrowing,,,In current use,,,https://doi.org/10.1093/OED/1402993665,http://www.oed.com/dictionary/severe_adj
coursing,noun,1549,0,Perhaps: the activity of following one's natural…,derivative,,,Not in use,,,https://doi.org/10.1093/OED/1860342777,http://www.oed.com/dictionary/coursing_n1
devite,verb,1549-1833,0,transitive. To shun.,borrowing,,,Not in use,,,https://doi.org/10.1093/OED/2214106830,http://www.oed.com/dictionary/devite_v
card gospeller,noun,1550,0,"A professed Christian who gambles at cards, as a…",compound,,,Not in use,,"religion and belief/religion/Christianity, sport and leisure/games/cards, sport and leisure/games/gambling",https://doi.org/10.1093/OED/1164109659,http://www.oed.com/dictionary/card-gospeller_n
massively,adverb,1550-,4,In a massive manner or form. Later also in…,derivative,,,In current use,,,https://doi.org/10.1093/OED/1098857187,http://www.oed.com/dictionary/massively_adv
pindfool,noun,1550,0,A place where fools are enclosed; (contextually)…,variant,,humorous,Not in use,,religion and belief/religion,https://doi.org/10.1093/OED/5053240545,http://www.oed.com/dictionary/pindfool_n
buffoon,noun,c1550-,4,A person who acts or behaves like a jester or…,borrowing,,,In current use,,arts,https://doi.org/10.1093/OED/3649810847,http://www.oed.com/dictionary/buffoon_n
bullish,adjective,1551,0,Of or pertaining to papal bulls.,derivative,,,Not in use,,religion and belief/religion/Christianity/Roman Catholic Church,https://doi.org/10.1093/OED/9175988745,http://www.oed.com/dictionary/bullish_adj1
finifest,adverb,1551,0,(See quot. 1551.),borrowing,,,Not in use,,,https://doi.org/10.1093/OED/2203815653,http://www.oed.com/dictionary/finifest_adv
primifeste,noun,1551,0,A first feast.,borrowing,,,Not in use,,,https://doi.org/10.1093/OED/1314772377,http://www.oed.com/dictionary/primifeste_n
chorist,noun,a1552-,2,Ancient Greek History. A member of the chorus in…,borrowing,,,In current use,,arts/performing arts,https://doi.org/10.1093/OED/5546656157,http://www.oed.com/dictionary/chorist_n
expatiate,verb,a1552-,4,To speak or write at some length; to enlarge; to…,borrowing,,,In current use,,,https://doi.org/10.1093/OED/1481480080,http://www.oed.com/dictionary/expatiate_v
parle,noun,1552-,4,A debate or conference; discussion; negotiation…,conversion,,"archaic, historical",In current use,,,https://doi.org/10.1093/OED/7310277388,http://www.oed.com/dictionary/parle_n
encompass,verb,1553-,6,"To surround entirely, overlay as with an envelope…",derivative,,,In current use,,,https://doi.org/10.1093/OED/6127038608,http://www.oed.com/dictionary/encompass_v
snatchery,noun,?1553-,0,Snatching.,derivative,,,In current use,,,https://doi.org/10.1093/OED/2968073159,http://www.oed.com/dictionary/snatchery_n
dingily,adverb,a1555,0,Perhaps: vehemently or with force.,derivative,,,Not in use,,,https://doi.org/10.1093/OED/5404900297,http://www.oed.com/dictionary/dingily_adv1
gospel massmonger,noun,a1555,0,Apparently: a Protestant who attends the mass.,compound,,,Not in use,,religion and belief/religion/Christianity,https://doi.org/10.1093/OED/1052471306,http://www.oed.com/dictionary/gospel-massmonger_n
disround,verb,1555-,0,transitive. To deprive of roundness or rotundity…,derivative,,,In current use,,,https://doi.org/10.1093/OED/8013024121,http://www.oed.com/dictionary/disround_v
cog,noun,c1555-1855,0,The act of cogging at dice; a particular method…,conversion,,,Not in use,,,https://doi.org/10.1093/OED/9686314274,http://www.oed.com/dictionary/cog_n4
lumperdee clumperdee,adverb,a1556,0,Used to express clumsy movement.,variant,,,Not in use,,,https://doi.org/10.1093/OED/9671840066,http://www.oed.com/dictionary/lumperdee-clumperdee_adv
whip-jack,noun,a1556-1753,0,A vagabond or beggar who pretends to be a…,compound,,,Not in use,,transport/nautical,https://doi.org/10.1093/OED/2438302938,http://www.oed.com/dictionary/whip-jack_n
chair boll,noun,1556,0,"A round knob on the arm of a chair (cf. boll, n.¹ 4).",compound,,,Not in use,,,https://doi.org/10.1093/OED/5300297294,http://www.oed.com/dictionary/chair-boll_n
counter-footed,adjective,1556,0,"A transl. of Greek ἀντίποδες antipodes, n. & adv.",derivative,,,Not in use,,,https://doi.org/10.1093/OED/6534908241,http://www.oed.com/dictionary/counter-footed_adj
counterpacer,noun,1556,0,One who paces or walks opposite; in plural =…,derivative,,,Not in use,,,https://doi.org/10.1093/OED/8063826333,http://www.oed.com/dictionary/counterpacer_n
tang,verb,1556-,3,transitive. To strike (a bell or the like) so as…,imitative,,,In current use,,,https://doi.org/10.1093/OED/6618063588,http://www.oed.com/dictionary/tang_v2
groundwork,verb,a1557,0,"(transitive) to lay the foundations of, to found…",conversion,,,Not in use,,manufacturing and industry/building,https://doi.org/10.1093/OED/6940385136,http://www.oed.com/dictionary/groundwork_v
depraveress,noun,1557,0,A female depraver.,derivative,,,Not in use,,,https://doi.org/10.1093/OED/9735555324,http://www.oed.com/dictionary/depraveress_n
eldership,noun,1557-,3,The collective body of (ecclesiastical) elders; a…,derivative,,,In current use,,"law/ecclesiastical law, religion and belief/religion/Christianity/ecclesiastical",https://doi.org/10.1093/OED/2511285832,http://www.oed.com/dictionary/eldership_n
muck pot,noun,1557-,0,†a. A chamber pot (obsolete); b. a degraded or…,compound,,,In current use,,,https://doi.org/10.1093/OED/6574800401,http://www.oed.com/dictionary/muck-pot_n
womb,verb,1557-,3,transitive. To enclose as in the womb; to incubate.,conversion,,poetic and literary,In current use,,,https://doi.org/10.1093/OED/4319256097,http://www.oed.com/dictionary/womb_v
boxy,adjective,1558-,4,Resembling a box in shape; comparable to a box…,derivative,,,In current use,,,https://doi.org/10.1093/OED/5597702207,http://www.oed.com/dictionary/boxy_adj2
mollet,verb,1559,0,intransitive. Perhaps: to ride using a curb; to…,conversion,,,Not in use,Britain and Ireland/British English/Scottish English,,https://doi.org/10.1093/OED/3812896676,http://www.oed.com/dictionary/mollet_v
honourless,adjective,a1560-,2,Without honour; unworthy of honour; not honoured…,derivative,,,In current use,,,https://doi.org/10.1093/OED/7661268427,http://www.oed.com/dictionary/honourless_adj
top-right,adjective,a1560,0,"Upright, erect.",compound,,,Not in use,,,https://doi.org/10.1093/OED/5161067496,http://www.oed.com/dictionary/top-right_adj
treatment,noun,c1560-,7,"Conduct, behaviour; action or behaviour towards a…",derivative,,,In current use,,,https://doi.org/10.1093/OED/6857014683,http://www.oed.com/dictionary/treatment_n
peddelapotecary,noun,1561,0,"Perhaps: an apothecary who peddles medicines, an…",blend,,,Not in use,,sciences/medicine,https://doi.org/10.1093/OED/1034748284,http://www.oed.com/dictionary/peddelapotecary_n
Lutheranancer,noun,?a1562-,0,"= Lutheran, adj. B.",derivative,,,In current use,,religion and belief/religion/Christianity,https://doi.org/10.1093/OED/1022260749,http://www.oed.com/dictionary/lutheranancer_n
bawdefy,verb,1562,0,transitive. Perhaps: to mark or cover (something)…,derivative,,,Not in use,,,https://doi.org/10.1093/OED/1130343736,http://www.oed.com/dictionary/bawdefy_v
foolery,noun,1562-,4,Foolishness; foolish or silly behaviour.,derivative,,,In current use,,,https://doi.org/10.1093/OED/3445562531,http://www.oed.com/dictionary/foolery_n
shiftless,"adjective, noun",1562-,4,Not capable or resourceful; lacking the ability…,derivative,,,In current use,,,https://doi.org/10.1093/OED/1878914404,http://www.oed.com/dictionary/shiftless_adj
debt-bind,verb,1563,0,"transitive. To bind by obligation, render indebted.",compound,,,Not in use,,,https://doi.org/10.1093/OED/3162455591,http://www.oed.com/dictionary/debt-bind_v
exploded,adjective,1563-,5,"Of an error: exposed. Of a theory, opinion, or…",derivative,,,In current use,,,https://doi.org/10.1093/OED/2173437446,http://www.oed.com/dictionary/exploded_adj
kyvar-knaue,adjective,1563,0,"= Cover-knave, that covers a knave.",compound,,,Not in use,,,https://doi.org/10.1093/OED/1086401924,http://www.oed.com/dictionary/kyvar-knaue_adj
saged,adjective,1563,0,Befitting a sage; characterized by wisdom.,derivative,,,Not in use,,,https://doi.org/10.1093/OED/2551460791,http://www.oed.com/dictionary/saged_adj
mumbudget,"noun, interjection, adjective",a1564-,1,to play (at) mumbudget: to keep silent. Now archaic.,compound,,archaic,In current use,,,https://doi.org/10.1093/OED/4966368171,http://www.oed.com/dictionary/mumbudget_n
levity,noun,1564-,4,"As a moral or mental quality, in… Want of serious…",borrowing,,,In current use,,,https://doi.org/10.1093/OED/5889995610,http://www.oed.com/dictionary/levity_n1
superintendentship,noun,1565-,2,"The office, position, or role of superintendent…",derivative,,,In current use,,,https://doi.org/10.1093/OED/6606366304,http://www.oed.com/dictionary/superintendentship_n
Trinitarian,"adjective, noun",1565-,4,Theology. Relating to the Trinity; holding the…,borrowing,,,In current use,,religion and belief/religion/Christianity,https://doi.org/10.1093/OED/5807458175,http://www.oed.com/dictionary/trinitarian_adj
potpanion,noun,c1565,0,A drinking companion.,shortening,,,Not in use,,,https://doi.org/10.1093/OED/8209761269,http://www.oed.com/dictionary/potpanion_n
surly,adjective,1566-,4,Churlishly ill-humoured; rude and cross…,variant,,,In current use,,,https://doi.org/10.1093/OED/9976897129,http://www.oed.com/dictionary/surly_adj
entreated,"adjective, noun",1567-,2,Of a person: that is or has been entreated…,derivative,,,In current use,,,https://doi.org/10.1093/OED/5940090396,http://www.oed.com/dictionary/entreated_adj
fickle-force,noun,1567,0,(See quot. 1567.),compound,,,Not in use,,,https://doi.org/10.1093/OED/1764722381,http://www.oed.com/dictionary/fickle-force_n
hurtfoot,noun,1567,0,That which hurts the foot.,compound,,,Not in use,,,https://doi.org/10.1093/OED/1448835730,http://www.oed.com/dictionary/hurtfoot_n
select,verb,1567-,6,transitive. To choose or pick out in preference…,borrowing,,,In current use,,,https://doi.org/10.1093/OED/9924846825,http://www.oed.com/dictionary/select_v
snaky,adjective,1567-,3,Formed or composed of snakes.,derivative,,,In current use,,,https://doi.org/10.1093/OED/3415767564,http://www.oed.com/dictionary/snaky_adj
trafficking,noun,1567-,5,"The action of traffic, v. in various other…",derivative,,,In current use,,economics and commerce,https://doi.org/10.1093/OED/4300950350,http://www.oed.com/dictionary/trafficking_n
knaifatic,adjective,1568,0,"Knavish; dishonest, unscrupulous.",derivative,,,Not in use,Britain and Ireland/British English/Scottish English,,https://doi.org/10.1093/OED/4613321873,http://www.oed.com/dictionary/knaifatic_adj
transnatural,adjective,1569-,2,Of which the nature is transmuted.,derivative,,,In current use,,,https://doi.org/10.1093/OED/1170653089,http://www.oed.com/dictionary/transnatural_adj
calvish,adjective,1570-,1,"Resembling a calf, calf-like; doltish, stupid.",derivative,,,In current use,,,https://doi.org/10.1093/OED/5490617192,http://www.oed.com/dictionary/calvish_adj
cheapable,adjective,1570,0,Perhaps: having monetary value.,derivative,,,Not in use,,economics and commerce/finance,https://doi.org/10.1093/OED/6120531280,http://www.oed.com/dictionary/cheapable_adj
firkin,verb,1570-,1,(transitive) to store up in firkins.,conversion,,,In current use,,,https://doi.org/10.1093/OED/7552710254,http://www.oed.com/dictionary/firkin_v
harmonic,"adjective, noun",1570-,5,Music. Relating to harmony (as distinct from…,borrowing,,,In current use,,"arts/performing arts/music, sciences",https://doi.org/10.1093/OED/6564612225,http://www.oed.com/dictionary/harmonic_adj
share,verb,1570-,6,transitive. To have a part or portion of…,conversion,,,In current use,,,https://doi.org/10.1093/OED/6129143380,http://www.oed.com/dictionary/share_v2
statical,adjective,1570-,4,Originally: †relating to weight or the…,borrowing,,,In current use,,sciences,https://doi.org/10.1093/OED/1122041174,http://www.oed.com/dictionary/statical_adj
wolfish,adjective,1570-,4,"Characteristic of, befitting, or resembling that…",derivative,,,In current use,,sciences/life sciences/animals,https://doi.org/10.1093/OED/6101684012,http://www.oed.com/dictionary/wolfish_adj
ubiquitary,"noun, adjective",?1570-,2,"Present, appearing, or found… Of a class or type…",borrowing,,,In current use,,,https://doi.org/10.1093/OED/6310574633,http://www.oed.com/dictionary/ubiquitary_n
vulgarity,noun,?1570-,5,The character or condition of ordinary or common…,borrowing,,,In current use,,,https://doi.org/10.1093/OED/6067671319,http://www.oed.com/dictionary/vulgarity_n
dinner,verb,?c1570-,4,intransitive. To eat dinner; to dine. Also…,conversion,,,In current use,,,https://doi.org/10.1093/OED/9173036457,http://www.oed.com/dictionary/dinner_v
heave,noun,a1571-,4,"An act of heaving, in various senses; a lift; an…",conversion,,,In current use,,,https://doi.org/10.1093/OED/5658969947,http://www.oed.com/dictionary/heave_n
lodging-room,noun,1571-,2,"A sleeping apartment, bedroom. (Now local.)",compound,,,In current use,,,https://doi.org/10.1093/OED/9098132414,http://www.oed.com/dictionary/lodging-room_n
sprigged,adjective,1572-,3,Embellished or ornamented with a… Bearing a…,derivative,,,In current use,,crafts and trades/textiles,https://doi.org/10.1093/OED/9893518929,http://www.oed.com/dictionary/sprigged_adj1
break hedge,noun,1573,0,A trespasser.,compound,,,Not in use,,law,https://doi.org/10.1093/OED/3412482879,http://www.oed.com/dictionary/break-hedge_n
ludent,noun,1573,0,A player.,borrowing,,,Not in use,,,https://doi.org/10.1093/OED/6097559775,http://www.oed.com/dictionary/ludent_n
muskmelon,noun,1573-,3,The edible fruit of the melon (Cucumis melo…,compound,,,In current use,,sciences/life sciences/plants,https://doi.org/10.1093/OED/1092861162,http://www.oed.com/dictionary/muskmelon_n
toppingly,adjective,1573,0,Perhaps: relating to cheese or cheese-making (see…,derivative,,,Not in use,,consumables/food and cooking/cheese,https://doi.org/10.1093/OED/1041373051,http://www.oed.com/dictionary/toppingly_adj1
trive,verb,1573,0,"transitive. = contrive, v.¹",shortening,,,Not in use,,,https://doi.org/10.1093/OED/3341490831,http://www.oed.com/dictionary/trive_v
consistency,noun,1574-,6,"The degree to which a substance, (now) esp. a…",borrowing,,,In current use,,,https://doi.org/10.1093/OED/1447445370,http://www.oed.com/dictionary/consistency_n
monstrousness,noun,1574-,3,The quality of being monstrous (in various senses…,derivative,,,In current use,,,https://doi.org/10.1093/OED/5163705091,http://www.oed.com/dictionary/monstrousness_n
start-away,noun,1574-1840,0,"a. A deserter, a renegade; b. poetic an act of…",compound,,poetic and literary,Not in use,,,https://doi.org/10.1093/OED/1537588288,http://www.oed.com/dictionary/start-away_n
subscriber,noun,1574-,5,A person who makes a regular payment in return…,derivative,,,In current use,,economics and commerce,https://doi.org/10.1093/OED/1167152574,http://www.oed.com/dictionary/subscriber_n
Zebedist,noun,1574,0,A person who seeks advancement or high office.,proper name,,,Not in use,,,https://doi.org/10.1093/OED/8967845762,http://www.oed.com/dictionary/zebedist_n
beleve,noun,1575,0,"= leave, n.¹",conversion,,,Not in use,,,https://doi.org/10.1093/OED/8023031648,http://www.oed.com/dictionary/beleve_n
hobbler,noun,1575-,2,A person who hobbles or limps; a person who walks…,derivative,,,In current use,,,https://doi.org/10.1093/OED/5940725191,http://www.oed.com/dictionary/hobbler_n2
licentiate,verb,1575-,2,"transitive. To give liberty to; to allow, permit…",borrowing,,,In current use,,,https://doi.org/10.1093/OED/8798963562,http://www.oed.com/dictionary/licentiate_v
pat,verb,1575,0,transitive. To produce (an answer) pat.,conversion,,,Not in use,,,https://doi.org/10.1093/OED/7850699549,http://www.oed.com/dictionary/pat_v2
tphrowh,interjection,1575,0,An exclamation to arrest or call attention: cf…,imitative,,,Not in use,,,https://doi.org/10.1093/OED/4572443415,http://www.oed.com/dictionary/tphrowh_int
disknowledge,verb,1576,0,"transitive. To put out of knowledge, make…",derivative,,,Not in use,,,https://doi.org/10.1093/OED/1046094278,http://www.oed.com/dictionary/disknowledge_v
onomastic,"noun, adjective",1576-,3,"Of, relating to, or connected with names or…",borrowing,,,In current use,,,https://doi.org/10.1093/OED/8158641811,http://www.oed.com/dictionary/onomastic_n
quarrelsome,adjective,1576-,4,Inclined to quarrel; given to or characterized by…,derivative,,,In current use,,,https://doi.org/10.1093/OED/2781438455,http://www.oed.com/dictionary/quarrelsome_adj
wed-spite,adjective,a1577,0,"= spite-wed, adj.",compound,,,Not in use,,,https://doi.org/10.1093/OED/1594418490,http://www.oed.com/dictionary/wed-spite_adj
clogging,noun,1577-,4,"The action of clog, v. (in various senses of…",derivative,,,In current use,,,https://doi.org/10.1093/OED/3076479933,http://www.oed.com/dictionary/clogging_n
Jack mate,noun,1577,0,A person or party able to contend with another on…,compound,,,Not in use,,,https://doi.org/10.1093/OED/3559928947,http://www.oed.com/dictionary/jack-mate_n
Platonize,verb,1577-,3,intransitive. To follow the doctrine of Plato; to…,borrowing,,,In current use,,philosophy,https://doi.org/10.1093/OED/6243066528,http://www.oed.com/dictionary/platonize_v
poll-mad,adjective,1577,0,Mad-brained.,compound,,,Not in use,,sciences/medicine,https://doi.org/10.1093/OED/1020245302,http://www.oed.com/dictionary/poll-mad_adj
scribble,noun,1577-,4,A quickly or carelessly composed piece of…,conversion,,,In current use,,arts/literature,https://doi.org/10.1093/OED/1024946458,http://www.oed.com/dictionary/scribble_n
seeing shop,noun,1577,0,"The faculty of sight (likened to a room, with the…",compound,,,Not in use,,,https://doi.org/10.1093/OED/1011094227,http://www.oed.com/dictionary/seeing-shop_n
syllepsis,noun,1577-,3,Grammar and Rhetoric. A figure by which a word…,borrowing,,,In current use,,"arts/literature/rhetoric, language/linguistics/grammar",https://doi.org/10.1093/OED/8484160624,http://www.oed.com/dictionary/syllepsis_n
mutterance,noun,?1577-,0,Muttering; a muttered utterance.,derivative,,,In current use,,,https://doi.org/10.1093/OED/5637641353,http://www.oed.com/dictionary/mutterance_n
bulbous,adjective,1578-,4,Shaped like a bulb; rounded or spherical in…,derivative,,,In current use,,sciences/life sciences/plants,https://doi.org/10.1093/OED/9610222743,http://www.oed.com/dictionary/bulbous_adj
distance,verb,1578-,5,transitive (reflexive). To keep one's distance…,conversion,,,In current use,,,https://doi.org/10.1093/OED/1078984575,http://www.oed.com/dictionary/distance_v
macrocephalus,noun,1578-,3,Medicine. A fetus with macrocephaly (now rare…,borrowing,,historical,In current use,,sciences/medicine,https://doi.org/10.1093/OED/4398250912,http://www.oed.com/dictionary/macrocephalus_n
topless,adjective,1578-,4,Of a woman: naked from the waist up; having…,derivative,,,In current use,,,https://doi.org/10.1093/OED/8667861400,http://www.oed.com/dictionary/topless_adj
upperplus,noun,1578,0,"Surplus, balance.",variant,,,Not in use,,,https://doi.org/10.1093/OED/8646749850,http://www.oed.com/dictionary/upperplus_n
waft,verb,1578-1782,0,transitive. To wave (the hand or something held…,variant,,,Not in use,,,https://doi.org/10.1093/OED/8509228361,http://www.oed.com/dictionary/waft_v2
pipe,verb,?1578-,4,"transitive. To convey (water, gas, oil, etc.)…",conversion,,,In current use,,,https://doi.org/10.1093/OED/3443688260,http://www.oed.com/dictionary/pipe_v3
epithet,noun,1579-,5,An adjective indicating some quality or attribute…,borrowing,,,In current use,,language/linguistics/grammar,https://doi.org/10.1093/OED/7922427323,http://www.oed.com/dictionary/epithet_n
flight,adjective,1579-1797,0,"Swift, fleet, fast-moving.",conversion,,,Not in use,,,https://doi.org/10.1093/OED/3809641751,http://www.oed.com/dictionary/flight_adj
gallantship,noun,1579,0,"With possessive adjective, as a mock title of…",derivative,,,Not in use,,,https://doi.org/10.1093/OED/6537042783,http://www.oed.com/dictionary/gallantship_n
shady,adjective,1579-,5,"Shaded, protected by shade.",derivative,,,In current use,,,https://doi.org/10.1093/OED/8106120208,http://www.oed.com/dictionary/shady_adj
ninepins,noun,1580-,3,A game in which nine skittles are set up to be…,compound,,,In current use,,sport and leisure/sport/bowling,https://doi.org/10.1093/OED/8838613992,http://www.oed.com/dictionary/ninepins_n
remover,noun,1580-,4,A person or a thing that removes or takes…,derivative,,,In current use,,,https://doi.org/10.1093/OED/4001180023,http://www.oed.com/dictionary/remover_n1
dunghillry,noun,1581,0,Base or despicable condition or behaviour.,derivative,,,Not in use,,,https://doi.org/10.1093/OED/5812800992,http://www.oed.com/dictionary/dunghillry_n
pennycratching,noun,1581,0,"(Probably) money-grubbing (cf. cratch, v. 2).",compound,,,Not in use,,,https://doi.org/10.1093/OED/1656465831,http://www.oed.com/dictionary/pennycratching_n
pettiship,noun,1581,0,Littleness; pettiness.,derivative,,,Not in use,,,https://doi.org/10.1093/OED/4091897189,http://www.oed.com/dictionary/pettiship_n
postparative,noun,1581,0,An action performed after an exercise by way of…,derivative,,,Not in use,,,https://doi.org/10.1093/OED/1074326343,http://www.oed.com/dictionary/postparative_n
swingebreech,noun,1581,0,? One who struts or flaunts about.,compound,,,Not in use,,,https://doi.org/10.1093/OED/3170307624,http://www.oed.com/dictionary/swingebreech_n
milliform,adjective,c1581,0,Of a thousand shapes or aspects.,compound,,,Not in use,,,https://doi.org/10.1093/OED/3558419745,http://www.oed.com/dictionary/milliform_adj
bearbrat,noun,1582,0,A term of abuse for a person.,compound,,derogatory,Not in use,,,https://doi.org/10.1093/OED/1667413938,http://www.oed.com/dictionary/bearbrat_n
break league,noun,1582,0,A person who fails to keep the terms of a league…,compound,,,Not in use,,politics,https://doi.org/10.1093/OED/2200662408,http://www.oed.com/dictionary/break-league_n
breaklove,adjective,1582,0,That destroys love or ends loving relationship.,compound,,,Not in use,,,https://doi.org/10.1093/OED/1182754703,http://www.oed.com/dictionary/breaklove_adj
chuffe chaffe,adjective,1582,0,Meaning uncertain: perhaps ‘swollen’ or ‘puffed…,variant,,,Not in use,,,https://doi.org/10.1093/OED/6675765853,http://www.oed.com/dictionary/chuffe-chaffe_adj
empeople,verb,1582-,1,transitive. To fill with people; to populate…,derivative,,"archaic, poetic and literary",In current use,,,https://doi.org/10.1093/OED/1185200874,http://www.oed.com/dictionary/empeople_v
franky,adjective,1582,0,Looking as if frank-fed; ‘stalled’.,derivative,,,Not in use,,,https://doi.org/10.1093/OED/1620411504,http://www.oed.com/dictionary/franky_adj
huff-puff,adjective,1582,0,Moved with every puff of wind.,compound,,,Not in use,,,https://doi.org/10.1093/OED/4899192460,http://www.oed.com/dictionary/huff-puff_adj
in-path,noun,1582,0,"A way that is no way, an impassable way.",derivative,,,Not in use,,,https://doi.org/10.1093/OED/1174611692,http://www.oed.com/dictionary/in-path_n
Jesuitry,noun,1582-,2,"The doctrines, principles, or practices followed…",derivative,,disparaging,In current use,,religion and belief/religion/Christianity/Roman Catholic Church,https://doi.org/10.1093/OED/3137590032,http://www.oed.com/dictionary/jesuitry_n
martialize,verb,1582-,1,transitive. To make martial; to provide with…,derivative,,,In current use,,military,https://doi.org/10.1093/OED/1830177511,http://www.oed.com/dictionary/martialize_v
pack paunch,noun,1582,0,"(Perhaps) a paunch like a pack, or a person with…",compound,,,Not in use,,,https://doi.org/10.1093/OED/8948528300,http://www.oed.com/dictionary/pack-paunch_n
shrill-bated,adjective,1582,0,With a shrill sound like the voices of people arguing.,compound,,poetic and literary,Not in use,,,https://doi.org/10.1093/OED/9366791453,http://www.oed.com/dictionary/shrill-bated_adj
snar-noise,noun,1582-,0,A snarling or angry noise.,compound,,,In current use,,,https://doi.org/10.1093/OED/1202051732,http://www.oed.com/dictionary/snar-noise_n
towelling,noun,1582-,3,Linen cloth to be made into towels; material for…,derivative,,,In current use,,crafts and trades/textiles,https://doi.org/10.1093/OED/5855492638,http://www.oed.com/dictionary/towelling_n
truch sprite,noun,1582,0,A spirit acting as interpreter or messenger.,,,,Not in use,,,https://doi.org/10.1093/OED/7003508577,http://www.oed.com/dictionary/truch-sprite_n
wind instrument,noun,1582-,3,Any musical instrument whose sound is made by…,compound,,,In current use,,arts/performing arts/music,https://doi.org/10.1093/OED/6441711671,http://www.oed.com/dictionary/wind-instrument_n
cannonry,noun,a1583-,2,Discharge of cannon; cannonading.,derivative,,historical,In current use,,military/weaponry/gunnery and firearms,https://doi.org/10.1093/OED/5355921012,http://www.oed.com/dictionary/cannonry_n
cupstantial,adjective,1583,0,"Arising from, or associated with, intoxication or…",variant,,humorous,Not in use,,,https://doi.org/10.1093/OED/7354865560,http://www.oed.com/dictionary/cupstantial_adj
depastor,noun,1583,0,"One who feeds upon, eats away, or consumes.",borrowing,,,Not in use,,,https://doi.org/10.1093/OED/1025632198,http://www.oed.com/dictionary/depastor_n
fomblitude,noun,1583,0,A poor comparison.,derivative,,,Not in use,,,https://doi.org/10.1093/OED/6110150925,http://www.oed.com/dictionary/fomblitude_n
heel lifter,noun,1583,0,"A fugitive, a runaway.",compound,,,Not in use,,,https://doi.org/10.1093/OED/1014890969,http://www.oed.com/dictionary/heel-lifter_n
will-do-all,noun,1583,0,Money.,compound,,,Not in use,,economics and commerce,https://doi.org/10.1093/OED/1163056991,http://www.oed.com/dictionary/will-do-all_n
dissonancy,noun,1584-1748,0,"= dissonance, n. 1.",borrowing,,,Not in use,,arts/performing arts/music,https://doi.org/10.1093/OED/6299852081,http://www.oed.com/dictionary/dissonancy_n
fashionative,adjective,1584-1693,0,Concerned only with outward appearance; superficial.,derivative,,,Not in use,,,https://doi.org/10.1093/OED/6363363403,http://www.oed.com/dictionary/fashionative_adj
quatrain,noun,1584-,4,"A stanza of four lines, esp. one having alternate…",borrowing,,,In current use,,arts/literature,https://doi.org/10.1093/OED/9421167467,http://www.oed.com/dictionary/quatrain_n
disbishop,verb,1585-,0,transitive. To deprive of episcopal office or dignity.,derivative,,,In current use,,"religion and belief/religion/Christianity/ecclesiastical, religion and belief/religion/Christianity/liturgical",https://doi.org/10.1093/OED/8901555474,http://www.oed.com/dictionary/disbishop_v
money man,noun,1585-,4,†a. A lover of money; b. a financier or backer; a…,compound,,,In current use,,economics and commerce/finance,https://doi.org/10.1093/OED/1146524322,http://www.oed.com/dictionary/money-man_n
overboard,verb,1585-6,0,transitive. To throw overboard.,conversion,,,Not in use,,,https://doi.org/10.1093/OED/1066556164,http://www.oed.com/dictionary/overboard_v
divisionate,verb,a1586,0,"transitive. To make division of, divide.",derivative,,,Not in use,,,https://doi.org/10.1093/OED/4128174940,http://www.oed.com/dictionary/divisionate_v
incirclet,noun,a1586,0,A little circular curl or spiral.,derivative,,,Not in use,,,https://doi.org/10.1093/OED/4480240938,http://www.oed.com/dictionary/incirclet_n
loneliness,noun,a1586-,5,The feeling of being alone; the sense of…,derivative,,,In current use,,,https://doi.org/10.1093/OED/2288273388,http://www.oed.com/dictionary/loneliness_n
panic,"adjective, noun",a1586-,6,"Of the nature of, resulting from, or exhibiting a…",borrowing,,,In current use,,,https://doi.org/10.1093/OED/1035383120,http://www.oed.com/dictionary/panic_adj
disyellow,verb,1586,0,transitive. To remove the yellow from; to rid of…,derivative,,,Not in use,,,https://doi.org/10.1093/OED/5933259964,http://www.oed.com/dictionary/disyellow_v
musomastix,noun,1586,0,An enemy of the Muses.,borrowing,,,Not in use,,,https://doi.org/10.1093/OED/1120818400,http://www.oed.com/dictionary/musomastix_n
tawdryne,noun,1586,0,"= tawdry, n.",arbitrary,,,Not in use,,crafts and trades/costume,https://doi.org/10.1093/OED/1060282071,http://www.oed.com/dictionary/tawdryne_n
with also,adverb,1586,0,"Also; = withal, adv. A.1a.",compound,,,Not in use,,,https://doi.org/10.1093/OED/1016490699,http://www.oed.com/dictionary/with-also_adv
breakdance,adjective,1587,0,That causes disturbance or disorder; disruptive.,compound,,,Not in use,,,https://doi.org/10.1093/OED/7435398684,http://www.oed.com/dictionary/breakdance_adj
cracknut,"adjective, noun",1587-,0,Chiefly Scottish and English regional. A nut in…,compound,,,In current use,"Britain and Ireland/British English/English regional, Britain and Ireland/British English/Scottish English",,https://doi.org/10.1093/OED/1008576589,http://www.oed.com/dictionary/cracknut_adj
crotchet,verb,1587-1892,0,transitive. To sing or play (a piece) using…,conversion,,,Not in use,,,https://doi.org/10.1093/OED/6853152659,http://www.oed.com/dictionary/crotchet_v
foreness,noun,1587,0,Priority.,derivative,,,Not in use,,,https://doi.org/10.1093/OED/2090305858,http://www.oed.com/dictionary/foreness_n
break-pulpit,noun,1588,0,"An impassioned, vehement, or bombastic preacher.",compound,,,Not in use,,religion and belief/religion,https://doi.org/10.1093/OED/5569789048,http://www.oed.com/dictionary/break-pulpit_n
popedomship,noun,1588,0,The office or authority of a pope.,derivative,,,Not in use,,religion and belief/religion,https://doi.org/10.1093/OED/1960117156,http://www.oed.com/dictionary/popedomship_n
Zenocratically,adverb,1588,0,With the power or authority of Zeus (Jupiter in…,borrowing,,,Not in use,,religion and belief/mythology/classical mythology,https://doi.org/10.1093/OED/2125396636,http://www.oed.com/dictionary/zenocratically_adv
elderberriness,noun,1589-,0,"Used as a mock title, after highness, etc.",derivative,,,In current use,,,https://doi.org/10.1093/OED/1165705828,http://www.oed.com/dictionary/elderberriness_n
fluent,"adjective, noun",1589-,5,"Of a speaker, etc.: Ready in the use of words…",borrowing,,,In current use,,,https://doi.org/10.1093/OED/8437685533,http://www.oed.com/dictionary/fluent_adj
misnamer,noun,1589,0,"Puttenham's word for: metonymy. Cf. surnamer, n.",derivative,,,Not in use,,,https://doi.org/10.1093/OED/4916853232,http://www.oed.com/dictionary/misnamer_n
namefy,verb,1589,0,transitive. To mention by name.,derivative,,,Not in use,,,https://doi.org/10.1093/OED/9643607938,http://www.oed.com/dictionary/namefy_v
overreacher,noun,1589-,3,A person who attempts to pass beyond the limit of…,derivative,,,In current use,,,https://doi.org/10.1093/OED/7525551332,http://www.oed.com/dictionary/overreacher_n
pistle,verb,1589,0,"transitive. To write an epistle upon, to satirize.",conversion,,,Not in use,,arts/literature,https://doi.org/10.1093/OED/4186330774,http://www.oed.com/dictionary/pistle_v
proculstant,noun,1589,0,A Protestant.,borrowing,,,Not in use,,religion and belief/religion/Christianity,https://doi.org/10.1093/OED/8291715554,http://www.oed.com/dictionary/proculstant_n
stir-strife,adjective,1589,0,That stirs or excites strife.,compound,,,Not in use,,,https://doi.org/10.1093/OED/8789482524,http://www.oed.com/dictionary/stir-strife_adj
stoop-frog,noun,1589,0,An oppressor of frogs (the King Stork of the fable).,compound,,,Not in use,,,https://doi.org/10.1093/OED/7321254926,http://www.oed.com/dictionary/stoop-frog_n
sunless,adjective,1589-,4,"Without any sunshine; not sunny; dark, overcast…",derivative,,,In current use,,,https://doi.org/10.1093/OED/8179852820,http://www.oed.com/dictionary/sunless_adj
surnamer,noun,1589-,0,"Puttenham's englishing of antonomasia, n.",derivative,,,In current use,,,https://doi.org/10.1093/OED/2641720205,http://www.oed.com/dictionary/surnamer_n
trianglify,verb,1589,0,transitive. To make into or arrange in a triangle…,derivative,,,Not in use,,,https://doi.org/10.1093/OED/5128667588,http://www.oed.com/dictionary/trianglify_v
turnway,noun,1589,0,A rhetorical device in which the speaker breaks…,compound,,,Not in use,,arts/literature/rhetoric,https://doi.org/10.1093/OED/7786351251,http://www.oed.com/dictionary/turnway_n1
windabout,"noun, adjective",1589-,0,That winds about; meandering.,compound,,,In current use,,,https://doi.org/10.1093/OED/9449846298,http://www.oed.com/dictionary/windabout_n
worshipfulty,noun,1589,0,"= worshipfulness, n. 2.",derivative,,,Not in use,,,https://doi.org/10.1093/OED/5596364192,http://www.oed.com/dictionary/worshipfulty_n
state,verb,a1590-,7,To express in speech or writing… transitive. With…,conversion,,,In current use,,,https://doi.org/10.1093/OED/6224669191,http://www.oed.com/dictionary/state_v
counterfort,noun,1590-,3,A buttress or projecting piece of… In Architecture.,borrowing,,,In current use,,military/fortification,https://doi.org/10.1093/OED/2058341656,http://www.oed.com/dictionary/counterfort_n
ergo,noun,1590-1867,0,The adverb ergo used as a name for itself; hence…,conversion,,,Not in use,,,https://doi.org/10.1093/OED/1039996572,http://www.oed.com/dictionary/ergo_n
finny,adjective,1590-,3,Provided with or having fins; finned.,derivative,,,In current use,,sciences/life sciences/animals/fish,https://doi.org/10.1093/OED/7015322987,http://www.oed.com/dictionary/finny_adj
halfen,adjective,1590,0,Halved. In quot. 1590: designating a partially…,variant,,poetic and literary,Not in use,,,https://doi.org/10.1093/OED/5731570910,http://www.oed.com/dictionary/halfen_adj
hazardise,noun,1590,0,"A hazardous position, a condition of peril or risk.",derivative,,,Not in use,,,https://doi.org/10.1093/OED/4109289943,http://www.oed.com/dictionary/hazardise_n
hersall,noun,1590,0,"In Spenser: = rehearsal, n.",shortening,,,Not in use,,,https://doi.org/10.1093/OED/5162278588,http://www.oed.com/dictionary/hersall_n
inchastity,noun,1590-1972,0,Want of chastity; unchastity.,derivative,,,Not in use,,,https://doi.org/10.1093/OED/8202932643,http://www.oed.com/dictionary/inchastity_n
scribble-scrabble,"adverb, noun, adjective",1590-,1,"A scribbled or scrawled message, drawing, etc…",compound,,colloquial and slang,In current use,,,https://doi.org/10.1093/OED/3953049577,http://www.oed.com/dictionary/scribble-scrabble_adv
wittiful,adjective,1590,0,"Full of ‘wit’, wise, sensible.",derivative,,,Not in use,,,https://doi.org/10.1093/OED/3355400117,http://www.oed.com/dictionary/wittiful_adj
concise,adjective,c1590-,5,Of speech or writing: Expressed in few words…,borrowing,,,In current use,,,https://doi.org/10.1093/OED/8854158936,http://www.oed.com/dictionary/concise_adj
motherage,noun,a1591,0,The condition or state of being a mother.,derivative,,,Not in use,,,https://doi.org/10.1093/OED/4158587312,http://www.oed.com/dictionary/motherage_n
crackle,noun,1591-,4,A sound made up of a rapid succession of short…,conversion,,,In current use,,,https://doi.org/10.1093/OED/3249395743,http://www.oed.com/dictionary/crackle_n
de-leave,verb,1591-,0,transitive (in passive). Of a tree or plant: to…,derivative,,,In current use,,,https://doi.org/10.1093/OED/1114513988,http://www.oed.com/dictionary/de-leave_v
filibuster,noun,1591-,4,An act of obstruction in a legislative assembly…,borrowing,,,In current use,North American English/U.S. English,politics/parliament,https://doi.org/10.1093/OED/5242396939,http://www.oed.com/dictionary/filibuster_n
half-horsy,adjective,1591,0,"Designating a centaur. Cf. half-horse, n.",compound,,,Not in use,,religion and belief/mythology,https://doi.org/10.1093/OED/8946995569,http://www.oed.com/dictionary/half-horsy_adj
interprater,noun,1591-,0,One who prates at intervals.,derivative,,,In current use,,,https://doi.org/10.1093/OED/8427914014,http://www.oed.com/dictionary/interprater_n
leaguer,noun,1591-,3,A member of a league; in reference to French…,derivative,,,In current use,,"history, politics/British politics",https://doi.org/10.1093/OED/5876451860,http://www.oed.com/dictionary/leaguer_n2
pretiefollie,noun,1591,0,The tree trefoil Medicago arborea (family…,variant,,,Not in use,,sciences/medicine/alternative medicine/herbalism,https://doi.org/10.1093/OED/8102726205,http://www.oed.com/dictionary/pretiefollie_n
stead mother,noun,1591,0,(See quot. 1591).,compound,,,Not in use,,,https://doi.org/10.1093/OED/7771365874,http://www.oed.com/dictionary/stead-mother_n
whelky,adjective,1591,0,Formed in a shell.,derivative,,,Not in use,,sciences/life sciences/animals/invertebrates/shells and shellfish,https://doi.org/10.1093/OED/7951955753,http://www.oed.com/dictionary/whelky_adj1
lecture,verb,a1592-,5,intransitive. To deliver a lecture or lectures…,conversion,,,In current use,,education,https://doi.org/10.1093/OED/1081612754,http://www.oed.com/dictionary/lecture_v
bull-begging,adjective,1592,0,That operates as a terror.,,,,Not in use,,,https://doi.org/10.1093/OED/9762216836,http://www.oed.com/dictionary/bull-begging_adj
card coney-catching,noun,1592,0,"Swindling by cheating at cards, card-sharping…",compound,,,Not in use,,sport and leisure/games/cards,https://doi.org/10.1093/OED/7446280834,http://www.oed.com/dictionary/card-coney-catching_n
columniation,noun,1592-,2,Architecture. ‘The employment of columns in a…,variant,,,In current use,,manufacturing and industry/building/architecture,https://doi.org/10.1093/OED/1046195846,http://www.oed.com/dictionary/columniation_n
cosmographize,verb,1592-,0,transitive. To describe the world in a map or…,derivative,,,In current use,,,https://doi.org/10.1093/OED/8465720169,http://www.oed.com/dictionary/cosmographize_v
idolatrize,verb,1592-,2,transitive. figurative. To demonstrate intense or…,derivative,,derogatory,In current use,,,https://doi.org/10.1093/OED/3263112941,http://www.oed.com/dictionary/idolatrize_v
ingle,noun,1592-,3,"A lover, a sexual partner; esp. a boy or young…",conversion,,historical,In current use,,,https://doi.org/10.1093/OED/8828908436,http://www.oed.com/dictionary/ingle_n2
metredom,noun,1592,0,Versifying; the writing of poetry.,derivative,,,Not in use,,arts/literature,https://doi.org/10.1093/OED/4183678526,http://www.oed.com/dictionary/metredom_n
pampinulate,verb,1592,0,transitive. To cover with convoluted strands or…,borrowing,,,Not in use,,crafts and trades/textiles/needlework,https://doi.org/10.1093/OED/7242107841,http://www.oed.com/dictionary/pampinulate_v
roguery,noun,1592-,3,An action or practice characteristic of a rogue…,derivative,,,In current use,,,https://doi.org/10.1093/OED/4645974425,http://www.oed.com/dictionary/roguery_n
scurrilitiship,noun,1592,0,? the state of persons who indulge in scurrility.,derivative,,,Not in use,,,https://doi.org/10.1093/OED/3042563052,http://www.oed.com/dictionary/scurrilitiship_n
swartrutting,adjective,1592,0,"Violent, aggressive; characteristic of a…",derivative,,,Not in use,,,https://doi.org/10.1093/OED/8091990415,http://www.oed.com/dictionary/swartrutting_adj
Tarltonize,verb,1592,0,"intransitive. To act or speak like Tarlton, a…",proper name,,,Not in use,,,https://doi.org/10.1093/OED/7043814260,http://www.oed.com/dictionary/tarltonize_v
sexious,adjective,a1593,0,"Perhaps: sectarian (cf. sex, n.²).",derivative,,,Not in use,,,https://doi.org/10.1093/OED/9671338917,http://www.oed.com/dictionary/sexious_adj
ass,verb,1593-,4,intransitive. to ass around (or about): to fool…,conversion,,,In current use,,,https://doi.org/10.1093/OED/1026457854,http://www.oed.com/dictionary/ass_v
beatifical,"adjective, noun",1593-,2,"Of, relating to, or of the nature of divine or…",borrowing,,,In current use,,,https://doi.org/10.1093/OED/8176697896,http://www.oed.com/dictionary/beatifical_adj
concloutment,noun,1593,0,"A clouting together, a patchwork.",derivative,,,Not in use,,,https://doi.org/10.1093/OED/4648023860,http://www.oed.com/dictionary/concloutment_n
dummerell,noun,1593,0,Probably: a person who pretends to be unable to…,derivative,,,Not in use,,,https://doi.org/10.1093/OED/5205491854,http://www.oed.com/dictionary/dummerell_n
kabbalizer,noun,1593,0,A person who interprets texts or events in…,derivative,,,Not in use,,religion and belief/religion/Judaism,https://doi.org/10.1093/OED/2656591468,http://www.oed.com/dictionary/kabbalizer_n
mid-noctial,adjective,1593,0,Belonging or relating to midnight.,compound,,,Not in use,,,https://doi.org/10.1093/OED/1766702666,http://www.oed.com/dictionary/mid-noctial_adj
millenize,verb,1593,0,intransitive. To favour millenarian views.,borrowing,,,Not in use,,religion and belief/religion/Christianity,https://doi.org/10.1093/OED/3775857210,http://www.oed.com/dictionary/millenize_v
occasionet,noun,1593,0,A small occasion.,derivative,,,Not in use,,,https://doi.org/10.1093/OED/9981586084,http://www.oed.com/dictionary/occasionet_n
over-Atlas,verb,1593,0,transitive. To load or burden more than Atlas; to…,derivative,,,Not in use,,,https://doi.org/10.1093/OED/6116565313,http://www.oed.com/dictionary/over-atlas_v
pollutionate,adjective,1593,0,"Polluted, desecrated.",derivative,,,Not in use,,,https://doi.org/10.1093/OED/6326664568,http://www.oed.com/dictionary/pollutionate_adj
Sabbath-ceased,adjective,1593,0,Halted or paused for the duration of the Sabbath.,compound,,,Not in use,,religion and belief/religion,https://doi.org/10.1093/OED/3513620232,http://www.oed.com/dictionary/sabbath-ceased_adj
step-Tully,noun,1593,0,A person who attempts (but fails) to write like…,,,,Not in use,,,https://doi.org/10.1093/OED/6406555643,http://www.oed.com/dictionary/step-tully_n
alecy,noun,1594,0,Foolishness or irrationality due to drunkenness…,derivative,,,Not in use,,,https://doi.org/10.1093/OED/1047517569,http://www.oed.com/dictionary/alecy_n
Christmas,verb,1594-,3,intransitive. To celebrate Christmas; to spend…,conversion,,,In current use,,religion and belief/religion,https://doi.org/10.1093/OED/2477626114,http://www.oed.com/dictionary/christmas_v
cidership,noun,1594,0,With possessive adjective: a mock title of…,derivative,,,Not in use,,consumables/drink/cider,https://doi.org/10.1093/OED/7105216135,http://www.oed.com/dictionary/cidership_n
halsner,noun,1594,0,"An augury, an omen. Cf. halsen, v. 2.",derivative,,,Not in use,,,https://doi.org/10.1093/OED/5167229517,http://www.oed.com/dictionary/halsner_n
hot-livered,adjective,1594-,1,"Excitable, irascible; cf. hot-tempered, adj. (b)…",compound,,,In current use,,,https://doi.org/10.1093/OED/1651267490,http://www.oed.com/dictionary/hot-livered_adj
incorporationer,noun,1594,0,A member of an incorporation.,derivative,,,Not in use,,,https://doi.org/10.1093/OED/2559607018,http://www.oed.com/dictionary/incorporationer_n
shrill-breasted,adjective,1594,0,"Having a sharp, high-pitched call.",compound,,,Not in use,,,https://doi.org/10.1093/OED/1152150206,http://www.oed.com/dictionary/shrill-breasted_adj
tangent,"adjective, noun",1594-,5,Geometry. Of a line or surface in relation to…,borrowing,,,In current use,,sciences/mathematics/geometry,https://doi.org/10.1093/OED/5416024506,http://www.oed.com/dictionary/tangent_adj
waggle,verb,1594-,4,transitive. To move (anything held or fixed at…,derivative,,,In current use,,,https://doi.org/10.1093/OED/5474817388,http://www.oed.com/dictionary/waggle_v
bablatrice,noun,1595,0,Perhaps: a female babbler.,derivative,,,Not in use,,,https://doi.org/10.1093/OED/1099591635,http://www.oed.com/dictionary/bablatrice_n
coneyhood,noun,1595,0,"The condition of being a dupe (see coney, n.¹ III.10).",derivative,,,Not in use,,,https://doi.org/10.1093/OED/1054374056,http://www.oed.com/dictionary/coneyhood_n
tiffety-taffety,adjective,1595,0,"Reduplicated form of taffety, adj. B.2a (cf…",compound,,,Not in use,,crafts and trades/costume,https://doi.org/10.1093/OED/7365934003,http://www.oed.com/dictionary/tiffety-taffety_adj
dishedge,verb,c1595,0,transitive. To deprive of its hedge.,derivative,,,Not in use,,,https://doi.org/10.1093/OED/9713341759,http://www.oed.com/dictionary/dishedge_v
calophantic,adjective,1596,0,Pretending or making a show of excellence.,borrowing,,,Not in use,,,https://doi.org/10.1093/OED/7155238709,http://www.oed.com/dictionary/calophantic_adj
crazen,adjective,1596,0,"Split or cracked; broken, damaged. Cf. crazed…",derivative,,,Not in use,,,https://doi.org/10.1093/OED/1978897884,http://www.oed.com/dictionary/crazen_adj
discruciate,verb,1596-1834,0,"transitive. To torment, torture.",borrowing,,,Not in use,,,https://doi.org/10.1093/OED/3893722289,http://www.oed.com/dictionary/discruciate_v
diskingdom,verb,1596,0,transitive. To expel from or deprive of the kingdom.,derivative,,,Not in use,,,https://doi.org/10.1093/OED/5750259591,http://www.oed.com/dictionary/diskingdom_v
finger man,noun,1596-,2,†a. (Perhaps) a recipient or object of something…,compound,,,In current use,North American English/U.S. English,,https://doi.org/10.1093/OED/1095578253,http://www.oed.com/dictionary/finger-man_n
flantitanting,adjective,1596,0,Flaunting.,compound,,,Not in use,,,https://doi.org/10.1093/OED/2273690088,http://www.oed.com/dictionary/flantitanting_adj
flintful,adjective,1596-,0,"= flinty, adj.",derivative,,,In current use,,,https://doi.org/10.1093/OED/2758863808,http://www.oed.com/dictionary/flintful_adj
Lucifering,adjective,1596,0,Acting the part of Lucifer.,derivative,,,Not in use,,,https://doi.org/10.1093/OED/3396432131,http://www.oed.com/dictionary/lucifering_adj
orthographize,verb,1596-,1,intransitive. To follow or apply the rules of…,derivative,,,In current use,,,https://doi.org/10.1093/OED/3773434452,http://www.oed.com/dictionary/orthographize_v
patience,verb,1596-,2,intransitive. To have or exercise patience.,conversion,,,In current use,,,https://doi.org/10.1093/OED/6231813771,http://www.oed.com/dictionary/patience_v
pitch-speeched,adjective,1596,0,"Using foul or offensive speech, foul-mouthed.",compound,,,Not in use,,,https://doi.org/10.1093/OED/8638553693,http://www.oed.com/dictionary/pitch-speeched_adj
potsmitten,adjective,1596,0,(Of an agreement) marked by the parties clinking…,compound,,,Not in use,,,https://doi.org/10.1093/OED/7259574021,http://www.oed.com/dictionary/potsmitten_adj
Saracenly,adverb,1596,0,In a barbarous or cruelly harsh manner.,derivative,,,Not in use,,,https://doi.org/10.1093/OED/1207319231,http://www.oed.com/dictionary/saracenly_adv
shepherdhood,noun,1596-,1,"(In quot.), the personality of a shepherd.",derivative,,,In current use,,,https://doi.org/10.1093/OED/7608882277,http://www.oed.com/dictionary/shepherdhood_n
stagy,adjective,1596-,3,Characteristic or reminiscent of theatrical…,derivative,,,In current use,,arts/performing arts/theatre,https://doi.org/10.1093/OED/3770584962,http://www.oed.com/dictionary/stagy_adj
stigma,noun,1596-,5,figurative. A mark of disgrace or infamy; a sign…,borrowing,,,In current use,,sciences/medicine,https://doi.org/10.1093/OED/1137815183,http://www.oed.com/dictionary/stigma_n
billable,adjective,1597-,4,Originally and chiefly North American. Esp. of…,derivative,,,In current use,North American English,economics and commerce,https://doi.org/10.1093/OED/8756988583,http://www.oed.com/dictionary/billable_adj
dactylet,noun,1597,0,A little dactyl.,derivative,,,Not in use,,arts/literature/prosody,https://doi.org/10.1093/OED/9035577264,http://www.oed.com/dictionary/dactylet_n
elvish-marked,adjective,1597,0,Marked or afflicted by elves; (hence) spiteful or…,compound,,,Not in use,,religion and belief/mythology,https://doi.org/10.1093/OED/3225369387,http://www.oed.com/dictionary/elvish-marked_adj
essay,noun,1597-,6,A composition of moderate length on any…,borrowing,,,In current use,,,https://doi.org/10.1093/OED/4815799748,http://www.oed.com/dictionary/essay_n
glossomachicall,adjective,1597,0,Given to wordy strife.,borrowing,,,Not in use,,,https://doi.org/10.1093/OED/9353542751,http://www.oed.com/dictionary/glossomachicall_adj
pot-fury,noun,1597,0,Fury or excitement brought on by inebriation.,compound,,,Not in use,,,https://doi.org/10.1093/OED/9144692182,http://www.oed.com/dictionary/pot-fury_n
re,verb,1597,0,transitive. Used as a humorous threat to a…,conversion,,,Not in use,,arts/performing arts/music,https://doi.org/10.1093/OED/1109335954,http://www.oed.com/dictionary/re_v
sugar-candian,noun,1597,0,"= sugar candy, n. A.1.",variant,,,Not in use,,,https://doi.org/10.1093/OED/5587232586,http://www.oed.com/dictionary/sugar-candian_n
screw,verb,?1597-,5,transitive. To attach or fix with an inserted…,conversion,,,In current use,,,https://doi.org/10.1093/OED/6833426581,http://www.oed.com/dictionary/screw_v
bill-patched,adjective,1598,0,Covered with notices demanding payment.,compound,,,Not in use,,,https://doi.org/10.1093/OED/5204095004,http://www.oed.com/dictionary/bill-patched_adj
chuckle,verb,1598-,5,To laugh in a suppressed manner; to laugh to…,derivative,,,In current use,,,https://doi.org/10.1093/OED/5693877961,http://www.oed.com/dictionary/chuckle_v
churchwardened,adjective,1598,0,Placed in the care of a churchwarden.,derivative,,,Not in use,,,https://doi.org/10.1093/OED/4547772505,http://www.oed.com/dictionary/churchwardened_adj
conventer,noun,1598,0,An officer who notifies a person to appear in…,derivative,,,Not in use,,law,https://doi.org/10.1093/OED/2077403647,http://www.oed.com/dictionary/conventer_n1
expiscate,verb,1598-,1,"transitive. To ‘fish out’; hence, to find out by…",borrowing,,,In current use,,,https://doi.org/10.1093/OED/1130738740,http://www.oed.com/dictionary/expiscate_v
griever,noun,1598-,3,One who feels or shows grief.,derivative,,,In current use,,,https://doi.org/10.1093/OED/9647006171,http://www.oed.com/dictionary/griever_n
heel,verb,1598-,4,"transitive. To provide (a stocking, shoe, etc.)…",conversion,,,In current use,,,https://doi.org/10.1093/OED/1199978996,http://www.oed.com/dictionary/heel_v3
induratize,verb,1598,0,transitive. To harden (the heart).,derivative,,,Not in use,,,https://doi.org/10.1093/OED/1183018752,http://www.oed.com/dictionary/induratize_v
jure,verb,1598-,4,"Used contextually with reference to juror, as if…",backformation,,,In current use,,law,https://doi.org/10.1093/OED/9893000670,http://www.oed.com/dictionary/jure_v
mock-clown,noun,1598,0,Perhaps: a kind of dance step.,compound,,,Not in use,,,https://doi.org/10.1093/OED/1111833939,http://www.oed.com/dictionary/mock-clown_n
pistol,verb,1598-,4,"transitive. To shoot (a person, etc.) with a…",conversion,,,In current use,,"military/weaponry/gunnery and firearms, sciences/medicine",https://doi.org/10.1093/OED/1154051225,http://www.oed.com/dictionary/pistol_v
pot-punishment,noun,1598,0,The punishment of being forced to drink alcohol.,compound,,,Not in use,,,https://doi.org/10.1093/OED/4489874428,http://www.oed.com/dictionary/pot-punishment_n
shift-got,adjective,1598,0,Obtained by fraudulent or underhand means (cf…,compound,,,Not in use,,,https://doi.org/10.1093/OED/1189524900,http://www.oed.com/dictionary/shift-got_adj
stroke,verb,1598-,4,transitive. To mark with streaks or stripes…,conversion,,,In current use,,sport and leisure/sport,https://doi.org/10.1093/OED/8059497186,http://www.oed.com/dictionary/stroke_v2
talkful,"noun, adjective",1598-,0,"Talkative, garrulous. colloquial or nonstandard…",derivative,,"colloquial and slang, irregular",In current use,,,https://doi.org/10.1093/OED/6182051224,http://www.oed.com/dictionary/talkful_n
trenchmore,verb,1598-,1,(intransitive) to dance the trenchmore.,conversion,,historical,In current use,,arts/performing arts/dance,https://doi.org/10.1093/OED/5780877865,http://www.oed.com/dictionary/trenchmore_v
unline,verb,1598,0,transitive (reflexive). To desist from lechery or…,derivative,,,Not in use,,,https://doi.org/10.1093/OED/3707618449,http://www.oed.com/dictionary/unline_v1
enregistrate,adjective,c1598-,0,Placed on permanent record.,derivative,,,In current use,,,https://doi.org/10.1093/OED/2407905763,http://www.oed.com/dictionary/enregistrate_adj
swarf,noun,a1599-1664,0,"= sward, n. 2.",variant,,,Not in use,,,https://doi.org/10.1093/OED/4998307446,http://www.oed.com/dictionary/swarf_n3
distainted,adjective,1599,0,"Infected, corrupted.",derivative,,,Not in use,,sciences/medicine/pathology,https://doi.org/10.1093/OED/6453497747,http://www.oed.com/dictionary/distainted_adj
eyelet hole,noun,1599-,2,"= eyelet, n. 1a.",compound,,,In current use,,military/fortification,https://doi.org/10.1093/OED/8147998341,http://www.oed.com/dictionary/eyelet-hole_n
heroic,verb,1599,0,transitive with it as object. To write heroic verse.,compound,,,Not in use,,,https://doi.org/10.1093/OED/3850353729,http://www.oed.com/dictionary/heroic_v
hurry-curry,noun,1599,0,? A swift car or curricle.,compound,,,Not in use,,,https://doi.org/10.1093/OED/7285399267,http://www.oed.com/dictionary/hurry-curry_n
inobstinate,verb,1599,0,"transitive. To render obstinate, confirm in obstinacy.",derivative,,,Not in use,,,https://doi.org/10.1093/OED/6039274377,http://www.oed.com/dictionary/inobstinate_v
kingdom,verb,1599-1891,0,transitive with it as object. To assume the…,conversion,,,Not in use,,,https://doi.org/10.1093/OED/1150465991,http://www.oed.com/dictionary/kingdom_v
maiden-widowed,adjective,1599,0,Widowed while still a maiden.,compound,,,Not in use,,,https://doi.org/10.1093/OED/1067776395,http://www.oed.com/dictionary/maiden-widowed_adj
readmiral,verb,1599,0,transitive. To make (a person) an admiral again.,derivative,,,Not in use,,transport/nautical/navy,https://doi.org/10.1093/OED/8281956904,http://www.oed.com/dictionary/readmiral_v
tapering,noun,1599,0,The using of tapers.,derivative,,,Not in use,,religion and belief/religion,https://doi.org/10.1093/OED/1362721727,http://www.oed.com/dictionary/tapering_n1
thieve-friend,noun,1599-,0,A friend of thieves.,compound,,,In current use,,,https://doi.org/10.1093/OED/1042281764,http://www.oed.com/dictionary/thieve-friend_n
tramontation,noun,1599,0,Setting (of the sun).,borrowing,,,Not in use,,,https://doi.org/10.1093/OED/4172500249,http://www.oed.com/dictionary/tramontation_n
troll-the-bowl,noun,1599,0,A person playing bowls.,compound,,,Not in use,,,https://doi.org/10.1093/OED/5452300490,http://www.oed.com/dictionary/troll-the-bowl_n
Turkize,verb,1599-,1,transitive. To make Turkish in character or form…,derivative,,,In current use,,,https://doi.org/10.1093/OED/4347751925,http://www.oed.com/dictionary/turkize_v
wondernize,verb,1599,0,transitive. To make a wonder or marvel of.,derivative,,,Not in use,,,https://doi.org/10.1093/OED/2206606353,http://www.oed.com/dictionary/wondernize_v
bellyship,noun,1600-,0,"The personality of the belly; cf. lordship, n…",derivative,,humorous,In current use,,,https://doi.org/10.1093/OED/4251187329,http://www.oed.com/dictionary/bellyship_n
bone-baster,noun,1600,0,"(A name for) a heavy stick or cudgel; cf. baster, n.²",compound,,,Not in use,,military/weaponry,https://doi.org/10.1093/OED/2483505787,http://www.oed.com/dictionary/bone-baster_n
defrock,verb,1600-,3,transitive. To deprive (a person in holy orders)…,borrowing,,,In current use,,"religion and belief/religion/Christianity/ecclesiastical, religion and belief/religion/Christianity/liturgical",https://doi.org/10.1093/OED/7511704855,http://www.oed.com/dictionary/defrock_v
Endymiony,noun,1600-,0,Sleepiness like that of Endymion.,proper name,,,In current use,,,https://doi.org/10.1093/OED/9443761844,http://www.oed.com/dictionary/endymiony_n
extravagate,verb,1600-,2,"intransitive. To wander away, stray, from, into…",borrowing,,,In current use,,,https://doi.org/10.1093/OED/7075782786,http://www.oed.com/dictionary/extravagate_v
frutify,verb,1600-,1,A comic blunder attributed to an illiterate…,variant,,,In current use,,,https://doi.org/10.1093/OED/6112291632,http://www.oed.com/dictionary/frutify_v
intellectuate,noun,1600,0,Intellectual character or position.,borrowing,,,Not in use,,,https://doi.org/10.1093/OED/1006934509,http://www.oed.com/dictionary/intellectuate_n
Israelize,verb,1600-,0,transitive. To make (a person or thing) Israeli…,derivative,,,In current use,,,https://doi.org/10.1093/OED/5903391142,http://www.oed.com/dictionary/israelize_v
mulish,adjective,1600-,3,Characteristic of a mule; resembling a mule…,derivative,,,In current use,,,https://doi.org/10.1093/OED/8699086639,http://www.oed.com/dictionary/mulish_adj
noncome,noun,1600,0,A state of bewilderment or insanity.,borrowing,,,Not in use,,,https://doi.org/10.1093/OED/5195545622,http://www.oed.com/dictionary/noncome_n
opposit,verb,1600-1881,0,transitive. To oppose; to be situated opposite or…,borrowing,,,Not in use,,philosophy/logic,https://doi.org/10.1093/OED/8751682852,http://www.oed.com/dictionary/opposit_v
pishery pashery,noun,1600,0,Perhaps: depreciatory or disparaging talk.,compound,,,Not in use,,,https://doi.org/10.1093/OED/7726209522,http://www.oed.com/dictionary/pishery-pashery_n
plutonize,verb,1600,0,transitive. To make infernal or demonic.,proper name,,,Not in use,,,https://doi.org/10.1093/OED/1266628612,http://www.oed.com/dictionary/plutonize_v
pulsidge,noun,1600,0,"Humorous blunder for pulse, n.²",variant,,,Not in use,,"sciences/medicine/anatomy, sciences/medicine/physiology",https://doi.org/10.1093/OED/1586982010,http://www.oed.com/dictionary/pulsidge_n
road,verb,1600-,3,transitive. Originally New Zealand. To provide…,conversion,,,In current use,,,https://doi.org/10.1093/OED/5548266873,http://www.oed.com/dictionary/road_v1
stitty stitty,adjective,1600,0,A derisive epithet applied to a stammerer.,imitative,,,Not in use,,,https://doi.org/10.1093/OED/3555114747,http://www.oed.com/dictionary/stitty-stitty_adj
stop-throat,adjective,1600,0,That tightly enwraps the throat.,compound,,,Not in use,,,https://doi.org/10.1093/OED/1021078037,http://www.oed.com/dictionary/stop-throat_adj
stud-wise,adverb,1600,0,In a studded pattern.,,,,Not in use,,,https://doi.org/10.1093/OED/9162536208,http://www.oed.com/dictionary/stud-wise_adv
survise,verb,1600,0,"transitive. To look upon, behold.",variant,,,Not in use,,,https://doi.org/10.1093/OED/4893742339,http://www.oed.com/dictionary/survise_v
Thetisie,noun,1600,0,The abode of Thetis and the Nereids; the watery realm.,derivative,,,Not in use,,sciences/physical sciences/earth sciences/geography/oceanography,https://doi.org/10.1093/OED/5324241611,http://www.oed.com/dictionary/thetisie_n
transfisticate,verb,1600,0,To strike or smash with the fist.,borrowing,,humorous,Not in use,,,https://doi.org/10.1093/OED/1122016071,http://www.oed.com/dictionary/transfisticate_v
white boy,noun,c1600-,4,Originally and chiefly in African American usage…,compound,,,In current use,,,https://doi.org/10.1093/OED/1997540964,http://www.oed.com/dictionary/white-boy_n
independency,noun,a1601-,4,The state or fact of being independent; =…,derivative,,,In current use,,,https://doi.org/10.1093/OED/1152610088,http://www.oed.com/dictionary/independency_n
burgullian,noun,1601,0,"A braggadocio, bully.",uncertain,,,Not in use,,,https://doi.org/10.1093/OED/8169533371,http://www.oed.com/dictionary/burgullian_n
dearing,noun,1601,0,Darling.,derivative,,,Not in use,,,https://doi.org/10.1093/OED/1030053778,http://www.oed.com/dictionary/dearing_n
equivocal,"adjective, noun",1601-,5,"Of words, phrases, etc.: Having different…",borrowing,,,In current use,,,https://doi.org/10.1093/OED/1448108368,http://www.oed.com/dictionary/equivocal_adj
groundling,noun,1601-,3,A frequenter of the ‘ground’ or pit of a theatre…,derivative,,,In current use,,,https://doi.org/10.1093/OED/9483090158,http://www.oed.com/dictionary/groundling_n
illocal,adjective,1601-,1,"Not local, having no place or location in space.",borrowing,,,In current use,,,https://doi.org/10.1093/OED/5044044924,http://www.oed.com/dictionary/illocal_adj
moon,verb,1601-,4,colloquial. intransitive. To move or behave…,conversion,,colloquial and slang,In current use,,,https://doi.org/10.1093/OED/1019302278,http://www.oed.com/dictionary/moon_v
pray away,noun,1601,0,"A person who (habitually) says ‘pray, (go) away’…",conversion,,,Not in use,,,https://doi.org/10.1093/OED/7960439446,http://www.oed.com/dictionary/pray-away_n
punketto,noun,1601,0,"A young prostitute. Cf. punkettee, n.",borrowing,,,Not in use,,,https://doi.org/10.1093/OED/1099856625,http://www.oed.com/dictionary/punketto_n1
puritano-papist,noun,1601,0,"= Puritan papist, n.",compound,,,Not in use,,religion and belief/religion,https://doi.org/10.1093/OED/4608133757,http://www.oed.com/dictionary/puritano-papist_n
sylly-jestical,adjective,1601,0,"= syllogistical, adj.",variant,,,Not in use,,philosophy/logic,https://doi.org/10.1093/OED/8544843804,http://www.oed.com/dictionary/sylly-jestical_adj
connive,verb,1602-,4,To shut one's eyes to an action that one ought to…,borrowing,,,In current use,,,https://doi.org/10.1093/OED/8166954369,http://www.oed.com/dictionary/connive_v
cotqueanity,noun,1602,0,Character or quality of a (female) cotquean.,derivative,,,Not in use,,,https://doi.org/10.1093/OED/5815787969,http://www.oed.com/dictionary/cotqueanity_n
dissociety,noun,1602,0,The opposite of companionship; mutual aversion.,derivative,,,Not in use,,,https://doi.org/10.1093/OED/7566846836,http://www.oed.com/dictionary/dissociety_n
Flushingize,verb,1602-,0,transitive. To make like an inhabitant of Flushing.,proper name,,,In current use,,,https://doi.org/10.1093/OED/9257644929,http://www.oed.com/dictionary/flushingize_v
incisioner,noun,1602,0,"One who makes incisions, a surgeon.",derivative,,,Not in use,,sciences/medicine/surgery,https://doi.org/10.1093/OED/1052183374,http://www.oed.com/dictionary/incisioner_n
nettlefy,verb,1602,0,"transitive. To wreathe with nettles; = nettle, v…",derivative,,,Not in use,,sciences/medicine,https://doi.org/10.1093/OED/7449858050,http://www.oed.com/dictionary/nettlefy_v
punkateero,noun,1602,0,"A procurer of prostitutes, a pimp, a pander.",derivative,,,Not in use,,,https://doi.org/10.1093/OED/1080645461,http://www.oed.com/dictionary/punkateero_n
stagean,adjective,1602,0,Characteristic or reminiscent of plays or…,derivative,,,Not in use,,arts/performing arts/theatre,https://doi.org/10.1093/OED/1181042270,http://www.oed.com/dictionary/stagean_adj
theaterian,noun,1602,0,A person connected with the theatre; an actor.,,,,Not in use,,arts/performing arts/theatre,https://doi.org/10.1093/OED/1806646324,http://www.oed.com/dictionary/theaterian_n
touchy,adjective,1602-,4,Highly sensitive in temper or disposition; easily…,derivative,,,In current use,,,https://doi.org/10.1093/OED/7207612738,http://www.oed.com/dictionary/touchy_adj
Turcical,adjective,1602,0,Characteristic or typical of the Turks; Turkish…,borrowing,,,Not in use,,,https://doi.org/10.1093/OED/8134378682,http://www.oed.com/dictionary/turcical_adj
dutiless,adjective,a1603-,2,Wanting in the performance of duty; undutiful…,derivative,,archaic,In current use,,,https://doi.org/10.1093/OED/4455756881,http://www.oed.com/dictionary/dutiless_adj
maidenless,adjective,a1603,0,Not truly chaste.,derivative,,,Not in use,,,https://doi.org/10.1093/OED/1019788941,http://www.oed.com/dictionary/maidenless_adj
ointling,noun,a1603,0,An anointed priest.,derivative,,disparaging,Not in use,,religion and belief/religion,https://doi.org/10.1093/OED/6854859467,http://www.oed.com/dictionary/ointling_n
disspur,verb,1603,0,transitive. To deprive (of spurs).,derivative,,,Not in use,,,https://doi.org/10.1093/OED/2024016842,http://www.oed.com/dictionary/disspur_v
embabuinized,adjective,1603,0,Infatuated (with).,borrowing,,,Not in use,,,https://doi.org/10.1093/OED/2324941070,http://www.oed.com/dictionary/embabuinized_adj
lovertine,adjective,1603,0,That enjoys being in love.,blend,,,Not in use,,,https://doi.org/10.1093/OED/5157709465,http://www.oed.com/dictionary/lovertine_adj
lurch-man,noun,1603,0,A pilferer.,compound,,,Not in use,,,https://doi.org/10.1093/OED/1503738324,http://www.oed.com/dictionary/lurch-man_n
multitudinous,adjective,1603-,4,With plural noun: existing in multitudes or great…,borrowing,,,In current use,,,https://doi.org/10.1093/OED/9563407819,http://www.oed.com/dictionary/multitudinous_adj
Petrarchistical,adjective,1603,0,Imitative of Petrarch.,proper name,,,Not in use,,arts/literature,https://doi.org/10.1093/OED/8136514843,http://www.oed.com/dictionary/petrarchistical_adj
sprucery,noun,1603-1844,0,humorous. The notional department responsible for…,derivative,,humorous,Not in use,,,https://doi.org/10.1093/OED/7078792076,http://www.oed.com/dictionary/sprucery_n
startle,noun,1603-,3,A start of surprise or alarm; an experience of…,conversion,,,In current use,,,https://doi.org/10.1093/OED/1036437768,http://www.oed.com/dictionary/startle_n
wiseacred,adjective,1603-,0,Having the character of a wiseacre (in quot. 1848…,derivative,,,In current use,,,https://doi.org/10.1093/OED/4661436727,http://www.oed.com/dictionary/wiseacred_adj
galled,adjective,1604-,1,"Mixed with gall, made bitter.",derivative,,,In current use,,,https://doi.org/10.1093/OED/1025387931,http://www.oed.com/dictionary/galled_adj1
sand dust,noun,1604,0,"= dust, n.¹ 3b.",compound,,,Not in use,,,https://doi.org/10.1093/OED/4362733954,http://www.oed.com/dictionary/sand-dust_n
stir-passion,noun,1604,0,Something that stirs or excites passion.,compound,,,Not in use,,,https://doi.org/10.1093/OED/1145534074,http://www.oed.com/dictionary/stir-passion_n
tobaccical,adjective,1604,0,"Pertaining to, addicted to, or caused by tobacco.",,,humorous,Not in use,,consumables/tobacco,https://doi.org/10.1093/OED/3641656304,http://www.oed.com/dictionary/tobaccical_adj
weener,noun,1604,0,"One who weens; easy weener, a credulous person.",derivative,,,Not in use,,,https://doi.org/10.1093/OED/3146726855,http://www.oed.com/dictionary/weener_n
kaily,adjective,a1605-,1,Having the characteristics of the ‘kailyard…,derivative,,,In current use,Britain and Ireland/British English/Scottish English,,https://doi.org/10.1093/OED/3509967253,http://www.oed.com/dictionary/kaily_adj
blindled,adjective,1605,0,Veiled; darkened.,derivative,,,Not in use,,,https://doi.org/10.1093/OED/5461693548,http://www.oed.com/dictionary/blindled_adj
cosmetic,"adjective, noun",1605-,5,Of surgery: improving or modifying the…,borrowing,,,In current use,,,https://doi.org/10.1093/OED/6202538272,http://www.oed.com/dictionary/cosmetic_adj
frog,verb,1605-,3,"intransitive, and transitive with it as object…",conversion,,colloquial and slang,In current use,North American English/U.S. English,,https://doi.org/10.1093/OED/4783972327,http://www.oed.com/dictionary/frog_v
gallant,verb,1605-,3,transitive. Of a man: to be charmingly attentive…,conversion,,,In current use,North American English/U.S. English,,https://doi.org/10.1093/OED/9305446465,http://www.oed.com/dictionary/gallant_v
idolant,noun,1605,0,A person who worships an idol or image as a god…,derivative,,,Not in use,,religion and belief/religion,https://doi.org/10.1093/OED/9528781437,http://www.oed.com/dictionary/idolant_n
legerdeheel,noun,1605,0,to play legerdeheel: (of a woman) to be sexually…,variant,,,Not in use,,,https://doi.org/10.1093/OED/1412220888,http://www.oed.com/dictionary/legerdeheel_n
moundless,adjective,1605,0,That is not a true world; formless.,derivative,,,Not in use,,,https://doi.org/10.1093/OED/2931554322,http://www.oed.com/dictionary/moundless_adj
pyrgopolinizing,adjective,1605,0,Acting in a manner characteristic of…,proper name,,,Not in use,,,https://doi.org/10.1093/OED/1177109296,http://www.oed.com/dictionary/pyrgopolinizing_adj
royalist,"noun, adjective",1605-,5,A supporter or adherent of a monarch or a…,derivative,,historical,In current use,,politics,https://doi.org/10.1093/OED/8735525517,http://www.oed.com/dictionary/royalist_n
stercoration,noun,1605-,1,The action or an act of manuring with dung.,borrowing,,,In current use,,agriculture and horticulture/agriculture,https://doi.org/10.1093/OED/6626209248,http://www.oed.com/dictionary/stercoration_n
stringent,adjective,1605-,5,"Of regulations, procedure, requirements…",borrowing,,,In current use,,,https://doi.org/10.1093/OED/5632253214,http://www.oed.com/dictionary/stringent_adj
surling,noun,1605,0,A surly fellow.,derivative,,,Not in use,,,https://doi.org/10.1093/OED/3433124060,http://www.oed.com/dictionary/surling_n
swallow-swifter,adjective,1605,0,Swifter than a swallow.,compound,,,Not in use,,,https://doi.org/10.1093/OED/8816828891,http://www.oed.com/dictionary/swallow-swifter_adj
sweat-sweet,adjective,1605,0,"Exuding a sweet, musky scent.",compound,,,Not in use,,,https://doi.org/10.1093/OED/6491646460,http://www.oed.com/dictionary/sweat-sweet_adj
tapskin,noun,1605,0,A drumstick.,compound,,,Not in use,,arts/performing arts/music,https://doi.org/10.1093/OED/4695469597,http://www.oed.com/dictionary/tapskin_n
thirstless,adjective,1605-,2,Having no thirst; not thirsty.,derivative,,,In current use,,,https://doi.org/10.1093/OED/8774802068,http://www.oed.com/dictionary/thirstless_adj
warliness,noun,1605,0,Warlike disposition; courage in war.,derivative,,,Not in use,,military,https://doi.org/10.1093/OED/1185989591,http://www.oed.com/dictionary/warliness_n
water-want,adjective,1605,0,That can endure shortage of water.,compound,,,Not in use,,,https://doi.org/10.1093/OED/9505016178,http://www.oed.com/dictionary/water-want_adj
with-child,verb,1605,0,"transitive. To ‘get with child’, make pregnant.",compound,,,Not in use,,sciences/medicine/physiology,https://doi.org/10.1093/OED/1101140351,http://www.oed.com/dictionary/with-child_v
zeal-scoffing,adjective,1605,0,That ridicules or derides religious devotion or zeal.,compound,,,Not in use,,religion and belief/religion,https://doi.org/10.1093/OED/2568825172,http://www.oed.com/dictionary/zeal-scoffing_adj
cheapth,noun,1606,0,Inexpensiveness or abundance of commodities…,derivative,,,Not in use,,economics and commerce,https://doi.org/10.1093/OED/9614219521,http://www.oed.com/dictionary/cheapth_n
coal-carrierly,adjective,1606,0,"Servile, low.",derivative,,,Not in use,,,https://doi.org/10.1093/OED/4129591072,http://www.oed.com/dictionary/coal-carrierly_adj
compend,verb,1606-,2,To narrate briefly.,conversion,,,In current use,,,https://doi.org/10.1093/OED/2765846003,http://www.oed.com/dictionary/compend_v
disarithmetic,verb,1606,0,transitive. Perhaps: to exclude from an…,derivative,,,Not in use,,,https://doi.org/10.1093/OED/4184804674,http://www.oed.com/dictionary/disarithmetic_v
disknow,verb,1606,0,transitive. To fail to know or acknowledge.,derivative,,,Not in use,,,https://doi.org/10.1093/OED/8012312631,http://www.oed.com/dictionary/disknow_v
disself,verb,1606,0,To put (a person) beside himself or herself; to…,derivative,,,Not in use,,,https://doi.org/10.1093/OED/6587343762,http://www.oed.com/dictionary/disself_v
earled,adjective,1606,0,Raised to the rank of earl.,derivative,,,Not in use,,,https://doi.org/10.1093/OED/5020466772,http://www.oed.com/dictionary/earled_adj
foreshorten,verb,1606-,4,transitive. Of the effect of visual perspective…,derivative,,,In current use,,arts/visual arts/painting and drawing,https://doi.org/10.1093/OED/6149139812,http://www.oed.com/dictionary/foreshorten_v
individuity,noun,1606-,1,The fact or condition of being an individual…,borrowing,,,In current use,,,https://doi.org/10.1093/OED/1090421991,http://www.oed.com/dictionary/individuity_n
infernalship,noun,1606-,0,The personality of an ‘infernal’.,derivative,,,In current use,,,https://doi.org/10.1093/OED/8909096506,http://www.oed.com/dictionary/infernalship_n
lobsterize,verb,1606,0,"intransitive. To move backwards, as a lobster is…",derivative,,,Not in use,,,https://doi.org/10.1093/OED/7781745711,http://www.oed.com/dictionary/lobsterize_v
primeful,adjective,1606,0,Characterized by being in the prime of life; youthful.,derivative,,,Not in use,,,https://doi.org/10.1093/OED/1098699410,http://www.oed.com/dictionary/primeful_adj
septipedal,adjective,1606,0,Seven feet in length.,borrowing,,,Not in use,,technology/measurement,https://doi.org/10.1093/OED/9320995051,http://www.oed.com/dictionary/septipedal_adj
sepulchromany,noun,1606,0,‘Mania’ relating to burial.,compound,,,Not in use,,,https://doi.org/10.1093/OED/1014204606,http://www.oed.com/dictionary/sepulchromany_n
standard,verb,1606-1873,0,transitive. Scottish. With out. To display (a…,conversion,,,Not in use,,,https://doi.org/10.1093/OED/9469197294,http://www.oed.com/dictionary/standard_v
steepful,adjective,1606,0,"Abounding in steeps, steep.",derivative,,,Not in use,,,https://doi.org/10.1093/OED/1144890520,http://www.oed.com/dictionary/steepful_adj
step-bairn,verb,1606,0,transitive. To treat (a person) as a stepchild…,conversion,,,Not in use,Britain and Ireland/British English/Scottish English,,https://doi.org/10.1093/OED/4582772893,http://www.oed.com/dictionary/step-bairn_v
thus,verb,1606,0,(intransitive) to do thus.,conversion,,,Not in use,,,https://doi.org/10.1093/OED/1141305430,http://www.oed.com/dictionary/thus_v
transplantively,adverb,1606,0,In the way of transplantation.,derivative,,,Not in use,,,https://doi.org/10.1093/OED/9670863707,http://www.oed.com/dictionary/transplantively_adv
twine,noun,1606,0,"Division, separation, disunion.",blend,,,Not in use,,,https://doi.org/10.1093/OED/3630921131,http://www.oed.com/dictionary/twine_n2
unpass,verb,1606,0,"transitive. To rescind (a pledge). Cf. pass, v. X.46a.",derivative,,,Not in use,,,https://doi.org/10.1093/OED/4612714563,http://www.oed.com/dictionary/unpass_v
wilfulling,noun,1606,0,A wilful act.,,,,Not in use,,,https://doi.org/10.1093/OED/8293714496,http://www.oed.com/dictionary/wilfulling_n
womanshire,noun,1606,0,A notional place in which women reside.,compound,,,Not in use,,,https://doi.org/10.1093/OED/6627804394,http://www.oed.com/dictionary/womanshire_n
angel-proof,noun,1607,0,(With reference to gold) purity of the standard…,compound,,,Not in use,,manufacturing and industry/manufacturing/metal industry,https://doi.org/10.1093/OED/8185724674,http://www.oed.com/dictionary/angel-proof_n
coach coffer,noun,1607,0,A box belonging to the driver of a horse-drawn…,compound,,,Not in use,,"crafts and trades/carriage-building, sport and leisure/horses and riding",https://doi.org/10.1093/OED/6019098516,http://www.oed.com/dictionary/coach-coffer_n
coach treats,noun,1607,0,"The straps, chains, or ropes by which a horse is…",compound,,,Not in use,,,https://doi.org/10.1093/OED/1081237890,http://www.oed.com/dictionary/coach-treats_n
detomb,verb,1607,0,transitive. To deliver from the tomb.,derivative,,,Not in use,,,https://doi.org/10.1093/OED/9075663652,http://www.oed.com/dictionary/detomb_v
ellipsed,adjective,1607,0,Characterized by ellipsis.,derivative,,,Not in use,,,https://doi.org/10.1093/OED/4424539248,http://www.oed.com/dictionary/ellipsed_adj
first,verb,1607-,3,"transitive. To propose (a resolution), to be the…",conversion,,,In current use,,,https://doi.org/10.1093/OED/2291766764,http://www.oed.com/dictionary/first_v
gnostic,"adjective, noun",1607-,4,Relating to knowledge; cognitive; intellectual.,borrowing,,,In current use,,religion and belief/religion/Christianity,https://doi.org/10.1093/OED/4502491968,http://www.oed.com/dictionary/gnostic_adj
head-lined,adjective,1607,0,Of a helmet: enclosing a head.,compound,,,Not in use,,"crafts and trades/costume/hats, military/armour",https://doi.org/10.1093/OED/1906427539,http://www.oed.com/dictionary/head-lined_adj1
maritorious,adjective,1607-,1,Displaying or characterized by such fondness.,borrowing,,,In current use,,,https://doi.org/10.1093/OED/2340380175,http://www.oed.com/dictionary/maritorious_adj
massing-mate,noun,1607,0,The priest who celebrates mass.,compound,,,Not in use,,religion and belief/religion,https://doi.org/10.1093/OED/8097922957,http://www.oed.com/dictionary/massing-mate_n
meatified,adjective,1607,0,Probably: corpulent.,derivative,,,Not in use,,,https://doi.org/10.1093/OED/6055081128,http://www.oed.com/dictionary/meatified_adj
mouth to mouth,verb,1607,0,intransitive. To speak face to face.,compound,,humorous,Not in use,,,https://doi.org/10.1093/OED/3618463463,http://www.oed.com/dictionary/mouth-to-mouth_v
peeper,noun,1607-,3,A person who peeps or peers; esp. one who pries…,derivative,,colloquial and slang,In current use,,,https://doi.org/10.1093/OED/7234657734,http://www.oed.com/dictionary/peeper_n2
polytragic,adjective,1607,0,Containing many tragedies.,compound,,,Not in use,,arts/performing arts/theatre,https://doi.org/10.1093/OED/9502816327,http://www.oed.com/dictionary/polytragic_adj
seed crown,noun,1607-,1,Botany. Originally: the pappus on a fruit or…,compound,,,In current use,,sciences/life sciences/plants,https://doi.org/10.1093/OED/1179140048,http://www.oed.com/dictionary/seed-crown_n
Turkisher,noun,1607,0,A Turk.,derivative,,,Not in use,,,https://doi.org/10.1093/OED/1014041578,http://www.oed.com/dictionary/turkisher_n
babliaminy,noun,1608,0,A babbler.,compound,,,Not in use,,,https://doi.org/10.1093/OED/5968889863,http://www.oed.com/dictionary/babliaminy_n
bawdreaminy,noun,1608,0,"Probably: bawdiness (bawdiness, n.¹); lewdness…",compound,,,Not in use,,,https://doi.org/10.1093/OED/3089643211,http://www.oed.com/dictionary/bawdreaminy_n
buff,verb,1608-,3,In phrase to buff it. To play blind man's buff…,shortening,,,In current use,,,https://doi.org/10.1093/OED/5092492529,http://www.oed.com/dictionary/buff_v5
Catacatholic,adjective,1608,0,Of or relating to an apparent or supposed form of…,derivative,,,Not in use,,,https://doi.org/10.1093/OED/9624496174,http://www.oed.com/dictionary/catacatholic_adj
cherry,verb,1608,0,transitive. To impart a cherry-like colour to; to…,conversion,,,Not in use,,,https://doi.org/10.1093/OED/1130035616,http://www.oed.com/dictionary/cherry_v1
decheerful,adjective,1608,0,"Void of cheerfulness, melancholy.",derivative,,,Not in use,,,https://doi.org/10.1093/OED/2356486389,http://www.oed.com/dictionary/decheerful_adj
monster,verb,1608-,3,colloquial (originally Australian). transitive…,conversion,,colloquial and slang,In current use,Australasian English/Australian English,,https://doi.org/10.1093/OED/1149293659,http://www.oed.com/dictionary/monster_v
palace-mouse,noun,1608,0,An obsequious courtier.,compound,,,Not in use,,,https://doi.org/10.1093/OED/5550993200,http://www.oed.com/dictionary/palace-mouse_n
separatist,"noun, adjective",1608-,5,One who advocates political separation; applied…,derivative,,,In current use,,religion and belief/religion/Christianity/ecclesiastical,https://doi.org/10.1093/OED/5586881607,http://www.oed.com/dictionary/separatist_n
sharking,adjective,1608-,3,That ‘sharks’; †that oppresses by extortion…,derivative,,,In current use,,,https://doi.org/10.1093/OED/5793061352,http://www.oed.com/dictionary/sharking_adj
trans-village,verb,1608,0,transitive. To transform or reduce (a town) to…,derivative,,,Not in use,,,https://doi.org/10.1093/OED/9599826264,http://www.oed.com/dictionary/trans-village_v
trunk,verb,1608-,3,To cover or enclose as with a casing; see quots.,conversion,,,In current use,,manufacturing and industry/mining,https://doi.org/10.1093/OED/6327776231,http://www.oed.com/dictionary/trunk_v2
watch-birth,noun,1608,0,A literary work brought into being by watching.,compound,,,Not in use,,arts/literature,https://doi.org/10.1093/OED/9286556023,http://www.oed.com/dictionary/watch-birth_n
aneabil,adjective,1609,0,"Of a person: single, unmarried.",derivative,,,Not in use,Britain and Ireland/British English/Scottish English,,https://doi.org/10.1093/OED/7443166387,http://www.oed.com/dictionary/aneabil_adj
broker between,noun,1609,0,An intermediary in romantic or sexual relationships.,compound,,,Not in use,,,https://doi.org/10.1093/OED/3943075501,http://www.oed.com/dictionary/broker-between_n
caged,adjective,1609-,4,"Confined in, or as in, a cage. Also with in.",derivative,,,In current use,,,https://doi.org/10.1093/OED/1108613176,http://www.oed.com/dictionary/caged_adj
derident,adjective,1609,0,"? Deriding, or smiling.",borrowing,,,Not in use,,,https://doi.org/10.1093/OED/6797064198,http://www.oed.com/dictionary/derident_adj
hempenly,adjective,1609,0,Relating to or connected with hemp.,derivative,,,Not in use,,,https://doi.org/10.1093/OED/4728960341,http://www.oed.com/dictionary/hempenly_adj
inserene,verb,1609,0,transitive. To render cloudy or not serene; to cloud.,derivative,,,Not in use,,sciences/physical sciences/earth sciences/geography/weather,https://doi.org/10.1093/OED/3545924751,http://www.oed.com/dictionary/inserene_v
mealiness,noun,1609-,3,The quality or condition of being mealy. Also in…,derivative,,,In current use,,"sciences/life sciences/plants, technology/photography",https://doi.org/10.1093/OED/4430493625,http://www.oed.com/dictionary/mealiness_n
rank-rode,adjective,1609,0,That has ridden furiously.,compound,,,Not in use,,,https://doi.org/10.1093/OED/9839357747,http://www.oed.com/dictionary/rank-rode_adj
serving-man,verb,1609,0,transitive (in passive). To be attended by a…,conversion,,,Not in use,,,https://doi.org/10.1093/OED/3928612702,http://www.oed.com/dictionary/serving-man_v
anti-Judaism,noun,1610-,0,"Opposition, hostility, or prejudice towards…",derivative,,,In current use,,religion and belief/religion/Judaism,https://doi.org/10.1093/OED/6581850652,http://www.oed.com/dictionary/anti-judaism_n
conterminant,"adjective, noun",1610-,1,Terminating together (in time).,borrowing,,,In current use,,,https://doi.org/10.1093/OED/1196049047,http://www.oed.com/dictionary/conterminant_adj
debash,verb,1610,0,To abash.,derivative,,,Not in use,,,https://doi.org/10.1093/OED/9202405570,http://www.oed.com/dictionary/debash_v
dismay,verb,1610,0,transitive. To strip of May-blossom.,derivative,,,Not in use,,,https://doi.org/10.1093/OED/8062182451,http://www.oed.com/dictionary/dismay_v2
disworkmanship,noun,1610,0,Bad or defective workmanship.,derivative,,,Not in use,,,https://doi.org/10.1093/OED/1053231672,http://www.oed.com/dictionary/disworkmanship_n
graping,adjective,1610,0,Bearing grapes.,derivative,,,Not in use,,,https://doi.org/10.1093/OED/8482046475,http://www.oed.com/dictionary/graping_adj
little-bless,verb,1610,0,transitive to curse.,compound,,,Not in use,,,https://doi.org/10.1093/OED/3551396806,http://www.oed.com/dictionary/little-bless_v
marquetrizing,adjective,1610,0,That works in marquetry (in quot. 1610 figurative).,derivative,,,Not in use,,,https://doi.org/10.1093/OED/6622877787,http://www.oed.com/dictionary/marquetrizing_adj
pardonous,adjective,1610,0,Full of pardon.,derivative,,,Not in use,,,https://doi.org/10.1093/OED/2327340565,http://www.oed.com/dictionary/pardonous_adj
puffy-light,verb,1610,0,(transitive) to impart a puffy lightness to (soil).,compound,,,Not in use,,,https://doi.org/10.1093/OED/2412415815,http://www.oed.com/dictionary/puffy-light_v
drinkable,"adjective, noun",1611-,4,"That may be drunk, suitable for drinking, potable.",derivative,,,In current use,,,https://doi.org/10.1093/OED/1061567639,http://www.oed.com/dictionary/drinkable_adj
freshment,noun,1611,0,Refreshing influence.,derivative,,,Not in use,,,https://doi.org/10.1093/OED/6508687089,http://www.oed.com/dictionary/freshment_n
Gothic,"adjective, noun",1611-,5,"Of, pertaining to, or concerned with the Goths or…",borrowing,,,In current use,,,https://doi.org/10.1093/OED/1105180721,http://www.oed.com/dictionary/gothic_adj
hayey,adjective,1611-,1,Of the nature of or resembling hay.,derivative,,,In current use,,,https://doi.org/10.1093/OED/7886224591,http://www.oed.com/dictionary/hayey_adj
indock,verb,1611,0,"To put in dock, to dock: in quot. 1611 figurative…",derivative,,,Not in use,,,https://doi.org/10.1093/OED/5988106387,http://www.oed.com/dictionary/indock_v
meretriculate,verb,1611,0,transitive. To deceive in the manner of a prostitute.,blend,,,Not in use,,,https://doi.org/10.1093/OED/3093860227,http://www.oed.com/dictionary/meretriculate_v
pot-sick,adjective,1611-1872,0,"a. Drunk, intoxicated; b. (of a plant) pot-bound…",compound,,,Not in use,,"agriculture and horticulture/horticulture, sciences/life sciences/plants",https://doi.org/10.1093/OED/6578834170,http://www.oed.com/dictionary/pot-sick_adj
stupple,noun,1611,0,Probably: a stepping stone or a row of these.,variant,,,Not in use,,,https://doi.org/10.1093/OED/9453593206,http://www.oed.com/dictionary/stupple_n
synonymize,verb,1611-,3,To use synonyms; to express the same meaning by…,borrowing,,,In current use,,language/linguistics,https://doi.org/10.1093/OED/7825742418,http://www.oed.com/dictionary/synonymize_v
tremulous,adjective,1611-,4,"Of persons, their limbs, etc.: Characterized or…",borrowing,,,In current use,,,https://doi.org/10.1093/OED/6522098959,http://www.oed.com/dictionary/tremulous_adj
wafty,adjective,1611-,2,Of the wind: That wafts a perfume.,derivative,,,In current use,,,https://doi.org/10.1093/OED/4217525366,http://www.oed.com/dictionary/wafty_adj
whatness,noun,1611-,3,That which makes a thing what it is; essential…,derivative,,,In current use,,,https://doi.org/10.1093/OED/5469165136,http://www.oed.com/dictionary/whatness_n
woodcockize,verb,1611-,0,"(transitive) to make a ‘woodcock’ of, to befool.",derivative,,,In current use,,,https://doi.org/10.1093/OED/2245400739,http://www.oed.com/dictionary/woodcockize_v
stand-fight,noun,?1611,0,A hand-to-hand fight; cf. fight of stand n. at…,compound,,,Not in use,,,https://doi.org/10.1093/OED/1066716401,http://www.oed.com/dictionary/stand-fight_n
aqueity,noun,1612,0,The essential principle of water; watery quality.,borrowing,,,Not in use,,,https://doi.org/10.1093/OED/2854967632,http://www.oed.com/dictionary/aqueity_n
enclitical,adjective,1612-1773,0,"= enclitic, adj.",borrowing,,,Not in use,,language/linguistics/phonetics,https://doi.org/10.1093/OED/6720763168,http://www.oed.com/dictionary/enclitical_adj
equisufficiency,noun,1612,0,The being equally sufficient.,compound,,,Not in use,,,https://doi.org/10.1093/OED/4516295899,http://www.oed.com/dictionary/equisufficiency_n
kennelage,noun,1612,0,"A system of kennels, gutters collectively.",derivative,,,Not in use,,agriculture and horticulture/agriculture,https://doi.org/10.1093/OED/4317930042,http://www.oed.com/dictionary/kennelage_n
killbuck,noun,1612-1826,0,A fierce-looking fellow.,compound,,,Not in use,,agriculture and horticulture/agriculture,https://doi.org/10.1093/OED/9783922093,http://www.oed.com/dictionary/killbuck_n
light-bed,verb,1612,0,intransitive. Of a vessel: to run aground lightly.,compound,,,Not in use,,transport/nautical,https://doi.org/10.1093/OED/1274639375,http://www.oed.com/dictionary/light-bed_v
lonedom,noun,1612,0,Solitariness.,derivative,,,Not in use,,,https://doi.org/10.1093/OED/3387850434,http://www.oed.com/dictionary/lonedom_n
popomastic,adjective,1612,0,Attacking the Pope.,borrowing,,humorous,Not in use,,,https://doi.org/10.1093/OED/4143755416,http://www.oed.com/dictionary/popomastic_adj
punkettee,noun,1612,0,"A young prostitute. Cf. punketto, n.¹",derivative,,,Not in use,,,https://doi.org/10.1093/OED/3299746519,http://www.oed.com/dictionary/punkettee_n
smockage,noun,1612-,0,(See quot. 1612.),derivative,,,In current use,,,https://doi.org/10.1093/OED/1425089442,http://www.oed.com/dictionary/smockage_n
tavernly,adjective,1612-,0,Smacking of the tavern.,derivative,,,In current use,,,https://doi.org/10.1093/OED/1038009325,http://www.oed.com/dictionary/tavernly_adj
meteoric,adjective,?1612-,4,"Astronomy. Of, relating to, derived from, or…",derivative,,,In current use,,sciences/physical sciences/astronomy,https://doi.org/10.1093/OED/4372870541,http://www.oed.com/dictionary/meteoric_adj
fashionly,adjective,1613,0,Perhaps: influenced by changes in fashion; fashionable.,derivative,,,Not in use,,,https://doi.org/10.1093/OED/4492018563,http://www.oed.com/dictionary/fashionly_adj
harbingership,noun,1613-,0,The office or position of a harbinger.,derivative,,,In current use,,,https://doi.org/10.1093/OED/8813801494,http://www.oed.com/dictionary/harbingership_n
murrain-strike,verb,1613,0,transitive. To infect with murrain.,compound,,,Not in use,,,https://doi.org/10.1093/OED/9842350972,http://www.oed.com/dictionary/murrain-strike_v
pezantic,adjective,1613,0,"Like a peasant; rustic, uncouth.",derivative,,,Not in use,,,https://doi.org/10.1093/OED/9200073785,http://www.oed.com/dictionary/pezantic_adj
pinionist,noun,1613,0,A winged creature.,derivative,,,Not in use,,sciences/life sciences/animals,https://doi.org/10.1093/OED/2503939726,http://www.oed.com/dictionary/pinionist_n
polyotical,adjective,1613,0,Having many ears (figurative in quot.).,,,,Not in use,,,https://doi.org/10.1093/OED/1104556429,http://www.oed.com/dictionary/polyotical_adj
polypragmist,noun,1613,0,"= polypragmatist, n.",borrowing,,,Not in use,,,https://doi.org/10.1093/OED/1129058671,http://www.oed.com/dictionary/polypragmist_n
popinian,noun,1613,0,A Roman Catholic.,compound,,,Not in use,,religion and belief/religion/Christianity/Roman Catholic Church,https://doi.org/10.1093/OED/1835710009,http://www.oed.com/dictionary/popinian_n
shelly,noun,1613-,1,A shell.,derivative,,,In current use,,,https://doi.org/10.1093/OED/1142758581,http://www.oed.com/dictionary/shelly_n
specialize,verb,1613-,6,"transitive. To make special, specific, or…",derivative,,,In current use,,,https://doi.org/10.1093/OED/2566400720,http://www.oed.com/dictionary/specialize_v
stiletto,verb,1613-,2,"transitive. To stab, esp. mortally, with a stiletto.",conversion,,,In current use,,sciences/medicine,https://doi.org/10.1093/OED/8450614868,http://www.oed.com/dictionary/stiletto_v
taurine,"adjective, noun",1613-,4,"Of, pertaining to, of the nature of, or…",borrowing,,,In current use,,"sciences/life sciences/animals, sport and leisure/sport/blood sports/bullfighting",https://doi.org/10.1093/OED/5204374689,http://www.oed.com/dictionary/taurine_adj
turn-served,adjective,1613,0,That has acted in a self-interested way. See to…,compound,,,Not in use,,,https://doi.org/10.1093/OED/6586433880,http://www.oed.com/dictionary/turn-served_adj
woodist,noun,1613,0,An imaginary uncivilized human-like creature…,derivative,,,Not in use,,,https://doi.org/10.1093/OED/2730144330,http://www.oed.com/dictionary/woodist_n
decatessarad,noun,a1614,0,A poem of 14 lines.,borrowing,,,Not in use,,arts/literature,https://doi.org/10.1093/OED/1976463709,http://www.oed.com/dictionary/decatessarad_n
Dagonals,noun,1614-,0,(plural) rites or orgies in honour of Dagon.,,,,In current use,,religion and belief/religion,https://doi.org/10.1093/OED/3169020758,http://www.oed.com/dictionary/dagonals_n
justice-height,adverb,1614,0,"At or to the level of a justice (justice, n. II.5).",compound,,,Not in use,,,https://doi.org/10.1093/OED/6362487335,http://www.oed.com/dictionary/justice-height_adv
melancholy hat,noun,1614,0,(Probably) a mourning hat (but cf. quot. 1598 at…,compound,,,Not in use,,crafts and trades/costume/hats,https://doi.org/10.1093/OED/6710728510,http://www.oed.com/dictionary/melancholy-hat_n
nitigram,noun,1614,0,An inept or mediocre epigram.,compound,,,Not in use,,,https://doi.org/10.1093/OED/1024455840,http://www.oed.com/dictionary/nitigram_n
Pegase,verb,1614,0,transitive. To serve or dispatch in the manner of…,conversion,,,Not in use,,,https://doi.org/10.1093/OED/6152017364,http://www.oed.com/dictionary/pegase_v
watch George,noun,1614,0,A representation of St George in the form of a…,compound,,,Not in use,,crafts and trades/costume/jewellery,https://doi.org/10.1093/OED/1001032166,http://www.oed.com/dictionary/watch-george_n
built,noun,?1614-1846,0,The way in which something (esp. a ship) is…,conversion,,,Not in use,,,https://doi.org/10.1093/OED/1620396854,http://www.oed.com/dictionary/built_n
contraband,verb,1615-,2,intransitive. To smuggle.,conversion,,,In current use,,economics and commerce,https://doi.org/10.1093/OED/1782282509,http://www.oed.com/dictionary/contraband_v1
dive-dopping,adjective,1615-,0,Diving or ducking like a dabchick.,,,,In current use,,,https://doi.org/10.1093/OED/5690921934,http://www.oed.com/dictionary/dive-dopping_adj
hobgoblinet,noun,1615,0,A small hobgoblin.,derivative,,,Not in use,,religion and belief/mythology,https://doi.org/10.1093/OED/8204671082,http://www.oed.com/dictionary/hobgoblinet_n
percunctorily,adverb,1615,0,Lazily; in a dilatory manner.,borrowing,,,Not in use,,,https://doi.org/10.1093/OED/7852281651,http://www.oed.com/dictionary/percunctorily_adv
pewter language,noun,1615,0,The language of the tavern.,compound,,,Not in use,,,https://doi.org/10.1093/OED/2845281588,http://www.oed.com/dictionary/pewter-language_n
pot-hardy,adjective,1615,0,Emboldened as a result of inebriation; cf…,compound,,,Not in use,,,https://doi.org/10.1093/OED/4290280767,http://www.oed.com/dictionary/pot-hardy_adj
sancticolist,noun,1615-,0,A worshipper of saints.,borrowing,,,In current use,,religion and belief/religion,https://doi.org/10.1093/OED/8194332310,http://www.oed.com/dictionary/sancticolist_n
whip-broth,noun,1615,0,"A ‘taste of the whip’, a flogging.",compound,,humorous,Not in use,,,https://doi.org/10.1093/OED/1057647550,http://www.oed.com/dictionary/whip-broth_n
foe-Troy,adjective,?1615,0,Hostile to Troy.,compound,,,Not in use,,,https://doi.org/10.1093/OED/3636211337,http://www.oed.com/dictionary/foe-troy_adj
shapeful,adjective,?1615-,1,Shapely.,derivative,,,In current use,,,https://doi.org/10.1093/OED/2353621089,http://www.oed.com/dictionary/shapeful_adj
bass,verb,a1616-,3,To utter or proclaim with bass voice or sound.,conversion,,,In current use,,,https://doi.org/10.1093/OED/1098566210,http://www.oed.com/dictionary/bass_v2
bias drawing,noun,a1616,0,"Deviation from the truth, insincerity.",compound,,,Not in use,,,https://doi.org/10.1093/OED/1087442750,http://www.oed.com/dictionary/bias-drawing_n
directitude,noun,a1616,0,"Apparently: discredit, disgrace.",compound,,,Not in use,,,https://doi.org/10.1093/OED/1207856093,http://www.oed.com/dictionary/directitude_n
empiricutic,adjective,a1616,0,Empirical.,variant,,,Not in use,,sciences/medicine/pharmacology,https://doi.org/10.1093/OED/8247768341,http://www.oed.com/dictionary/empiricutic_adj
five-finger-tied,adjective,a1616-,0,? tied with all the fingers of the hand.,compound,,,In current use,,,https://doi.org/10.1093/OED/4423723695,http://www.oed.com/dictionary/five-finger-tied_adj
flapdragon,verb,a1616,0,(transitive) to swallow as one would a flap-dragon.,,,,Not in use,,,https://doi.org/10.1093/OED/3697346238,http://www.oed.com/dictionary/flapdragon_v
fleer,noun,a1616-,2,"A mocking look or speech; a sneer, a gibe…",conversion,,,In current use,,,https://doi.org/10.1093/OED/7612434769,http://www.oed.com/dictionary/fleer_n2
fool-begged,adjective,a1616,0,"Foolish, ridiculous; cf. to beg (a person) for a…",compound,,,Not in use,,,https://doi.org/10.1093/OED/1169263133,http://www.oed.com/dictionary/fool-begged_adj
fortune-tell,verb,a1616-,2,"A back-formation from fortune-teller, n.",,,,In current use,,,https://doi.org/10.1093/OED/7634169938,http://www.oed.com/dictionary/fortune-tell_v
hobnob,"adverb, interjection, adjective",a1616-,2,to drink hobnob and variants: to drink a toast…,variant,,,In current use,,,https://doi.org/10.1093/OED/1188680114,http://www.oed.com/dictionary/hobnob_adv
impeticos,verb,a1616,0,transitive. To put (something) into one's pocket…,variant,,,Not in use,,,https://doi.org/10.1093/OED/3388904083,http://www.oed.com/dictionary/impeticos_v
kitchen,verb,a1616-,5,"intransitive and transitive. To prepare food, a…",conversion,,,In current use,"Britain and Ireland/British English/English regional/English regional (northern), Britain and Ireland/British English/Scottish English, Britain and Ireland/Irish English",consumables/food and cooking,https://doi.org/10.1093/OED/5803909863,http://www.oed.com/dictionary/kitchen_v
labra,noun,a1616,0,A lip.,borrowing,,,Not in use,,,https://doi.org/10.1093/OED/9769393822,http://www.oed.com/dictionary/labra_n
lapse,verb,a1616-,5,"Law. Of a benefice, an estate, a right, etc.: To…",borrowing,,,In current use,,,https://doi.org/10.1093/OED/6992494765,http://www.oed.com/dictionary/lapse_v
minute jack,noun,a1616,0,A fickle or changeable person.,compound,,,Not in use,,,https://doi.org/10.1093/OED/1001781003,http://www.oed.com/dictionary/minute-jack_n
moy,noun,a1616,0,Apparently: a coin of an imaginary type.,borrowing,,,Not in use,,,https://doi.org/10.1093/OED/3518254837,http://www.oed.com/dictionary/moy_n2
necessity,verb,a1616-1827,0,transitive. To bring into a state of need or…,conversion,,,Not in use,,,https://doi.org/10.1093/OED/8419848727,http://www.oed.com/dictionary/necessity_v
over-office,verb,a1616,0,transitive. To lord it over by virtue of one's…,derivative,,,Not in use,,,https://doi.org/10.1093/OED/1177743412,http://www.oed.com/dictionary/over-office_v
pignut,noun,a1616-,3,"The sweetish edible tuber of Conopodium majus, a…",compound,,,In current use,,sciences/life sciences/plants,https://doi.org/10.1093/OED/7920200513,http://www.oed.com/dictionary/pignut_n
sacrificial,adjective,a1616-,5,Relating to or connected with sacrifice.,borrowing,,,In current use,,religion and belief/religion,https://doi.org/10.1093/OED/1152613745,http://www.oed.com/dictionary/sacrificial_adj
testern,verb,a1616,0,transitive. To present with a tester; to ‘tip’.,derivative,,,Not in use,,economics and commerce,https://doi.org/10.1093/OED/2673642107,http://www.oed.com/dictionary/testern_v
virgin,verb,a1616-,0,transitive with it as object. To be or behave…,conversion,,,In current use,,,https://doi.org/10.1093/OED/1047347280,http://www.oed.com/dictionary/virgin_v
wailing robes,noun,a1616-,1,Mourning garments.,compound,,,In current use,,crafts and trades/costume,https://doi.org/10.1093/OED/1879723324,http://www.oed.com/dictionary/wailing-robes_n
adventry,noun,1616,0,An adventure; an enterprise or undertaking.,derivative,,,Not in use,,,https://doi.org/10.1093/OED/3751469827,http://www.oed.com/dictionary/adventry_n
citticism,noun,1616,0,Urban manner.,,,,Not in use,,,https://doi.org/10.1093/OED/7037921010,http://www.oed.com/dictionary/citticism_n
hipparchy,noun,1616-,2,"Ancient Greek History. A unit of cavalry, spec…",borrowing,,,In current use,,"history/ancient history/classical history/ancient Greek history, military",https://doi.org/10.1093/OED/6932144865,http://www.oed.com/dictionary/hipparchy_n
incidental,"adjective, noun",1616-,5,Occurring or liable to occur in fortuitous or…,derivative,,,In current use,,,https://doi.org/10.1093/OED/3202453663,http://www.oed.com/dictionary/incidental_adj
long-yarned,adjective,1616,0,(Of life) very or excessively long.,compound,,,Not in use,,,https://doi.org/10.1093/OED/1062402178,http://www.oed.com/dictionary/long-yarned_adj
mentalist,"noun, adjective",1616-,3,A person characterized by regard… A magician who…,derivative,,,In current use,,,https://doi.org/10.1093/OED/1046862251,http://www.oed.com/dictionary/mentalist_n
potling,noun,1616,0,"A drunkard. Cf. poetling, n.",derivative,,,Not in use,,,https://doi.org/10.1093/OED/9451287269,http://www.oed.com/dictionary/potling_n
pot verdugo,noun,1616,0,Giddiness induced by drinking alcohol.,,,,Not in use,,,https://doi.org/10.1093/OED/4884529198,http://www.oed.com/dictionary/pot-verdugo_n
rouncy,noun,1616,0,The sound of a clap of thunder. Cf. rounce robble…,derivative,,,Not in use,,,https://doi.org/10.1093/OED/1156665181,http://www.oed.com/dictionary/rouncy_n2
saturnized,adjective,1616-1846,0,Astrology. Under the supposed influence of…,derivative,,,Not in use,,sciences/physical sciences,https://doi.org/10.1093/OED/8916457822,http://www.oed.com/dictionary/saturnized_adj
topping,"adjective, adverb",1616-,3,colloquial (chiefly British). Of high quality…,derivative,,colloquial and slang,In current use,Britain and Ireland/British English,,https://doi.org/10.1093/OED/2313659942,http://www.oed.com/dictionary/topping_adj
Brownism,noun,a1617-,3,The system of church-government advocated 1581 by…,proper name,,,In current use,,"religion and belief/religion/Christianity/Scottish Church, religion and belief/religion/Christianity/ecclesiastical",https://doi.org/10.1093/OED/3301572506,http://www.oed.com/dictionary/brownism_n
dulically,adverb,1617-,0,By way of dulia.,derivative,,,In current use,,religion and belief/religion,https://doi.org/10.1093/OED/4742382051,http://www.oed.com/dictionary/dulically_adv
meritress,noun,1617,0,A woman who merits something. (In quot. 1617…,derivative,,,Not in use,,,https://doi.org/10.1093/OED/6769413089,http://www.oed.com/dictionary/meritress_n
pretererogation,noun,1617,0,Performance beyond or outside what is demanded or…,,,,Not in use,,,https://doi.org/10.1093/OED/3078770236,http://www.oed.com/dictionary/pretererogation_n
roaring school,noun,1617,0,"A school for (learning) roaring (roaring, n.¹ 2).",compound,,,Not in use,,education,https://doi.org/10.1093/OED/1006124381,http://www.oed.com/dictionary/roaring-school_n
twango,interjection,1617,0,"= twang, n.¹ 1.",compound,,,Not in use,,,https://doi.org/10.1093/OED/3715490644,http://www.oed.com/dictionary/twango_int
windpipe-stretcher,noun,1617,0,A hangman.,compound,,humorous,Not in use,,,https://doi.org/10.1093/OED/6027119104,http://www.oed.com/dictionary/windpipe-stretcher_n
daedalize,verb,a1618,0,transitive. To make intricate or maze-like.,derivative,,,Not in use,,,https://doi.org/10.1093/OED/4685973544,http://www.oed.com/dictionary/daedalize_v
injusticer,noun,a1618,0,An agent or officer of injustice.,derivative,,,Not in use,,,https://doi.org/10.1093/OED/6496456925,http://www.oed.com/dictionary/injusticer_n
inseparized,adjective,a1618,0,"= inseparate, adj.",derivative,,,Not in use,,,https://doi.org/10.1093/OED/7654469557,http://www.oed.com/dictionary/inseparized_adj
pipe playing,noun,a1618-,2,†a. The action of playing with a tobacco pipe…,compound,,,In current use,,consumables/tobacco,https://doi.org/10.1093/OED/2766436560,http://www.oed.com/dictionary/pipe-playing_n
ter-terrify,verb,a1618,0,transitive. To terrify threefold; to frighten…,compound,,,Not in use,,,https://doi.org/10.1093/OED/7961297799,http://www.oed.com/dictionary/ter-terrify_v
Frederize,verb,1618-,0,intransitive. To take the part of the Emperor…,proper name,,,In current use,,,https://doi.org/10.1093/OED/8419105264,http://www.oed.com/dictionary/frederize_v
mendicate,verb,1618-1869,0,"transitive. To beg for, ask for like a beggar; to…",borrowing,,,Not in use,,,https://doi.org/10.1093/OED/1806746551,http://www.oed.com/dictionary/mendicate_v
punctuality,noun,1618-,4,Exact observance of appointed times; the fact or…,derivative,,,In current use,,,https://doi.org/10.1093/OED/3311121161,http://www.oed.com/dictionary/punctuality_n
stonage,noun,1618-,1,Weight measured in stones.,derivative,,,In current use,,sciences/physical sciences/earth sciences/geology,https://doi.org/10.1093/OED/6950254677,http://www.oed.com/dictionary/stonage_n
court chair,noun,1619,0,A chair or seat inlaid with ivory and shaped like…,compound,,,Not in use,,,https://doi.org/10.1093/OED/6471739038,http://www.oed.com/dictionary/court-chair_n
gout-justice,noun,1619,0,"Justice that is delayed or slow, as if hampered…",compound,,,Not in use,,,https://doi.org/10.1093/OED/7021085703,http://www.oed.com/dictionary/gout-justice_n
summer-broach,noun,1619,0,"A maypole, (apparently) regarded as a temporary…",compound,,,Not in use,,,https://doi.org/10.1093/OED/8805395375,http://www.oed.com/dictionary/summer-broach_n
cardialgic,adjective,1620-,1,"Of, relating to, or characterized by cardialgia…",borrowing,,historical,In current use,,sciences/medicine,https://doi.org/10.1093/OED/9883430750,http://www.oed.com/dictionary/cardialgic_adj
consultive,adjective,1620-1823,0,Having the function of counselling or consulting…,borrowing,,,Not in use,,,https://doi.org/10.1093/OED/1132317435,http://www.oed.com/dictionary/consultive_adj
lackeyan,adjective,1620,0,Of or pertaining to a lackey.,derivative,,,Not in use,,,https://doi.org/10.1093/OED/8097998918,http://www.oed.com/dictionary/lackeyan_adj
lie-bill,noun,1620,0,"A distortion of libel, n.",compound,,,Not in use,,,https://doi.org/10.1093/OED/9695172733,http://www.oed.com/dictionary/lie-bill_n
pencilry,noun,1620,0,The use of a pencil; drawing or painting with a pencil.,derivative,,,Not in use,,"arts/visual arts/painting and drawing/drawing, crafts and trades/costume/cosmetics",https://doi.org/10.1093/OED/8947569209,http://www.oed.com/dictionary/pencilry_n
plasm,noun,1620-,4,"Biology. Protoplasm; cytoplasm; = plasma, n. 5.",borrowing,,,In current use,,sciences/life sciences/cell biology,https://doi.org/10.1093/OED/3434670938,http://www.oed.com/dictionary/plasm_n
potisuge,noun,1620,0,A drunkard.,borrowing,,,Not in use,,,https://doi.org/10.1093/OED/9785747311,http://www.oed.com/dictionary/potisuge_n
shavester,noun,1620,0,A barber.,derivative,,,Not in use,,crafts and trades/hairdressing,https://doi.org/10.1093/OED/8824707167,http://www.oed.com/dictionary/shavester_n
wafer-wall,noun,1620,0,A wall flimsy as a wafer.,compound,,,Not in use,,,https://doi.org/10.1093/OED/7222387760,http://www.oed.com/dictionary/wafer-wall_n
""
Exported 997 of 997 from http://www.oed.com/search/advanced/Entries?textTermText0=%2522isolated%2520use%2522&textTermOpt0=Definition&dateOfUseFirstUse=true&dateOfUseTo=1620&page=1&sortOption=DateOldFirst&premium=true
Copyright © 2026 Oxford University Press. All rights reserved. Legal Notice: https://www.oed.com/public/legal-notice/
