LEMMA,PART OF SPEECH,DATE OF USE,FREQUENCY BAND NUMBER,DEFINITION,TYPE OF FORMATION,LANGUAGE OF ORIGIN,USAGE,OBSOLESCENCE,REGIONAL ENGLISH,SUBJECT,DOI,OED URL
any-lengthian,adjective,1805,0,Unscrupulous; ready to go any lengths (see…,derivative,,,Not in use,,,https://doi.org/10.1093/OED/1003613396,http://www.oed.com/dictionary/any-lengthian_adj
counteractive,"adjective, noun",1805-,3,Tending to counteract.,derivative,,,In current use,,,https://doi.org/10.1093/OED/1847732379,http://www.oed.com/dictionary/counteractive_adj
cudgellee,noun,1805-,0,One who is cudgelled.,derivative,,,In current use,,,https://doi.org/10.1093/OED/1948651543,http://www.oed.com/dictionary/cudgellee_n
needle-spitter,noun,1805,0,A person who snaps or is sharp in speech.,compound,,,Not in use,,,https://doi.org/10.1093/OED/5470837719,http://www.oed.com/dictionary/needle-spitter_n
per-sheeting,noun,1805,0,The practice of charging at so much per sheet…,derivative,,,Not in use,,,https://doi.org/10.1093/OED/2713886711,http://www.oed.com/dictionary/per-sheeting_n
scribblage,noun,1805,0,Ephemeral writing; worthless scribblings.,derivative,,,Not in use,,,https://doi.org/10.1093/OED/1178867215,http://www.oed.com/dictionary/scribblage_n
warden-raid,noun,1805-,0,A raid commanded by the Warden of the Marches in…,compound,,,In current use,,,https://doi.org/10.1093/OED/1002675096,http://www.oed.com/dictionary/warden-raid_n
heildom,noun,a1806-,0,Health.,derivative,,,In current use,,,https://doi.org/10.1093/OED/7651883868,http://www.oed.com/dictionary/heildom_n
primosity,noun,?a1806,0,Primness.,derivative,,humorous,Not in use,,,https://doi.org/10.1093/OED/5766088118,http://www.oed.com/dictionary/primosity_n
coterie,verb,1806-,2,To associate in a coterie.,conversion,,,In current use,,,https://doi.org/10.1093/OED/6085490344,http://www.oed.com/dictionary/coterie_v
ethereality,noun,1806-,3,The quality or state of being ethereal…,derivative,,,In current use,,,https://doi.org/10.1093/OED/7107741666,http://www.oed.com/dictionary/ethereality_n
hyaloclast,noun,1806-,0,A glass-breaker.,compound,,,In current use,,,https://doi.org/10.1093/OED/3523593661,http://www.oed.com/dictionary/hyaloclast_n
tunnified,adjective,1806-,0,Grown as big as a tun; very corpulent. (Cf…,derivative,,humorous,In current use,,,https://doi.org/10.1093/OED/1527793728,http://www.oed.com/dictionary/tunnified_adj
monodynamic,"noun, adjective",c1806-,1,Music. Lacking in dynamic variety.,compound,,,In current use,,arts/performing arts/music,https://doi.org/10.1093/OED/8172384787,http://www.oed.com/dictionary/monodynamic_n
ameed,verb,1807,0,transitive. To reward or recompense (a person)…,derivative,,,Not in use,,,https://doi.org/10.1093/OED/8726964000,http://www.oed.com/dictionary/ameed_v
condependent,adjective,1807-,1,Mutually dependent.,derivative,,,In current use,,,https://doi.org/10.1093/OED/1879812082,http://www.oed.com/dictionary/condependent_adj
cosmogyral,adjective,1807-,0,Whirling round the universe.,compound,,,In current use,,,https://doi.org/10.1093/OED/8315794676,http://www.oed.com/dictionary/cosmogyral_adj
crotchet-hero,noun,1807,0,A musician.,compound,,humorous,Not in use,,arts/performing arts/music,https://doi.org/10.1093/OED/5394824952,http://www.oed.com/dictionary/crotchet-hero_n
delassitude,verb,1807-,0,transitive. To deliver or recover from lassitude.,derivative,,,In current use,,,https://doi.org/10.1093/OED/1033666869,http://www.oed.com/dictionary/delassitude_v
errant,verb,1807-,3,intransitive. To travel abroad (like a knight errant).,conversion,,,In current use,,,https://doi.org/10.1093/OED/5155628488,http://www.oed.com/dictionary/errant_v
keel,verb,1807-,4,"transitive. To turn up the keel of, show the…",conversion,,,In current use,North American English/U.S. English,,https://doi.org/10.1093/OED/8731262744,http://www.oed.com/dictionary/keel_v2
mentalize,verb,1807-,3,transitive. To construct or picture in the mind…,derivative,,,In current use,,,https://doi.org/10.1093/OED/4492937738,http://www.oed.com/dictionary/mentalize_v
rattage,noun,1807-,1,"a. The percentage of people who ‘rat’ (rat, v.⁵…",derivative,,,In current use,North American English/U.S. English,,https://doi.org/10.1093/OED/2822907895,http://www.oed.com/dictionary/rattage_n
weather-wiseacre,noun,1807-,0,One who professes to be weather-wise.,compound,,,In current use,,,https://doi.org/10.1093/OED/9511632768,http://www.oed.com/dictionary/weather-wiseacre_n
Wesleyite,noun,1807-,1,"= Wesleyan, n.",proper name,,,In current use,,religion and belief/religion/Christianity/Methodism,https://doi.org/10.1093/OED/4607481854,http://www.oed.com/dictionary/wesleyite_n
depeditate,verb,1808-,0,transitive. To deprive of one's feet (or the use…,borrowing,,,In current use,,,https://doi.org/10.1093/OED/7078090639,http://www.oed.com/dictionary/depeditate_v
humblefication,noun,1808-,0,A making (oneself) humble.,derivative,,,In current use,,,https://doi.org/10.1093/OED/8122230379,http://www.oed.com/dictionary/humblefication_n
Moorery,noun,1808,0,A Moorish quarter of a city.,derivative,,,Not in use,,,https://doi.org/10.1093/OED/2539864530,http://www.oed.com/dictionary/moorery_n
mortmainer,noun,1808,0,A person who holds a mortmain. In quot…,derivative,,,Not in use,,,https://doi.org/10.1093/OED/7914099550,http://www.oed.com/dictionary/mortmainer_n
panoramal,adjective,1808,0,Prone to take a panoramic view or survey.,derivative,,,Not in use,,arts/literature,https://doi.org/10.1093/OED/9467817329,http://www.oed.com/dictionary/panoramal_adj
crescent,verb,a1809-,2,transitive. To form into a crescent: see…,conversion,,,In current use,,,https://doi.org/10.1093/OED/8671266486,http://www.oed.com/dictionary/crescent_v
juspublicist,noun,1809-,0,One who has to do with public law or rights.,borrowing,,,In current use,,,https://doi.org/10.1093/OED/2315168815,http://www.oed.com/dictionary/juspublicist_n
mellah,noun,1809-,3,A Jewish quarter in a Moroccan town or city. Also…,borrowing,,,In current use,,,https://doi.org/10.1093/OED/9693556054,http://www.oed.com/dictionary/mellah_n
simplicitarian,noun,1809-,0,"A person who lives modestly, plainly, or…",derivative,,,In current use,,,https://doi.org/10.1093/OED/4809896037,http://www.oed.com/dictionary/simplicitarian_n
dog-thick,adjective,a1810,0,"As ‘thick’ as dogs, intimate (cf. dog, n.¹…",compound,,,Not in use,,,https://doi.org/10.1093/OED/6164026113,http://www.oed.com/dictionary/dog-thick_adj
ante-Noahite,noun,1810,0,A person from before the time of Noah.,,,,Not in use,,,https://doi.org/10.1093/OED/2870061852,http://www.oed.com/dictionary/ante-noahite_n
grammaticalize,verb,1810-,3,Linguistics. transitive (in passive) and…,derivative,,,In current use,,language/linguistics/grammar,https://doi.org/10.1093/OED/7858727761,http://www.oed.com/dictionary/grammaticalize_v
iotal,adjective,1810-,2,Existing with respect to every iota; absolute in…,derivative,,,In current use,,,https://doi.org/10.1093/OED/3335528423,http://www.oed.com/dictionary/iotal_adj
sootiman,noun,1810-,0,A chimney-sweep.,compound,,,In current use,,,https://doi.org/10.1093/OED/8125078456,http://www.oed.com/dictionary/sootiman_n
stone-drop,noun,1810-,1,Poetic name for a stalactite.,compound,,,In current use,,,https://doi.org/10.1093/OED/1089273895,http://www.oed.com/dictionary/stone-drop_n
cherryry,noun,1811-,0,A garden or collection of cherry-trees. Cf…,derivative,,,In current use,,agriculture and horticulture/agriculture,https://doi.org/10.1093/OED/1338452611,http://www.oed.com/dictionary/cherryry_n
co-peer,noun,1811-,1,A fellow-peer.,derivative,,,In current use,,,https://doi.org/10.1093/OED/7819358740,http://www.oed.com/dictionary/co-peer_n
fine-ladically,adverb,1811,0,In the manner of a fine lady.,derivative,,,Not in use,,,https://doi.org/10.1093/OED/1015761845,http://www.oed.com/dictionary/fine-ladically_adv
husband-field,noun,1811,0,A cultivated field.,compound,,,Not in use,,agriculture and horticulture/agriculture,https://doi.org/10.1093/OED/1086416025,http://www.oed.com/dictionary/husband-field_n
metamorphosical,adjective,1811,0,Changeable.,derivative,,,Not in use,,,https://doi.org/10.1093/OED/3041829856,http://www.oed.com/dictionary/metamorphosical_adj
typographize,verb,1811-,0,"(transitive) to treat typographically, to…",,,,In current use,,crafts and trades/printing and typography,https://doi.org/10.1093/OED/3966214028,http://www.oed.com/dictionary/typographize_v
buckramize,verb,1812-,0,To buckram. figurative.,derivative,,,In current use,,,https://doi.org/10.1093/OED/1112260107,http://www.oed.com/dictionary/buckramize_v
Cincinnatian,adjective,1812-,2,Like that of Cincinnatus.,proper name,,,In current use,,,https://doi.org/10.1093/OED/1143974284,http://www.oed.com/dictionary/cincinnatian_adj1
democratifiable,adjective,1812,0,Capable of being persuaded to advocate or support…,derivative,,,Not in use,,,https://doi.org/10.1093/OED/8319424652,http://www.oed.com/dictionary/democratifiable_adj
hodded,adjective,1812-,1,Bearing a hod.,derivative,,,In current use,,,https://doi.org/10.1093/OED/9290444109,http://www.oed.com/dictionary/hodded_adj
nihili-parturient,adjective,1812,0,Producing nothing.,borrowing,,,Not in use,,,https://doi.org/10.1093/OED/8430149834,http://www.oed.com/dictionary/nihili-parturient_adj
parsonet,noun,1812-77,0,A parson's child.,derivative,,humorous,Not in use,,religion and belief/religion,https://doi.org/10.1093/OED/7494602533,http://www.oed.com/dictionary/parsonet_n
perspective,verb,1812-,3,transitive. To set or lay out in perspective…,conversion,,,In current use,,,https://doi.org/10.1093/OED/5840679998,http://www.oed.com/dictionary/perspective_v
polygrammar,noun,1812,0,A grammar of several different languages.,compound,,,Not in use,,language/linguistics/grammar,https://doi.org/10.1093/OED/2204525643,http://www.oed.com/dictionary/polygrammar_n
whisker,verb,1812-,3,(transitive) to furnish with whiskers.,conversion,,,In current use,,,https://doi.org/10.1093/OED/1134997162,http://www.oed.com/dictionary/whisker_v
airline,noun,1813-,5,An air transport service; a regular succession of…,compound,,,In current use,,transport/aviation,https://doi.org/10.1093/OED/1930924011,http://www.oed.com/dictionary/airline_n
cosmopolicy,noun,1813-,1,"= cosmopolitism, n.",blend,,,In current use,,,https://doi.org/10.1093/OED/3626009862,http://www.oed.com/dictionary/cosmopolicy_n
making-as-if,noun,1813-,0,"Pretence, make-believe.",compound,,,In current use,,,https://doi.org/10.1093/OED/3676126510,http://www.oed.com/dictionary/making-as-if_n
neal-fire,noun,1813,0,Annealing fire (figurative in quot. 1813).,compound,,,Not in use,,,https://doi.org/10.1093/OED/1632841409,http://www.oed.com/dictionary/neal-fire_n
teetotumism,noun,1813-,0,The condition of being ‘in a whirl’ like a teetotum.,derivative,,,In current use,,,https://doi.org/10.1093/OED/9037880160,http://www.oed.com/dictionary/teetotumism_n
animability,noun,1814,0,The ability to experience sensations…,derivative,,,Not in use,,,https://doi.org/10.1093/OED/2324673811,http://www.oed.com/dictionary/animability_n
bony,verb,1814,0,transitive. To cause to resemble bone; to harden.,conversion,,,Not in use,,,https://doi.org/10.1093/OED/1012801634,http://www.oed.com/dictionary/bony_v
cloacinean,adjective,1814-,0,"= cloacinal, adj.",,,,In current use,,,https://doi.org/10.1093/OED/6870435487,http://www.oed.com/dictionary/cloacinean_adj
connubiate,verb,1814-,1,To get married.,borrowing,,,In current use,,,https://doi.org/10.1093/OED/7440404245,http://www.oed.com/dictionary/connubiate_v
cravat,verb,1814-,3,"transitive. To encircle (the neck, throat, etc.)…",conversion,,,In current use,,crafts and trades/costume,https://doi.org/10.1093/OED/5455151717,http://www.oed.com/dictionary/cravat_v
debind,verb,1814,0,To bind down. (Put by Scott into the mouth of…,derivative,,,Not in use,,,https://doi.org/10.1093/OED/3274125874,http://www.oed.com/dictionary/debind_v
employee,noun,1814-,7,A person who works for an employer; spec. a…,derivative,,,In current use,,,https://doi.org/10.1093/OED/7018874683,http://www.oed.com/dictionary/employee_n1
gastrophilanthropist,noun,1814-,0,A benevolent purveyor for the appetites of others.,compound,,,In current use,,,https://doi.org/10.1093/OED/5660090248,http://www.oed.com/dictionary/gastrophilanthropist_n
gougee,noun,1814-,0,A victim of gouging.,derivative,,,In current use,,,https://doi.org/10.1093/OED/1723262859,http://www.oed.com/dictionary/gougee_n
interlapidate,verb,1814-,0,transitive. To fit in between each other like…,borrowing,,,In current use,,,https://doi.org/10.1093/OED/9544588042,http://www.oed.com/dictionary/interlapidate_v
meteorosophistical,adjective,1814,0,Ingeniously or elaborately sophistical.,borrowing,,,Not in use,,,https://doi.org/10.1093/OED/8251675724,http://www.oed.com/dictionary/meteorosophistical_adj
pleistodox,adjective,1814,0,Holding the opinion of the majority.,borrowing,,,Not in use,,,https://doi.org/10.1093/OED/7813692159,http://www.oed.com/dictionary/pleistodox_adj
rattlesnake,verb,1814-,3,transitive. To deceive or trick.,conversion,,,In current use,,,https://doi.org/10.1093/OED/8123082825,http://www.oed.com/dictionary/rattlesnake_v
surpliceman,noun,1814-,0,A clergyman.,compound,,,In current use,,religion and belief/religion/Christianity,https://doi.org/10.1093/OED/5901693248,http://www.oed.com/dictionary/surpliceman_n
talismantic,adjective,1814-,0,Talismanic.,blend,,,In current use,,religion and belief/belief systems and practices/occult,https://doi.org/10.1093/OED/4597683993,http://www.oed.com/dictionary/talismantic_adj
cataballitive,adjective,1816-,0,Tending to throw down.,borrowing,,,In current use,,,https://doi.org/10.1093/OED/1077795599,http://www.oed.com/dictionary/cataballitive_adj
curiology,noun,1816-,0,Representation by curiologic symbols.,,,,In current use,,,https://doi.org/10.1093/OED/1060567551,http://www.oed.com/dictionary/curiology_n
deoculate,verb,1816-,1,"transitive. To deprive of eyes, or of eyesight.",borrowing,,,In current use,,sciences/medicine,https://doi.org/10.1093/OED/1031755525,http://www.oed.com/dictionary/deoculate_v
hierophobia,noun,1816-,1,Fear or horror of sacred things or persons.,compound,,,In current use,,,https://doi.org/10.1093/OED/4466874144,http://www.oed.com/dictionary/hierophobia_n
madly,adjective,1816,0,Characteristic of a mad person.,derivative,,,Not in use,,sciences/medicine,https://doi.org/10.1093/OED/6964743847,http://www.oed.com/dictionary/madly_adj
mastigophoric,adjective,1816-,1,"Biology. = mastigophoran, adj.",borrowing,,humorous,In current use,,sciences/life sciences/microbiology,https://doi.org/10.1093/OED/3236222911,http://www.oed.com/dictionary/mastigophoric_adj
papa-prelatist,noun,1816,0,A supporter of prelates who behave papally.,derivative,,,Not in use,,religion and belief/religion,https://doi.org/10.1093/OED/1757440732,http://www.oed.com/dictionary/papa-prelatist_n
proflated,adjective,1816,0,Of the cheeks or mouth: puffed up with air.,borrowing,,,Not in use,,,https://doi.org/10.1093/OED/3005562715,http://www.oed.com/dictionary/proflated_adj
Prometheically,adverb,1816,0,In the manner of Prometheus.,proper name,,,Not in use,,,https://doi.org/10.1093/OED/9536240537,http://www.oed.com/dictionary/prometheically_adv
teleologic,"adjective, noun",1816-,3,"Relating to a goal, end, or final cause; of or…",derivative,,,In current use,,"philosophy, religion and belief/religion/Christianity",https://doi.org/10.1093/OED/1213237717,http://www.oed.com/dictionary/teleologic_adj
temperal,adjective,1816-,2,"Of, pertaining to, or resulting from tempering.",derivative,,,In current use,,,https://doi.org/10.1093/OED/6953973341,http://www.oed.com/dictionary/temperal_adj
contra-vote,verb,1817-,0,To vote against or for the opposite side.,derivative,,,In current use,,,https://doi.org/10.1093/OED/7414702766,http://www.oed.com/dictionary/contra-vote_v
demulceate,verb,1817,0,"= demulce, v.",borrowing,,,Not in use,,,https://doi.org/10.1093/OED/1186480211,http://www.oed.com/dictionary/demulceate_v
habeas corpus,verb,1817-,2,(transitive) to remove or transport as if by a…,conversion,,,In current use,,law,https://doi.org/10.1093/OED/1168188059,http://www.oed.com/dictionary/habeas-corpus_v
mono-sentence,noun,1817-,0,A brief or insufficient sentence.,compound,,,In current use,,,https://doi.org/10.1093/OED/8239343897,http://www.oed.com/dictionary/mono-sentence_n
mysterizingness,noun,1817,0,The tendency in a person to make mysteries of things.,derivative,,,Not in use,,,https://doi.org/10.1093/OED/6873558406,http://www.oed.com/dictionary/mysterizingness_n
nasoductility,noun,1817-25,0,Capacity for being led by the nose.,compound,,,Not in use,,,https://doi.org/10.1093/OED/7813503313,http://www.oed.com/dictionary/nasoductility_n
noometry,noun,1817,0,The measurement of the mind.,borrowing,,,Not in use,,,https://doi.org/10.1093/OED/3336709439,http://www.oed.com/dictionary/noometry_n
oenogen,noun,1817,0,The vapour from a wine that carries its aroma.,,,,Not in use,,,https://doi.org/10.1093/OED/6023684984,http://www.oed.com/dictionary/oenogen_n
over-living,noun,1817,0,Living in too self-indulgent a manner.,derivative,,,Not in use,,,https://doi.org/10.1093/OED/9544557272,http://www.oed.com/dictionary/over-living_n
pneumatico-hedonistics,noun,1817,0,In the writings of Jeremy Bentham: the branch of…,compound,,,Not in use,,,https://doi.org/10.1093/OED/1365116610,http://www.oed.com/dictionary/pneumatico-hedonistics_n
praying-jenny,noun,1817,0,A prayer wheel.,compound,,,Not in use,,religion and belief/religion,https://doi.org/10.1093/OED/5458506508,http://www.oed.com/dictionary/praying-jenny_n
second scent,noun,1817-,1,"After second sight, n.: cf quot.",compound,,,In current use,,,https://doi.org/10.1093/OED/1164247132,http://www.oed.com/dictionary/second-scent_n
stentorship,noun,1817-,0,The function of a stentor.,derivative,,,In current use,,,https://doi.org/10.1093/OED/2617046854,http://www.oed.com/dictionary/stentorship_n
whiggological,adjective,1817,0,Relating to or influenced by Whig principles; Whiggish.,derivative,,"disparaging, humorous",Not in use,,politics/British politics,https://doi.org/10.1093/OED/4505503406,http://www.oed.com/dictionary/whiggological_adj
whipship,noun,1817-,0,The post of a parliamentary ‘whip’.,derivative,,humorous,In current use,,politics/parliament,https://doi.org/10.1093/OED/6096653652,http://www.oed.com/dictionary/whipship_n
woodcock,verb,1817-,1,(intransitive) to act like a woodcock (see quot…,conversion,,,In current use,,,https://doi.org/10.1093/OED/1056070571,http://www.oed.com/dictionary/woodcock_v
Cacotopia,noun,1818-,1,"(See quot. 1818, where Utopia ‘nowhere’ seems to…",compound,,,In current use,,,https://doi.org/10.1093/OED/1563707287,http://www.oed.com/dictionary/cacotopia_n
craniopolis,noun,1818-,0,A city of skulls.,,,,In current use,,,https://doi.org/10.1093/OED/1125218904,http://www.oed.com/dictionary/craniopolis_n
crescented,adjective,1818-,2,Formed as a crescent or new moon.,derivative,,,In current use,,,https://doi.org/10.1093/OED/2374880357,http://www.oed.com/dictionary/crescented_adj
delatorian,adjective,1818-,0,Of informers or spies.,derivative,,,In current use,,,https://doi.org/10.1093/OED/6488655224,http://www.oed.com/dictionary/delatorian_adj
executioneering,adjective,1818-,1,That is employed in executions (of criminals).,derivative,,,In current use,,,https://doi.org/10.1093/OED/5655136746,http://www.oed.com/dictionary/executioneering_adj
flatter-blind,verb,1818-,0,transitive. To flatter so as to make blind; to…,compound,,,In current use,,,https://doi.org/10.1093/OED/3842360119,http://www.oed.com/dictionary/flatter-blind_v
forest,verb,1818-,4,"transitive. To plant with trees, convert into a forest.",conversion,,,In current use,,agriculture and horticulture/forestry,https://doi.org/10.1093/OED/7838324140,http://www.oed.com/dictionary/forest_v
gordian,verb,1818,0,transitive. To tie in a Gordian knot.,conversion,,,Not in use,,,https://doi.org/10.1093/OED/5092591015,http://www.oed.com/dictionary/gordian_v
monitor,verb,1818-,6,"transitive. gen. To observe, supervise, or keep…",conversion,,,In current use,,technology/telecommunications/broadcasting,https://doi.org/10.1093/OED/5756413616,http://www.oed.com/dictionary/monitor_v
non-answer,verb,1818-,1,transitive. To utter as an inadequate answer.,derivative,,,In current use,,,https://doi.org/10.1093/OED/4465691337,http://www.oed.com/dictionary/non-answer_v
poliad,noun,1818,0,A nymph who inhabits a city.,borrowing,,,Not in use,,religion and belief/mythology/classical mythology,https://doi.org/10.1093/OED/9629133930,http://www.oed.com/dictionary/poliad_n
practicalize,verb,1818-,2,transitive. To render practical.,derivative,,,In current use,,,https://doi.org/10.1093/OED/4668509361,http://www.oed.com/dictionary/practicalize_v
sans-pareilly,adjective,1818-,0,Unexampled.,compound,,,In current use,,,https://doi.org/10.1093/OED/6091229166,http://www.oed.com/dictionary/sans-pareilly_adj
sexual rights,noun,1818-,3,The rights of individuals to control and make…,compound,,,In current use,,,https://doi.org/10.1093/OED/9252877900,http://www.oed.com/dictionary/sexual-rights_n
theist,noun,c1818-,3,A person given to immoderate tea-drinking.,borrowing,,,In current use,,,https://doi.org/10.1093/OED/8074639772,http://www.oed.com/dictionary/theist_n2
crepidarian,adjective,1819-,1,Of or pertaining to a shoemaker.,borrowing,,,In current use,,crafts and trades/costume/shoes,https://doi.org/10.1093/OED/8837819282,http://www.oed.com/dictionary/crepidarian_adj
detonsure,noun,1819-,0,"Shaving, polling. (affected or humorous.)",borrowing,,humorous,In current use,,crafts and trades/hairdressing,https://doi.org/10.1093/OED/9759023918,http://www.oed.com/dictionary/detonsure_n
dictionary-proof,adjective,1819-,0,†a. (Apparently) of proven ability through having…,compound,,,In current use,,,https://doi.org/10.1093/OED/5551607769,http://www.oed.com/dictionary/dictionary-proof_adj
discursative,adjective,1819,0,That tends to pass from one object of thought to…,borrowing,,,Not in use,,,https://doi.org/10.1093/OED/1059378059,http://www.oed.com/dictionary/discursative_adj
emicatious,adjective,1819-,0,That shines or glitters.,derivative,,,In current use,,,https://doi.org/10.1093/OED/8291172501,http://www.oed.com/dictionary/emicatious_adj
fricatory,adjective,1819-,0,figurative. That rubs or ‘rubs down’.,borrowing,,,In current use,,,https://doi.org/10.1093/OED/1173452840,http://www.oed.com/dictionary/fricatory_adj
lack-stock,noun,1819-,0,One who has no money in stocks.,compound,,,In current use,,,https://doi.org/10.1093/OED/1134602550,http://www.oed.com/dictionary/lack-stock_n
monkey-man,noun,1819-,2,Chiefly derogatory. A man likened to or supposed…,compound,,"colloquial and slang, derogatory",In current use,North American English/U.S. English,,https://doi.org/10.1093/OED/2148026180,http://www.oed.com/dictionary/monkey-man_n
philogalist,noun,1819,0,"= philofelist, n.",,,,Not in use,,sciences/life sciences/animals,https://doi.org/10.1093/OED/9959168814,http://www.oed.com/dictionary/philogalist_n
piminy,"noun, adjective",1819-90,0,Perhaps: something expressive of affectation or vanity.,shortening,,,Not in use,,,https://doi.org/10.1093/OED/2959780741,http://www.oed.com/dictionary/piminy_n
plumification,noun,1819-41,0,The fact or process of being tarred and feathered…,borrowing,,,Not in use,,sciences/life sciences/animals/birds,https://doi.org/10.1093/OED/1059488087,http://www.oed.com/dictionary/plumification_n
quadrille,verb,1819-,2,intransitive. To dance a quadrille. Also in…,conversion,,,In current use,,arts/performing arts/dance,https://doi.org/10.1093/OED/1838296674,http://www.oed.com/dictionary/quadrille_v2
rappee,noun,1819,0,A person who raps or knocks; a rapper.,derivative,,,Not in use,,,https://doi.org/10.1093/OED/3221932811,http://www.oed.com/dictionary/rappee_n2
scutigeral,adjective,1819-,1,Pertaining to a squire.,derivative,,,In current use,,,https://doi.org/10.1093/OED/1087295965,http://www.oed.com/dictionary/scutigeral_adj
stumble-block,verb,1819-,0,transitive. To put stumbling-blocks in the way of.,conversion,,,In current use,,,https://doi.org/10.1093/OED/6411233743,http://www.oed.com/dictionary/stumble-block_v
transparish,verb,1819-,0,transitive. To transport beyond the parish.,derivative,,humorous,In current use,,,https://doi.org/10.1093/OED/1104965954,http://www.oed.com/dictionary/transparish_v
wart,verb,1819-,2,transitive. To form a wart-like excrescence on.,conversion,,,In current use,,,https://doi.org/10.1093/OED/7429164027,http://www.oed.com/dictionary/wart_v
ising-star,noun,a1820-,1,A shining piece of ‘isinglass’ or mica.,compound,,,In current use,,,https://doi.org/10.1093/OED/2604942214,http://www.oed.com/dictionary/ising-star_n
break-covert,adjective,1820,0,That breaks covert; that starts forth from a…,compound,,poetic and literary,Not in use,,"sport and leisure/hunting, fishing, and shooting/hunting",https://doi.org/10.1093/OED/3875714283,http://www.oed.com/dictionary/break-covert_adj
catamaran,verb,1820-,2,To blow up with a catamaran. Also figurative.,conversion,,,In current use,,,https://doi.org/10.1093/OED/7531838846,http://www.oed.com/dictionary/catamaran_v
cirque-couchant,noun,1820-,1,Lying coiled up in circles.,compound,,,In current use,,,https://doi.org/10.1093/OED/7690111684,http://www.oed.com/dictionary/cirque-couchant_n
constitutioning,noun,1820-,1,Making of constitutions.,derivative,,,In current use,,,https://doi.org/10.1093/OED/4228817578,http://www.oed.com/dictionary/constitutioning_n
creationist,"noun, adjective",1820-,4,A believer in or advocate of creationism…,derivative,,,In current use,,religion and belief/religion,https://doi.org/10.1093/OED/7708482130,http://www.oed.com/dictionary/creationist_n
delphinestrian,noun,1820-,0,A rider on a dolphin.,borrowing,,,In current use,,sport and leisure/horses and riding,https://doi.org/10.1093/OED/7519835433,http://www.oed.com/dictionary/delphinestrian_n
eye-dawn,noun,1820,0,The dawn or first appearance (of a feeling) in the eye.,compound,,poetic and literary,Not in use,,,https://doi.org/10.1093/OED/9721990464,http://www.oed.com/dictionary/eye-dawn_n
molendinar,"adjective, noun",1820-28,0,Of or relating to a mill or miller.,borrowing,,humorous,Not in use,,sciences/medicine/anatomy,https://doi.org/10.1093/OED/6749318734,http://www.oed.com/dictionary/molendinar_adj
molendinary,"adjective, noun",1820-77,0,"Of, belonging to, or relating to a mill.",borrowing,,,Not in use,,,https://doi.org/10.1093/OED/1017473629,http://www.oed.com/dictionary/molendinary_adj
obolary,adjective,1820,0,Possessing or able to contribute only obols or…,derivative,,,Not in use,,crafts and trades/coins and banknotes,https://doi.org/10.1093/OED/1256240872,http://www.oed.com/dictionary/obolary_adj
onionet,noun,1820,0,A small onion.,derivative,,,Not in use,,sciences/life sciences/plants,https://doi.org/10.1093/OED/2815705093,http://www.oed.com/dictionary/onionet_n
pitchering,noun,1820-,0,"English regional (northern, esp. Yorkshire)…",derivative,,historical,In current use,Britain and Ireland/British English/English regional/English regional (northern)/English regional (Yorkshire),,https://doi.org/10.1093/OED/9012017992,http://www.oed.com/dictionary/pitchering_n
poesy,verb,1820,0,intransitive. To produce poetry. In quot. figurative.,conversion,,,Not in use,,arts/literature,https://doi.org/10.1093/OED/1107954359,http://www.oed.com/dictionary/poesy_v
prosopologist,noun,1820,0,A person who studies the face or facial features.,borrowing,,,Not in use,,,https://doi.org/10.1093/OED/7706786240,http://www.oed.com/dictionary/prosopologist_n
Queenomania,noun,1820,0,Devotion to the cause of Queen Caroline…,compound,,,Not in use,,,https://doi.org/10.1093/OED/4365350963,http://www.oed.com/dictionary/queenomania_n
reskin,verb,1820-,2,transitive. In vehicle repair or design: to…,derivative,,,In current use,,"transport/aviation, transport/motoring",https://doi.org/10.1093/OED/1087013320,http://www.oed.com/dictionary/reskin_v
respectance,noun,1820,0,"= respect, n.",derivative,,,Not in use,,,https://doi.org/10.1093/OED/4378229685,http://www.oed.com/dictionary/respectance_n
rhabdosophy,noun,1820,0,The practice of gesturing with one's cane or…,compound,,humorous,Not in use,,,https://doi.org/10.1093/OED/1113865973,http://www.oed.com/dictionary/rhabdosophy_n
specimenify,verb,1820,0,transitive. To select (something) as a specimen…,derivative,,,Not in use,,,https://doi.org/10.1093/OED/1869927054,http://www.oed.com/dictionary/specimenify_v
staffian,adjective,1820,0,Suitable for making staffs.,derivative,,,Not in use,,,https://doi.org/10.1093/OED/4952062271,http://www.oed.com/dictionary/staffian_adj
transnihilation,noun,1820,0,Transformation (of nothing) into nothings.,borrowing,,,Not in use,,,https://doi.org/10.1093/OED/4976546910,http://www.oed.com/dictionary/transnihilation_n
rubberize,verb,?1820,0,intransitive. Apparently: to play a rubber or…,derivative,,,Not in use,,sport and leisure/games/cards/whist,https://doi.org/10.1093/OED/1471864839,http://www.oed.com/dictionary/rubberize_v1
ruffy-tuffy,adjective,a1821,0,Dishevelled.,compound,,,Not in use,,crafts and trades/hairdressing,https://doi.org/10.1093/OED/2409937568,http://www.oed.com/dictionary/ruffy-tuffy_adj
aeroscopic,"noun, adjective",1821-,1,Involving or relating to an aeroscope (aeroscope…,compound,,,In current use,,sciences/life sciences/animals/invertebrates/insects,https://doi.org/10.1093/OED/5872211056,http://www.oed.com/dictionary/aeroscopic_n
baggaged,adjective,1821-,1,"Loaded with baggage, having or carrying baggage…",derivative,,,In current use,,,https://doi.org/10.1093/OED/1036753449,http://www.oed.com/dictionary/baggaged_adj
bullmanship,noun,1821-,0,The art of fighting with bulls.,compound,,,In current use,,,https://doi.org/10.1093/OED/1013165776,http://www.oed.com/dictionary/bullmanship_n
carcerist,noun,1821-,0,One who advocates or has to do with prisons.,borrowing,,,In current use,,,https://doi.org/10.1093/OED/4202295467,http://www.oed.com/dictionary/carcerist_n
decameter,noun,1821-,2,A verse consisting of ten metrical feet.,compound,,,In current use,,arts/literature/prosody,https://doi.org/10.1093/OED/1190526690,http://www.oed.com/dictionary/decameter_n
gumfiate,verb,1821-,0,"transitive. To puff up, cause to swell.",borrowing,,,In current use,,,https://doi.org/10.1093/OED/1172689579,http://www.oed.com/dictionary/gumfiate_v
jail-delivered,adjective,1821-,0,Of a prisoner or occupant of a jail: freed or…,compound,,,In current use,,,https://doi.org/10.1093/OED/3284797280,http://www.oed.com/dictionary/jail-delivered_adj
juvenescent,adjective,1821-,2,Becoming young or youthful.,borrowing,,,In current use,,,https://doi.org/10.1093/OED/3911238604,http://www.oed.com/dictionary/juvenescent_adj
meritorious-equal,adjective,1821,0,Equal in merit.,compound,,,Not in use,,,https://doi.org/10.1093/OED/6908595536,http://www.oed.com/dictionary/meritorious-equal_adj
palatician,noun,1821,0,A person skilled in matters of the palate.,derivative,,,Not in use,,,https://doi.org/10.1093/OED/7647741191,http://www.oed.com/dictionary/palatician_n
perukiership,noun,1821-,0,The art of wig-making.,derivative,,historical,In current use,,crafts and trades/hairdressing,https://doi.org/10.1093/OED/8380102494,http://www.oed.com/dictionary/perukiership_n
polyposist,noun,1821,0,A person who drinks a lot; a hard drinker.,,,,Not in use,,,https://doi.org/10.1093/OED/7252791653,http://www.oed.com/dictionary/polyposist_n
quizzatorial,adjective,1821,0,"= quizzacious, adj.",derivative,,,Not in use,,,https://doi.org/10.1093/OED/6833629812,http://www.oed.com/dictionary/quizzatorial_adj
sapidless,adjective,1821-,1,Flavourless.,derivative,,,In current use,,,https://doi.org/10.1093/OED/2300709177,http://www.oed.com/dictionary/sapidless_adj
special correspondent,noun,1821-,4,A journalist who writes for a newspaper on…,compound,,,In current use,,,https://doi.org/10.1093/OED/9093018320,http://www.oed.com/dictionary/special-correspondent_n
catarrh,verb,1822-,2,To remove or take by catarrh.,conversion,,,In current use,,,https://doi.org/10.1093/OED/2494924917,http://www.oed.com/dictionary/catarrh_v
dashy,adjective,1822-,2,"Showy, ostentatiously fashionable, stylish; =…",derivative,,colloquial and slang,In current use,,,https://doi.org/10.1093/OED/8540959658,http://www.oed.com/dictionary/dashy_adj
defiliation,noun,1822-,1,Deprivation of a son.,borrowing,,,In current use,,,https://doi.org/10.1093/OED/4342951616,http://www.oed.com/dictionary/defiliation_n
eleeson,noun,1822-,1,"= Kyrie eleison, n.",borrowing,,,In current use,,religion and belief/religion/Christianity/liturgical,https://doi.org/10.1093/OED/7530878432,http://www.oed.com/dictionary/eleeson_n
flurrification,noun,1822-,0,The state of being flurried.,derivative,,,In current use,,,https://doi.org/10.1093/OED/1058467999,http://www.oed.com/dictionary/flurrification_n
historicize,verb,1822-,4,transitive. To make (a person or thing)…,derivative,,,In current use,,,https://doi.org/10.1093/OED/7825494899,http://www.oed.com/dictionary/historicize_v
inquirant,adjective,1822-,2,Inquiring.,derivative,,,In current use,,,https://doi.org/10.1093/OED/5952756941,http://www.oed.com/dictionary/inquirant_adj
micranthrope,noun,1822,0,"= micranthropos, n.",borrowing,,,Not in use,,,https://doi.org/10.1093/OED/8146658002,http://www.oed.com/dictionary/micranthrope_n
mossify,verb,1822,0,intransitive. To eulogize or idealize moss or…,derivative,,,Not in use,,,https://doi.org/10.1093/OED/3430305988,http://www.oed.com/dictionary/mossify_v
multo-scribbling,adjective,1822,0,Designating a person who writes or ‘scribbles’…,borrowing,,,Not in use,,arts/literature,https://doi.org/10.1093/OED/1076189740,http://www.oed.com/dictionary/multo-scribbling_adj
out-jet,verb,1822,0,transitive. To be more intensely black than.,derivative,,,Not in use,,,https://doi.org/10.1093/OED/7807979737,http://www.oed.com/dictionary/out-jet_v
Panomphic,adjective,1822,0,"= Panomphaean, adj. 3.",borrowing,,,Not in use,,consumables/drink,https://doi.org/10.1093/OED/3197064164,http://www.oed.com/dictionary/panomphic_adj
philocubist,noun,1822,0,"A dice player, a gambler.",borrowing,,,Not in use,,sport and leisure/games/gambling/dice,https://doi.org/10.1093/OED/1532235720,http://www.oed.com/dictionary/philocubist_n
pianoforting,noun,1822,0,The action of playing the pianoforte.,derivative,,,Not in use,,arts/performing arts/music,https://doi.org/10.1093/OED/3452575129,http://www.oed.com/dictionary/pianoforting_n
salopian,adjective,1822-,0,"Pertaining to the drink saloop (see saloop, n. 2a).",derivative,,,In current use,,,https://doi.org/10.1093/OED/2851490798,http://www.oed.com/dictionary/salopian_adj2
sceptrous,adjective,1822,0,Of the nature of a sceptre.,derivative,,,Not in use,,,https://doi.org/10.1093/OED/1395298351,http://www.oed.com/dictionary/sceptrous_adj
sensist,"noun, adjective",1822-,2,"Philosophy. = sensationalist, n. A.1.",derivative,,,In current use,,philosophy,https://doi.org/10.1093/OED/1184281180,http://www.oed.com/dictionary/sensist_n
shammy,noun,1822-,1,A spurious imitation.,derivative,,,In current use,,,https://doi.org/10.1093/OED/3494353671,http://www.oed.com/dictionary/shammy_n2
sonneteeress,noun,1822,0,A female sonneteer.,derivative,,,Not in use,,arts/literature,https://doi.org/10.1093/OED/2519935855,http://www.oed.com/dictionary/sonneteeress_n
spectrey,noun,1822-,0,A place of spectres.,derivative,,,In current use,,,https://doi.org/10.1093/OED/3903423860,http://www.oed.com/dictionary/spectrey_n
casein,noun,1823-,5,Biochemistry. Any of a group of closely related…,borrowing,,,In current use,,sciences/physical sciences/chemistry/organic chemistry,https://doi.org/10.1093/OED/3495318454,http://www.oed.com/dictionary/casein_n
conjugalize,verb,1823-,0,"intransitive. To become conjugal, to marry.",derivative,,,In current use,,,https://doi.org/10.1093/OED/8041215073,http://www.oed.com/dictionary/conjugalize_v
dandyhood,noun,1823-,1,The state or style of a dandy.,derivative,,,In current use,,,https://doi.org/10.1093/OED/6205588405,http://www.oed.com/dictionary/dandyhood_n
dorsoflexion,noun,1823-,1,"A bending of the back, a bow.",compound,,,In current use,,,https://doi.org/10.1093/OED/3903538491,http://www.oed.com/dictionary/dorsoflexion_n
effutiation,noun,1823-,0,"Twaddle, balderdash.",borrowing,,,In current use,,,https://doi.org/10.1093/OED/4434317032,http://www.oed.com/dictionary/effutiation_n
epiphanous,adjective,1823-,2,Resplendent.,borrowing,,,In current use,,,https://doi.org/10.1093/OED/6791100846,http://www.oed.com/dictionary/epiphanous_adj
filiism,noun,1823-,0,Undue partiality for one's own son.,borrowing,,,In current use,,,https://doi.org/10.1093/OED/1185724082,http://www.oed.com/dictionary/filiism_n
gluttonism,noun,1823-,1,The practice of being a glutton (in quot. 1823…,derivative,,,In current use,,,https://doi.org/10.1093/OED/8931010546,http://www.oed.com/dictionary/gluttonism_n
hippomanic,adjective,1823-,0,Full of or characterized by passionate enthusiasm…,compound,,,In current use,,sport and leisure/horses and riding,https://doi.org/10.1093/OED/1391698250,http://www.oed.com/dictionary/hippomanic_adj
initialist,noun,1823-,0,One who signs his or her initials instead of his…,,,,In current use,,,https://doi.org/10.1093/OED/1029236954,http://www.oed.com/dictionary/initialist_n
malleter,noun,1823,0,"A person who beats, as with a mallet.",derivative,,,Not in use,,,https://doi.org/10.1093/OED/8147407960,http://www.oed.com/dictionary/malleter_n
pronghorn,noun,1823-,4,"A North American ruminant, Antilocapra americana…",compound,,,In current use,,sciences/life sciences/animals,https://doi.org/10.1093/OED/1016136059,http://www.oed.com/dictionary/pronghorn_n
ruffianosity,noun,1823,0,"Boxing without regard to rules. Cf. ruffian, n. A.2c.",derivative,,,Not in use,,sport and leisure/sport/boxing,https://doi.org/10.1093/OED/1154639296,http://www.oed.com/dictionary/ruffianosity_n
solemnific,adjective,1823-,0,Affectedly solemn.,compound,,,In current use,,,https://doi.org/10.1093/OED/8990741205,http://www.oed.com/dictionary/solemnific_adj
squirina,noun,1823-,0,The daughter of a squire.,derivative,,,In current use,,,https://doi.org/10.1093/OED/9203553478,http://www.oed.com/dictionary/squirina_n
stop-mouth,adjective,1823-,0,Intended to keep people silent.,compound,,,In current use,,,https://doi.org/10.1093/OED/3955709036,http://www.oed.com/dictionary/stop-mouth_adj
long and short,verb,a1824,0,intransitive. To compose in elegiac meter. Cf…,compound,,,Not in use,,,https://doi.org/10.1093/OED/6207760295,http://www.oed.com/dictionary/long-and-short_v
boozify,verb,1824-,0,"intransitive. To take part in a boozing party, to…",derivative,,,In current use,,,https://doi.org/10.1093/OED/1174699896,http://www.oed.com/dictionary/boozify_v
counter-ponderant,adjective,1824-,0,"Counter-weighing, counter-balancing.",derivative,,,In current use,,,https://doi.org/10.1093/OED/5372888156,http://www.oed.com/dictionary/counter-ponderant_adj
crabologist,noun,1824-,0,A student or collector of crabs.,compound,,,In current use,,,https://doi.org/10.1093/OED/2698763957,http://www.oed.com/dictionary/crabologist_n
encyclic,"adjective, noun",1824-,2,"= encyclical, adj. A.1, A.2.",borrowing,,,In current use,,education,https://doi.org/10.1093/OED/1158641022,http://www.oed.com/dictionary/encyclic_adj
fanfarrado,noun,1824-,0,"= fanfare, n.",variant,,,In current use,,arts/performing arts/music,https://doi.org/10.1093/OED/1187798375,http://www.oed.com/dictionary/fanfarrado_n
fumivorous,adjective,1824-,0,Feeding or living on smoke.,borrowing,,,In current use,,,https://doi.org/10.1093/OED/4930671463,http://www.oed.com/dictionary/fumivorous_adj
hyperboreanism,noun,1824-,0,An extreme northernism.,derivative,,,In current use,,,https://doi.org/10.1093/OED/1914747176,http://www.oed.com/dictionary/hyperboreanism_n
in and-outness,noun,1824-,0,Irregularity of form or outline.,derivative,,,In current use,,,https://doi.org/10.1093/OED/7187183937,http://www.oed.com/dictionary/in-and-outness_n
macadam,"adjective, noun",1824-,4,Designating or relating to a kind of roadway or…,proper name,,,In current use,,,https://doi.org/10.1093/OED/1016129072,http://www.oed.com/dictionary/macadam_adj
polysyllabilingual,adjective,1824,0,Of or relating to polysyllabic languages.,compound,,,Not in use,,,https://doi.org/10.1093/OED/1174002172,http://www.oed.com/dictionary/polysyllabilingual_adj
pregustant,adjective,1824,0,That tastes beforehand.,borrowing,,,Not in use,,,https://doi.org/10.1093/OED/1121658490,http://www.oed.com/dictionary/pregustant_adj
quartermasteriveness,noun,1824,0,The qualities of a quartermaster.,derivative,,,Not in use,,,https://doi.org/10.1093/OED/6279459519,http://www.oed.com/dictionary/quartermasteriveness_n
sell,noun,1824-,5,Originally U.S. The action or an act of…,conversion,,colloquial and slang,In current use,North American English/U.S. English,,https://doi.org/10.1093/OED/6038381109,http://www.oed.com/dictionary/sell_n
spoonery,noun,1824-,0,"Foolishness, silliness.",derivative,,,In current use,,,https://doi.org/10.1093/OED/7004358169,http://www.oed.com/dictionary/spoonery_n
stockinet,noun,1824-,3,A knitted textile fabric of considerable…,variant,,,In current use,,crafts and trades/textiles/knitting,https://doi.org/10.1093/OED/3807771141,http://www.oed.com/dictionary/stockinet_n
tomorrowing,adjective,1824,0,That procrastinates.,derivative,,,Not in use,,,https://doi.org/10.1093/OED/5770460605,http://www.oed.com/dictionary/tomorrowing_adj
top-giddy,adjective,1824,0,Probably: giddy as a top.,compound,,,Not in use,,,https://doi.org/10.1093/OED/4010507913,http://www.oed.com/dictionary/top-giddy_adj
Tractarian,"noun, adjective",1824-,3,A member or follower of a High Church movement…,derivative,,,In current use,,religion and belief/religion/Christianity/Anglican Church,https://doi.org/10.1093/OED/3139181438,http://www.oed.com/dictionary/tractarian_n
treasonette,noun,1824-,0,A small or petty act of treason.,derivative,,,In current use,,,https://doi.org/10.1093/OED/2380399652,http://www.oed.com/dictionary/treasonette_n
tuptow,verb,1824-,0,intransitive. To conjugate τύπτω; ‘grinding’ at…,borrowing,,,In current use,,,https://doi.org/10.1093/OED/1024077386,http://www.oed.com/dictionary/tuptow_v
turretry,noun,1824-,0,Turrets collectively.,derivative,,,In current use,,military/fortification,https://doi.org/10.1093/OED/6920645140,http://www.oed.com/dictionary/turretry_n
waistcoatful,noun,1824-,0,"As much (of anything) as would fill, or cover…",derivative,,,In current use,,technology/measurement,https://doi.org/10.1093/OED/1064644517,http://www.oed.com/dictionary/waistcoatful_n
cantanker,noun,1825,0,"= cantankerousness, n.",backformation,,,Not in use,,,https://doi.org/10.1093/OED/2761058547,http://www.oed.com/dictionary/cantanker_n
concipiency,noun,1825-,0,The quality or state of being concipient or…,derivative,,,In current use,,,https://doi.org/10.1093/OED/8239282095,http://www.oed.com/dictionary/concipiency_n
crumenically,adverb,1825-,0,In relation to the purse.,borrowing,,humorous,In current use,,,https://doi.org/10.1093/OED/2194325444,http://www.oed.com/dictionary/crumenically_adv
derb,adjective,1825-,2,"Rough, uncrystallized, massive.",borrowing,,,In current use,,sciences/physical sciences/earth sciences/minerals,https://doi.org/10.1093/OED/7155838526,http://www.oed.com/dictionary/derb_adj
despotomaniac,noun,1825,0,One who has a mania in favour of despots…,compound,,,Not in use,,politics,https://doi.org/10.1093/OED/2045867596,http://www.oed.com/dictionary/despotomaniac_n
dog-cook,noun,1825,0,"A male cook (cf. dog, n.¹ I.2 and compounds C.2b).",compound,,,Not in use,,consumables/food and cooking,https://doi.org/10.1093/OED/2719353471,http://www.oed.com/dictionary/dog-cook_n
dum-cowed,adjective,1825,0,Intimidated or threatened; browbeaten.,derivative,,,Not in use,Indian English,,https://doi.org/10.1093/OED/2100522139,http://www.oed.com/dictionary/dum-cowed_adj
equestriana,noun,1825,0,A female equestrian.,,,,Not in use,,sport and leisure/horses and riding,https://doi.org/10.1093/OED/8861891505,http://www.oed.com/dictionary/equestriana_n
fissury,adjective,1825-,0,"Having, or full of, fissures.",derivative,,,In current use,,,https://doi.org/10.1093/OED/1557029452,http://www.oed.com/dictionary/fissury_adj
flim,noun,1825-,3,"= flam, n.¹ A.3.",shortening,,,In current use,,,https://doi.org/10.1093/OED/8866515204,http://www.oed.com/dictionary/flim_n1
frog-pecker,noun,1825,0,A heron.,compound,,,Not in use,,sciences/life sciences/animals/birds,https://doi.org/10.1093/OED/1159134243,http://www.oed.com/dictionary/frog-pecker_n
fuzzy,noun,1825-,4,Now usually derogatory and offensive when used of…,conversion,,"colloquial and slang, derogatory, offensive",In current use,,,https://doi.org/10.1093/OED/6531115963,http://www.oed.com/dictionary/fuzzy_n
hornet,noun,1825-,2,A diminutive horn.,derivative,,,In current use,,,https://doi.org/10.1093/OED/8630266551,http://www.oed.com/dictionary/hornet_n2
inexplicant,adjective,1825-,0,Not explicating or explaining; giving no explanation.,borrowing,,,In current use,,,https://doi.org/10.1093/OED/1060964563,http://www.oed.com/dictionary/inexplicant_adj
magazinary,noun,1825,0,The office or place of production of a magazine.,derivative,,,Not in use,,manufacturing and industry/publishing and the book trade/journalism,https://doi.org/10.1093/OED/4996058066,http://www.oed.com/dictionary/magazinary_n
midwifer,noun,1825,0,"A male midwife; = man-midwife, n.",derivative,,,Not in use,,sciences/medicine,https://doi.org/10.1093/OED/1082470513,http://www.oed.com/dictionary/midwifer_n
monodistich,noun,1825-,1,A distich forming a complete poem.,compound,,,In current use,,,https://doi.org/10.1093/OED/1178120219,http://www.oed.com/dictionary/monodistich_n
odouret,noun,1825,0,A faint smell.,derivative,,,Not in use,,,https://doi.org/10.1093/OED/3827717087,http://www.oed.com/dictionary/odouret_n
pantiler,noun,1825-89,0,derogatory. A member of a Nonconformist…,derivative,,"derogatory, historical",Not in use,,religion and belief/religion,https://doi.org/10.1093/OED/4640088299,http://www.oed.com/dictionary/pantiler_n
pedoeuvre,noun,1825,0,A planned movement or action performed with the feet.,borrowing,,,Not in use,,,https://doi.org/10.1093/OED/7048847214,http://www.oed.com/dictionary/pedoeuvre_n
port,verb,1825,0,transitive with it as object. To drink port.,conversion,,,Not in use,,,https://doi.org/10.1093/OED/4052651235,http://www.oed.com/dictionary/port_v5
prideling,noun,1825,0,A proud young person.,derivative,,,Not in use,,,https://doi.org/10.1093/OED/8567273636,http://www.oed.com/dictionary/prideling_n
punctilionist,noun,1825,0,A punctilious person.,derivative,,,Not in use,,,https://doi.org/10.1093/OED/6627898727,http://www.oed.com/dictionary/punctilionist_n
riding lamp,noun,1825-,1,†a. A lamp attached to a stirrup (obsolete); b…,compound,,historical,In current use,,transport/nautical,https://doi.org/10.1093/OED/8770608760,http://www.oed.com/dictionary/riding-lamp_n
spirituelly,adverb,1825,0,In a refined or witty manner.,derivative,,,Not in use,,,https://doi.org/10.1093/OED/5733544243,http://www.oed.com/dictionary/spirituelly_adv
traylet,noun,1825-,0,A diminutive tray.,derivative,,,In current use,,,https://doi.org/10.1093/OED/9533690332,http://www.oed.com/dictionary/traylet_n
tubber,noun,1825-,2,"One who makes tubs, a cooper.",derivative,,,In current use,,,https://doi.org/10.1093/OED/4569811285,http://www.oed.com/dictionary/tubber_n1
catacombish,adjective,1826-,1,Savouring of the catacombs.,derivative,,,In current use,,,https://doi.org/10.1093/OED/9433366590,http://www.oed.com/dictionary/catacombish_adj
cigarer,noun,1826-,0,A cigar-smoker.,derivative,,,In current use,,consumables/tobacco,https://doi.org/10.1093/OED/7803125863,http://www.oed.com/dictionary/cigarer_n
disvenerate,verb,1826-,0,transitive. To regard without veneration.,derivative,,,In current use,,,https://doi.org/10.1093/OED/4735125243,http://www.oed.com/dictionary/disvenerate_v
forcepped,adjective,1826-,0,Having or provided with forceps.,derivative,,,In current use,,,https://doi.org/10.1093/OED/2388948051,http://www.oed.com/dictionary/forcepped_adj
game-battle,noun,1826,0,A tussle with poachers.,compound,,,Not in use,,,https://doi.org/10.1093/OED/3423017763,http://www.oed.com/dictionary/game-battle_n
ornithotrophe,noun,1826,0,(J. F. M. Dovaston's name for) a place to which…,,,,Not in use,,,https://doi.org/10.1093/OED/5117688268,http://www.oed.com/dictionary/ornithotrophe_n
philobrutish,adjective,1826,0,Characterized by kindness to animals.,compound,,,Not in use,,,https://doi.org/10.1093/OED/2306682632,http://www.oed.com/dictionary/philobrutish_adj
philobrutist,noun,1826,0,A person who is fond of or kind to animals; an…,derivative,,,Not in use,,,https://doi.org/10.1093/OED/4135926239,http://www.oed.com/dictionary/philobrutist_n
sash-windowing,noun,1826-,0,The action of furnishing with sash windows.,derivative,,,In current use,,manufacturing and industry/building/glazing,https://doi.org/10.1093/OED/4554428432,http://www.oed.com/dictionary/sash-windowing_n
soli-ipsiism,noun,1826-,0,Self-conceit.,borrowing,,,In current use,,,https://doi.org/10.1093/OED/6965266744,http://www.oed.com/dictionary/soli-ipsiism_n
tintinnabulism,noun,1826-,0,The art or practice of bell-ringing.,borrowing,,,In current use,,arts/performing arts/music/bell-ringing,https://doi.org/10.1093/OED/1192427634,http://www.oed.com/dictionary/tintinnabulism_n
tipsy-topsy,adjective,1826-,0,Upset or in disorder as if tipsy.,,,,In current use,,,https://doi.org/10.1093/OED/6779460577,http://www.oed.com/dictionary/tipsy-topsy_adj
tutorify,verb,1826-,0,transitive. To make or render tutorial.,derivative,,,In current use,,,https://doi.org/10.1093/OED/5547902723,http://www.oed.com/dictionary/tutorify_v
blockheadess,noun,1827,0,A stupid or foolish woman.,derivative,,,Not in use,,,https://doi.org/10.1093/OED/8448148562,http://www.oed.com/dictionary/blockheadess_n
brute-bastille,noun,1827-,0,A menagerie.,compound,,,In current use,,,https://doi.org/10.1093/OED/9698504977,http://www.oed.com/dictionary/brute-bastille_n
compackability,noun,1827-,0,Capability of being packed close together.,derivative,,,In current use,,,https://doi.org/10.1093/OED/1194119497,http://www.oed.com/dictionary/compackability_n
consortish,adjective,1827-,0,Like consorts.,derivative,,,In current use,,,https://doi.org/10.1093/OED/4069099740,http://www.oed.com/dictionary/consortish_adj
dislocatee,noun,1827-,2,One who is dislocated or displaced.,derivative,,,In current use,,,https://doi.org/10.1093/OED/7228120473,http://www.oed.com/dictionary/dislocatee_n
fate-fencedness,noun,1827,0,The fact or condition of being constrained or…,compound,,,Not in use,,,https://doi.org/10.1093/OED/2800995136,http://www.oed.com/dictionary/fate-fencedness_n
Finnicize,verb,1827-,2,To give a Finnish form to.,derivative,,,In current use,,,https://doi.org/10.1093/OED/7816372876,http://www.oed.com/dictionary/finnicize_v
gravitate,adjective,1827-,2,Endowed with gravity.,borrowing,,,In current use,,,https://doi.org/10.1093/OED/1311044957,http://www.oed.com/dictionary/gravitate_adj
lukewarmish,adjective,1827-,1,Rather lukewarm.,derivative,,,In current use,,,https://doi.org/10.1093/OED/3757842405,http://www.oed.com/dictionary/lukewarmish_adj
milligrade,adjective,1827,0,Of a scale of measurement: having a thousand degrees.,compound,,,Not in use,,,https://doi.org/10.1093/OED/1083720717,http://www.oed.com/dictionary/milligrade_adj
observist,noun,1827,0,A person who engages in observation; an observer.,derivative,,,Not in use,,,https://doi.org/10.1093/OED/4527196620,http://www.oed.com/dictionary/observist_n
olla-podrida-ish,adjective,1827,0,"Heterogeneous, diverse.",derivative,,,Not in use,,,https://doi.org/10.1093/OED/8562001328,http://www.oed.com/dictionary/olla-podrida-ish_adj
pagemeal,adverb,1827,0,Page by page.,derivative,,,Not in use,,,https://doi.org/10.1093/OED/2996318551,http://www.oed.com/dictionary/pagemeal_adv
participatress,noun,1827,0,A female who participates.,derivative,,,Not in use,,,https://doi.org/10.1093/OED/2805470922,http://www.oed.com/dictionary/participatress_n
pedometrician,noun,1827,0,A person who makes pedometers.,derivative,,,Not in use,,,https://doi.org/10.1093/OED/7619402229,http://www.oed.com/dictionary/pedometrician_n
pedometrist,noun,1827,0,A person who uses a pedometer.,derivative,,,Not in use,,technology/measurement,https://doi.org/10.1093/OED/8616664688,http://www.oed.com/dictionary/pedometrist_n
pillarize,verb,1827,0,"transitive. To inscribe on, or commemorate by…",derivative,,,Not in use,,,https://doi.org/10.1093/OED/4834503413,http://www.oed.com/dictionary/pillarize_v
potamophilous,adjective,1827,0,River-loving.,borrowing,,,Not in use,,,https://doi.org/10.1093/OED/3652692950,http://www.oed.com/dictionary/potamophilous_adj
predicamentist,noun,1827,0,A person who is in a predicament.,derivative,,humorous,Not in use,,,https://doi.org/10.1093/OED/1708094135,http://www.oed.com/dictionary/predicamentist_n
proxically,adverb,1827,0,As a proxy or substitute.,derivative,,humorous,Not in use,,,https://doi.org/10.1093/OED/1207805019,http://www.oed.com/dictionary/proxically_adv
punzie,noun,1827,0,"A prick, a stab.",conversion,,,Not in use,Britain and Ireland/British English/Scottish English,military/weaponry,https://doi.org/10.1093/OED/1100449467,http://www.oed.com/dictionary/punzie_n
quash,adverb,1827,0,to go quash: with the action or effect of quashing.,conversion,,,Not in use,,,https://doi.org/10.1093/OED/1177381560,http://www.oed.com/dictionary/quash_adv
scribblatory,adjective,1827,0,Tending to produce a large amount of worthless…,derivative,,,Not in use,,,https://doi.org/10.1093/OED/5738892615,http://www.oed.com/dictionary/scribblatory_adj
stint-key,noun,1827,0,A key which checks the supply (of ale); in quot…,compound,,,Not in use,,,https://doi.org/10.1093/OED/5109810887,http://www.oed.com/dictionary/stint-key_n
stirrup-fast,adjective,1827-,0,Having the feet secure in the stirrups.,compound,,,In current use,,,https://doi.org/10.1093/OED/8690526640,http://www.oed.com/dictionary/stirrup-fast_adj
swimmy,adjective,1827-,2,Inclined to dizziness or giddiness. Also in…,derivative,,,In current use,,sciences/medicine/pathology,https://doi.org/10.1093/OED/7312086586,http://www.oed.com/dictionary/swimmy_adj
symphronistic,adjective,1827-,1,Involving coincidence or identity of thought…,,,,In current use,,,https://doi.org/10.1093/OED/4272113309,http://www.oed.com/dictionary/symphronistic_adj
confective,adjective,1828-,0,Pertaining to the making of confections.,borrowing,,,In current use,,,https://doi.org/10.1093/OED/5827160451,http://www.oed.com/dictionary/confective_adj
conjecturist,noun,1828-,0,One who deals in conjectures.,derivative,,,In current use,,,https://doi.org/10.1093/OED/5619441567,http://www.oed.com/dictionary/conjecturist_n
farmerage,noun,1828,0,The body of farmers collectively.,derivative,,,Not in use,,,https://doi.org/10.1093/OED/6036311284,http://www.oed.com/dictionary/farmerage_n
gelotometer,noun,1828-,0,A gauge for measuring laughter.,borrowing,,,In current use,,,https://doi.org/10.1093/OED/8941671894,http://www.oed.com/dictionary/gelotometer_n
gimlet,verb,1828-,2,transitive. To pierce with or as with a gimlet.,conversion,,,In current use,,,https://doi.org/10.1093/OED/7314925412,http://www.oed.com/dictionary/gimlet_v
grazierdom,noun,1828-,0,The realm or world of graziers.,derivative,,,In current use,,,https://doi.org/10.1093/OED/1026654424,http://www.oed.com/dictionary/grazierdom_n
gular,adjective,1828-,3,"Of, pertaining to, or situated upon the gula.",derivative,,,In current use,,sciences/life sciences/animals/invertebrates/insects,https://doi.org/10.1093/OED/2233062545,http://www.oed.com/dictionary/gular_adj
lithograph,noun,1828-,4,A lithographic print. Also attributive.,compound,,,In current use,,arts/visual arts/printmaking,https://doi.org/10.1093/OED/4726065261,http://www.oed.com/dictionary/lithograph_n
mob-cappish,adjective,1828,0,"Dowdy, frumpish.",derivative,,,Not in use,,crafts and trades/costume,https://doi.org/10.1093/OED/4528548938,http://www.oed.com/dictionary/mob-cappish_adj
obscenometer,noun,1828,0,An imaginary instrument for measuring the degree…,compound,,humorous,Not in use,,,https://doi.org/10.1093/OED/7871732971,http://www.oed.com/dictionary/obscenometer_n
picturesquiescity,noun,1828,0,Picturesqueness.,derivative,,,Not in use,,,https://doi.org/10.1093/OED/7941300152,http://www.oed.com/dictionary/picturesquiescity_n
prayering,noun,1828,0,The act of saying prayers; praying.,derivative,,,Not in use,,,https://doi.org/10.1093/OED/9932253953,http://www.oed.com/dictionary/prayering_n
psychozoic,adjective,1828-,2,†a. Involving both the mind and the living body…,compound,,,In current use,,sciences/physical sciences/earth sciences/geology,https://doi.org/10.1093/OED/6933108650,http://www.oed.com/dictionary/psychozoic_adj
quadru-pawed,adjective,1828,0,Having four paws.,compound,,,Not in use,,,https://doi.org/10.1093/OED/8147113010,http://www.oed.com/dictionary/quadru-pawed_adj
romancity,noun,1828,0,A romantic quality or characteristic.,derivative,,,Not in use,,,https://doi.org/10.1093/OED/1017720807,http://www.oed.com/dictionary/romancity_n
autometry,noun,1829-,1,Mathematics. An isometry of a metric space to itself.,compound,,,In current use,,sciences/mathematics,https://doi.org/10.1093/OED/2585714211,http://www.oed.com/dictionary/autometry_n
Christmasly,adverb,1829-,1,"In a manner typical of, or appropriate to…",derivative,,,In current use,,,https://doi.org/10.1093/OED/5461546221,http://www.oed.com/dictionary/christmasly_adv
coax,noun,1829-,3,colloquial. One who coaxes.,conversion,,colloquial and slang,In current use,,,https://doi.org/10.1093/OED/2783316481,http://www.oed.com/dictionary/coax_n1
codicillular,adjective,1829,0,Of the nature of a codicil or supplement.,borrowing,,,Not in use,,,https://doi.org/10.1093/OED/7079803199,http://www.oed.com/dictionary/codicillular_adj
cursee,noun,1829-,1,One who is cursed.,derivative,,,In current use,,,https://doi.org/10.1093/OED/9145133261,http://www.oed.com/dictionary/cursee_n
extravolution,noun,1829-,1,A rolling outwards; opposed to intravolution.,borrowing,,,In current use,,,https://doi.org/10.1093/OED/7551809802,http://www.oed.com/dictionary/extravolution_n
foliophagous,adjective,1829-,0,figurative. That devours folios.,borrowing,,,In current use,,,https://doi.org/10.1093/OED/9092318361,http://www.oed.com/dictionary/foliophagous_adj
inconsequentism,noun,1829-,0,"= inconsequence, n. 3.",derivative,,,In current use,,,https://doi.org/10.1093/OED/8655979277,http://www.oed.com/dictionary/inconsequentism_n
journalistic,"adjective, noun",1829-,5,Of or pertaining to journalists or journalism…,derivative,,,In current use,,manufacturing and industry/publishing and the book trade/journalism,https://doi.org/10.1093/OED/2360602576,http://www.oed.com/dictionary/journalistic_adj
reheater,noun,1829-,3,An apparatus or device for reheating.,derivative,,,In current use,,,https://doi.org/10.1093/OED/8276883784,http://www.oed.com/dictionary/reheater_n
saltativeness,noun,1829-,0,The faculty of leaping or jumping.,borrowing,,,In current use,,,https://doi.org/10.1093/OED/7122885586,http://www.oed.com/dictionary/saltativeness_n
scarletite,noun,1829,0,"One who hunts in scarlet (see scarlet, n. A.3).",derivative,,,Not in use,,,https://doi.org/10.1093/OED/5300885828,http://www.oed.com/dictionary/scarletite_n
stabularian,adjective,1829-,0,Belonging to a stable.,borrowing,,,In current use,,,https://doi.org/10.1093/OED/1092701497,http://www.oed.com/dictionary/stabularian_adj
struttle,noun,1829-,1,A petty strut or manner of strutting.,derivative,,,In current use,,,https://doi.org/10.1093/OED/1084907394,http://www.oed.com/dictionary/struttle_n2
unpaidish,adjective,1829,0,Characteristic of the Great Unpaid.,derivative,,,Not in use,,,https://doi.org/10.1093/OED/3505111210,http://www.oed.com/dictionary/unpaidish_adj
warping,noun,1829-,1,The mole's action of throwing up earth into mole-hills.,derivative,,,In current use,,sciences/life sciences/animals,https://doi.org/10.1093/OED/2577073832,http://www.oed.com/dictionary/warping_n2
yearnling,noun,1829,0,A young child over which one yearns.,derivative,,,Not in use,,,https://doi.org/10.1093/OED/3934376290,http://www.oed.com/dictionary/yearnling_n
animated film,noun,1830-,4,Originally: †a film with live action (obsolete)…,compound,,,In current use,,arts/film,https://doi.org/10.1093/OED/2419334502,http://www.oed.com/dictionary/animated-film_n
bucolism,noun,1830-,0,A rustic phrase or characteristic.,derivative,,,In current use,,,https://doi.org/10.1093/OED/9841142292,http://www.oed.com/dictionary/bucolism_n
burschenism,noun,1830-,0,The manner and customs of the burschen.,derivative,,,In current use,,,https://doi.org/10.1093/OED/1020270765,http://www.oed.com/dictionary/burschenism_n
cantitate,verb,1830-,1,intransitive. To sing as a bird. (Used contemptuously.),borrowing,,disparaging,In current use,,,https://doi.org/10.1093/OED/1152657554,http://www.oed.com/dictionary/cantitate_v
cigared,adjective,1830-,1,Furnished with a cigar.,derivative,,,In current use,,consumables/tobacco,https://doi.org/10.1093/OED/4180217448,http://www.oed.com/dictionary/cigared_adj
cobble-text,noun,1830-,0,A preacher who deals clumsily and unskilfully…,compound,,,In current use,,,https://doi.org/10.1093/OED/1181987409,http://www.oed.com/dictionary/cobble-text_n
conversation,verb,1830-,2,"intransitive. To converse, talk, engage in…",conversion,,,In current use,,,https://doi.org/10.1093/OED/1014353476,http://www.oed.com/dictionary/conversation_v
cotyledonous,adjective,1830-,2,Characterized by the presence of cotyledons.,derivative,,,In current use,,sciences/life sciences/plants,https://doi.org/10.1093/OED/6738042614,http://www.oed.com/dictionary/cotyledonous_adj
dapperism,noun,1830-,0,"The style, manners, etc. of a dapper person.",derivative,,,In current use,,,https://doi.org/10.1093/OED/7153660868,http://www.oed.com/dictionary/dapperism_n
double-ganger,noun,1830-,2,"The apparition of a living person; a double, a wraith.",borrowing,,,In current use,,,https://doi.org/10.1093/OED/9175788584,http://www.oed.com/dictionary/double-ganger_n
farcy,verb,1830-,1,transitive. To stuff.,borrowing,,,In current use,,,https://doi.org/10.1093/OED/5021632815,http://www.oed.com/dictionary/farcy_v
garlandy,adjective,1830-,0,Resembling garlands.,derivative,,,In current use,,,https://doi.org/10.1093/OED/2695368585,http://www.oed.com/dictionary/garlandy_adj
garlic,verb,1830-,3,To dose with garlic.,conversion,,,In current use,,,https://doi.org/10.1093/OED/9894122545,http://www.oed.com/dictionary/garlic_v
gnosticity,noun,1830-,0,Knowingness; pretensions to knowledge.,derivative,,,In current use,,,https://doi.org/10.1093/OED/3615062429,http://www.oed.com/dictionary/gnosticity_n
graocracy,noun,1830-,0,Government by an old woman or old women.,borrowing,,,In current use,,,https://doi.org/10.1093/OED/8960637741,http://www.oed.com/dictionary/graocracy_n
inverminate,verb,1830-,0,transitive. To infest like worms; to swarm or…,borrowing,,,In current use,,,https://doi.org/10.1093/OED/1185574397,http://www.oed.com/dictionary/inverminate_v
junketous,adjective,1830,0,Given to junketing or merrymaking.,derivative,,,Not in use,,,https://doi.org/10.1093/OED/1112801166,http://www.oed.com/dictionary/junketous_adj
leggery,noun,1830,0,A storehouse of legs. (In quot. with reference to…,derivative,,,Not in use,,,https://doi.org/10.1093/OED/6531740114,http://www.oed.com/dictionary/leggery_n
luggee,noun,1830-,0,One who is lugged or pulled.,derivative,,,In current use,,,https://doi.org/10.1093/OED/1157290075,http://www.oed.com/dictionary/luggee_n
mob feast,noun,1830,0,A banquet open to all.,compound,,,Not in use,,,https://doi.org/10.1093/OED/1141707199,http://www.oed.com/dictionary/mob-feast_n
mobship,noun,1830-93,0,ironic. With possessive adjective: a mock title…,derivative,,ironic,Not in use,,,https://doi.org/10.1093/OED/8024737349,http://www.oed.com/dictionary/mobship_n
nankeening,noun,1830,0,"A type of cloth; = nankeen, n. A.I.1a.",derivative,,,Not in use,,crafts and trades/textiles,https://doi.org/10.1093/OED/3066104747,http://www.oed.com/dictionary/nankeening_n
olla-podridical,adjective,1830,0,"= olla-podrida-ish, adj.",derivative,,,Not in use,,,https://doi.org/10.1093/OED/2462731274,http://www.oed.com/dictionary/olla-podridical_adj
Owlspiegle,verb,1830,0,transitive. Scott's word for: to render like the…,proper name,,,Not in use,,arts,https://doi.org/10.1093/OED/2706049209,http://www.oed.com/dictionary/owlspiegle_v
parsonarchy,noun,1830,0,A body of ruling parsons.,derivative,,,Not in use,,,https://doi.org/10.1093/OED/6739748894,http://www.oed.com/dictionary/parsonarchy_n
pugnastics,noun,1830,0,Pugilistic performances.,borrowing,,,Not in use,,sport and leisure/sport/boxing,https://doi.org/10.1093/OED/2068043963,http://www.oed.com/dictionary/pugnastics_n
sunshine-showery,adjective,1830,0,(Perhaps) cheerful in the midst of difficult…,compound,,,Not in use,,,https://doi.org/10.1093/OED/7693775186,http://www.oed.com/dictionary/sunshine-showery_adj
taskage,noun,1830-,0,Tasking; imposed labour; tasks collectively.,derivative,,,In current use,,,https://doi.org/10.1093/OED/9401803817,http://www.oed.com/dictionary/taskage_n
transuterine,adjective,1830-,2,Beyond or outside of the womb.,borrowing,,,In current use,,,https://doi.org/10.1093/OED/3721456187,http://www.oed.com/dictionary/transuterine_adj
whisperable,adjective,1830-,0,That can be whispered.,derivative,,,In current use,,,https://doi.org/10.1093/OED/6292059950,http://www.oed.com/dictionary/whisperable_adj
anapaganize,verb,1831,0,transitive. To make (something) pagan again.,derivative,,,Not in use,,religion and belief/religion,https://doi.org/10.1093/OED/1046738631,http://www.oed.com/dictionary/anapaganize_v
convolant,adjective,1831-,1,Flying in company.,borrowing,,,In current use,,,https://doi.org/10.1093/OED/4115862460,http://www.oed.com/dictionary/convolant_adj
dandy-land,noun,1831-,0,The (imaginary) land of dandies.,compound,,,In current use,,,https://doi.org/10.1093/OED/8359974117,http://www.oed.com/dictionary/dandy-land_n
donkeyish,adjective,1831-,1,"Like a donkey, asinine; stupid, foolish.",derivative,,,In current use,,,https://doi.org/10.1093/OED/9252320697,http://www.oed.com/dictionary/donkeyish_adj
Egyptize,verb,1831-,1,intransitive. To refer things to Egyptian sources.,proper name,,,In current use,,,https://doi.org/10.1093/OED/8322548914,http://www.oed.com/dictionary/egyptize_v
etceteraze,verb,1831,0,intransitive. To do a number of (unspecified) things.,derivative,,,Not in use,,,https://doi.org/10.1093/OED/9641825367,http://www.oed.com/dictionary/etceteraze_v
gaspant,adjective,1831,0,A mock-heraldic term for: gasping.,derivative,,humorous,Not in use,,"heraldry, sciences/medicine/pathology",https://doi.org/10.1093/OED/1108966026,http://www.oed.com/dictionary/gaspant_adj
metabolize,verb,1831-,5,transitive. To process (a substance or food item)…,borrowing,,,In current use,,"sciences/life sciences, sciences/medicine/physiology, sciences/physical sciences/chemistry/organic chemistry",https://doi.org/10.1093/OED/6414551246,http://www.oed.com/dictionary/metabolize_v
milk-and-water,verb,1831-39,0,"transitive. With down. To weaken, to water down…",conversion,,,Not in use,,,https://doi.org/10.1093/OED/2118100332,http://www.oed.com/dictionary/milk-and-water_v
omniswallowing,adjective,1831,0,Having a propensity to swallow or drink anything.,compound,,,Not in use,,,https://doi.org/10.1093/OED/8669029342,http://www.oed.com/dictionary/omniswallowing_adj
one-Goddite,noun,1831,0,A monotheist.,compound,,humorous,Not in use,,religion and belief/religion,https://doi.org/10.1093/OED/9642960684,http://www.oed.com/dictionary/one-goddite_n
peptician,noun,1831,0,A person who has good digestion.,derivative,,,Not in use,,sciences/medicine,https://doi.org/10.1093/OED/1129221183,http://www.oed.com/dictionary/peptician_n
philofelon,adjective,1831,0,Criminal-loving.,compound,,,Not in use,,,https://doi.org/10.1093/OED/5129544725,http://www.oed.com/dictionary/philofelon_adj
recklesshood,noun,1831,0,"Recklessness, carelessness, negligence.",derivative,,,Not in use,,,https://doi.org/10.1093/OED/5078814649,http://www.oed.com/dictionary/recklesshood_n
shark's head,noun,1831-,2,A jocular name for the elongated prow of a grab.,compound,,humorous,In current use,,transport/nautical,https://doi.org/10.1093/OED/4817713668,http://www.oed.com/dictionary/sharks-head_n
slaveage,noun,1831,0,Enslaved people regarded as a class or group.,derivative,,,Not in use,,,https://doi.org/10.1093/OED/8069765967,http://www.oed.com/dictionary/slaveage_n
theomisanthropist,noun,1831-,0,One who hates God and man.,compound,,,In current use,,,https://doi.org/10.1093/OED/2560470949,http://www.oed.com/dictionary/theomisanthropist_n
venisonivorous,adjective,1831-,0,Given to eating venison.,derivative,,,In current use,,,https://doi.org/10.1093/OED/4682303538,http://www.oed.com/dictionary/venisonivorous_adj
window plant,noun,1831-,2,A plant grown indoors on a windowsill or close to…,compound,,,In current use,,sciences/life sciences/plants,https://doi.org/10.1093/OED/3834631264,http://www.oed.com/dictionary/window-plant_n
polyepic,adjective,a1832,0,Consisting of more than one word.,,,,Not in use,,,https://doi.org/10.1093/OED/5270074240,http://www.oed.com/dictionary/polyepic_adj
black-apronry,noun,1832,0,"The wearers of black aprons, spec. the clerical…",compound,,,Not in use,,law,https://doi.org/10.1093/OED/3443947953,http://www.oed.com/dictionary/black-apronry_n
bloomery,noun,1832-,2,A collection or place full of blooms.,derivative,,,In current use,,,https://doi.org/10.1093/OED/5600004258,http://www.oed.com/dictionary/bloomery_n2
bus,noun,1832-,6,A large public vehicle carrying passengers by…,shortening,,,In current use,,,https://doi.org/10.1093/OED/7211897431,http://www.oed.com/dictionary/bus_n1
cathedrarian,adjective,1832-,0,Of or belonging to a cathedra or chair (pedantic).,borrowing,,,In current use,,,https://doi.org/10.1093/OED/5723773630,http://www.oed.com/dictionary/cathedrarian_adj
dandyic,adjective,1832-,0,Dandyish.,derivative,,,In current use,,,https://doi.org/10.1093/OED/4384442833,http://www.oed.com/dictionary/dandyic_adj
deericide,noun,1832-,0,The killing or killer of a deer.,compound,,,In current use,,,https://doi.org/10.1093/OED/6043625914,http://www.oed.com/dictionary/deericide_n
ex-aspirate,verb,1832-,0,transitive. To deprive of an aspirate or h.,derivative,,,In current use,,,https://doi.org/10.1093/OED/4552893390,http://www.oed.com/dictionary/ex-aspirate_v
gutturize,verb,1832-,1,transitive. To enunciate gutturally.,derivative,,,In current use,,,https://doi.org/10.1093/OED/1069815434,http://www.oed.com/dictionary/gutturize_v
hawkery,noun,1832-,1,A place where hawks are kept.,derivative,,,In current use,,,https://doi.org/10.1093/OED/1058216634,http://www.oed.com/dictionary/hawkery_n
illeist,noun,1832-,0,"One who makes much use of the pronoun he, or…",,,,In current use,,,https://doi.org/10.1093/OED/6662720071,http://www.oed.com/dictionary/illeist_n
on-carryingness,noun,1832,0,"Flow, continuity.",compound,,,Not in use,,,https://doi.org/10.1093/OED/1035409855,http://www.oed.com/dictionary/on-carryingness_n
polyadamite,adjective,1832,0,"Asserting the existence of many ‘Adams’, or first…",compound,,,Not in use,,,https://doi.org/10.1093/OED/1189708826,http://www.oed.com/dictionary/polyadamite_adj
punyish,adjective,1832,0,Somewhat puny.,derivative,,,Not in use,,,https://doi.org/10.1093/OED/5228014209,http://www.oed.com/dictionary/punyish_adj
rascalment,noun,1832,0,"= rascality, n. 2.",derivative,,,Not in use,,,https://doi.org/10.1093/OED/1003367100,http://www.oed.com/dictionary/rascalment_n
symbol,verb,1832-,3,"transitive. = symbolize, v.¹ II.3.",conversion,,,In current use,,,https://doi.org/10.1093/OED/1078167173,http://www.oed.com/dictionary/symbol_v
sympatetic,noun,1832-,0,"A fellow-walker, a companion in a walk.",,,,In current use,,,https://doi.org/10.1093/OED/7862441712,http://www.oed.com/dictionary/sympatetic_n
cacogastric,adjective,1833-,0,Having a deranged stomach.,compound,,,In current use,,,https://doi.org/10.1093/OED/5841950739,http://www.oed.com/dictionary/cacogastric_adj
carbonometer,noun,1833-,0,An instrument for detecting or measuring (excess)…,compound,,,In current use,,,https://doi.org/10.1093/OED/3594473306,http://www.oed.com/dictionary/carbonometer_n
conferencize,verb,1833-,0,intransitive. To hold a conference.,derivative,,,In current use,,,https://doi.org/10.1093/OED/1271476352,http://www.oed.com/dictionary/conferencize_v
hariole,verb,1833,0,"To divine, guess.",,,,Not in use,,,https://doi.org/10.1093/OED/4559597312,http://www.oed.com/dictionary/hariole_v
jack,verb,1833-,5,transitive. To raise or hoist by means of a jack…,conversion,,,In current use,North American English,,https://doi.org/10.1093/OED/3335805446,http://www.oed.com/dictionary/jack_v2
knavess,noun,1833,0,A knavish woman; an unscrupulous or dishonest…,derivative,,,Not in use,,,https://doi.org/10.1093/OED/7826105104,http://www.oed.com/dictionary/knavess_n
omni-versifier,noun,1833,0,A writer of very large quantities of verse.,compound,,,Not in use,,,https://doi.org/10.1093/OED/5672942536,http://www.oed.com/dictionary/omni-versifier_n
swabification,noun,1833-,0,Mopping.,derivative,,humorous,In current use,,,https://doi.org/10.1093/OED/6792964358,http://www.oed.com/dictionary/swabification_n
ununionized,adjective,1833-,2,Not belonging to a trade union; characterized by…,derivative,,,In current use,,,https://doi.org/10.1093/OED/2342022970,http://www.oed.com/dictionary/ununionized_adj
autopsychographize,verb,c1833,0,transitive to submit to autopsychography…,compound,,,Not in use,,,https://doi.org/10.1093/OED/2014862498,http://www.oed.com/dictionary/autopsychographize_v
criterional,adjective,a1834-,2,Of or relating to a criterion.,derivative,,,In current use,,,https://doi.org/10.1093/OED/1449035845,http://www.oed.com/dictionary/criterional_adj
exforcipate,verb,a1834-,0,transitive. To extract with a forceps. In quot…,borrowing,,,In current use,,,https://doi.org/10.1093/OED/6506177770,http://www.oed.com/dictionary/exforcipate_v
fancyette,noun,a1834-,0,A little fancy.,derivative,,,In current use,,,https://doi.org/10.1093/OED/4164560410,http://www.oed.com/dictionary/fancyette_n
flounder-flat,verb,a1834-,0,transitive. To make ‘as flat as a flounder’.,compound,,,In current use,,,https://doi.org/10.1093/OED/1774327980,http://www.oed.com/dictionary/flounder-flat_v
fool-cunningness,noun,a1834,0,Apparent cunning that in fact betrays foolishness…,compound,,,Not in use,,,https://doi.org/10.1093/OED/8551008662,http://www.oed.com/dictionary/fool-cunningness_n
gnathonism,noun,a1834-,0,Sycophancy.,borrowing,,,In current use,,,https://doi.org/10.1093/OED/2327602591,http://www.oed.com/dictionary/gnathonism_n
hystero-proterize,verb,a1834,0,intransitive. To invert the natural order; to…,derivative,,,Not in use,,,https://doi.org/10.1093/OED/1198907433,http://www.oed.com/dictionary/hystero-proterize_v
impossibilification,noun,a1834-,0,A rendering impossible.,derivative,,,In current use,,,https://doi.org/10.1093/OED/7462367877,http://www.oed.com/dictionary/impossibilification_n
infidelism,noun,a1834-,2,A system based on unbelief in religion.,derivative,,,In current use,,religion and belief/religion,https://doi.org/10.1093/OED/8605923774,http://www.oed.com/dictionary/infidelism_n
insective,adjective,a1834,0,? Characteristic of insects.,borrowing,,,Not in use,,,https://doi.org/10.1093/OED/9536324659,http://www.oed.com/dictionary/insective_adj
interadditive,noun,a1834-,1,Something added or inserted between or among…,derivative,,,In current use,,,https://doi.org/10.1093/OED/7439577540,http://www.oed.com/dictionary/interadditive_n
obitaneously,adverb,a1834,0,"By the way, in passing. Cf. obiter, adv.",derivative,,,Not in use,,,https://doi.org/10.1093/OED/3151296688,http://www.oed.com/dictionary/obitaneously_adv
papaphobist,noun,a1834,0,A person affected with papaphobia.,derivative,,,Not in use,,religion and belief/religion/Christianity/Roman Catholic Church,https://doi.org/10.1093/OED/7985751988,http://www.oed.com/dictionary/papaphobist_n
psilology,noun,a1834,0,"Vacuous chatter, mere talk.",variant,,,Not in use,,,https://doi.org/10.1093/OED/6782441075,http://www.oed.com/dictionary/psilology_n
punch,verb,a1834,0,intransitive. To drink punch.,conversion,,,Not in use,,,https://doi.org/10.1093/OED/3876977315,http://www.oed.com/dictionary/punch_v2
punlet,noun,a1834,0,A little pun.,derivative,,,Not in use,,,https://doi.org/10.1093/OED/3916011787,http://www.oed.com/dictionary/punlet_n
sapientize,verb,a1834-,2,transitive. To make sapient or wise.,derivative,,,In current use,,,https://doi.org/10.1093/OED/1001458439,http://www.oed.com/dictionary/sapientize_v
sterilifidianism,noun,a1834-,0,Belief in the sufficiency of a ‘barren’ faith.,borrowing,,,In current use,,,https://doi.org/10.1093/OED/4346791169,http://www.oed.com/dictionary/sterilifidianism_n
transcreate,verb,a1834-,2,transitive. To create by or in the way of transmission.,derivative,,,In current use,,,https://doi.org/10.1093/OED/8139815904,http://www.oed.com/dictionary/transcreate_v
avicide,noun,1834-,2,"The slaughter of birds, bird-shooting.",borrowing,,,In current use,,"sport and leisure/hunting, fishing, and shooting/shooting",https://doi.org/10.1093/OED/4873193531,http://www.oed.com/dictionary/avicide_n
bolero,verb,1834-,2,To dance a bolero.,conversion,,,In current use,,,https://doi.org/10.1093/OED/5372060852,http://www.oed.com/dictionary/bolero_v
calvinisticate,verb,1834,0,transitive. To instil a Calvinistic or…,derivative,,,Not in use,,,https://doi.org/10.1093/OED/4447601428,http://www.oed.com/dictionary/calvinisticate_v
chessite,noun,1834-,0,"A partizan of chess, n.¹",derivative,,,In current use,,,https://doi.org/10.1093/OED/6470300950,http://www.oed.com/dictionary/chessite_n
con-actor,noun,1834-,0,A joint agent.,derivative,,,In current use,,,https://doi.org/10.1093/OED/5203964960,http://www.oed.com/dictionary/con-actor_n
demic,adjective,1834-,3,Belonging to or characteristic of the people.,borrowing,,,In current use,,,https://doi.org/10.1093/OED/6781450458,http://www.oed.com/dictionary/demic_adj
Dianize,verb,1834-,0,intransitive. To spend the night with the moon…,derivative,,,In current use,,,https://doi.org/10.1093/OED/1133827308,http://www.oed.com/dictionary/dianize_v
drudgism,noun,1834-,0,The practice of a drudge.,derivative,,,In current use,,,https://doi.org/10.1093/OED/1880728031,http://www.oed.com/dictionary/drudgism_n
dysangelical,adjective,1834-,0,Used in opposition to evangelical.,derivative,,,In current use,,,https://doi.org/10.1093/OED/9385965966,http://www.oed.com/dictionary/dysangelical_adj
exhibitionize,verb,1834-,0,(intransitive) to frequent exhibitions.,derivative,,,In current use,,,https://doi.org/10.1093/OED/1077676842,http://www.oed.com/dictionary/exhibitionize_v
fandango,verb,1834-,2,To dance a fandango.,conversion,,,In current use,,arts/performing arts/dance,https://doi.org/10.1093/OED/1155814942,http://www.oed.com/dictionary/fandango_v
fenhood,noun,1834-,0,Fens collectively.,derivative,,,In current use,,,https://doi.org/10.1093/OED/1078825405,http://www.oed.com/dictionary/fenhood_n
jossish,adjective,1834,0,Resembling or characteristic of a joss.,derivative,,,Not in use,,,https://doi.org/10.1093/OED/9828903304,http://www.oed.com/dictionary/jossish_adj
lawnly,adverb,1834-,1,After the manner of a wearer of lawn.,derivative,,,In current use,,,https://doi.org/10.1093/OED/6480320599,http://www.oed.com/dictionary/lawnly_adv
lollification,noun,1834-,0,"Lolling, lounging.",derivative,,,In current use,,,https://doi.org/10.1093/OED/7700343052,http://www.oed.com/dictionary/lollification_n
manning-piece,noun,1834-,0,A fowling-piece used to shoot men.,compound,,humorous,In current use,,"sport and leisure/hunting, fishing, and shooting/shooting",https://doi.org/10.1093/OED/7249926478,http://www.oed.com/dictionary/manning-piece_n
motive-grinder,noun,1834,0,A person who laboriously or sophistically…,compound,,,Not in use,,,https://doi.org/10.1093/OED/9219527754,http://www.oed.com/dictionary/motive-grinder_n
motive-millwright,noun,1834,0,"= motive-grinder, n.",compound,,,Not in use,,,https://doi.org/10.1093/OED/5565778136,http://www.oed.com/dictionary/motive-millwright_n
nothingizing,noun,1834,0,"Reduction to nothing, obliteration.",derivative,,,Not in use,,,https://doi.org/10.1093/OED/1768527396,http://www.oed.com/dictionary/nothingizing_n
panfrivolium,noun,1834,0,A place or scene of utter frivolity. (In quot…,compound,,humorous,Not in use,,,https://doi.org/10.1093/OED/1042569701,http://www.oed.com/dictionary/panfrivolium_n
patronessing,noun,1834,0,"The behaviour of a patroness, esp. in support of…",derivative,,,Not in use,,,https://doi.org/10.1093/OED/1367216058,http://www.oed.com/dictionary/patronessing_n
peacockically,adverb,1834,0,"= peacockishly, adv.",derivative,,,Not in use,,,https://doi.org/10.1093/OED/3784635935,http://www.oed.com/dictionary/peacockically_adv
picturesquification,noun,1834,0,The act of making something picturesque.,derivative,,,Not in use,,,https://doi.org/10.1093/OED/7367121925,http://www.oed.com/dictionary/picturesquification_n
robustihood,noun,1834,0,Robustness.,derivative,,,Not in use,,,https://doi.org/10.1093/OED/7278498978,http://www.oed.com/dictionary/robustihood_n
super-fidel,adjective,1834,0,That has too much belief.,derivative,,,Not in use,,,https://doi.org/10.1093/OED/3894173893,http://www.oed.com/dictionary/super-fidel_adj
tintinnabule,noun,1834-,0,A bell.,borrowing,,humorous,In current use,,arts/performing arts/music/bell-ringing,https://doi.org/10.1093/OED/2657019590,http://www.oed.com/dictionary/tintinnabule_n
trades body,noun,1834-,1,†a. disparaging a tradesman (obsolete); b. =…,compound,,disparaging,In current use,,,https://doi.org/10.1093/OED/1168450535,http://www.oed.com/dictionary/trades-body_n
tramification,noun,1834-,0,The construction of a tramway.,derivative,,,In current use,,,https://doi.org/10.1093/OED/8728313858,http://www.oed.com/dictionary/tramification_n
twirlification,noun,1834-,0,"Twirling, gyrating.",derivative,,,In current use,,,https://doi.org/10.1093/OED/2325958426,http://www.oed.com/dictionary/twirlification_n
unlaving,adjective,1834,0,"That does not bathe or wash. Cf. lave, v.¹ 1.",derivative,,,Not in use,,,https://doi.org/10.1093/OED/2869025543,http://www.oed.com/dictionary/unlaving_adj
wet-blanketiveness,noun,1834,0,The quality of being a wet blanket (wet blanket…,derivative,,,Not in use,,,https://doi.org/10.1093/OED/9749273137,http://www.oed.com/dictionary/wet-blanketiveness_n
wiseacreish,adjective,1834-,0,Like or characteristic of a wiseacre.,derivative,,,In current use,,,https://doi.org/10.1093/OED/4030439021,http://www.oed.com/dictionary/wiseacreish_adj
Yankland,noun,1834-,0,"The land of the Yankees, America.",compound,,colloquial and slang,In current use,,,https://doi.org/10.1093/OED/4713685521,http://www.oed.com/dictionary/yankland_n
canivorous,adjective,1835-,1,Dog-devouring.,borrowing,,,In current use,,,https://doi.org/10.1093/OED/1035105349,http://www.oed.com/dictionary/canivorous_adj
contubernian,noun,1835-,0,"= contubernal, n.",borrowing,,,In current use,,,https://doi.org/10.1093/OED/6131889101,http://www.oed.com/dictionary/contubernian_n
dingee,noun,1835,0,A member of the crew of a dinghy.,derivative,,,Not in use,,transport/nautical/sailing,https://doi.org/10.1093/OED/8384762020,http://www.oed.com/dictionary/dingee_n
effluvient,adjective,1835-,1,Extremely fluent.,variant,,,In current use,,,https://doi.org/10.1093/OED/1035758190,http://www.oed.com/dictionary/effluvient_adj
falsism,noun,1835-,2,"a. ‘An assertion or statement, the falsity of…",derivative,,,In current use,,,https://doi.org/10.1093/OED/4325574037,http://www.oed.com/dictionary/falsism_n
forbiddal,noun,1835-,1,The act of forbidding.,derivative,,,In current use,,,https://doi.org/10.1093/OED/1083330122,http://www.oed.com/dictionary/forbiddal_n
illocomotive,adjective,1835-,0,"Not locomotive, not moving readily.",derivative,,,In current use,,,https://doi.org/10.1093/OED/1141926025,http://www.oed.com/dictionary/illocomotive_adj
long-straws,noun,1835,0,The action or game of drawing straws in order to…,compound,,,Not in use,,sport and leisure/games,https://doi.org/10.1093/OED/6268092882,http://www.oed.com/dictionary/long-straws_n
lousologist,noun,1835-,0,One who has a scientific knowledge of lice.,compound,,humorous,In current use,,,https://doi.org/10.1093/OED/1117902685,http://www.oed.com/dictionary/lousologist_n
lynch,verb,1835-,5,transitive. To inflict extralegal summary…,proper name,,,In current use,North American English/U.S. English,,https://doi.org/10.1093/OED/5680204546,http://www.oed.com/dictionary/lynch_v
orthograph,noun,1835-75,0,"A person's handwriting, a ‘hand’.",compound,,,Not in use,,arts/decorative arts/handwriting and calligraphy,https://doi.org/10.1093/OED/8568014646,http://www.oed.com/dictionary/orthograph_n
stelliscript,noun,1835-,0,A writing in the stars.,borrowing,,,In current use,,,https://doi.org/10.1093/OED/1958399022,http://www.oed.com/dictionary/stelliscript_n
typarchical,adjective,1835-,0,Of or pertaining to the control of the printing-press.,compound,,,In current use,,crafts and trades/printing and typography,https://doi.org/10.1093/OED/4283798922,http://www.oed.com/dictionary/typarchical_adj
welladay,verb,1835,0,intransitive. To cry ‘welladay’.,conversion,,,Not in use,,,https://doi.org/10.1093/OED/2564453456,http://www.oed.com/dictionary/welladay_v
whifflery,noun,1835-,0,Action characteristic of a whiffler; trifling.,derivative,,,In current use,,,https://doi.org/10.1093/OED/4906687312,http://www.oed.com/dictionary/whifflery_n
windbreak,noun,1835-,4,"Originally U.S. Something, esp. a row of trees…",compound,,,In current use,North American English/U.S. English,sciences/life sciences/plants,https://doi.org/10.1093/OED/1876030040,http://www.oed.com/dictionary/windbreak_n
Big Apple,noun,1836-,4,With the. The city of New York.,compound,,colloquial and slang,In current use,North American English/U.S. English,,https://doi.org/10.1093/OED/3989866092,http://www.oed.com/dictionary/big-apple_n
capric,adjective,1836-,3,Of or belonging to a goat.,borrowing,,,In current use,,sciences/physical sciences/chemistry,https://doi.org/10.1093/OED/5091046739,http://www.oed.com/dictionary/capric_adj
ceticide,noun,1836-,0,A whale-killer.,borrowing,,,In current use,,manufacturing and industry/commercial fishing/whaling,https://doi.org/10.1093/OED/8041392714,http://www.oed.com/dictionary/ceticide_n
eccentrize,verb,1836-,0,To play the eccentric (quasi-reflexive in quot. 1836).,derivative,,,In current use,,,https://doi.org/10.1093/OED/5585092574,http://www.oed.com/dictionary/eccentrize_v
elongative,adjective,1836-,0,That tends to elongate or lengthen out: see quot. 1836.,derivative,,,In current use,,,https://doi.org/10.1093/OED/9077237807,http://www.oed.com/dictionary/elongative_adj
freshhood,noun,1836,0,The condition or state of being a freshman; =…,compound,,,Not in use,North American English/U.S. English,education/university,https://doi.org/10.1093/OED/8221196592,http://www.oed.com/dictionary/freshhood_n
literatize,verb,1836-,0,transitive. To invest with literary character; to…,derivative,,,In current use,,,https://doi.org/10.1093/OED/5253982953,http://www.oed.com/dictionary/literatize_v
Nimrod,verb,1836,0,transitive. To make into a hunter.,proper name,,,Not in use,,,https://doi.org/10.1093/OED/1183963874,http://www.oed.com/dictionary/nimrod_v
perruquerian,adjective,1836,0,Of or relating to a perruquier.,derivative,,,Not in use,,crafts and trades/hairdressing,https://doi.org/10.1093/OED/9216404536,http://www.oed.com/dictionary/perruquerian_adj
rectangulate,verb,1836-,2,transitive. To place at right angles; to divide…,borrowing,,,In current use,,,https://doi.org/10.1093/OED/9355585914,http://www.oed.com/dictionary/rectangulate_v
shiftmaker,noun,1836,0,A person who is obliged to resort to desperate…,compound,,,Not in use,,,https://doi.org/10.1093/OED/8452887556,http://www.oed.com/dictionary/shiftmaker_n
tittlebatian,adjective,1836-,0,Relating to tittlebats.,derivative,,,In current use,Britain and Ireland/British English/English regional,sciences/life sciences/animals/fish,https://doi.org/10.1093/OED/1123450594,http://www.oed.com/dictionary/tittlebatian_adj
Tritonic,adjective,1836-,1,Of or pertaining to a Triton or Tritons.,derivative,,,In current use,,religion and belief/mythology,https://doi.org/10.1093/OED/1154853138,http://www.oed.com/dictionary/tritonic_adj
wigful,noun,1836-,0,As much as fills a wig.,derivative,,,In current use,,technology/measurement,https://doi.org/10.1093/OED/7108790426,http://www.oed.com/dictionary/wigful_n
barristration,noun,1837-,0,The action of a barrister.,derivative,,,In current use,,law,https://doi.org/10.1093/OED/4092367698,http://www.oed.com/dictionary/barristration_n
capricornity,noun,1837-,0,Goat-horned or he-goat quality.,derivative,,,In current use,,,https://doi.org/10.1093/OED/7587804739,http://www.oed.com/dictionary/capricornity_n
coach-horser,noun,1837,0,A person who provides horses for coaches. Cf…,derivative,,,Not in use,,,https://doi.org/10.1093/OED/1126306796,http://www.oed.com/dictionary/coach-horser_n
colaphic,adjective,1837-,0,Of or pertaining to a blow or buffet.,borrowing,,,In current use,,,https://doi.org/10.1093/OED/1167156644,http://www.oed.com/dictionary/colaphic_adj
colloquacious,adjective,1837-,0,Given to colloquy.,borrowing,,humorous,In current use,,,https://doi.org/10.1093/OED/1206535949,http://www.oed.com/dictionary/colloquacious_adj
convivialize,verb,1837-,0,intransitive. To practise conviviality.,derivative,,,In current use,,,https://doi.org/10.1093/OED/1095528916,http://www.oed.com/dictionary/convivialize_v
culottic,adjective,1837-,1,"Wearing breeches, respectable, as opposed to…",borrowing,,,In current use,,,https://doi.org/10.1093/OED/3836288528,http://www.oed.com/dictionary/culottic_adj
dameship,noun,1837-,0,The office or position of a dame.,derivative,,,In current use,,,https://doi.org/10.1093/OED/1345628958,http://www.oed.com/dictionary/dameship_n
dinnerly,adverb,1837-,0,For or by one's dinner.,derivative,,,In current use,,,https://doi.org/10.1093/OED/7394127698,http://www.oed.com/dictionary/dinnerly_adv
disconjured,adjective,1837,0,Apparently: deprived of the power of conjuring.,derivative,,,Not in use,,arts/performing arts/conjuring,https://doi.org/10.1093/OED/1140492956,http://www.oed.com/dictionary/disconjured_adj
dyslogy,noun,1837-,1,"Dispraise, censure: the opposite of eulogy.",derivative,,,In current use,,,https://doi.org/10.1093/OED/2326957301,http://www.oed.com/dictionary/dyslogy_n
fearling,noun,1837-,0,A creature that fears.,derivative,,,In current use,,,https://doi.org/10.1093/OED/5978531684,http://www.oed.com/dictionary/fearling_n
goosified,adjective,1837-,0,Affected with ‘goose-flesh’.,derivative,,,In current use,,,https://doi.org/10.1093/OED/1635369330,http://www.oed.com/dictionary/goosified_adj
hearsay,verb,1837-,2,(intransitive) to tell what one has heard; to…,conversion,,,In current use,,,https://doi.org/10.1093/OED/3346104502,http://www.oed.com/dictionary/hearsay_v
mindsman,noun,1837,0,"A man of mind (see mind, n.¹ IV.21b).",compound,,,Not in use,,,https://doi.org/10.1093/OED/1272380977,http://www.oed.com/dictionary/mindsman_n
mixtish,adjective,1837,0,Of the nature of a mixture.,derivative,,,Not in use,,,https://doi.org/10.1093/OED/5385131155,http://www.oed.com/dictionary/mixtish_adj
ollapodism,noun,1837,0,A sentence made up of various languages.,derivative,,,Not in use,,,https://doi.org/10.1093/OED/2634378903,http://www.oed.com/dictionary/ollapodism_n
patrollotism,noun,1837,0,The systematic use of patrols.,compound,,,Not in use,,,https://doi.org/10.1093/OED/9546540477,http://www.oed.com/dictionary/patrollotism_n
phagology,noun,1837,0,The feeding habits of an animal or animals.,borrowing,,,Not in use,,,https://doi.org/10.1093/OED/5916133969,http://www.oed.com/dictionary/phagology_n
piggicide,noun,1837,0,A person who kills pigs.,compound,,humorous,Not in use,,,https://doi.org/10.1093/OED/3789932824,http://www.oed.com/dictionary/piggicide_n
poculation,noun,1837,0,The action or practice of drinking (alcohol).,borrowing,,,Not in use,,,https://doi.org/10.1093/OED/1006094078,http://www.oed.com/dictionary/poculation_n
pre-existerian,noun,1837,0,"= pre-existentiary, n.",derivative,,,Not in use,,religion and belief/religion,https://doi.org/10.1093/OED/1130394563,http://www.oed.com/dictionary/pre-existerian_n
siroccoish,adjective,1837-,0,Somewhat resembling that produced by the sirocco…,derivative,,,In current use,,,https://doi.org/10.1093/OED/4022157451,http://www.oed.com/dictionary/siroccoish_adj
stagnature,noun,1837-,0,The state or condition of being stagnant.,derivative,,,In current use,,,https://doi.org/10.1093/OED/1779130666,http://www.oed.com/dictionary/stagnature_n
townskip,noun,1837,0,A humorous form of address for a boy.,compound,,humorous,Not in use,,,https://doi.org/10.1093/OED/4328603650,http://www.oed.com/dictionary/townskip_n
twaddledom,noun,1837-,0,"The realm of twaddle, the habit of uttering twaddle.",derivative,,,In current use,,,https://doi.org/10.1093/OED/1196159998,http://www.oed.com/dictionary/twaddledom_n
wagling,noun,1837-,1,A little wag.,derivative,,,In current use,,,https://doi.org/10.1093/OED/2876530824,http://www.oed.com/dictionary/wagling_n
balloonicism,noun,1838,0,A technical phrase in ballooning.,derivative,,,Not in use,,,https://doi.org/10.1093/OED/6211823284,http://www.oed.com/dictionary/balloonicism_n
camerist,noun,1838,0,"A chambermaid, a lady's maid.",borrowing,,,Not in use,,,https://doi.org/10.1093/OED/2004161337,http://www.oed.com/dictionary/camerist_n1
cerebroscope,noun,1838-,2,After horoscope (see quot).,compound,,,In current use,,,https://doi.org/10.1093/OED/6971171960,http://www.oed.com/dictionary/cerebroscope_n
climed,adjective,1838-,2,Allotted to a (particular) clime.,derivative,,,In current use,,,https://doi.org/10.1093/OED/5201604142,http://www.oed.com/dictionary/climed_adj
cormorancy,noun,1838-,0,A body of cormorants; a greedy oppressive class.,derivative,,,In current use,,,https://doi.org/10.1093/OED/5918194085,http://www.oed.com/dictionary/cormorancy_n
cunopic,adjective,1838-,0,"= cynopic, adj.",borrowing,,,In current use,,,https://doi.org/10.1093/OED/7363117173,http://www.oed.com/dictionary/cunopic_adj
destinarian,noun,1838-,1,A believer in destiny.,derivative,,,In current use,,,https://doi.org/10.1093/OED/2712321905,http://www.oed.com/dictionary/destinarian_n
flimsify,verb,1838-,0,transitive. To render flimsy.,derivative,,,In current use,,,https://doi.org/10.1093/OED/7475222217,http://www.oed.com/dictionary/flimsify_v
flingy,adjective,1838-,1,Inclined to fling or move abruptly; jerky.,derivative,,,In current use,,,https://doi.org/10.1093/OED/1216650038,http://www.oed.com/dictionary/flingy_adj
gooseberryologist,noun,1838-,0,A person who studies gooseberries.,compound,,,In current use,,,https://doi.org/10.1093/OED/5111412535,http://www.oed.com/dictionary/gooseberryologist_n
heteroepy,noun,1838-,0,Pronunciation differing from the standard.,compound,,,In current use,,,https://doi.org/10.1093/OED/1108168117,http://www.oed.com/dictionary/heteroepy_n
heteromaton,noun,1838-,0,A thing that is moved by something else.,compound,,,In current use,,,https://doi.org/10.1093/OED/3071153901,http://www.oed.com/dictionary/heteromaton_n
jackass,verb,1838-,4,Originally and chiefly North American…,conversion,,,In current use,North American English,,https://doi.org/10.1093/OED/8649815459,http://www.oed.com/dictionary/jackass_v
kritarchy,noun,1838-,1,"The rule, or period of rule, of the Judges in…",borrowing,,,In current use,,,https://doi.org/10.1093/OED/1190710161,http://www.oed.com/dictionary/kritarchy_n
metonomatosis,noun,1838,0,A change of name.,borrowing,,,Not in use,,,https://doi.org/10.1093/OED/8228784357,http://www.oed.com/dictionary/metonomatosis_n
oudenology,noun,1838,0,"The science of nothing, or of things having no…",borrowing,,humorous,Not in use,,,https://doi.org/10.1093/OED/9640920002,http://www.oed.com/dictionary/oudenology_n
pepticity,noun,1838,0,The condition of having good digestion.,derivative,,,Not in use,,sciences/medicine,https://doi.org/10.1093/OED/8107625846,http://www.oed.com/dictionary/pepticity_n
philoepiorcian,adjective,1838,0,Tending to favour perjury.,,,,Not in use,,,https://doi.org/10.1093/OED/4124582402,http://www.oed.com/dictionary/philoepiorcian_adj
polyfenestral,adjective,1838,0,Having many windows.,,,,Not in use,,,https://doi.org/10.1093/OED/8238577079,http://www.oed.com/dictionary/polyfenestral_adj
requiem,verb,1838,0,"intransitive. Of a storm: to quieten down, blow over.",conversion,,poetic and literary,Not in use,,,https://doi.org/10.1093/OED/1189205047,http://www.oed.com/dictionary/requiem_v
victimologist,noun,1838-,0,A person who studies the victims of crime; an…,compound,,,In current use,,law,https://doi.org/10.1093/OED/8414971665,http://www.oed.com/dictionary/victimologist_n
beauidealize,verb,a1839-,0,"To form a beau ideal, or charming conception, of.",derivative,,,In current use,,,https://doi.org/10.1093/OED/7778446415,http://www.oed.com/dictionary/beauidealize_v
column,verb,1839-,3,intransitive. To form or move in column.,conversion,,,In current use,,,https://doi.org/10.1093/OED/1585053961,http://www.oed.com/dictionary/column_v
decapillatory,adjective,1839-,0,Pertaining to the removal of hair from the head…,borrowing,,,In current use,,,https://doi.org/10.1093/OED/8354000674,http://www.oed.com/dictionary/decapillatory_adj
decorist,noun,1839-,1,One attached to artistic proprieties.,derivative,,,In current use,,,https://doi.org/10.1093/OED/7051448532,http://www.oed.com/dictionary/decorist_n
depullulation,noun,1839-,0,Removal or plucking off of sprouts.,borrowing,,,In current use,,,https://doi.org/10.1093/OED/7212181474,http://www.oed.com/dictionary/depullulation_n
dyspneumony,noun,1839-,0,Disease or affection of the lungs.,derivative,,,In current use,,,https://doi.org/10.1093/OED/8265373317,http://www.oed.com/dictionary/dyspneumony_n
eucnemidal,adjective,1839-,0,Pertaining to a well-greaved man; hence quasi-n…,borrowing,,,In current use,,crafts and trades/costume,https://doi.org/10.1093/OED/3157419442,http://www.oed.com/dictionary/eucnemidal_adj
frictionary,adjective,1839-,0,"= frictional, adj.",derivative,,,In current use,,,https://doi.org/10.1093/OED/1180905235,http://www.oed.com/dictionary/frictionary_adj
imbeam,verb,1839-,0,transitive. To cast as a beam.,derivative,,,In current use,,,https://doi.org/10.1093/OED/5943605184,http://www.oed.com/dictionary/imbeam_v
lampist,noun,1839-,1,"One skilled in, or employed in, the construction…",borrowing,,,In current use,,,https://doi.org/10.1093/OED/7041730674,http://www.oed.com/dictionary/lampist_n
Orangizing,noun,1839,0,The playing of the part of William of Orange…,derivative,,,Not in use,,,https://doi.org/10.1093/OED/1058019265,http://www.oed.com/dictionary/orangizing_n
out-of-doorer,noun,1839,0,A person who prefers to live or stay in the open air.,derivative,,,Not in use,,,https://doi.org/10.1093/OED/1047372192,http://www.oed.com/dictionary/out-of-doorer_n
pirouettism,noun,1839,0,An inclination towards or habit of pirouetting.,derivative,,,Not in use,,,https://doi.org/10.1093/OED/1474462576,http://www.oed.com/dictionary/pirouettism_n
plousiocracy,noun,1839,0,"The wealthy ruling class. Cf. plutocracy, n.",borrowing,,,Not in use,,,https://doi.org/10.1093/OED/9384638950,http://www.oed.com/dictionary/plousiocracy_n
polylychnous,adjective,1839,0,Having many lamps or lights.,,,,Not in use,,,https://doi.org/10.1093/OED/1162076215,http://www.oed.com/dictionary/polylychnous_adj
sea,verb,1839-,2,intransitive. To go along as a part of the sea.,conversion,,,In current use,,,https://doi.org/10.1093/OED/8994499112,http://www.oed.com/dictionary/sea_v
starling,noun,1839,0,"An inhabitant of a star. Cf. earthling, n.²",derivative,,,Not in use,,,https://doi.org/10.1093/OED/3172374573,http://www.oed.com/dictionary/starling_n3
thanatography,noun,1839-,2,An account of a person's death.,compound,,,In current use,,,https://doi.org/10.1093/OED/2964155049,http://www.oed.com/dictionary/thanatography_n
van,verb,1839-,3,transitive. To convey or transport (something…,conversion,,,In current use,,sport and leisure/horses and riding/horse racing,https://doi.org/10.1093/OED/1101469402,http://www.oed.com/dictionary/van_v2
within-bound,adjective,1839-,0,Confined or experienced within bounds (in a school).,compound,,,In current use,,education,https://doi.org/10.1093/OED/4875260149,http://www.oed.com/dictionary/within-bound_adj
slanginess,noun,?1839-,2,Very informal or colloquial character in…,derivative,,,In current use,,,https://doi.org/10.1093/OED/6679265654,http://www.oed.com/dictionary/slanginess_n
constituentary,adjective,1840-,0,Pertaining to a constituent (sense A.2).,derivative,,,In current use,,,https://doi.org/10.1093/OED/1530801044,http://www.oed.com/dictionary/constituentary_adj
cozling,noun,1840-,0,Little coz or cousin.,derivative,,,In current use,,,https://doi.org/10.1093/OED/5441616799,http://www.oed.com/dictionary/cozling_n
crayonize,verb,1840-,0,"= crayon, v.; in quot. 1840 figurative to sketch…",derivative,,,In current use,,arts/visual arts/painting and drawing/drawing,https://doi.org/10.1093/OED/1200684062,http://www.oed.com/dictionary/crayonize_v
episuperstruction,noun,1840-,0,Additional superstruction.,derivative,,,In current use,,,https://doi.org/10.1093/OED/3835017561,http://www.oed.com/dictionary/episuperstruction_n
erroneosity,noun,1840-,0,= Erroneousness.,derivative,,,In current use,,,https://doi.org/10.1093/OED/1175832469,http://www.oed.com/dictionary/erroneosity_n
I-ism,noun,1840-,0,a. Metaphysics the reference of all things to…,derivative,,,In current use,,philosophy,https://doi.org/10.1093/OED/5816293770,http://www.oed.com/dictionary/i-ism_n
indiscretionary,adjective,1840-,1,Of or pertaining to indiscretion.,derivative,,,In current use,,,https://doi.org/10.1093/OED/2841123558,http://www.oed.com/dictionary/indiscretionary_adj
Lynchy,adverb,1840,0,In a manner suggestive of ‘Judge Lynch’ (see…,proper name,,,Not in use,,,https://doi.org/10.1093/OED/6341057038,http://www.oed.com/dictionary/lynchy_adv
middleageism,noun,1840,0,Medievalism.,derivative,,,Not in use,,,https://doi.org/10.1093/OED/1356498090,http://www.oed.com/dictionary/middleageism_n
ororotundoism,noun,1840,0,"= orotundity, n.",derivative,,,Not in use,,,https://doi.org/10.1093/OED/1506242654,http://www.oed.com/dictionary/ororotundoism_n
overtoise,verb,1840,0,transitive. To measure out in toises.,derivative,,,Not in use,,technology/measurement,https://doi.org/10.1093/OED/5282912617,http://www.oed.com/dictionary/overtoise_v
paterophobia,noun,1840,0,Fear or mistrust of the early Christian Fathers.,borrowing,,,Not in use,,religion and belief/religion/Christianity,https://doi.org/10.1093/OED/1030746314,http://www.oed.com/dictionary/paterophobia_n
pointling,noun,1840,0,A little index finger.,derivative,,,Not in use,,,https://doi.org/10.1093/OED/5916772716,http://www.oed.com/dictionary/pointling_n
sanguine-heart,adjective,1840-,0,Crimson at the heart.,compound,,,In current use,,sciences/life sciences/plants,https://doi.org/10.1093/OED/7725479988,http://www.oed.com/dictionary/sanguine-heart_adj
scarlety,adjective,1840-,1,Having a tinge of scarlet.,derivative,,,In current use,,,https://doi.org/10.1093/OED/9483576107,http://www.oed.com/dictionary/scarlety_adj
scratchification,noun,1840-,0,A spiteful attack.,derivative,,humorous,In current use,,,https://doi.org/10.1093/OED/2151369619,http://www.oed.com/dictionary/scratchification_n
self-snatchation,noun,1840,0,The action of saving oneself from something…,derivative,,,Not in use,,,https://doi.org/10.1093/OED/7318997427,http://www.oed.com/dictionary/self-snatchation_n
sinescriptual,adjective,1840-,0,Not possessing the Scriptures.,borrowing,,,In current use,,,https://doi.org/10.1093/OED/6349880362,http://www.oed.com/dictionary/sinescriptual_adj
skeletoness,noun,1840-,0,A female skeleton.,derivative,,,In current use,,,https://doi.org/10.1093/OED/5203653009,http://www.oed.com/dictionary/skeletoness_n
tatterdemalionry,noun,1840-,0,The body of tatterdemalions.,derivative,,,In current use,,,https://doi.org/10.1093/OED/6241365972,http://www.oed.com/dictionary/tatterdemalionry_n
ten-poundery,noun,1840-,0,The body of ten-pound householders.,derivative,,,In current use,,,https://doi.org/10.1093/OED/3370448858,http://www.oed.com/dictionary/ten-poundery_n
tobaccoy,adjective,1840-,1,Impregnated with or smelling of tobacco-smoke.,derivative,,,In current use,,consumables/tobacco,https://doi.org/10.1093/OED/5091760070,http://www.oed.com/dictionary/tobaccoy_adj
toxophilitism,noun,1840-,0,"= toxophily, n.",derivative,,,In current use,,sport and leisure/sport/archery,https://doi.org/10.1093/OED/1084776762,http://www.oed.com/dictionary/toxophilitism_n
callography,noun,1841,0,In the terminology of the U.S. academic Roswell…,borrowing,,,Not in use,,arts/literature,https://doi.org/10.1093/OED/8509578040,http://www.oed.com/dictionary/callography_n
crucible,verb,1841-,3,To put into or melt in a crucible.,conversion,,,In current use,,,https://doi.org/10.1093/OED/1066612732,http://www.oed.com/dictionary/crucible_v
daddyism,noun,1841-,1,Chiefly U.S. Paternalistic policy or practice on…,derivative,,,In current use,North American English/U.S. English,,https://doi.org/10.1093/OED/6992118005,http://www.oed.com/dictionary/daddyism_n
earth battery,noun,1841-,1,"†a. Military a battery (battery, n. III.8a)…",compound,,,In current use,,"military, technology/electrical",https://doi.org/10.1093/OED/9204710867,http://www.oed.com/dictionary/earth-battery_n
egoistry,noun,1841-,0,"= egoism, n.",derivative,,,In current use,,,https://doi.org/10.1093/OED/1163392945,http://www.oed.com/dictionary/egoistry_n
enceinteship,noun,1841-,0,"The state of being enceinte, n.",derivative,,,In current use,,sciences/medicine/obstetrics,https://doi.org/10.1093/OED/8107804086,http://www.oed.com/dictionary/enceinteship_n
flirtationship,noun,1841-,0,A period of repeated flirtatious behaviour…,derivative,,,In current use,,,https://doi.org/10.1093/OED/1404059637,http://www.oed.com/dictionary/flirtationship_n
floricide,noun,1841-,0,One who destroys flowers.,borrowing,,,In current use,,,https://doi.org/10.1093/OED/1078796237,http://www.oed.com/dictionary/floricide_n
harshish,adjective,1841-,1,Somewhat harsh.,derivative,,,In current use,,,https://doi.org/10.1093/OED/9921486748,http://www.oed.com/dictionary/harshish_adj
officerage,noun,1841,0,The services of an officer or official.,derivative,,,Not in use,,,https://doi.org/10.1093/OED/5858428291,http://www.oed.com/dictionary/officerage_n
potboyship,noun,1841,0,The position of a pot-boy.,derivative,,,Not in use,,,https://doi.org/10.1093/OED/8935182443,http://www.oed.com/dictionary/potboyship_n
romanceress,noun,1841,0,A female romancer.,derivative,,,Not in use,,arts/literature,https://doi.org/10.1093/OED/6859855662,http://www.oed.com/dictionary/romanceress_n
sheepsheadism,noun,1841-,0,The practice of eating sheep's-head.,derivative,,,In current use,,,https://doi.org/10.1093/OED/1015352037,http://www.oed.com/dictionary/sheepsheadism_n
Tritonize,verb,1841-,0,"(intransitive) to play the Triton (see Triton, n.¹ 1c).",derivative,,,In current use,,,https://doi.org/10.1093/OED/4401212943,http://www.oed.com/dictionary/tritonize_v
bird farm,noun,1842-,0,A farm on which birds are reared or kept.,compound,,,In current use,,agriculture and horticulture/agriculture,https://doi.org/10.1093/OED/7061944642,http://www.oed.com/dictionary/bird-farm_n
cantatize,verb,1842-,0,To perform cantatas.,derivative,,,In current use,,arts/performing arts/music,https://doi.org/10.1093/OED/3617997864,http://www.oed.com/dictionary/cantatize_v
donkeyess,noun,1842-,0,A female donkey.,derivative,,,In current use,,,https://doi.org/10.1093/OED/3928458475,http://www.oed.com/dictionary/donkeyess_n
ensignhood,noun,1842-,0,The state of being an ensign.,derivative,,,In current use,,military,https://doi.org/10.1093/OED/1034282291,http://www.oed.com/dictionary/ensignhood_n
farcedom,noun,1842-,0,Farcical spirit or style.,derivative,,,In current use,,,https://doi.org/10.1093/OED/2938955284,http://www.oed.com/dictionary/farcedom_n
firkineer,noun,1842-,0,One who sells by the firkin.,derivative,,,In current use,,,https://doi.org/10.1093/OED/3800239098,http://www.oed.com/dictionary/firkineer_n
ink-tippler,noun,1842-,0,"One who is constantly using ink, a writer.",compound,,,In current use,,arts/literature,https://doi.org/10.1093/OED/8422011079,http://www.oed.com/dictionary/ink-tippler_n
man-mountainism,noun,1842,0,The great stature enjoyed by a person of…,compound,,,Not in use,,,https://doi.org/10.1093/OED/1030577318,http://www.oed.com/dictionary/man-mountainism_n
sconce,verb,1842-,1,"transitive. = ensconce, v. 3b.",shortening,,,In current use,,,https://doi.org/10.1093/OED/9063649704,http://www.oed.com/dictionary/sconce_v3
septemfoil,noun,1842,0,An ornamental feature consisting of seven cusps…,,,,Not in use,,manufacturing and industry/building/architecture,https://doi.org/10.1093/OED/1953893394,http://www.oed.com/dictionary/septemfoil_n
twinfold,adjective,1842-,1,"Twofold, with the two parts or elements in close…",derivative,,,In current use,,,https://doi.org/10.1093/OED/5136932824,http://www.oed.com/dictionary/twinfold_adj
worn-outiness,noun,1842,0,"Worn-out condition; = worn-outness, n.",derivative,,,Not in use,,,https://doi.org/10.1093/OED/5428996676,http://www.oed.com/dictionary/worn-outiness_n
yachtian,noun,1842-,0,A yachtsman.,derivative,,,In current use,,"sport and leisure/sport, transport/nautical/sailing",https://doi.org/10.1093/OED/1348770016,http://www.oed.com/dictionary/yachtian_n
stagemanship,noun,?1842-,0,The art or skill of a male stage actor or…,derivative,,,In current use,,arts/performing arts/theatre,https://doi.org/10.1093/OED/6347906057,http://www.oed.com/dictionary/stagemanship_n
ballotically,adverb,c1842,0,In reference to the ballot.,derivative,,,Not in use,,,https://doi.org/10.1093/OED/7570404981,http://www.oed.com/dictionary/ballotically_adv
bodilize,verb,a1843-,0,transitive. To make corporeal or material.,derivative,,,In current use,,,https://doi.org/10.1093/OED/6452331505,http://www.oed.com/dictionary/bodilize_v
dendranthropology,noun,a1843-,0,‘Study based on the theory that man had sprung…,compound,,,In current use,,sciences/life sciences/plants,https://doi.org/10.1093/OED/1059153803,http://www.oed.com/dictionary/dendranthropology_n
etceterarist,noun,a1843,0,A person who uses the word ‘etcetera’.,derivative,,,Not in use,,,https://doi.org/10.1093/OED/6204323185,http://www.oed.com/dictionary/etceterarist_n
hempstretch,noun,a1843-,0,"A person hanged. Cf. stretchhemp at hemp, n. 3a.",compound,,,In current use,,,https://doi.org/10.1093/OED/9087580556,http://www.oed.com/dictionary/hempstretch_n
hindermate,noun,a1843-,0,A companion who is a hindrance.,compound,,,In current use,,,https://doi.org/10.1093/OED/1057884491,http://www.oed.com/dictionary/hindermate_n
hoplarchy,noun,a1843-,0,(See quot.).,compound,,,In current use,,military/weaponry,https://doi.org/10.1093/OED/8324627339,http://www.oed.com/dictionary/hoplarchy_n
iatrarchy,noun,a1843-,0,The order of physicians.,borrowing,,,In current use,,sciences/medicine,https://doi.org/10.1093/OED/9197550779,http://www.oed.com/dictionary/iatrarchy_n
nomarchy,noun,a1843,0,The legal class in a state.,borrowing,,,Not in use,,law,https://doi.org/10.1093/OED/1398658979,http://www.oed.com/dictionary/nomarchy_n2
paulo-post-futuratively,adverb,a1843,0,As belonging to the near future.,derivative,,,Not in use,,,https://doi.org/10.1093/OED/4627036883,http://www.oed.com/dictionary/paulo-post-futuratively_adv
sinesalary,noun,a1843-,0,An office without pay.,borrowing,,,In current use,,,https://doi.org/10.1093/OED/1188588357,http://www.oed.com/dictionary/sinesalary_n
age-coeval,adjective,1843,0,Having the same age or date of origin…,compound,,,Not in use,,,https://doi.org/10.1093/OED/1092290879,http://www.oed.com/dictionary/age-coeval_adj
corn-law,verb,1843-,2,To impose corn-laws upon.,,,,In current use,,,https://doi.org/10.1093/OED/8022446761,http://www.oed.com/dictionary/corn-law_v
corn-lawing,adjective,1843-,1,Passing or supporting corn-laws.,derivative,,,In current use,,,https://doi.org/10.1093/OED/6688456664,http://www.oed.com/dictionary/corn-lawing_adj
donkey,verb,1843-,3,(intransitive) to ride a donkey.,conversion,,,In current use,,sport and leisure/horses and riding,https://doi.org/10.1093/OED/9272024865,http://www.oed.com/dictionary/donkey_v
Escurialize,verb,1843-,0,transitive. To subject to influences like those…,proper name,,,In current use,,,https://doi.org/10.1093/OED/9167001534,http://www.oed.com/dictionary/escurialize_v
flunkeyhood,noun,1843-,1,The fact or state of being a flunkey.,derivative,,,In current use,,,https://doi.org/10.1093/OED/8806102099,http://www.oed.com/dictionary/flunkeyhood_n
inspunge,verb,1843-,0,transitive. To confine in a sponging-house.,derivative,,,In current use,,,https://doi.org/10.1093/OED/8549779413,http://www.oed.com/dictionary/inspunge_v
laddism,noun,1843-,2,The condition or character of a lad.,derivative,,,In current use,,,https://doi.org/10.1093/OED/9213063584,http://www.oed.com/dictionary/laddism_n
newspaperacious,adjective,1843,0,Of a form or style associated with newspapers.,derivative,,,Not in use,,manufacturing and industry/publishing and the book trade/journalism,https://doi.org/10.1093/OED/3796954521,http://www.oed.com/dictionary/newspaperacious_adj
papyrocracy,noun,1843,0,Government by excessive paperwork.,compound,,,Not in use,,,https://doi.org/10.1093/OED/1065459414,http://www.oed.com/dictionary/papyrocracy_n
parvenant,noun,1843,0,A person who is acquiring a higher social…,borrowing,,,Not in use,,,https://doi.org/10.1093/OED/3746785180,http://www.oed.com/dictionary/parvenant_n
pinafore,verb,1843-,3,transitive (usually in passive). To dress in a…,conversion,,,In current use,,crafts and trades/costume,https://doi.org/10.1093/OED/6182494054,http://www.oed.com/dictionary/pinafore_v
polyphloisboiotatotic,adjective,1843,0,That roars most loudly of all or very loudly indeed.,variant,,humorous,Not in use,,,https://doi.org/10.1093/OED/1194943062,http://www.oed.com/dictionary/polyphloisboiotatotic_adj
polyphloisboiotic,adjective,1843,0,"= polyphloisboian, adj.",borrowing,,humorous,Not in use,,,https://doi.org/10.1093/OED/1205921049,http://www.oed.com/dictionary/polyphloisboiotic_adj
quinquagint,noun,1843,0,A group of fifty persons.,borrowing,,,Not in use,,,https://doi.org/10.1093/OED/1586515313,http://www.oed.com/dictionary/quinquagint_n
quizzacious,adjective,1843,0,Mocking; satirical.,derivative,,,Not in use,,,https://doi.org/10.1093/OED/7718543267,http://www.oed.com/dictionary/quizzacious_adj
regatting,noun,1843,0,Participation in a regatta or regattas.,derivative,,,Not in use,,,https://doi.org/10.1093/OED/4320890510,http://www.oed.com/dictionary/regatting_n
rubricist,noun,1843-,2,A strict or overzealous observer of liturgical rubrics.,derivative,,,In current use,,religion and belief/religion/Christianity/liturgical,https://doi.org/10.1093/OED/4008252236,http://www.oed.com/dictionary/rubricist_n
septemdecenary,noun,1843,0,Recurring every seventeen years. Cf…,compound,,,Not in use,,,https://doi.org/10.1093/OED/2973702646,http://www.oed.com/dictionary/septemdecenary_n
throat room,noun,1843,0,Opportunity to speak or shout.,compound,,,Not in use,,,https://doi.org/10.1093/OED/5667834113,http://www.oed.com/dictionary/throat-room_n
toxology,noun,1843-,1,"The study of the bow, i.e. archery; but in quot…",borrowing,,humorous,In current use,,sport and leisure/sport/archery,https://doi.org/10.1093/OED/4877493982,http://www.oed.com/dictionary/toxology_n
Yankeedoodledodom,noun,1843-,0,"= Yankeedom, n.",derivative,,,In current use,,,https://doi.org/10.1093/OED/4553596367,http://www.oed.com/dictionary/yankeedoodledodom_n
after-party,noun,1844-,2,A party (usually of an exclusive nature) which…,derivative,,,In current use,,,https://doi.org/10.1093/OED/6045805819,http://www.oed.com/dictionary/after-party_n
capkin,noun,1844-,0,A little cap.,derivative,,,In current use,,crafts and trades/costume/hats,https://doi.org/10.1093/OED/7525029415,http://www.oed.com/dictionary/capkin_n
dimonosyllabic,adjective,1844-,0,Consisting of two monosyllables.,compound,,,In current use,,,https://doi.org/10.1093/OED/4646043814,http://www.oed.com/dictionary/dimonosyllabic_adj
function,verb,1844-,6,intransitive. To fulfil one's function; to work…,conversion,,,In current use,,,https://doi.org/10.1093/OED/7245111971,http://www.oed.com/dictionary/function_v
hieropathic,adjective,1844-,0,Consisting in love of the clergy.,borrowing,,,In current use,,,https://doi.org/10.1093/OED/1064648664,http://www.oed.com/dictionary/hieropathic_adj
kitist,noun,1844-,0,One skilled in flying kites.,derivative,,,In current use,,,https://doi.org/10.1093/OED/2495695640,http://www.oed.com/dictionary/kitist_n
parabore,noun,1844,0,A defence from bores.,derivative,,humorous,Not in use,,,https://doi.org/10.1093/OED/6429669659,http://www.oed.com/dictionary/parabore_n
past-the-middle-age,adjective,1844,0,Older than middle-aged.,compound,,,Not in use,,,https://doi.org/10.1093/OED/4009337407,http://www.oed.com/dictionary/past-the-middle-age_adj
pirouettiveness,noun,1844,0,The art or practice of pirouetting.,derivative,,,Not in use,,,https://doi.org/10.1093/OED/6510489138,http://www.oed.com/dictionary/pirouettiveness_n
railway,verb,1844-,4,transitive. To provide (a place) with railways.,conversion,,,In current use,,transport/railways,https://doi.org/10.1093/OED/1188978991,http://www.oed.com/dictionary/railway_v
shoekin,noun,1844-,0,A small shoe.,derivative,,,In current use,,crafts and trades/costume/shoes,https://doi.org/10.1093/OED/1163196208,http://www.oed.com/dictionary/shoekin_n
supplejackically,adverb,1844,0,In a manner threatening punishment with a supplejack.,derivative,,humorous,Not in use,,,https://doi.org/10.1093/OED/8831117712,http://www.oed.com/dictionary/supplejackically_adv
tartar-emeticize,verb,1844-,0,(transitive) to dose with tartar-emetic.,compound,,,In current use,,sciences/medicine,https://doi.org/10.1093/OED/7724171868,http://www.oed.com/dictionary/tartar-emeticize_v
pamperize,verb,a1845,0,"= pamper, v.",derivative,,,Not in use,,,https://doi.org/10.1093/OED/5199232105,http://www.oed.com/dictionary/pamperize_v
cause,verb,1845,0,intransitive. To speak familiarly; to converse…,borrowing,,,Not in use,,,https://doi.org/10.1093/OED/1810545813,http://www.oed.com/dictionary/cause_v3
check-bitted,adjective,1845,0,Of a horse: fitted with a check bit.,derivative,,,Not in use,,sport and leisure/horses and riding,https://doi.org/10.1093/OED/1032679287,http://www.oed.com/dictionary/check-bitted_adj
cocktailian,"adjective, noun",1845-,0,"Of, relating to, or characteristic of cocktails…",derivative,,,In current use,,consumables/drink,https://doi.org/10.1093/OED/9672567426,http://www.oed.com/dictionary/cocktailian_adj
cookics,noun,1845,0,"Cookery, humorously regarded as a branch of science.",derivative,,,Not in use,,consumables/food and cooking,https://doi.org/10.1093/OED/1318670301,http://www.oed.com/dictionary/cookics_n
cottonocrat,noun,1845-,0,A member of the cottonocracy; a cotton-lord.,,,colloquial and slang,In current use,,crafts and trades/textiles,https://doi.org/10.1093/OED/6355417605,http://www.oed.com/dictionary/cottonocrat_n
disidentify,verb,1845-,3,transitive. To undo or veil the identity of.,derivative,,,In current use,,,https://doi.org/10.1093/OED/1138840295,http://www.oed.com/dictionary/disidentify_v
embrownment,noun,1845-,0,Brown colouring.,derivative,,,In current use,,,https://doi.org/10.1093/OED/5118665994,http://www.oed.com/dictionary/embrownment_n
firesideship,noun,1845,0,(With preceding possessive adjective) a mock…,derivative,,,Not in use,,,https://doi.org/10.1093/OED/1179383973,http://www.oed.com/dictionary/firesideship_n
goose-paddle,verb,1845-,0,transitive to propel by paddling like a goose.,compound,,,In current use,,,https://doi.org/10.1093/OED/9250867618,http://www.oed.com/dictionary/goose-paddle_v
joggling table,noun,1845-,0,Printing. A vibrating table or board that allows…,compound,,,In current use,,"crafts and trades/printing and typography, manufacturing and industry/mining",https://doi.org/10.1093/OED/4395054662,http://www.oed.com/dictionary/joggling-table_n
knightfully,adverb,1845-,0,"Like a knight, bravely.",derivative,,,In current use,,,https://doi.org/10.1093/OED/7210666379,http://www.oed.com/dictionary/knightfully_adv
mosstroopery,noun,1845,0,The practices of the moss-troopers.,derivative,,,Not in use,,,https://doi.org/10.1093/OED/3774230017,http://www.oed.com/dictionary/mosstroopery_n
polkery,noun,1845,0,A social gathering for the purpose of dancing the…,derivative,,,Not in use,,arts/performing arts/dance,https://doi.org/10.1093/OED/1180159109,http://www.oed.com/dictionary/polkery_n
proturb,verb,1845,0,transitive. To drive or chase out.,borrowing,,humorous,Not in use,,,https://doi.org/10.1093/OED/8520300866,http://www.oed.com/dictionary/proturb_v
roadcraft,noun,1845-,1,"†a. The occupation, skill, or craft of a…",compound,,colloquial and slang,In current use,,transport/motoring,https://doi.org/10.1093/OED/1455440188,http://www.oed.com/dictionary/roadcraft_n
taggery,noun,1845-,0,The work of a tagger; the tagging of rhymes.,derivative,,,In current use,,,https://doi.org/10.1093/OED/9063194873,http://www.oed.com/dictionary/taggery_n
theriomaniac,noun,1845-,0,A person having an obsession or mania for hunting…,compound,,,In current use,,"sport and leisure/hunting, fishing, and shooting/hunting",https://doi.org/10.1093/OED/8294626776,http://www.oed.com/dictionary/theriomaniac_n
threelihood,noun,1845-,0,The Trinity; threefoldness.,derivative,,,In current use,,religion and belief/religion/Christianity,https://doi.org/10.1093/OED/1141521198,http://www.oed.com/dictionary/threelihood_n
tobaccose,adjective,1845-,0,"Addicted to, or characterized by addiction to, tobacco.",derivative,,,In current use,,consumables/tobacco,https://doi.org/10.1093/OED/3831926934,http://www.oed.com/dictionary/tobaccose_adj
typeless,adjective,1845-,3,"Untyped, unprinted.",derivative,,,In current use,,,https://doi.org/10.1093/OED/7609359701,http://www.oed.com/dictionary/typeless_adj
bayoneteer,noun,1846-,1,A soldier armed with the bayonet.,derivative,,,In current use,,military,https://doi.org/10.1093/OED/7644557547,http://www.oed.com/dictionary/bayoneteer_n
Cottonian,noun,1846-,2,A person involved or invested in the cotton…,derivative,,historical,In current use,,"economics and commerce/economics, politics",https://doi.org/10.1093/OED/9043098892,http://www.oed.com/dictionary/cottonian_n
daguerreotypism,noun,1846-,0,Minute exactness as of a daguerreotype.,derivative,,,In current use,,arts/visual arts/painting and drawing/painting,https://doi.org/10.1093/OED/6244863503,http://www.oed.com/dictionary/daguerreotypism_n
dandyling,noun,1846-,0,A diminutive or petty dandy.,derivative,,,In current use,,,https://doi.org/10.1093/OED/4923969293,http://www.oed.com/dictionary/dandyling_n
equison,noun,1846-,0,A groom; a horse-jockey.,borrowing,,,In current use,,sport and leisure/horses and riding/horse racing,https://doi.org/10.1093/OED/4617628890,http://www.oed.com/dictionary/equison_n2
futurism,noun,1846-,4,Usually with capital initial. An artistic and…,derivative,,,In current use,,arts,https://doi.org/10.1093/OED/5138113656,http://www.oed.com/dictionary/futurism_n
gadge,noun,1846,0,A torturing iron (see note in etymology).,arbitrary,,archaic,Not in use,,,https://doi.org/10.1093/OED/5632460932,http://www.oed.com/dictionary/gadge_n1
husbanddom,noun,1846-,0,The state or condition of being a husband.,derivative,,,In current use,,,https://doi.org/10.1093/OED/1093386947,http://www.oed.com/dictionary/husbanddom_n
irregularist,noun,1846-,0,One who adheres to an irregular course or proceeding.,derivative,,,In current use,,,https://doi.org/10.1093/OED/6892096193,http://www.oed.com/dictionary/irregularist_n
jejunery,noun,1846-,0,Fasting; jejune writing.,derivative,,,In current use,,,https://doi.org/10.1093/OED/8495661145,http://www.oed.com/dictionary/jejunery_n
microscopize,verb,1846,0,intransitive. To work with a microscope.,derivative,,,Not in use,,sciences,https://doi.org/10.1093/OED/1056424686,http://www.oed.com/dictionary/microscopize_v
pastille,verb,1846-,1,transitive. To make into a pastille.,conversion,,,In current use,,,https://doi.org/10.1093/OED/5925044754,http://www.oed.com/dictionary/pastille_v
polybuttoned,adjective,1846,0,Wearing many buttons.,compound,,,Not in use,,crafts and trades/costume,https://doi.org/10.1093/OED/3695083025,http://www.oed.com/dictionary/polybuttoned_adj
Punchine,adjective,1846,0,Of or relating to the magazine Punch.,proper name,,,Not in use,,manufacturing and industry/publishing and the book trade/journalism,https://doi.org/10.1093/OED/1468279830,http://www.oed.com/dictionary/punchine_adj
self-condemnant,adjective,1846,0,That condemns itself; self-condemning.,variant,,,Not in use,,,https://doi.org/10.1093/OED/7275978296,http://www.oed.com/dictionary/self-condemnant_adj
skrae,adjective,1846,0,"Thin, lean.",conversion,,,Not in use,Britain and Ireland/British English/Scottish English,,https://doi.org/10.1093/OED/4770448646,http://www.oed.com/dictionary/skrae_adj
dustward,adverb,1847-,1,Towards the dust; towards death or the grave.,derivative,,,In current use,,,https://doi.org/10.1093/OED/4398336588,http://www.oed.com/dictionary/dustward_adv
fad,verb,1847-,4,intransitive. dialect. (See quots.),unknown,,,In current use,,,https://doi.org/10.1093/OED/2265849196,http://www.oed.com/dictionary/fad_v
flinchless,adjective,1847-,1,Without a flinch.,derivative,,,In current use,,,https://doi.org/10.1093/OED/1392402400,http://www.oed.com/dictionary/flinchless_adj
heteropathy,noun,1847-,2,"Medicine. = allopathy, n.: opposed to homœopathy.",compound,,,In current use,,sciences/medicine,https://doi.org/10.1093/OED/2715070838,http://www.oed.com/dictionary/heteropathy_n
insuffice,verb,1847-,0,intransitive. To fail to suffice; to be insufficient.,derivative,,,In current use,,,https://doi.org/10.1093/OED/3204008474,http://www.oed.com/dictionary/insuffice_v
majestarian,adjective,1847,0,Of or relating to the sovereign.,derivative,,,Not in use,,,https://doi.org/10.1093/OED/7228465754,http://www.oed.com/dictionary/majestarian_adj
outfolio,verb,1847,0,(transitive) to drive out with folios.,derivative,,,Not in use,,,https://doi.org/10.1093/OED/1131998520,http://www.oed.com/dictionary/outfolio_v
princify,verb,1847,0,transitive. To make into a prince; to make princely.,derivative,,,Not in use,,,https://doi.org/10.1093/OED/6549436910,http://www.oed.com/dictionary/princify_v
sacked,adjective,1847-,2,Wearing a sack.,derivative,,,In current use,,crafts and trades/costume,https://doi.org/10.1093/OED/5343599420,http://www.oed.com/dictionary/sacked_adj2
septiregal,adjective,1847,0,Of seven kings.,compound,,,Not in use,,,https://doi.org/10.1093/OED/1908654019,http://www.oed.com/dictionary/septiregal_adj
sweeperess,noun,1847-,2,A female (crossing-) sweeper.,derivative,,,In current use,,,https://doi.org/10.1093/OED/1046841479,http://www.oed.com/dictionary/sweeperess_n
viaggiatory,adjective,1847-,0,Given to travelling about.,borrowing,,,In current use,,,https://doi.org/10.1093/OED/1107869758,http://www.oed.com/dictionary/viaggiatory_adj
vo,noun,1847-,5,A size of book.,shortening,,,In current use,,,https://doi.org/10.1093/OED/1042138381,http://www.oed.com/dictionary/vo_n
walking-matching,noun,1847,0,Participation in walking matches.,compound,,,Not in use,,sport and leisure/sport/athletics,https://doi.org/10.1093/OED/6961629521,http://www.oed.com/dictionary/walking-matching_n
cornucopiosity,noun,1848-,0,? Cornucopia-like arrangement or profusion.,derivative,,,In current use,,,https://doi.org/10.1093/OED/2744413508,http://www.oed.com/dictionary/cornucopiosity_n
cuisinic,adjective,1848-,0,Pertaining to the cuisine.,derivative,,,In current use,,consumables/food and cooking,https://doi.org/10.1093/OED/1556111315,http://www.oed.com/dictionary/cuisinic_adj
dictioneer,noun,1848,0,A self-appointed critic of diction.,derivative,,disparaging,Not in use,,,https://doi.org/10.1093/OED/8692030726,http://www.oed.com/dictionary/dictioneer_n
double-barrel,verb,1848-,3,transitive. To alter (one's surname) by…,,,,In current use,,,https://doi.org/10.1093/OED/9563373033,http://www.oed.com/dictionary/double-barrel_v
eludent,adjective,1848-,1,That eludes (the gaze).,borrowing,,,In current use,,,https://doi.org/10.1093/OED/8843700646,http://www.oed.com/dictionary/eludent_adj
embastille,verb,1848-,0,"transitive. To surround (a city) with forts, or…",borrowing,,,In current use,,,https://doi.org/10.1093/OED/3857088658,http://www.oed.com/dictionary/embastille_v
flunkeyfied,adjective,1848-,0,Imbued with flunkeyism.,derivative,,,In current use,,,https://doi.org/10.1093/OED/7055346205,http://www.oed.com/dictionary/flunkeyfied_adj
forficulate,verb,1848-,0,"intransitive. To have a ‘creeping’ sensation, as…",borrowing,,,In current use,,,https://doi.org/10.1093/OED/6687103983,http://www.oed.com/dictionary/forficulate_v
herpetic,adjective,1848-,3,"Crawling, reptilian.",borrowing,,,In current use,,,https://doi.org/10.1093/OED/3066471103,http://www.oed.com/dictionary/herpetic_adj2
humblement,noun,1848-,3,Humiliation.,derivative,,,In current use,,,https://doi.org/10.1093/OED/5632021965,http://www.oed.com/dictionary/humblement_n
merchantish,adjective,1848,0,Resembling or characteristic of a merchant.,derivative,,,Not in use,,,https://doi.org/10.1093/OED/1151090021,http://www.oed.com/dictionary/merchantish_adj
parochialic,adjective,1848,0,Parochial.,borrowing,,,Not in use,,,https://doi.org/10.1093/OED/7115304106,http://www.oed.com/dictionary/parochialic_adj
phobanthropy,noun,1848,0,Morbid dread or strong dislike of humankind; =…,borrowing,,,Not in use,,,https://doi.org/10.1093/OED/1201385386,http://www.oed.com/dictionary/phobanthropy_n
Puginesquery,noun,1848,0,Matters related to Pugin or his architectural style.,derivative,,,Not in use,,manufacturing and industry/building/architecture,https://doi.org/10.1093/OED/8403832368,http://www.oed.com/dictionary/puginesquery_n
tariffize,verb,1848-,0,(transitive) to subject to a tariff or system of…,derivative,,,In current use,,economics and commerce,https://doi.org/10.1093/OED/7536899604,http://www.oed.com/dictionary/tariffize_v
transdiurnal,adjective,1848-,1,That is beyond the confines of day.,derivative,,,In current use,,,https://doi.org/10.1093/OED/9949879249,http://www.oed.com/dictionary/transdiurnal_adj
treeify,verb,1848-,0,transitive. To make or change into a tree.,derivative,,,In current use,,sciences/life sciences/plants,https://doi.org/10.1093/OED/9896227727,http://www.oed.com/dictionary/treeify_v
kinginess,noun,a1849,0,"Kingly quality, kingliness.",derivative,,disparaging,Not in use,,,https://doi.org/10.1093/OED/2961357955,http://www.oed.com/dictionary/kinginess_n
Laputically,adverb,a1849-,0,After the fashion of the Laputans.,,,,In current use,,,https://doi.org/10.1093/OED/4041014497,http://www.oed.com/dictionary/laputically_adv
marginalic,adjective,a1849,0,Suggestive or reminiscent of marginalia.,derivative,,,Not in use,,,https://doi.org/10.1093/OED/5354497962,http://www.oed.com/dictionary/marginalic_adj
punnage,noun,a1849,0,Puns collectively.,derivative,,,Not in use,,,https://doi.org/10.1093/OED/1518116158,http://www.oed.com/dictionary/punnage_n
sangsue,noun,a1849-,2,A leech.,borrowing,,,In current use,,sciences/life sciences/animals/invertebrates,https://doi.org/10.1093/OED/6280278254,http://www.oed.com/dictionary/sangsue_n
consequenceless,adjective,1849-,1,Without consequences.,derivative,,,In current use,,,https://doi.org/10.1093/OED/2337426994,http://www.oed.com/dictionary/consequenceless_adj
diphrelatic,adjective,1849-,1,Relating to the driving of a chariot…,borrowing,,humorous,In current use,,,https://doi.org/10.1093/OED/1097739353,http://www.oed.com/dictionary/diphrelatic_adj
disvowelled,adjective,1849-,0,Rendered vowelless; that does not pronounce vowels.,derivative,,,In current use,,,https://doi.org/10.1093/OED/8486469955,http://www.oed.com/dictionary/disvowelled_adj
influenzacized,adjective,1849,0,Having influenza.,derivative,,,Not in use,,sciences/medicine/pathology,https://doi.org/10.1093/OED/1044285890,http://www.oed.com/dictionary/influenzacized_adj
planeticose,adjective,1849,0,Given to wandering; itinerant.,borrowing,,,Not in use,,,https://doi.org/10.1093/OED/1007472863,http://www.oed.com/dictionary/planeticose_adj
pot-walloping,noun,1849,0,The sound produced by the boiler of a steam engine.,compound,,,Not in use,,technology/engineering/mechanics/steam engines,https://doi.org/10.1093/OED/9423261138,http://www.oed.com/dictionary/pot-walloping_n
pseudo-mica,noun,1849,0,A mineral resembling mica.,compound,,,Not in use,,,https://doi.org/10.1093/OED/2090308787,http://www.oed.com/dictionary/pseudo-mica_n
snivelize,verb,1849-,1,(transitive) to reduce (someone) to a state of…,,,,In current use,,,https://doi.org/10.1093/OED/2358725719,http://www.oed.com/dictionary/snivelize_v
solidiform,noun,1849-,1,A solid body.,compound,,,In current use,,,https://doi.org/10.1093/OED/7565375511,http://www.oed.com/dictionary/solidiform_n
steepleless,adjective,1849-,1,Having no steeple.,derivative,,,In current use,,,https://doi.org/10.1093/OED/1317635968,http://www.oed.com/dictionary/steepleless_adj
tomecide,noun,1849,0,A person who destroys books.,derivative,,,Not in use,,,https://doi.org/10.1093/OED/3842499331,http://www.oed.com/dictionary/tomecide_n
touristship,noun,1849-,0,The quality or position of a tourist.,derivative,,,In current use,,,https://doi.org/10.1093/OED/3439810825,http://www.oed.com/dictionary/touristship_n
vanitarianism,noun,1849-,0,The pursuit of vanities.,derivative,,,In current use,,,https://doi.org/10.1093/OED/1040928573,http://www.oed.com/dictionary/vanitarianism_n
waiterage,noun,1849-,0,The performance of a waiter's duties.,derivative,,,In current use,,,https://doi.org/10.1093/OED/8777609553,http://www.oed.com/dictionary/waiterage_n
cantity,noun,1850-,1,Canting quality; cant.,derivative,,,In current use,,,https://doi.org/10.1093/OED/5333056995,http://www.oed.com/dictionary/cantity_n
chirographosophic,adjective,1850-,0,"Skilled in, or a judge of handwriting.",derivative,,,In current use,,arts/decorative arts/handwriting and calligraphy,https://doi.org/10.1093/OED/1996750216,http://www.oed.com/dictionary/chirographosophic_adj
comato-crapulose,adjective,1850-,0,In a state of drowsiness and head-ache consequent…,borrowing,,humorous,In current use,,,https://doi.org/10.1093/OED/5421386913,http://www.oed.com/dictionary/comato-crapulose_adj
consobrinal,adjective,1850-,0,Having the relationship of cousin.,borrowing,,,In current use,,,https://doi.org/10.1093/OED/1171562620,http://www.oed.com/dictionary/consobrinal_adj
electiveness,noun,1850-,2,The fact of (a government's) being elective.,derivative,,,In current use,,,https://doi.org/10.1093/OED/2879387286,http://www.oed.com/dictionary/electiveness_n
figure-servant,noun,1850,0,A commercial clerk.,compound,,,Not in use,,,https://doi.org/10.1093/OED/8804015771,http://www.oed.com/dictionary/figure-servant_n
gesticular,adjective,1850-,2,Of or pertaining to gesticulation.,borrowing,,,In current use,,,https://doi.org/10.1093/OED/2961338636,http://www.oed.com/dictionary/gesticular_adj
go-up-able,adjective,1850,0,Of a river: capable of being followed towards the…,derivative,,,Not in use,,,https://doi.org/10.1093/OED/8863165327,http://www.oed.com/dictionary/go-up-able_adj
grave-deep,adjective,1850-,1,Deep as the grave.,compound,,,In current use,,,https://doi.org/10.1093/OED/6615827331,http://www.oed.com/dictionary/grave-deep_adj
infantocracy,noun,1850-,0,The rule of an infant.,compound,,,In current use,,,https://doi.org/10.1093/OED/6297342342,http://www.oed.com/dictionary/infantocracy_n
inside-out,adjective,1850-,4,Having the inner surface turned outwards…,conversion,,,In current use,,,https://doi.org/10.1093/OED/4061962200,http://www.oed.com/dictionary/inside-out_adj
Italianesquery,noun,1850-,0,Work executed in Italian style.,derivative,,,In current use,,,https://doi.org/10.1093/OED/8005229596,http://www.oed.com/dictionary/italianesquery_n
pencillous,adjective,1850,0,Resembling the form of a pencil; pencil-like.,derivative,,,Not in use,,,https://doi.org/10.1093/OED/1699246824,http://www.oed.com/dictionary/pencillous_adj
posement,noun,1850,0,Perplexity.,derivative,,,Not in use,,,https://doi.org/10.1093/OED/7054534152,http://www.oed.com/dictionary/posement_n
potboydom,noun,1850,0,Pot-boys collectively.,derivative,,,Not in use,,,https://doi.org/10.1093/OED/7018244008,http://www.oed.com/dictionary/potboydom_n
tritheocracy,noun,1850-,0,Rule or government by three Gods; a group of…,compound,,,In current use,,religion and belief/religion/Christianity,https://doi.org/10.1093/OED/3429958423,http://www.oed.com/dictionary/tritheocracy_n
twaddleize,verb,1850-,0,(transitive) to reduce to twaddle.,derivative,,,In current use,,arts/literature,https://doi.org/10.1093/OED/6397230396,http://www.oed.com/dictionary/twaddleize_v
upper-flapped,adjective,1850,0,Apparently (of a saddle): having a pair of flaps…,derivative,,,Not in use,,sport and leisure/horses and riding,https://doi.org/10.1093/OED/1921597252,http://www.oed.com/dictionary/upper-flapped_adj
anthroposophist,noun,1851-,3,An advocate or practitioner of Rudolf Steiner's…,derivative,,,In current use,,education,https://doi.org/10.1093/OED/9296126528,http://www.oed.com/dictionary/anthroposophist_n
antisemitic,adjective,1851-,5,"Characterized by prejudice, hostility, or…",derivative,,,In current use,,,https://doi.org/10.1093/OED/8196547787,http://www.oed.com/dictionary/antisemitic_adj
balloonical,adjective,1851,0,Connected with balloons; aeronautical.,derivative,,,Not in use,,transport/aviation,https://doi.org/10.1093/OED/3766520264,http://www.oed.com/dictionary/balloonical_adj
decipherage,noun,1851,0,The action or result of deciphering.,derivative,,,Not in use,,language/cryptography,https://doi.org/10.1093/OED/3688537666,http://www.oed.com/dictionary/decipherage_n
diplodoxy,noun,1851-,0,(See quot. 1851).,compound,,,In current use,,,https://doi.org/10.1093/OED/1707378939,http://www.oed.com/dictionary/diplodoxy_n
eucnemic,adjective,1851-,0,Well-greaved; hence belonging to ancient Greece.,borrowing,,,In current use,,history/ancient history/classical history/ancient Greek history,https://doi.org/10.1093/OED/2409656486,http://www.oed.com/dictionary/eucnemic_adj
frolickery,noun,1851-,0,Buffoonery.,,,,In current use,,,https://doi.org/10.1093/OED/1006462172,http://www.oed.com/dictionary/frolickery_n
frothery,noun,1851-,0,"Mere froth, empty display, triviality.",derivative,,,In current use,,,https://doi.org/10.1093/OED/1060036451,http://www.oed.com/dictionary/frothery_n
gentlying,noun,1851,0,"An utterance of ‘gently’ (cf. gently, adv. 3b).",derivative,,,Not in use,,,https://doi.org/10.1093/OED/5994033407,http://www.oed.com/dictionary/gentlying_n
isoscelesism,noun,1851-,1,The character of being isosceles.,derivative,,,In current use,,sciences/mathematics/geometry,https://doi.org/10.1093/OED/1142311313,http://www.oed.com/dictionary/isoscelesism_n
ocean-inn,noun,1851,0,"A stopping-place in the ocean, likened to an inn.",compound,,,Not in use,,,https://doi.org/10.1093/OED/8793482238,http://www.oed.com/dictionary/ocean-inn_n
omnitooled,adjective,1851,0,Possessing many tools.,compound,,,Not in use,,,https://doi.org/10.1093/OED/9573919575,http://www.oed.com/dictionary/omnitooled_adj
paratopism,noun,1851,0,"The relating of an event, circumstance, etc., to…",borrowing,,,Not in use,,,https://doi.org/10.1093/OED/8395035340,http://www.oed.com/dictionary/paratopism_n
pettifogulize,verb,1851-,0,intransitive. To quibble.,compound,,,In current use,,,https://doi.org/10.1093/OED/1028503141,http://www.oed.com/dictionary/pettifogulize_v
play-wrightry,noun,1851,0,"= playwrighting, n.",derivative,,,Not in use,,arts/performing arts/theatre,https://doi.org/10.1093/OED/4386766885,http://www.oed.com/dictionary/play-wrightry_n
pyrotect,noun,1851,0,"A maker of fireworks, a pyrotechnist.",compound,,,Not in use,,crafts and trades/fireworks,https://doi.org/10.1093/OED/7260415013,http://www.oed.com/dictionary/pyrotect_n
Raphaelhood,noun,1851,0,The state or condition of being considered like…,proper name,,,Not in use,,,https://doi.org/10.1093/OED/2796206751,http://www.oed.com/dictionary/raphaelhood_n
stayhold,noun,1851-,0,A firm foothold.,compound,,,In current use,,,https://doi.org/10.1093/OED/4244178428,http://www.oed.com/dictionary/stayhold_n
sticky,noun,1851-,3,A small piece of (typically yellow) notepaper…,conversion,,colloquial and slang,In current use,,,https://doi.org/10.1093/OED/7619034254,http://www.oed.com/dictionary/sticky_n
symmorphic,adjective,1851-,2,Having the same or a like form; conformed.,,,,In current use,,,https://doi.org/10.1093/OED/7776469273,http://www.oed.com/dictionary/symmorphic_adj
tavernize,verb,1851-,0,(intransitive) to frequent taverns.,derivative,,,In current use,,,https://doi.org/10.1093/OED/1036629583,http://www.oed.com/dictionary/tavernize_v
temporicide,noun,1851-,0,The ‘killing’ of time.,borrowing,,,In current use,,,https://doi.org/10.1093/OED/1373183507,http://www.oed.com/dictionary/temporicide_n
tornadoed,adjective,1851-,2,Affected by tornadoes. (In quot. 1851 figurative.),derivative,,,In current use,,,https://doi.org/10.1093/OED/1183389215,http://www.oed.com/dictionary/tornadoed_adj
chromatocracy,noun,1852-,0,"A ruling class of a particular colour, e.g. of…",compound,,,In current use,,,https://doi.org/10.1093/OED/6195062267,http://www.oed.com/dictionary/chromatocracy_n
dactylodeiktous,adjective,1852-,0,Pointed at with the finger.,compound,,,In current use,,,https://doi.org/10.1093/OED/6879467535,http://www.oed.com/dictionary/dactylodeiktous_adj
donkeydrome,noun,1852-,0,A course for a donkey-race.,derivative,,,In current use,,sport and leisure/sport,https://doi.org/10.1093/OED/1111885767,http://www.oed.com/dictionary/donkeydrome_n
heterology,noun,1852-,3,The condition of being heterologous: opposed to…,borrowing,,,In current use,,sciences/medicine/pathology,https://doi.org/10.1093/OED/1132591244,http://www.oed.com/dictionary/heterology_n
laddery,adjective,1852-,0,Resembling a ladder.,derivative,,,In current use,,,https://doi.org/10.1093/OED/9165820934,http://www.oed.com/dictionary/laddery_adj
metropolitaneously,adverb,1852,0,In metropolitan fashion.,derivative,,,Not in use,,,https://doi.org/10.1093/OED/8899738476,http://www.oed.com/dictionary/metropolitaneously_adv
netherlings,noun,1852,0,"Nether garments (see nether, adj. A.2b).",derivative,,,Not in use,,crafts and trades/costume,https://doi.org/10.1093/OED/1132906159,http://www.oed.com/dictionary/netherlings_n
omnivorant,adjective,1852,0,"All-devouring, omnivorous.",borrowing,,,Not in use,,,https://doi.org/10.1093/OED/4614209176,http://www.oed.com/dictionary/omnivorant_adj
orthoprax,adjective,1852-,2,Correct in practice (as distinct from thought or…,compound,,,In current use,,,https://doi.org/10.1093/OED/1094280482,http://www.oed.com/dictionary/orthoprax_adj
osculatrix,noun,1852-,0,Geometry. A curve or surface that osculates…,borrowing,,,In current use,,sciences/mathematics/geometry,https://doi.org/10.1093/OED/6175402456,http://www.oed.com/dictionary/osculatrix_n
park-keeperess,noun,1852,0,A female park-keeper; a park-keeper's wife.,derivative,,,Not in use,,agriculture and horticulture/horticulture,https://doi.org/10.1093/OED/1010732203,http://www.oed.com/dictionary/park-keeperess_n
parsonolatry,noun,1852,0,The worship of parsons.,derivative,,,Not in use,,religion and belief/religion,https://doi.org/10.1093/OED/2166312516,http://www.oed.com/dictionary/parsonolatry_n
pigwidgeon,verb,1852,0,transitive. To make a fool of or to cheat (a…,conversion,,,Not in use,,,https://doi.org/10.1093/OED/8731448322,http://www.oed.com/dictionary/pigwidgeon_v
rat-tattooing,noun,c1852,0,The action of beating a drum repeatedly. Cf…,blend,,,Not in use,,,https://doi.org/10.1093/OED/9362742873,http://www.oed.com/dictionary/rat-tattooing_n
anthropometrical,adjective,1853-,3,Of or relating to the measurement of the human…,compound,,,In current use,,social sciences/cultural anthropology,https://doi.org/10.1093/OED/8150897086,http://www.oed.com/dictionary/anthropometrical_adj
centilingued,adjective,1853,0,Having a hundred tongues.,compound,,,Not in use,,,https://doi.org/10.1093/OED/9964847494,http://www.oed.com/dictionary/centilingued_adj
chickenable,adjective,1853,0,Of an egg: capable of producing a chicken.,derivative,,,Not in use,,,https://doi.org/10.1093/OED/1515528992,http://www.oed.com/dictionary/chickenable_adj
ear-ridge,noun,1853,0,A headband worn as a protection against cold.,compound,,,Not in use,,crafts and trades/costume/hats,https://doi.org/10.1093/OED/1029267428,http://www.oed.com/dictionary/ear-ridge_n
gazee,noun,1853-,1,One who is stared at.,derivative,,,In current use,,,https://doi.org/10.1093/OED/4986386731,http://www.oed.com/dictionary/gazee_n
gourmetism,noun,1853-,0,Daintiness in eating.,derivative,,,In current use,,,https://doi.org/10.1093/OED/1739251947,http://www.oed.com/dictionary/gourmetism_n
gynophagite,noun,1853-,0,A woman-eater.,compound,,humorous,In current use,,,https://doi.org/10.1093/OED/1084076110,http://www.oed.com/dictionary/gynophagite_n
ichthyarchy,noun,1853-,0,The domain of fishes; the fish-world in all its orders.,compound,,,In current use,,,https://doi.org/10.1093/OED/4007392699,http://www.oed.com/dictionary/ichthyarchy_n
ichthyophagize,verb,1853-,0,(intransitive) to eat fish.,,,,In current use,,,https://doi.org/10.1093/OED/9696724755,http://www.oed.com/dictionary/ichthyophagize_v
land-berg,noun,1853-,0,(After iceberg) an ‘ice-mountain’ on land.,compound,,,In current use,,,https://doi.org/10.1093/OED/5856374596,http://www.oed.com/dictionary/land-berg_n
overline,verb,1853,0,transitive. To cover with a second layer of material.,derivative,,,Not in use,,,https://doi.org/10.1093/OED/9515082390,http://www.oed.com/dictionary/overline_v2
panichthyophagous,adjective,1853,0,That eats fish of all kinds indiscriminately.,compound,,,Not in use,,,https://doi.org/10.1093/OED/4221028351,http://www.oed.com/dictionary/panichthyophagous_adj
podicate,verb,1853,0,intransitive. To slide or move along on one's buttocks.,borrowing,,humorous,Not in use,,,https://doi.org/10.1093/OED/1772883957,http://www.oed.com/dictionary/podicate_v
polyponous,adjective,1853,0,Occupied with many tasks.,,,,Not in use,,,https://doi.org/10.1093/OED/6129556196,http://www.oed.com/dictionary/polyponous_adj
pontitecture,noun,1853,0,The building of bridges.,borrowing,,,Not in use,,manufacturing and industry/building,https://doi.org/10.1093/OED/4535658190,http://www.oed.com/dictionary/pontitecture_n
posture-make,verb,1853,0,intransitive. To make postures. Only in present…,compound,,,Not in use,,,https://doi.org/10.1093/OED/3801577572,http://www.oed.com/dictionary/posture-make_v
pulpitolatry,noun,1853,0,Inordinate reverence for the pulpit or preaching.,derivative,,,Not in use,,,https://doi.org/10.1093/OED/5256369113,http://www.oed.com/dictionary/pulpitolatry_n
scoliograptic,adjective,1853-,0,Obliquely marked.,borrowing,,,In current use,,,https://doi.org/10.1093/OED/3824127457,http://www.oed.com/dictionary/scoliograptic_adj
sequestral,adjective,1853-,1,(See quot. 1853.),borrowing,,,In current use,,,https://doi.org/10.1093/OED/8451776561,http://www.oed.com/dictionary/sequestral_adj1
sevensomeness,noun,1853,0,The quality of consisting of seven parts or…,derivative,,,Not in use,,,https://doi.org/10.1093/OED/1036881421,http://www.oed.com/dictionary/sevensomeness_n
shake-spear,adjective,1853-,1,That brandishes a spear (tr. Greek δορυσσόος).,compound,,,In current use,,military/weaponry,https://doi.org/10.1093/OED/1322303783,http://www.oed.com/dictionary/shake-spear_adj
threesomeness,noun,1853-,0,"The quality of existing in threes, triplicity.",derivative,,,In current use,,,https://doi.org/10.1093/OED/6416611071,http://www.oed.com/dictionary/threesomeness_n
tunnyhood,noun,1853-,0,The state of a full-grown tunny.,derivative,,,In current use,,,https://doi.org/10.1093/OED/8370566834,http://www.oed.com/dictionary/tunnyhood_n
bullionless,adjective,1854-,0,Without bullion.,derivative,,,In current use,,economics and commerce/finance/banking,https://doi.org/10.1093/OED/1077858559,http://www.oed.com/dictionary/bullionless_adj
clupean,adjective,1854-,0,Pertaining to herrings.,borrowing,,,In current use,,,https://doi.org/10.1093/OED/1128257626,http://www.oed.com/dictionary/clupean_adj
covercled,adjective,1854-,0,Having a covercle or lid.,derivative,,,In current use,,,https://doi.org/10.1093/OED/1202641983,http://www.oed.com/dictionary/covercled_adj
cynopic,adjective,1854-,0,"Dog-faced, shameless.",borrowing,,,In current use,,,https://doi.org/10.1093/OED/4030473167,http://www.oed.com/dictionary/cynopic_adj
dietical,adjective,1854,0,"Of or belonging to the Diet (diet, n.² 1b) of the…",derivative,,,Not in use,,politics/parliament,https://doi.org/10.1093/OED/5012668537,http://www.oed.com/dictionary/dietical_adj3
displendour,verb,1854-,0,transitive. To deprive of splendour.,derivative,,,In current use,,,https://doi.org/10.1093/OED/8465351808,http://www.oed.com/dictionary/displendour_v
exeleutherostomize,verb,1854-,0,transitive. To speak out freely.,borrowing,,,In current use,,,https://doi.org/10.1093/OED/7078889688,http://www.oed.com/dictionary/exeleutherostomize_v
fragrance,verb,1854-,4,(transitive) to fill with fragrance.,conversion,,,In current use,,,https://doi.org/10.1093/OED/4084274686,http://www.oed.com/dictionary/fragrance_v
irreligionize,verb,1854-,0,"transitive. To turn to irreligion, make irreligious.",derivative,,,In current use,,,https://doi.org/10.1093/OED/1046020015,http://www.oed.com/dictionary/irreligionize_v
landlady-ship,noun,1854-,0,The position or dignity of a landlady.,derivative,,,In current use,,,https://doi.org/10.1093/OED/1181584852,http://www.oed.com/dictionary/landlady-ship_n
meropic,adjective,1854,0,Gifted with the power of speech.,borrowing,,,Not in use,,,https://doi.org/10.1093/OED/7900378135,http://www.oed.com/dictionary/meropic_adj
onomamania,noun,1854,0,An obsession or craze about a name or names.,borrowing,,,Not in use,,sciences/medicine/psychology/psychiatry,https://doi.org/10.1093/OED/1048709473,http://www.oed.com/dictionary/onomamania_n
penning,adjective,1854,0,Apparently: (of the sheep of a fold) entering or…,derivative,,,Not in use,,agriculture and horticulture/agriculture,https://doi.org/10.1093/OED/3533379542,http://www.oed.com/dictionary/penning_adj
pikess,noun,1854,0,"A female pike (pike, n.³).",derivative,,,Not in use,,sciences/life sciences/animals/fish,https://doi.org/10.1093/OED/8718381275,http://www.oed.com/dictionary/pikess_n
prefabulous,adjective,1854-,0,Existing before the time of fables.,derivative,,,In current use,,,https://doi.org/10.1093/OED/2917074121,http://www.oed.com/dictionary/prefabulous_adj
pretextatized,adjective,1854,0,Rendered equivocal or obscene.,borrowing,,,Not in use,,,https://doi.org/10.1093/OED/1024106461,http://www.oed.com/dictionary/pretextatized_adj
ruiniferous,adjective,1854,0,Rich in ruins.,compound,,,Not in use,,,https://doi.org/10.1093/OED/8607143778,http://www.oed.com/dictionary/ruiniferous_adj
shuttable,adjective,1854-,0,Capable of being closed.,derivative,,,In current use,,,https://doi.org/10.1093/OED/5111752192,http://www.oed.com/dictionary/shuttable_adj
sinistration,noun,1854-,0,The condition or property of being sinistral (in…,borrowing,,,In current use,,,https://doi.org/10.1093/OED/2047121716,http://www.oed.com/dictionary/sinistration_n
teetotalleress,noun,1854-,0,A female teetotaller.,derivative,,,In current use,,,https://doi.org/10.1093/OED/6023865322,http://www.oed.com/dictionary/teetotalleress_n
text,noun,1854,0,"Texture, structure, tissue.",borrowing,,,Not in use,,,https://doi.org/10.1093/OED/9924643181,http://www.oed.com/dictionary/text_n2
transaudient,adjective,1854-,1,Permitting the passage of sound; capable of being…,borrowing,,,In current use,,,https://doi.org/10.1093/OED/7000051821,http://www.oed.com/dictionary/transaudient_adj
vespertilionize,verb,1854-,0,transitive. To convert or turn into a bat.,borrowing,,,In current use,,sciences/life sciences/animals,https://doi.org/10.1093/OED/7579437870,http://www.oed.com/dictionary/vespertilionize_v
whisthood,noun,1854-,0,Age or state of ability to play whist.,derivative,,,In current use,,sport and leisure/games/cards/whist,https://doi.org/10.1093/OED/3894969748,http://www.oed.com/dictionary/whisthood_n
boughery,noun,1855-,0,A structure of boughs.,derivative,,,In current use,,,https://doi.org/10.1093/OED/7802789935,http://www.oed.com/dictionary/boughery_n
chest-quake,noun,1855-,0,After earthquake.,compound,,humorous,In current use,,,https://doi.org/10.1093/OED/7607077504,http://www.oed.com/dictionary/chest-quake_n
consphaerate,adjective,1855-,0,Associated with the spheres; ensphered together.,borrowing,,,In current use,,,https://doi.org/10.1093/OED/5164275212,http://www.oed.com/dictionary/consphaerate_adj
continentalize,verb,1855-,2,intransitive. To make a continental tour; to…,derivative,,,In current use,,,https://doi.org/10.1093/OED/1006178121,http://www.oed.com/dictionary/continentalize_v
dullification,noun,1855-,1,(In quot.) something that makes one dull).,derivative,,colloquial and slang,In current use,,,https://doi.org/10.1093/OED/4711975547,http://www.oed.com/dictionary/dullification_n
elephanticide,noun,1855-,0,The killing of an elephant.,compound,,,In current use,,,https://doi.org/10.1093/OED/1024377168,http://www.oed.com/dictionary/elephanticide_n
embracive,adjective,1855-,3,Given to or fond of embracing; embracing…,derivative,,,In current use,,,https://doi.org/10.1093/OED/1032453234,http://www.oed.com/dictionary/embracive_adj
encolure,noun,1855-,2,Used by Browning for: The mane (of a horse).,borrowing,,,In current use,,sport and leisure/horses and riding,https://doi.org/10.1093/OED/1064034298,http://www.oed.com/dictionary/encolure_n
frontate,adjective,1855,0,Of a leaf: having a broad (rather than pointed)…,borrowing,,,Not in use,,sciences/life sciences/plants,https://doi.org/10.1093/OED/5302312718,http://www.oed.com/dictionary/frontate_adj
indefinitism,noun,1855-,0,Indefinite character.,derivative,,,In current use,,,https://doi.org/10.1093/OED/3899861847,http://www.oed.com/dictionary/indefinitism_n
Jobism,noun,1855,0,A vehement lamentation like that of Job.,derivative,,,Not in use,,,https://doi.org/10.1093/OED/6934795369,http://www.oed.com/dictionary/jobism_n
knockupedness,noun,1855-,0,The state of being ‘knocked up’ or weak.,compound,,,In current use,,,https://doi.org/10.1093/OED/2991073186,http://www.oed.com/dictionary/knockupedness_n
partykin,noun,1855,0,A small social party.,derivative,,,Not in use,,,https://doi.org/10.1093/OED/9718848788,http://www.oed.com/dictionary/partykin_n
pinguiferous,adjective,1855,0,"Fatty, greasy; causing fatness.",borrowing,,humorous,Not in use,,,https://doi.org/10.1093/OED/1179101382,http://www.oed.com/dictionary/pinguiferous_adj
plumeletage,noun,1855,0,"Small, delicate plumage.",derivative,,,Not in use,,sciences/life sciences/animals/birds,https://doi.org/10.1093/OED/1007574859,http://www.oed.com/dictionary/plumeletage_n
prokosmial,adjective,1855,0,That existed before the universe.,,,,Not in use,,,https://doi.org/10.1093/OED/5810120605,http://www.oed.com/dictionary/prokosmial_adj
raccoon,verb,1855,0,"intransitive. To walk about at night, in a manner…",conversion,,,Not in use,,,https://doi.org/10.1093/OED/7611151869,http://www.oed.com/dictionary/raccoon_v
shirt-studded,adjective,1855,0,(Of a person) wearing shirt studs.,derivative,,,Not in use,,crafts and trades/costume,https://doi.org/10.1093/OED/6399232400,http://www.oed.com/dictionary/shirt-studded_adj
sweepdom,noun,1855-,0,Sweeps collectively.,derivative,,,In current use,,,https://doi.org/10.1093/OED/1162216505,http://www.oed.com/dictionary/sweepdom_n
tea-tabular,adjective,1855-,1,Pertaining to the tea-table.,,,humorous,In current use,,,https://doi.org/10.1093/OED/2949314848,http://www.oed.com/dictionary/tea-tabular_adj
tertio-geniture,noun,1855-,0,Right of succession or inheritance belonging to…,borrowing,,,In current use,,,https://doi.org/10.1093/OED/2382229828,http://www.oed.com/dictionary/tertio-geniture_n
turtlish,adjective,1855-,1,Having the character or qualities of a turtle-dove.,derivative,,archaic,In current use,,,https://doi.org/10.1093/OED/9590020540,http://www.oed.com/dictionary/turtlish_adj
suspendee,noun,a1856-,1,One who is suspended.,derivative,,,In current use,,,https://doi.org/10.1093/OED/1147312459,http://www.oed.com/dictionary/suspendee_n
arithmocracy,noun,1856-,1,A form of government in which the power is vested…,borrowing,,,In current use,,,https://doi.org/10.1093/OED/9855922097,http://www.oed.com/dictionary/arithmocracy_n
Birminghamize,verb,1856-,1,transitive. British. To cause to resemble or…,proper name,,historical,In current use,Britain and Ireland/British English,,https://doi.org/10.1093/OED/1142111929,http://www.oed.com/dictionary/birminghamize_v
caudation,noun,1856-,0,The furnishing of a tail; tailed condition.,borrowing,,,In current use,,,https://doi.org/10.1093/OED/4166001238,http://www.oed.com/dictionary/caudation_n
dollatry,noun,1856-,0,Worship of dolls.,,,,In current use,,,https://doi.org/10.1093/OED/5148966887,http://www.oed.com/dictionary/dollatry_n
faggoty-minded,adjective,1856,0,Inclined towards harsh punishment for those who…,derivative,,,Not in use,,religion and belief/religion,https://doi.org/10.1093/OED/9966687823,http://www.oed.com/dictionary/faggoty-minded_adj
glossalgy,noun,1856-,0,"= glossalgia, n.",variant,,,In current use,,,https://doi.org/10.1093/OED/1483165331,http://www.oed.com/dictionary/glossalgy_n
illevel,adjective,1856-,0,Not level.,derivative,,,In current use,,,https://doi.org/10.1093/OED/7317696465,http://www.oed.com/dictionary/illevel_adj
inrag,verb,1856-,0,transitive. To embody in the form of rags.,derivative,,,In current use,,,https://doi.org/10.1093/OED/6040245362,http://www.oed.com/dictionary/inrag_v
logy,noun,1856-,3,"= ology, n.",derivative,,,In current use,,,https://doi.org/10.1093/OED/1168566971,http://www.oed.com/dictionary/logy_n
omophagean,adjective,1856,0,Relating to the eating of raw food.,borrowing,,,Not in use,,,https://doi.org/10.1093/OED/8196978408,http://www.oed.com/dictionary/omophagean_adj
ox-feller,noun,1856,0,A butcher.,compound,,humorous,Not in use,,consumables/food and cooking,https://doi.org/10.1093/OED/1880737865,http://www.oed.com/dictionary/ox-feller_n
polking,adjective,1856,0,Of a person: that dances the polka.,derivative,,,Not in use,,,https://doi.org/10.1093/OED/3203883600,http://www.oed.com/dictionary/polking_adj
psellismology,noun,1856,0,The study or treatment of stammering.,borrowing,,,Not in use,,,https://doi.org/10.1093/OED/8523381198,http://www.oed.com/dictionary/psellismology_n
rue-raddy,verb,1856,0,transitive (in passive). To attach by means of a…,conversion,,,Not in use,,,https://doi.org/10.1093/OED/1877006668,http://www.oed.com/dictionary/rue-raddy_v
scorbutized,adjective,1856-,0,Affected with scurvy.,derivative,,,In current use,,,https://doi.org/10.1093/OED/1157842387,http://www.oed.com/dictionary/scorbutized_adj
steeplish,adjective,1856-,0,Somewhat like the form of a steeple.,derivative,,,In current use,,,https://doi.org/10.1093/OED/1049206031,http://www.oed.com/dictionary/steeplish_adj
Tartarus,verb,1856-,2,(transitive) to consign to Tartarus (representing…,conversion,,,In current use,,religion and belief/religion,https://doi.org/10.1093/OED/2440296943,http://www.oed.com/dictionary/tartarus_v
technologizing,noun,1856-,2,The action of making technical or technological…,derivative,,,In current use,,,https://doi.org/10.1093/OED/1175567326,http://www.oed.com/dictionary/technologizing_n
tetrakism,noun,1856-,1,"A theory or doctrine of four (persons, aspects, etc.).",borrowing,,,In current use,,,https://doi.org/10.1093/OED/5635561990,http://www.oed.com/dictionary/tetrakism_n
tidyism,noun,1856-,0,A principle or practice of extreme tidiness.,derivative,,,In current use,,,https://doi.org/10.1093/OED/7793928571,http://www.oed.com/dictionary/tidyism_n
tigrology,noun,1856-,0,The branch of zoology which treats of tigers.,compound,,,In current use,,sciences/life sciences/animals,https://doi.org/10.1093/OED/6229702572,http://www.oed.com/dictionary/tigrology_n
treasury,verb,1856-,2,In passive to be honoured by the Treasury.,conversion,,,In current use,,,https://doi.org/10.1093/OED/1036523064,http://www.oed.com/dictionary/treasury_v
typefy,verb,1856-,2,"(transitive) to put into type, to print.",derivative,,,In current use,,crafts and trades/printing and typography,https://doi.org/10.1093/OED/1000849620,http://www.oed.com/dictionary/typefy_v
castrometer,noun,1857-,0,A surveyor of (ancient) camps.,borrowing,,,In current use,,,https://doi.org/10.1093/OED/7669104600,http://www.oed.com/dictionary/castrometer_n
cotton-wool,verb,1857-,1,transitive a. To stuff or close (the ears) with…,,,,In current use,,,https://doi.org/10.1093/OED/3789927683,http://www.oed.com/dictionary/cotton-wool_v
divaguely,adverb,1857-,0,In a wandering or aimless manner.,derivative,,,In current use,,,https://doi.org/10.1093/OED/1007882168,http://www.oed.com/dictionary/divaguely_adv
gewgawish,adjective,1857-,1,"Gaudy, showy.",derivative,,,In current use,,,https://doi.org/10.1093/OED/1117972898,http://www.oed.com/dictionary/gewgawish_adj
ifsoever,adverb,1857-,0,If in any circumstances; if ever.,compound,,,In current use,,,https://doi.org/10.1093/OED/1097278741,http://www.oed.com/dictionary/ifsoever_adv
knock-upable,adjective,1857-,0,Likely to be ‘knocked up’ or weak.,compound,,,In current use,,,https://doi.org/10.1093/OED/9225777908,http://www.oed.com/dictionary/knock-upable_adj
mother-in-law,verb,1857-,3,transitive (in passive). humorous. To get married.,conversion,,humorous,In current use,,,https://doi.org/10.1093/OED/2502311731,http://www.oed.com/dictionary/mother-in-law_v
patrogony,noun,1857-,0,Biology. Ontogeny that appears to duplicate…,borrowing,,disused,In current use,,sciences/life sciences,https://doi.org/10.1093/OED/6171250714,http://www.oed.com/dictionary/patrogony_n
princified,adjective,1857,0,"Princelike, elevated.",derivative,,,Not in use,,,https://doi.org/10.1093/OED/5625116544,http://www.oed.com/dictionary/princified_adj
seventh-heaven-arian,noun,1857,0,A person who is always extremely happy.,derivative,,humorous,Not in use,,,https://doi.org/10.1093/OED/1175037514,http://www.oed.com/dictionary/seventh-heaven-arian_n
telectrograph,noun,1857-,0,†a. (An alternative name proposed for) a…,compound,,historical,In current use,,technology/telecommunications/telegraphy,https://doi.org/10.1093/OED/6047400691,http://www.oed.com/dictionary/telectrograph_n
telelectrograph,noun,1857-1911,0,a. (an alternative name proposed for) a…,,,,Not in use,,technology/telecommunications/telegraphy,https://doi.org/10.1093/OED/6993752249,http://www.oed.com/dictionary/telelectrograph_n
telepheme,noun,1857-,0,A message conveyed by telephone. rare.,borrowing,,disused,In current use,,technology/telecommunications/telephony,https://doi.org/10.1093/OED/6284767850,http://www.oed.com/dictionary/telepheme_n
toxophilitic,adjective,1857-,0,Pertaining or relating to archers or archery.,derivative,,,In current use,,sport and leisure/sport/archery,https://doi.org/10.1093/OED/2850968793,http://www.oed.com/dictionary/toxophilitic_adj
whiffle,verb,1857-,1,intransitive. To act as a whiffler.,backformation,,,In current use,,,https://doi.org/10.1093/OED/1132833699,http://www.oed.com/dictionary/whiffle_v2
cardophagus,noun,1858,0,"A thistle-eater, i.e. a donkey.",borrowing,,,Not in use,,,https://doi.org/10.1093/OED/7966896256,http://www.oed.com/dictionary/cardophagus_n
cram-boy,noun,1858-,0,A boy who has been intensively prepared or…,compound,,,In current use,,,https://doi.org/10.1093/OED/6770586850,http://www.oed.com/dictionary/cram-boy_n
cram-man,noun,1858-,0,A man who has been intensively prepared or…,compound,,,In current use,,,https://doi.org/10.1093/OED/1014967770,http://www.oed.com/dictionary/cram-man_n
decadescent,adjective,1858-,0,Beginning or tending to decay.,borrowing,,,In current use,,,https://doi.org/10.1093/OED/2058720740,http://www.oed.com/dictionary/decadescent_adj
deuterocol,noun,1858-,0,A second dispatch.,compound,,,In current use,,,https://doi.org/10.1093/OED/1051216039,http://www.oed.com/dictionary/deuterocol_n
flunkeyite,adjective,1858-,0,Characteristic of or resembling a flunkey.,derivative,,,In current use,,,https://doi.org/10.1093/OED/4181620167,http://www.oed.com/dictionary/flunkeyite_adj
indigenist,"noun, adjective",1858-,0,Chiefly in Latin American contexts: a supporter…,derivative,,,In current use,,,https://doi.org/10.1093/OED/5762228150,http://www.oed.com/dictionary/indigenist_n
mustard-poultice,verb,1858,0,transitive. To treat with a mustard poultice.,conversion,,,Not in use,,sciences/medicine,https://doi.org/10.1093/OED/6647371431,http://www.oed.com/dictionary/mustard-poultice_v
myrtle-greener,noun,1858-,0,A person dressed in myrtle green.,compound,,,In current use,,,https://doi.org/10.1093/OED/5896635681,http://www.oed.com/dictionary/myrtle-greener_n
omniverbivorous,adjective,1858,0,Having a large or inexhaustible appetite for words.,,,humorous,Not in use,,,https://doi.org/10.1093/OED/8919783711,http://www.oed.com/dictionary/omniverbivorous_adj
pancosmism,noun,1858-,1,Philosophy and Theology. The doctrine that the…,borrowing,,,In current use,,"philosophy, religion and belief/religion/Christianity",https://doi.org/10.1093/OED/5529736751,http://www.oed.com/dictionary/pancosmism_n
pigtaily,adjective,1858-,0,Characteristic or suggestive of the period when…,derivative,,,In current use,,,https://doi.org/10.1093/OED/1084771155,http://www.oed.com/dictionary/pigtaily_adj
raily,adjective,1858-,2,"Railway-like (in quot. after of the earth, earthy…",derivative,,,In current use,,transport/railways,https://doi.org/10.1093/OED/8556747262,http://www.oed.com/dictionary/raily_adj
tigerling,noun,1858-,0,A young or diminutive tiger.,derivative,,,In current use,,sciences/life sciences/animals,https://doi.org/10.1093/OED/1200025495,http://www.oed.com/dictionary/tigerling_n
tillocrat,noun,1858-,0,A ruling member of an agricultural class.,compound,,,In current use,,,https://doi.org/10.1093/OED/1056660248,http://www.oed.com/dictionary/tillocrat_n
tollery,noun,1858-,0,A place at which tolls are collected.,derivative,,,In current use,,,https://doi.org/10.1093/OED/7301428821,http://www.oed.com/dictionary/tollery_n
tunic-hood,noun,1858,0,The fact of being a person who wears a tunic.,derivative,,,Not in use,,,https://doi.org/10.1093/OED/1797350906,http://www.oed.com/dictionary/tunic-hood_n
manusculpt,noun,a1859,0,An inscription carved or engraved by hand.,borrowing,,,Not in use,,arts/visual arts/engraving and etching,https://doi.org/10.1093/OED/1029604721,http://www.oed.com/dictionary/manusculpt_n
collectionize,verb,1859,0,transitive. To gather or collect (things); to put…,derivative,,,Not in use,,,https://doi.org/10.1093/OED/4797948654,http://www.oed.com/dictionary/collectionize_v
concutient,adjective,1859-,1,Meeting with concussion.,borrowing,,,In current use,,,https://doi.org/10.1093/OED/1428569125,http://www.oed.com/dictionary/concutient_adj
countyocracy,noun,1859,0,The aristocracy and leading families of a county.,compound,,,Not in use,,,https://doi.org/10.1093/OED/5554226301,http://www.oed.com/dictionary/countyocracy_n
crochetolatry,noun,1859,0,Intense or excessive devotion to crocheting.,compound,,,Not in use,,,https://doi.org/10.1093/OED/1065106194,http://www.oed.com/dictionary/crochetolatry_n
democratometer,noun,1859,0,A means of ascertaining or gauging public opinion.,compound,,"disparaging, humorous",Not in use,,,https://doi.org/10.1093/OED/7576937479,http://www.oed.com/dictionary/democratometer_n
ditchwaterly,adverb,1859-,0,= ‘as ditch-water’ (see above).,derivative,,,In current use,,,https://doi.org/10.1093/OED/1074739313,http://www.oed.com/dictionary/ditchwaterly_adv
ellipsist,noun,1859-,0,A person who is immoderately fond of the use of…,derivative,,,In current use,,,https://doi.org/10.1093/OED/1007835456,http://www.oed.com/dictionary/ellipsist_n
fiddlement,noun,1859-,0,"The action of fiddling, an instance of this.",derivative,,,In current use,,arts/performing arts/music,https://doi.org/10.1093/OED/6820682039,http://www.oed.com/dictionary/fiddlement_n
harlequinadish,adjective,1859-,0,Of the nature of a harlequinade.,derivative,,,In current use,,,https://doi.org/10.1093/OED/4748885990,http://www.oed.com/dictionary/harlequinadish_adj
incendiarize,verb,1859-,0,(transitive) to infect with incendiarism; to…,,,,In current use,,,https://doi.org/10.1093/OED/1205482046,http://www.oed.com/dictionary/incendiarize_v
leading-stringed,adjective,1859-,0,"Guided with, or kept within, leading-strings.",derivative,,,In current use,,,https://doi.org/10.1093/OED/1158007738,http://www.oed.com/dictionary/leading-stringed_adj
moistened chicken,noun,1859,0,A person excessively afraid of incurring any…,compound,,,Not in use,,,https://doi.org/10.1093/OED/2903366378,http://www.oed.com/dictionary/moistened-chicken_n
mongrelity,noun,1859,0,"= mongrelism, n.",derivative,,,Not in use,,,https://doi.org/10.1093/OED/8700697138,http://www.oed.com/dictionary/mongrelity_n
monstricide,noun,1859,0,The killing of a monster.,borrowing,,,Not in use,,,https://doi.org/10.1093/OED/4169064767,http://www.oed.com/dictionary/monstricide_n
schismatism,noun,1859-,1,Schismatic principles.,derivative,,,In current use,,religion and belief/religion,https://doi.org/10.1093/OED/7999065407,http://www.oed.com/dictionary/schismatism_n
small-talkable,adjective,1859,0,That is capable of being engaged in small talk.,derivative,,,Not in use,,,https://doi.org/10.1093/OED/6936569303,http://www.oed.com/dictionary/small-talkable_adj
sweetch,interjection,1859-,1,An imitative word expressing the sound of a whip.,imitative,,,In current use,,,https://doi.org/10.1093/OED/5748932476,http://www.oed.com/dictionary/sweetch_int
Tophetism,noun,1859-,0,Hellishness.,derivative,,,In current use,,,https://doi.org/10.1093/OED/4131629126,http://www.oed.com/dictionary/tophetism_n
despotocracy,noun,a1860-,1,Government by a despot; the rule of a despot.,compound,,,In current use,,,https://doi.org/10.1093/OED/1117084037,http://www.oed.com/dictionary/despotocracy_n
belaborous,adjective,1860-,0,Given to belabouring or thrashing.,derivative,,,In current use,,,https://doi.org/10.1093/OED/1178055429,http://www.oed.com/dictionary/belaborous_adj
betail,verb,1860-,2,transitive. To deprive of the tail.,derivative,,,In current use,,,https://doi.org/10.1093/OED/3977709599,http://www.oed.com/dictionary/betail_v
chromatograph,verb,1860-,3,transitive. To represent in colours.,compound,,,In current use,,,https://doi.org/10.1093/OED/1012678749,http://www.oed.com/dictionary/chromatograph_v1
confessionalize,verb,1860-,2,intransitive. To introduce or use the confessional.,derivative,,,In current use,,,https://doi.org/10.1093/OED/5180843358,http://www.oed.com/dictionary/confessionalize_v
cottagehood,noun,1860,0,The state or condition of being a cottage.,derivative,,,Not in use,,,https://doi.org/10.1093/OED/9483679642,http://www.oed.com/dictionary/cottagehood_n
difoil,adjective,1860-,0,(See quot. 1860.),compound,,,In current use,,,https://doi.org/10.1093/OED/5789677921,http://www.oed.com/dictionary/difoil_adj
dissympathy,noun,1860-,1,Absence of sympathy.,derivative,,,In current use,,,https://doi.org/10.1093/OED/7974657915,http://www.oed.com/dictionary/dissympathy_n
domesticate,noun,1860-,0,A domesticated (variety or breed of) plant or animal.,derivative,,,In current use,,,https://doi.org/10.1093/OED/6823428788,http://www.oed.com/dictionary/domesticate_n
drabman,noun,1860-,0,A quaker.,derivative,,humorous,In current use,,religion and belief/religion/Christianity/Quakerism,https://doi.org/10.1093/OED/1002693318,http://www.oed.com/dictionary/drabman_n
ellipsone,noun,1860-,0,A revolving storm following an elliptical instead…,derivative,,,In current use,,,https://doi.org/10.1093/OED/6224622809,http://www.oed.com/dictionary/ellipsone_n
essaykin,noun,1860-,1,A little essay.,derivative,,,In current use,,arts/literature,https://doi.org/10.1093/OED/3174114337,http://www.oed.com/dictionary/essaykin_n
fistify,verb,1860-,0,intransitive. To fight with the fists.,derivative,,humorous,In current use,,,https://doi.org/10.1093/OED/7053554379,http://www.oed.com/dictionary/fistify_v
geolatry,noun,1860-,0,Worship of the earth. In later use also: intense…,compound,,,In current use,,religion and belief/religion,https://doi.org/10.1093/OED/5207555971,http://www.oed.com/dictionary/geolatry_n
giftling,noun,1860-,0,A small gift.,derivative,,,In current use,,,https://doi.org/10.1093/OED/2328323230,http://www.oed.com/dictionary/giftling_n
grand-junctioner,noun,1860,0,(Perhaps) a director of the ‘Grand Junction’ railway.,compound,,,Not in use,,transport/railways,https://doi.org/10.1093/OED/1121505699,http://www.oed.com/dictionary/grand-junctioner_n
grudgekin,noun,1860-,0,A little grudge.,derivative,,,In current use,,,https://doi.org/10.1093/OED/1043978626,http://www.oed.com/dictionary/grudgekin_n
hostelric,adjective,1860-,0,Pertaining to a hostelry or inn.,derivative,,archaic,In current use,,,https://doi.org/10.1093/OED/4940754168,http://www.oed.com/dictionary/hostelric_adj
inkster,noun,1860-,0,"A scribbler, an inferior writer.",derivative,,,In current use,,arts/literature,https://doi.org/10.1093/OED/1668802550,http://www.oed.com/dictionary/inkster_n
interaulic,adjective,1860-,0,‘Existing between royal courts’ (Webster).,borrowing,,,In current use,,,https://doi.org/10.1093/OED/8984756162,http://www.oed.com/dictionary/interaulic_adj
millionocracy,noun,1860,0,"Millionaires regarded as a distinct, esp…",compound,,,Not in use,,,https://doi.org/10.1093/OED/1383288893,http://www.oed.com/dictionary/millionocracy_n
newswire,noun,1860-,3,A telegraph wire via which syndicated news is…,compound,,,In current use,,"manufacturing and industry/publishing and the book trade/journalism, technology/telecommunications/telegraphy",https://doi.org/10.1093/OED/7888880330,http://www.oed.com/dictionary/newswire_n
pantopragmatic,"adjective, noun",1860-,1,Originally: †of or relating to ‘pantopragmatics’…,compound,,humorous,In current use,,,https://doi.org/10.1093/OED/1087238663,http://www.oed.com/dictionary/pantopragmatic_adj
parthenogenetic,adjective,1860-,4,"Biology. Relating to, characterized by, or of the…",compound,,,In current use,,"sciences/life sciences, sciences/medicine/physiology",https://doi.org/10.1093/OED/4071247242,http://www.oed.com/dictionary/parthenogenetic_adj
phantomizer,noun,1860,0,"= spiritualizer, n. 1.",derivative,,,Not in use,,religion and belief/religion/Christianity,https://doi.org/10.1093/OED/4890921586,http://www.oed.com/dictionary/phantomizer_n
plenty price,noun,1860,0,A price appropriate to a time of plenty (cf…,compound,,,Not in use,,economics and commerce,https://doi.org/10.1093/OED/4124405083,http://www.oed.com/dictionary/plenty-price_n
sofane,adjective,1860,0,Of or relating to a sofa.,derivative,,,Not in use,,,https://doi.org/10.1093/OED/1051535953,http://www.oed.com/dictionary/sofane_adj
unlayholdable,adjective,1860,0,That cannot be seized on or laid hold of.,derivative,,,Not in use,,,https://doi.org/10.1093/OED/8589780551,http://www.oed.com/dictionary/unlayholdable_adj
waiterdom,noun,1860-,1,Waiters considered as a class.,derivative,,,In current use,,,https://doi.org/10.1093/OED/4668382253,http://www.oed.com/dictionary/waiterdom_n
whister,noun,1860-,1,A whist-player.,derivative,,,In current use,,sport and leisure/games/cards/whist,https://doi.org/10.1093/OED/2740000527,http://www.oed.com/dictionary/whister_n
ologistic,adjective,a1861,0,"Of, relating to, or characteristic of an ‘ologist’.",derivative,,colloquial and slang,Not in use,,,https://doi.org/10.1093/OED/8472774386,http://www.oed.com/dictionary/ologistic_adj
translay,verb,a1861,0,transitive. To transfer and rebury (a person's…,derivative,,,Not in use,,,https://doi.org/10.1093/OED/5794779378,http://www.oed.com/dictionary/translay_v
chalcologue,noun,1861-,0,A student of brasses.,borrowing,,,In current use,,,https://doi.org/10.1093/OED/4074602199,http://www.oed.com/dictionary/chalcologue_n
chalcotribe,noun,1861-,0,One who takes rubbings of brasses.,borrowing,,,In current use,,,https://doi.org/10.1093/OED/7028758452,http://www.oed.com/dictionary/chalcotribe_n
check-set,noun,1861,0,"A corn-planting machine, or a device attached to…",compound,,,Not in use,North American English/U.S. English,agriculture and horticulture/agriculture,https://doi.org/10.1093/OED/9727404562,http://www.oed.com/dictionary/check-set_n
clerify,verb,1861,0,transitive. To cause (a person) to take on the…,derivative,,,Not in use,,,https://doi.org/10.1093/OED/9525639198,http://www.oed.com/dictionary/clerify_v
conversional,adjective,1861-,2,Of or relating to conversion (senses conversion…,derivative,,,In current use,,,https://doi.org/10.1093/OED/5410713201,http://www.oed.com/dictionary/conversional_adj
cross-dog,noun,1861,0,A type of building implement used for supporting…,compound,,,Not in use,,,https://doi.org/10.1093/OED/8443371609,http://www.oed.com/dictionary/cross-dog_n
deportmented,adjective,1861-,0,Taught deportment.,derivative,,,In current use,,,https://doi.org/10.1093/OED/4053222555,http://www.oed.com/dictionary/deportmented_adj
highwaymanhood,noun,1861,0,The fact or condition of being a highwayman.,derivative,,,Not in use,,,https://doi.org/10.1093/OED/2903109096,http://www.oed.com/dictionary/highwaymanhood_n
manger-doggishness,noun,1861-,0,The fact or condition of being a dog-in-the-manger.,compound,,,In current use,,,https://doi.org/10.1093/OED/4005970645,http://www.oed.com/dictionary/manger-doggishness_n
metallician,noun,1861-90,0,Horse Racing slang. A bookmaker (see quot. 1874).,derivative,,colloquial and slang,Not in use,Australasian English/Australian English,"manufacturing and industry/building/masonry, sport and leisure/games/gambling/betting, sport and leisure/horses and riding/horse racing",https://doi.org/10.1093/OED/8725975290,http://www.oed.com/dictionary/metallician_n
miraculism,noun,1861-,2,Belief in miracles.,borrowing,,,In current use,,,https://doi.org/10.1093/OED/1168013056,http://www.oed.com/dictionary/miraculism_n
philhymnic,adjective,1861,0,Hymn-loving.,compound,,,Not in use,,,https://doi.org/10.1093/OED/6482020149,http://www.oed.com/dictionary/philhymnic_adj
ponderling,noun,1861,0,A child that is weighed.,derivative,,,Not in use,,,https://doi.org/10.1093/OED/3597890951,http://www.oed.com/dictionary/ponderling_n
pooh-poohist,noun,1861,0,"= pooh-pooher, n.",derivative,,,Not in use,,,https://doi.org/10.1093/OED/3173614620,http://www.oed.com/dictionary/pooh-poohist_n
portify,verb,1861,0,transitive. To convert (claret) into port; in…,derivative,,,Not in use,,,https://doi.org/10.1093/OED/1000625596,http://www.oed.com/dictionary/portify_v
puellular,adjective,1861,0,"= puellile, adj.",borrowing,,,Not in use,,,https://doi.org/10.1093/OED/2576785340,http://www.oed.com/dictionary/puellular_adj
set-down,adjective,1861-,2,"Described in books, recognized.",compound,,,In current use,,,https://doi.org/10.1093/OED/6378855388,http://www.oed.com/dictionary/set-down_adj-a
subrisory,adjective,1861,0,Characterized by a smiling playfulness; amusing.,borrowing,,,Not in use,,,https://doi.org/10.1093/OED/9879076410,http://www.oed.com/dictionary/subrisory_adj
subvirate,noun,1861,0,A class of men who are weaker and less manly than…,borrowing,,humorous,Not in use,,,https://doi.org/10.1093/OED/8259119977,http://www.oed.com/dictionary/subvirate_n
technicophilist,noun,1861,0,A person who is fond of using technical terms.,compound,,,Not in use,,,https://doi.org/10.1093/OED/1067210829,http://www.oed.com/dictionary/technicophilist_n
whipping-snapping,adjective,1861-,0,"Diminutive, insignificant.",derivative,,,In current use,,,https://doi.org/10.1093/OED/7848100147,http://www.oed.com/dictionary/whipping-snapping_adj
xanthocomic,adjective,1861-,0,Yellow-haired.,,,,In current use,,,https://doi.org/10.1093/OED/4294906358,http://www.oed.com/dictionary/xanthocomic_adj
yachtery,noun,1861-,0,Yachts collectively.,derivative,,,In current use,,transport/nautical/sailing,https://doi.org/10.1093/OED/8944406781,http://www.oed.com/dictionary/yachtery_n
zoomantist,noun,1861,0,A person who a person who practises divination by…,compound,,,Not in use,,sciences/life sciences/animals,https://doi.org/10.1093/OED/2781975925,http://www.oed.com/dictionary/zoomantist_n
""
Exported 997 of 997 from http://www.oed.com/search/advanced/Entries?textTermText0=%2522isolated%2520use%2522&textTermOpt0=Definition&dateOfUseFirstUse=true&dateOfUseFrom=1805&dateOfUseTo=1861&page=1&sortOption=DateOldFirst&premium=true
Copyright © 2026 Oxford University Press. All rights reserved. Legal Notice: https://www.oed.com/public/legal-notice/
