LEMMA,PART OF SPEECH,DATE OF USE,FREQUENCY BAND NUMBER,DEFINITION,TYPE OF FORMATION,LANGUAGE OF ORIGIN,USAGE,OBSOLESCENCE,REGIONAL ENGLISH,SUBJECT,DOI,OED URL
cloudly,adjective,1621,0,"Cloud-like, of the nature of a cloud.",derivative,,,Not in use,,,https://doi.org/10.1093/OED/3223517108,http://www.oed.com/dictionary/cloudly_adj
competencer,noun,1621,0,The possessor of a competency (of means).,derivative,,,Not in use,,,https://doi.org/10.1093/OED/4870990718,http://www.oed.com/dictionary/competencer_n
gregation,noun,1621,0,"A crowd, multitude (see quot. 1621).",borrowing,,,Not in use,,,https://doi.org/10.1093/OED/1423854753,http://www.oed.com/dictionary/gregation_n
his,verb,1621,0,"transitive. To use ‘his’ of, to qualify with ‘his’.",conversion,,,Not in use,,,https://doi.org/10.1093/OED/7753869341,http://www.oed.com/dictionary/his_v
Leviticality,noun,1621-,0,Levitical character or obligation.,derivative,,,In current use,,religion and belief/religion/Judaism,https://doi.org/10.1093/OED/7218779023,http://www.oed.com/dictionary/leviticality_n
mannity,noun,1621,0,Human beings collectively.,derivative,,,Not in use,,,https://doi.org/10.1093/OED/7827276298,http://www.oed.com/dictionary/mannity_n
nonsicut,noun,1621,0,"A person regarded as perfect or excellent, a…",borrowing,,,Not in use,,,https://doi.org/10.1093/OED/2790178750,http://www.oed.com/dictionary/nonsicut_n
pingui-substance,noun,1621,0,Fatty substance.,borrowing,,,Not in use,,,https://doi.org/10.1093/OED/1129731017,http://www.oed.com/dictionary/pingui-substance_n
plant-animal,noun,1621-,3,An organism which has characteristics of both an…,compound,,,In current use,,"sciences/life sciences/animals/invertebrates, sciences/life sciences/plants",https://doi.org/10.1093/OED/3597958690,http://www.oed.com/dictionary/plant-animal_n
whore-sty,noun,1621,0,A brothel.,compound,,,Not in use,,,https://doi.org/10.1093/OED/6043989516,http://www.oed.com/dictionary/whore-sty_n
disbrother,verb,1622,0,transitive. To undo the brotherhood of; to make…,derivative,,,Not in use,,,https://doi.org/10.1093/OED/2962876519,http://www.oed.com/dictionary/disbrother_v
dissoul,verb,1622,0,transitive. To deprive of a soul.,derivative,,,Not in use,,,https://doi.org/10.1093/OED/2540030310,http://www.oed.com/dictionary/dissoul_v
immonastered,adjective,1622,0,Shut up in a monastery.,derivative,,,Not in use,,,https://doi.org/10.1093/OED/1618603302,http://www.oed.com/dictionary/immonastered_adj
insulet,noun,1622-,0,An islet.,borrowing,,,In current use,,,https://doi.org/10.1093/OED/6957669541,http://www.oed.com/dictionary/insulet_n
pot-harness,noun,1622,0,Alcoholic drink as a source of courage.,compound,,,Not in use,,,https://doi.org/10.1093/OED/7701588947,http://www.oed.com/dictionary/pot-harness_n
shanker,noun,1622-,2,"One who makes, forms or finishes the shanks of…",derivative,,,In current use,Britain and Ireland/British English/Scottish English,,https://doi.org/10.1093/OED/4323876500,http://www.oed.com/dictionary/shanker_n
torturing-stock,noun,1622-,0,A person upon whom torture is inflicted.,compound,,,In current use,,,https://doi.org/10.1093/OED/9712355766,http://www.oed.com/dictionary/torturing-stock_n
transformity,noun,1622,0,The state or condition of being transformed.,derivative,,,Not in use,,,https://doi.org/10.1093/OED/9608415124,http://www.oed.com/dictionary/transformity_n
correpugnation,noun,1623,0,A symptom accessory to the main opposing symptom.,derivative,,,Not in use,,sciences/medicine,https://doi.org/10.1093/OED/1688148318,http://www.oed.com/dictionary/correpugnation_n
day-liver,noun,1623,0,A person who experiences life day by day.,compound,,,Not in use,,,https://doi.org/10.1093/OED/6026401917,http://www.oed.com/dictionary/day-liver_n
state-statue,noun,1623-1799,0,A mere image of a statesman.,compound,,,Not in use,,,https://doi.org/10.1093/OED/3152564531,http://www.oed.com/dictionary/state-statue_n
compotant,noun,a1624-,0,"= compotator, n.",borrowing,,,In current use,,,https://doi.org/10.1093/OED/3239311510,http://www.oed.com/dictionary/compotant_n
despect,noun,1624-1834,0,A looking down upon; contempt.,borrowing,,,Not in use,,,https://doi.org/10.1093/OED/1165951472,http://www.oed.com/dictionary/despect_n
gaggership,noun,1624-,0,A mock title of address.,derivative,,,In current use,,,https://doi.org/10.1093/OED/5545154788,http://www.oed.com/dictionary/gaggership_n
indistinction,noun,1624-,3,The fact of not distinguishing or making…,derivative,,,In current use,,,https://doi.org/10.1093/OED/1128465652,http://www.oed.com/dictionary/indistinction_n
out-nose,verb,1624,0,(transitive) to put out the nose of.,derivative,,,Not in use,,,https://doi.org/10.1093/OED/8510225524,http://www.oed.com/dictionary/out-nose_v
postify,verb,1624,0,transitive. To fix or nail to a post.,derivative,,,Not in use,,,https://doi.org/10.1093/OED/5989158547,http://www.oed.com/dictionary/postify_v
seven mountain-seated,adjective,1624,0,(As an epithet of the city of Rome) seated on…,compound,,,Not in use,,,https://doi.org/10.1093/OED/9260262210,http://www.oed.com/dictionary/seven-mountain-seated_adj
wine,verb,?1624-,4,transitive. colloquial. To entertain (a person)…,conversion,,colloquial and slang,In current use,,,https://doi.org/10.1093/OED/9747059135,http://www.oed.com/dictionary/wine_v1
hobby headed,adjective,a1625,0,"Having thick, shaggy hair.",compound,,,Not in use,,,https://doi.org/10.1093/OED/5574230274,http://www.oed.com/dictionary/hobby-headed_adj
jewel-proof,adjective,a1625,0,Able to resist the attraction of jewels.,compound,,,Not in use,,,https://doi.org/10.1093/OED/5928588906,http://www.oed.com/dictionary/jewel-proof_adj
port,verb,a1625-,3,transitive. To bring (a ship or boat) to a port…,conversion,,,In current use,,transport/nautical,https://doi.org/10.1093/OED/8038461730,http://www.oed.com/dictionary/port_v4
proof-favour,noun,a1625,0,Favour or goodwill of proven strength.,compound,,,Not in use,,,https://doi.org/10.1093/OED/9204916901,http://www.oed.com/dictionary/proof-favour_n
waistcoateer,noun,a1625-,1,A person wearing a waistcoat of a specified fashion.,derivative,,historical,In current use,,,https://doi.org/10.1093/OED/1494164547,http://www.oed.com/dictionary/waistcoateer_n
anticlimate,noun,1625,0,In early modern geography: each of the bands on…,derivative,,,Not in use,,,https://doi.org/10.1093/OED/1169945275,http://www.oed.com/dictionary/anticlimate_n
counter-plight,noun,1625,0,A fold in the opposite direction.,derivative,,,Not in use,,,https://doi.org/10.1093/OED/5306310975,http://www.oed.com/dictionary/counter-plight_n
counter-walker,noun,1625,0,One who walks on the opposite side; in plural =…,derivative,,,Not in use,,,https://doi.org/10.1093/OED/3838834355,http://www.oed.com/dictionary/counter-walker_n
overpower,noun,1625-,2,A superior or supreme power.,derivative,,,In current use,,,https://doi.org/10.1093/OED/7465483769,http://www.oed.com/dictionary/overpower_n
pronounist,noun,1625,0,A person who favours the use of pronouns.,derivative,,,Not in use,,,https://doi.org/10.1093/OED/1663853920,http://www.oed.com/dictionary/pronounist_n
proset,noun,1625,0,A little or insignificant piece of prose.,derivative,,,Not in use,,,https://doi.org/10.1093/OED/6402784057,http://www.oed.com/dictionary/proset_n
thwarterous,adjective,1625,0,"Tortuous, twisted, gnarled.",derivative,,,Not in use,,sciences/life sciences/plants,https://doi.org/10.1093/OED/6355542328,http://www.oed.com/dictionary/thwarterous_adj
divelination,noun,a1626-,0,Divination by aid of the devil.,blend,,,In current use,,,https://doi.org/10.1093/OED/5331280183,http://www.oed.com/dictionary/divelination_n
feather-glory,noun,a1626,0,Light and transitory glory.,compound,,,Not in use,,,https://doi.org/10.1093/OED/2238080771,http://www.oed.com/dictionary/feather-glory_n
hypostle,noun,a1626,0,One who draws back; an apostate.,borrowing,,,Not in use,,religion and belief/religion,https://doi.org/10.1093/OED/1068451711,http://www.oed.com/dictionary/hypostle_n
minimated,adjective,a1626,0,Reduced to the smallest size possible.,borrowing,,,Not in use,,,https://doi.org/10.1093/OED/4486108064,http://www.oed.com/dictionary/minimated_adj
miniminess,noun,a1626,0,The condition of being very small or insignificant.,borrowing,,,Not in use,,,https://doi.org/10.1093/OED/1065633469,http://www.oed.com/dictionary/miniminess_n
thrononical,adjective,a1626,0,Of or relating to a ruler occupying a throne.,derivative,,,Not in use,,,https://doi.org/10.1093/OED/3837929810,http://www.oed.com/dictionary/thrononical_adj
bush-bill,noun,1626,0,Probably: a tool for cutting back vegetation; a…,compound,,,Not in use,,agriculture and horticulture/forestry,https://doi.org/10.1093/OED/8391407615,http://www.oed.com/dictionary/bush-bill_n
diaprize,verb,1626,0,"= diaper, v.",borrowing,,,Not in use,,arts/decorative arts,https://doi.org/10.1093/OED/9151161726,http://www.oed.com/dictionary/diaprize_v
mystery-man,noun,1626-71,0,Perhaps: a collector of trade inventions…,compound,,,Not in use,,,https://doi.org/10.1093/OED/7403988729,http://www.oed.com/dictionary/mystery-man_n1
night-eater,noun,1626,0,A flea.,compound,,,Not in use,,sciences/life sciences/animals/invertebrates/insects,https://doi.org/10.1093/OED/1138309201,http://www.oed.com/dictionary/night-eater_n
paste-god,noun,1626,0,An idol made of paste.,compound,,,Not in use,,,https://doi.org/10.1093/OED/1765847069,http://www.oed.com/dictionary/paste-god_n
vanquash,verb,c1626-,0,transitive. To smash.,compound,,,In current use,,,https://doi.org/10.1093/OED/8465275894,http://www.oed.com/dictionary/vanquash_v
freshwoman,noun,a1627-,2,A female student in her first year at a…,compound,,,In current use,North American English,education/university,https://doi.org/10.1093/OED/5005017668,http://www.oed.com/dictionary/freshwoman_n
iulan,adjective,a1627,0,Of the first growth of the beard.,borrowing,,,Not in use,,,https://doi.org/10.1093/OED/1302043707,http://www.oed.com/dictionary/iulan_adj
love paper,noun,a1627,0,A love letter.,compound,,,Not in use,,,https://doi.org/10.1093/OED/8735876124,http://www.oed.com/dictionary/love-paper_n
mattress rubber,noun,a1627,0,(Perhaps) a rough mattress cover.,compound,,,Not in use,,,https://doi.org/10.1093/OED/2683740823,http://www.oed.com/dictionary/mattress-rubber_n
pumper,noun,a1627,0,"A person who puts pumps on someone (see pump, n.²).",derivative,,,Not in use,,,https://doi.org/10.1093/OED/1072877539,http://www.oed.com/dictionary/pumper_n1
super-Jesuited,adjective,a1628,0,Ruled over by Jesuits.,derivative,,,Not in use,,religion and belief/religion/Christianity/Roman Catholic Church,https://doi.org/10.1093/OED/7334609787,http://www.oed.com/dictionary/super-jesuited_adj
gunnered,adjective,1628,0,Trained in gunnery.,derivative,,,Not in use,,military/weaponry/gunnery and firearms,https://doi.org/10.1093/OED/8280578987,http://www.oed.com/dictionary/gunnered_adj
midnight,verb,1628-1861,0,transitive. To afflict or overwhelm with darkness.,conversion,,poetic and literary,Not in use,,,https://doi.org/10.1093/OED/2484666709,http://www.oed.com/dictionary/midnight_v
plagueship,noun,1628,0,With possessive adjective: a title of mock…,derivative,,humorous,Not in use,,,https://doi.org/10.1093/OED/1108594510,http://www.oed.com/dictionary/plagueship_n1
valiant,verb,1628,0,transitive. To make (something) valiant; to embolden.,conversion,,,Not in use,,,https://doi.org/10.1093/OED/3082529536,http://www.oed.com/dictionary/valiant_v
totangle,noun,1629,0,A figure that is ‘all angle’: applied to a circle…,borrowing,,,Not in use,,sciences/mathematics/geometry,https://doi.org/10.1093/OED/7728091303,http://www.oed.com/dictionary/totangle_n
totilater,noun,1629,0,"A figure that is ‘all side’, or consists of an…",borrowing,,,Not in use,,sciences/mathematics/geometry,https://doi.org/10.1093/OED/4638756003,http://www.oed.com/dictionary/totilater_n
disroyalty,noun,1630,0,Undoing of royal dignity.,derivative,,,Not in use,,,https://doi.org/10.1093/OED/5763552190,http://www.oed.com/dictionary/disroyalty_n
ganderous,adjective,1630-,0,Pertaining to a gander.,derivative,,,In current use,,,https://doi.org/10.1093/OED/3446475541,http://www.oed.com/dictionary/ganderous_adj
kneeify,verb,c1630,0,"To make a knee of: in quot. 1630, to attach (the…",derivative,,,Not in use,,crafts and trades/costume/shoes,https://doi.org/10.1093/OED/1039643235,http://www.oed.com/dictionary/kneeify_v
yoff,verb,c1630,0,intransitive. To make a sound resembling the…,imitative,,,Not in use,,,https://doi.org/10.1093/OED/7167295628,http://www.oed.com/dictionary/yoff_v
derelict,verb,a1631-,3,figurative. To fail to keep or observe; to fall…,borrowing,,,In current use,,,https://doi.org/10.1093/OED/1049193317,http://www.oed.com/dictionary/derelict_v
expeccation,noun,a1631,0,(See quot. 1631.),borrowing,,,Not in use,,religion and belief/religion,https://doi.org/10.1093/OED/1077968554,http://www.oed.com/dictionary/expeccation_n
flail-finned,adjective,a1631,0,Having a long fin which resembles a flail. Cf…,compound,,,Not in use,,,https://doi.org/10.1093/OED/1069220400,http://www.oed.com/dictionary/flail-finned_adj
metatheology,noun,a1631-,2,The philosophical study of the nature and methods…,derivative,,,In current use,,religion and belief/religion,https://doi.org/10.1093/OED/6598222972,http://www.oed.com/dictionary/metatheology_n
coach-leaves,noun,1631,0,Folding blinds that cover the window of a coach.,compound,,,Not in use,,crafts and trades/carriage-building,https://doi.org/10.1093/OED/1014717426,http://www.oed.com/dictionary/coach-leaves_n
conformalist,noun,1631,0,"= conformist, n.",derivative,,,Not in use,,religion and belief/religion,https://doi.org/10.1093/OED/9534772773,http://www.oed.com/dictionary/conformalist_n
easeress,noun,1631,0,A woman who provides relief from pain or distress.,derivative,,,Not in use,,,https://doi.org/10.1093/OED/8238194490,http://www.oed.com/dictionary/easeress_n
mannet,noun,1631,0,A little man.,derivative,,,Not in use,,,https://doi.org/10.1093/OED/1103719730,http://www.oed.com/dictionary/mannet_n
mint-phrase,noun,1631,0,A newly coined phrase.,compound,,,Not in use,,language/linguistics,https://doi.org/10.1093/OED/1084386669,http://www.oed.com/dictionary/mint-phrase_n
naometry,noun,1631,0,Prophecy founded on the numerological analysis of…,borrowing,,,Not in use,,religion and belief/religion,https://doi.org/10.1093/OED/3250419011,http://www.oed.com/dictionary/naometry_n
non-parallel,noun,1631,0,"= nonpareil, n.",variant,,,Not in use,,,https://doi.org/10.1093/OED/5130808360,http://www.oed.com/dictionary/non-parallel_n
orc,verb,1631,0,transitive. To make an orc or monster of.,conversion,,,Not in use,,,https://doi.org/10.1093/OED/1132471526,http://www.oed.com/dictionary/orc_v
pennisome,adjective,1631,0,"Lucrative, profitable.",derivative,,,Not in use,,economics and commerce/finance,https://doi.org/10.1093/OED/5489497706,http://www.oed.com/dictionary/pennisome_adj
vagabundulo,noun,1631,0,? A roguish trick.,derivative,,,Not in use,,,https://doi.org/10.1093/OED/4678907403,http://www.oed.com/dictionary/vagabundulo_n
distectured,adjective,1632,0,Deprived of the roof; unroofed.,derivative,,,Not in use,,,https://doi.org/10.1093/OED/7371448637,http://www.oed.com/dictionary/distectured_adj
moon time,noun,1632-,0,The time at which menstruation occurs; a…,compound,,poetic and literary,In current use,,sciences/medicine/physiology,https://doi.org/10.1093/OED/2894822375,http://www.oed.com/dictionary/moon-time_n
muttonship,noun,1632,0,derogatory. Obsolete. A mock title of respect for…,derivative,,derogatory,Not in use,,,https://doi.org/10.1093/OED/2982759789,http://www.oed.com/dictionary/muttonship_n
tremendous,adjective,1632-,6,"Hyperbolically, or as a mere intensive: Such as…",borrowing,,colloquial and slang,In current use,,,https://doi.org/10.1093/OED/2674246363,http://www.oed.com/dictionary/tremendous_adj
jail-deliver,verb,?1632,0,"transitive. To rescue, save, or set (a prisoner)…",compound,,,Not in use,,,https://doi.org/10.1093/OED/9682839661,http://www.oed.com/dictionary/jail-deliver_v
altilatitude,noun,1633,0,Altitude and latitude combined (in quot. as a…,compound,,,Not in use,,,https://doi.org/10.1093/OED/3951974473,http://www.oed.com/dictionary/altilatitude_n
dumple,verb,1633-,2,To bend or compress into a dumpy shape.,backformation,,,In current use,,,https://doi.org/10.1093/OED/1907135306,http://www.oed.com/dictionary/dumple_v
ephorism,noun,1633,0,A tribunal resembling that of the ephors.,derivative,,,Not in use,,law,https://doi.org/10.1093/OED/2346724932,http://www.oed.com/dictionary/ephorism_n
grammates,noun,1633,0,With plural agreement. Rudiments; first principles.,borrowing,,,Not in use,,education,https://doi.org/10.1093/OED/9041067351,http://www.oed.com/dictionary/grammates_n
inloving,noun,1633,0,"Loving, holding in affection.",derivative,,,Not in use,,,https://doi.org/10.1093/OED/4829141113,http://www.oed.com/dictionary/inloving_n
mace-proof,adjective,1633,0,Safe from arrest.,compound,,,Not in use,,,https://doi.org/10.1093/OED/5621437433,http://www.oed.com/dictionary/mace-proof_adj
term-driver,noun,1633,0,(Perhaps) a person who attends court during law…,compound,,,Not in use,,law,https://doi.org/10.1093/OED/9038807970,http://www.oed.com/dictionary/term-driver_n
vandyking,noun,1633-,1,concrete. Vandyked material; work shaped in…,derivative,,,In current use,,"arts/visual arts/painting and drawing/painting, crafts and trades/textiles",https://doi.org/10.1093/OED/6883553809,http://www.oed.com/dictionary/vandyking_n
almsbasket man,noun,a1634,0,"= almsman, n. 1.",compound,,,Not in use,,,https://doi.org/10.1093/OED/1076709820,http://www.oed.com/dictionary/almsbasket-man_n
tympaned,adjective,a1634,0,"Affected as with a ‘tympan’ (tympan, n. 2)…",derivative,,,Not in use,,,https://doi.org/10.1093/OED/1271377502,http://www.oed.com/dictionary/tympaned_adj
loggership,noun,1634,0,Used as a derisive title for a sluggard.,derivative,,,Not in use,,,https://doi.org/10.1093/OED/7476661043,http://www.oed.com/dictionary/loggership_n
skunk,noun,1634-,4,"A weasel-like mammal of North America, Mephitis…",borrowing,,colloquial and slang,In current use,,,https://doi.org/10.1093/OED/4896001668,http://www.oed.com/dictionary/skunk_n
cawation,noun,a1635,0,"The cawing of a crow, rook, raven, or other bird…",derivative,,,Not in use,,,https://doi.org/10.1093/OED/6916254852,http://www.oed.com/dictionary/cawation_n
moon-drake,noun,a1635,0,A fiery moon.,,,,Not in use,,,https://doi.org/10.1093/OED/6721104842,http://www.oed.com/dictionary/moon-drake_n
tollbooth,verb,a1635,0,To imprison in a tollbooth.,conversion,,,Not in use,,,https://doi.org/10.1093/OED/9582983003,http://www.oed.com/dictionary/tollbooth_v
dulian,adjective,1635-,0,Pertaining to dulia.,derivative,,,In current use,,religion and belief/religion,https://doi.org/10.1093/OED/3277207526,http://www.oed.com/dictionary/dulian_adj
essence,verb,1635-,3,transitive. To compress the essence of (a book) into.,conversion,,,In current use,,crafts and trades/costume/cosmetics/perfumery,https://doi.org/10.1093/OED/9285596741,http://www.oed.com/dictionary/essence_v
successanean,adjective,1635,0,Characterized by or involving succession; successive.,borrowing,,,Not in use,,,https://doi.org/10.1093/OED/5313033280,http://www.oed.com/dictionary/successanean_adj
hobby-horse,verb,1636-,0,intransitive. To move in a way which is…,conversion,,,In current use,,transport/nautical,https://doi.org/10.1093/OED/4988196386,http://www.oed.com/dictionary/hobby-horse_v
shameface,noun,1636-,1,A bashful aspect.,compound,,,In current use,,,https://doi.org/10.1093/OED/8898965198,http://www.oed.com/dictionary/shameface_n
flameship,noun,a1637-,0,The personality or dignity of (the god of) flame.,derivative,,,In current use,,religion and belief/mythology/classical mythology,https://doi.org/10.1093/OED/8092643973,http://www.oed.com/dictionary/flameship_n
point,adjective,a1637,0,Complete; ready.,conversion,,,Not in use,,,https://doi.org/10.1093/OED/5449653461,http://www.oed.com/dictionary/point_adj
prejudicial,verb,a1637,0,transitive. To prejudice or harm (a person).,conversion,,,Not in use,,,https://doi.org/10.1093/OED/3860765359,http://www.oed.com/dictionary/prejudicial_v
pur-chop,noun,a1637,0,(Perhaps) the truncheon often depicted in the…,compound,,,Not in use,,sport and leisure/games/cards,https://doi.org/10.1093/OED/9293137088,http://www.oed.com/dictionary/pur-chop_n
pur-dog,noun,a1637,0,(Perhaps) the dog often depicted alongside the…,compound,,,Not in use,,sport and leisure/games/cards,https://doi.org/10.1093/OED/4648749570,http://www.oed.com/dictionary/pur-dog_n
surreverently,adverb,a1637,0,Very reverently: ironically with reference to…,derivative,,ironic,Not in use,,,https://doi.org/10.1093/OED/1176188108,http://www.oed.com/dictionary/surreverently_adv
attorney universal,noun,1637,0,An attorney general.,compound,,,Not in use,,law,https://doi.org/10.1093/OED/1147283823,http://www.oed.com/dictionary/attorney-universal_n
copester,noun,1637,0,"A wearer of a cope, i.e. a monk.",derivative,,,Not in use,,crafts and trades/costume,https://doi.org/10.1093/OED/8935209358,http://www.oed.com/dictionary/copester_n
correctify,verb,1637,0,"transitive. To correct, set right.",borrowing,,,Not in use,,,https://doi.org/10.1093/OED/9146312528,http://www.oed.com/dictionary/correctify_v
cowlist,noun,1637,0,One who wears a cowl; a monk.,derivative,,,Not in use,,religion and belief/religion,https://doi.org/10.1093/OED/1068493661,http://www.oed.com/dictionary/cowlist_n
dealth,noun,1637,0,Portion dealt.,derivative,,,Not in use,,,https://doi.org/10.1093/OED/4491338059,http://www.oed.com/dictionary/dealth_n
hyperochality,noun,1637,0,"Eminence, distinguished position.",borrowing,,,Not in use,,religion and belief/religion,https://doi.org/10.1093/OED/4455446400,http://www.oed.com/dictionary/hyperochality_n
tympanied,adjective,1637,0,"Inflated as with a tympany, puffed up.",derivative,,,Not in use,,,https://doi.org/10.1093/OED/8731533223,http://www.oed.com/dictionary/tympanied_adj
Christ-apostatical,adjective,a1638,0,That apostatizes from or abandons Christ.,compound,,,Not in use,,,https://doi.org/10.1093/OED/8076984931,http://www.oed.com/dictionary/christ-apostatical_adj
destruct,verb,a1638-,4,"= destroy, v. Also as n. attributive.",borrowing,,,In current use,,,https://doi.org/10.1093/OED/1674724807,http://www.oed.com/dictionary/destruct_v
distree,verb,a1638,0,transitive. To deprive or strip of trees.,derivative,,,Not in use,,,https://doi.org/10.1093/OED/2524999372,http://www.oed.com/dictionary/distree_v
pillarist,noun,a1638-,0,An ascetic who lives on a pillar; a stylite. Now rare.,derivative,,,In current use,,religion and belief/religion,https://doi.org/10.1093/OED/2582921061,http://www.oed.com/dictionary/pillarist_n
dentity,noun,1638,0,The age of teething.,borrowing,,,Not in use,,,https://doi.org/10.1093/OED/8383055310,http://www.oed.com/dictionary/dentity_n
extraneous,adjective,1638-,5,"External to, not comprised in or forming part of…",borrowing,,,In current use,,,https://doi.org/10.1093/OED/6823845236,http://www.oed.com/dictionary/extraneous_adj
frescour,noun,1638,0,Coolness.,borrowing,,,Not in use,,,https://doi.org/10.1093/OED/1037955759,http://www.oed.com/dictionary/frescour_n
leaf-joy,noun,1638,0,A joy which is extendable or flexible; cf. leaf…,compound,,,Not in use,,,https://doi.org/10.1093/OED/3491202304,http://www.oed.com/dictionary/leaf-joy_n
pot-tipped,adjective,1638,0,"Of the nose, reddened at the tip by drinking.",compound,,,Not in use,,sciences/medicine/pathology,https://doi.org/10.1093/OED/1091732005,http://www.oed.com/dictionary/pot-tipped_adj
concernable,adjective,1639-,1,Of concern; important. rare in later use.,derivative,,,In current use,,,https://doi.org/10.1093/OED/6059465979,http://www.oed.com/dictionary/concernable_adj
evocate,verb,1639-,2,"To call up (spirits) from the dead, (events) from…",borrowing,,,In current use,,religion and belief/belief systems and practices/occult,https://doi.org/10.1093/OED/3858826950,http://www.oed.com/dictionary/evocate_v
federally,adverb,1639-,5,After the manner of a federation; by means of a…,derivative,,,In current use,North American English/U.S. English,religion and belief/religion/Christianity,https://doi.org/10.1093/OED/7760981220,http://www.oed.com/dictionary/federally_adv
French,verb,1639-,5,transitive. Cookery (now chiefly U.S.). To…,conversion,,,In current use,,,https://doi.org/10.1093/OED/1205209631,http://www.oed.com/dictionary/french_v
hear-so,noun,1639-,0,One who has heard so: one who knows by hearsay.,compound,,,In current use,,,https://doi.org/10.1093/OED/8409339198,http://www.oed.com/dictionary/hear-so_n
puffkin,noun,1639,0,A flighty or capricious person.,derivative,,,Not in use,,,https://doi.org/10.1093/OED/1205515603,http://www.oed.com/dictionary/puffkin_n
snappery,noun,1639,0,The action of cutting with a snap.,derivative,,,Not in use,,,https://doi.org/10.1093/OED/1406565477,http://www.oed.com/dictionary/snappery_n
snippery,noun,1639,0,Snipping.,derivative,,,Not in use,,,https://doi.org/10.1093/OED/4273740479,http://www.oed.com/dictionary/snippery_n
bumbis,noun,a1640,0,A piece of meaningless pig Latin used as patter…,arbitrary,,,Not in use,,arts/performing arts/conjuring,https://doi.org/10.1093/OED/1002746118,http://www.oed.com/dictionary/bumbis_n
deader,noun,a1640,0,"Something which deadens. Cf. deadener, n. 1.",derivative,,,Not in use,,,https://doi.org/10.1093/OED/4358917892,http://www.oed.com/dictionary/deader_n1
hip hape,noun,a1640,0,"Clothing or an accessory used to cover, alter, or…",compound,,,Not in use,,crafts and trades/costume,https://doi.org/10.1093/OED/1159753318,http://www.oed.com/dictionary/hip-hape_n
man-huckster,noun,a1640,0,The manager of a male brothel.,compound,,,Not in use,,,https://doi.org/10.1093/OED/1611164902,http://www.oed.com/dictionary/man-huckster_n
paragraphistical,adjective,a1640,0,"Probably: = paragraphic, adj.¹ Perhaps…",derivative,,humorous,Not in use,,crafts and trades/printing and typography,https://doi.org/10.1093/OED/1162355130,http://www.oed.com/dictionary/paragraphistical_adj
sword,verb,a1640-,4,"To strike, slash, or kill with a sword. Also…",conversion,,,In current use,,"military/weaponry, sciences/medicine",https://doi.org/10.1093/OED/3034559122,http://www.oed.com/dictionary/sword_v
bastard-bellied,adjective,1640,0,Pregnant with an illegitimate child.,compound,,,Not in use,,,https://doi.org/10.1093/OED/1134118433,http://www.oed.com/dictionary/bastard-bellied_adj
confectioness,noun,1640,0,A female confectioner.,derivative,,,Not in use,,consumables/food and cooking,https://doi.org/10.1093/OED/9715170336,http://www.oed.com/dictionary/confectioness_n
fibulate,verb,1640-,1,transitive. To put a button on (a foil).,borrowing,,,In current use,,,https://doi.org/10.1093/OED/4131712584,http://www.oed.com/dictionary/fibulate_v
gainless,adjective,1640-,2,Producing no gain; unprofitable; useless.,derivative,,,In current use,,,https://doi.org/10.1093/OED/1034073645,http://www.oed.com/dictionary/gainless_adj2
healthist,noun,1640,0,A person who is given to drinking people's…,derivative,,,Not in use,,,https://doi.org/10.1093/OED/5474822053,http://www.oed.com/dictionary/healthist_n
predecessrix,noun,1640,0,"= predecessoress, n.",derivative,,,Not in use,,,https://doi.org/10.1093/OED/6012739339,http://www.oed.com/dictionary/predecessrix_n
see-saw,"interjection, noun, adjective",1640-,4,A piece of play equipment consisting of a long…,compound,,,In current use,,,https://doi.org/10.1093/OED/4263315651,http://www.oed.com/dictionary/see-saw_int
stomach-anger,noun,1640,0,Concealed anger.,compound,,,Not in use,,,https://doi.org/10.1093/OED/7292065016,http://www.oed.com/dictionary/stomach-anger_n
literator,noun,a1641-,2,A person engaged in literary pursuits; a writer…,borrowing,,,In current use,,arts/literature,https://doi.org/10.1093/OED/7448311474,http://www.oed.com/dictionary/literator_n
quotidiarian,noun,a1641,0,Among the Essenes: a daily official.,borrowing,,,Not in use,,,https://doi.org/10.1093/OED/1898051990,http://www.oed.com/dictionary/quotidiarian_n
shop club,noun,a1641-,2,†a. (Probably) a club or cudgel regarded as the…,compound,,,In current use,,,https://doi.org/10.1093/OED/1079066168,http://www.oed.com/dictionary/shop-club_n
unplunge,verb,a1641-,1,transitive. To raise from a plunged position or state.,derivative,,,In current use,,,https://doi.org/10.1093/OED/7715519409,http://www.oed.com/dictionary/unplunge_v
hecatontome,noun,1641,0,A collection of a hundred volumes.,borrowing,,,Not in use,,,https://doi.org/10.1093/OED/3403487639,http://www.oed.com/dictionary/hecatontome_n
incendiaryship,noun,1641-,0,The office or personality of an incendiary.,derivative,,,In current use,,,https://doi.org/10.1093/OED/3578729510,http://www.oed.com/dictionary/incendiaryship_n
petty-fog,noun,1641,0,A small mist.,compound,,,Not in use,,sciences/physical sciences/earth sciences/geography/weather,https://doi.org/10.1093/OED/3157021711,http://www.oed.com/dictionary/petty-fog_n
succenturiate,adjective,1641-,2,Anatomy and Zoology. Of various anatomical…,borrowing,,,In current use,,"sciences/life sciences/animals, sciences/medicine/anatomy, sciences/medicine/embryology",https://doi.org/10.1093/OED/8111799385,http://www.oed.com/dictionary/succenturiate_adj
tippet-scuffle,noun,1641,0,An ecclesiastical wrangle.,compound,,,Not in use,,religion and belief/religion/Christianity/ecclesiastical,https://doi.org/10.1093/OED/4616811500,http://www.oed.com/dictionary/tippet-scuffle_n
goingly,adverb,a1642,0,At a walking pace.,derivative,,,Not in use,,,https://doi.org/10.1093/OED/1108976178,http://www.oed.com/dictionary/goingly_adv
amound,verb,1642,0,intransitive. To amount to something.,variant,,,Not in use,,,https://doi.org/10.1093/OED/6351600970,http://www.oed.com/dictionary/amound_v
anti-pent-agonist,noun,1642,0,Each of five individuals holding an opposing view…,derivative,,,Not in use,,religion and belief/religion/Christianity/ecclesiastical,https://doi.org/10.1093/OED/9584382353,http://www.oed.com/dictionary/anti-pent-agonist_n
China-metalled,adjective,1642,0,"Resembling porcelain in its fineness, delicacy…",derivative,,,Not in use,,crafts and trades/ceramics,https://doi.org/10.1093/OED/4198426719,http://www.oed.com/dictionary/china-metalled_adj
compriest,noun,1642,0,A fellow-priest; a compresbyter.,derivative,,,Not in use,,religion and belief/religion,https://doi.org/10.1093/OED/2633142585,http://www.oed.com/dictionary/compriest_n
cordiloquy,noun,1642,0,The action or practice of speaking from the heart.,borrowing,,,Not in use,,,https://doi.org/10.1093/OED/3672717726,http://www.oed.com/dictionary/cordiloquy_n
councilist,noun,1642-,0,A supporter or advocate of a council or councils…,derivative,,historical,In current use,,,https://doi.org/10.1093/OED/4570882764,http://www.oed.com/dictionary/councilist_n
incube,verb,1642,0,transitive. To infix like a cube.,derivative,,,Not in use,,,https://doi.org/10.1093/OED/1164822930,http://www.oed.com/dictionary/incube_v
prelateity,noun,1642,0,The essential quality or essence of being a prelate.,derivative,,,Not in use,,,https://doi.org/10.1093/OED/8161053021,http://www.oed.com/dictionary/prelateity_n
stall-epistle,noun,1642,0,An ‘open letter’ or pamphlet sold on the stalls.,compound,,,Not in use,,,https://doi.org/10.1093/OED/1510772291,http://www.oed.com/dictionary/stall-epistle_n
utrality,noun,1642,0,Tendency to favour both sides; inclination…,borrowing,,,Not in use,,,https://doi.org/10.1093/OED/7891711446,http://www.oed.com/dictionary/utrality_n
viraginian,"adjective, noun",1642-,1,"Designating a violent, overbearing, or…",borrowing,,,In current use,,,https://doi.org/10.1093/OED/2224391349,http://www.oed.com/dictionary/viraginian_adj
wit-rack,noun,1642,0,A faculty of eliciting speech by wit (as a rack…,compound,,,Not in use,,,https://doi.org/10.1093/OED/2692681748,http://www.oed.com/dictionary/wit-rack_n
amebly,noun,a1643,0,Perhaps: an amiable or friendly person.,variant,,,Not in use,,,https://doi.org/10.1093/OED/9544691872,http://www.oed.com/dictionary/amebly_n
long box,noun,a1643,0,A box used to transport the wares of a hawker of books.,compound,,,Not in use,,,https://doi.org/10.1093/OED/4094828527,http://www.oed.com/dictionary/long-box_n
Prester-Johnian,adjective,a1643,0,Of or relating to Prester John.,derivative,,,Not in use,,,https://doi.org/10.1093/OED/7444949207,http://www.oed.com/dictionary/prester-johnian_adj
jewel-darling,adjective,1643,0,That is as precious or highly prized as a jewel.,compound,,,Not in use,,,https://doi.org/10.1093/OED/3181170092,http://www.oed.com/dictionary/jewel-darling_adj
well-woulder,noun,1643,0,A conditional or would-be well-wisher. Cf…,compound,,,Not in use,,,https://doi.org/10.1093/OED/1552254212,http://www.oed.com/dictionary/well-woulder_n
elapse,verb,a1644-,5,"intransitive. Of time, a period of time: To slip…",borrowing,,,In current use,,,https://doi.org/10.1093/OED/2249440603,http://www.oed.com/dictionary/elapse_v
noforsooth,verb,a1644,0,transitive. To waste or squander away (one's…,compound,,,Not in use,,,https://doi.org/10.1093/OED/1099505279,http://www.oed.com/dictionary/noforsooth_v
inquisiturient,adjective,1644,0,Desirous of making inquisition; eager to play the…,borrowing,,,Not in use,,,https://doi.org/10.1093/OED/1122597846,http://www.oed.com/dictionary/inquisiturient_adj
thesmophilist,noun,1644-,0,A lover of law.,borrowing,,,In current use,,law,https://doi.org/10.1093/OED/5085660599,http://www.oed.com/dictionary/thesmophilist_n
biasing,noun,1645-,3,The action or fact of exerting an influence on a…,derivative,,,In current use,,,https://doi.org/10.1093/OED/3172212710,http://www.oed.com/dictionary/biasing_n
cabal,verb,1645-,3,intransitive. To join together or meet with…,borrowing,,disparaging,In current use,,,https://doi.org/10.1093/OED/4604434486,http://www.oed.com/dictionary/cabal_v
commentiter,noun,1645,0,"A deviser of lies, a liar.",borrowing,,,Not in use,,,https://doi.org/10.1093/OED/2992093413,http://www.oed.com/dictionary/commentiter_n
cored,adjective,1645-,4,"Having a core, esp. of a specified kind…",derivative,,,In current use,,,https://doi.org/10.1093/OED/9807533026,http://www.oed.com/dictionary/cored_adj
prerogativeship,noun,1645,0,With possessive adjective: a mock title of…,derivative,,,Not in use,,,https://doi.org/10.1093/OED/7692068449,http://www.oed.com/dictionary/prerogativeship_n
synodicate,verb,1645,0,transitive. To give out as by synodal authority.,derivative,,,Not in use,,,https://doi.org/10.1093/OED/2656662432,http://www.oed.com/dictionary/synodicate_v
wouldingness,noun,1645,0,"Desire, inclination.",derivative,,,Not in use,,,https://doi.org/10.1093/OED/1018634731,http://www.oed.com/dictionary/wouldingness_n
elusory,adjective,1646-,2,"Tending to elude (a danger, argument, law, etc.)…",borrowing,,,In current use,,,https://doi.org/10.1093/OED/3112260081,http://www.oed.com/dictionary/elusory_adj
equivalence,verb,1646,0,"transitive. To balance, serve as equipoise to.",conversion,,,Not in use,,,https://doi.org/10.1093/OED/5962723282,http://www.oed.com/dictionary/equivalence_v
pennish,adjective,1646,0,Relating to a pen or to writing.,derivative,,,Not in use,,,https://doi.org/10.1093/OED/5600017412,http://www.oed.com/dictionary/pennish_adj
writing dust,noun,1646-,0,"Sand, pounce (pounce, n.³ 1) or another powdery…",compound,,historical,In current use,,,https://doi.org/10.1093/OED/9696048357,http://www.oed.com/dictionary/writing-dust_n
coach-match,noun,1647,0,A chariot race.,compound,,,Not in use,,sport and leisure/sport,https://doi.org/10.1093/OED/6755448438,http://www.oed.com/dictionary/coach-match_n
compolitize,verb,1647,0,transitive. To combine in citizenship.,derivative,,,Not in use,,,https://doi.org/10.1093/OED/7300621818,http://www.oed.com/dictionary/compolitize_v
corrayned,adjective,1647,0,Apparently: altogether ruined.,variant,,,Not in use,,,https://doi.org/10.1093/OED/8771488036,http://www.oed.com/dictionary/corrayned_adj
cupiscence,noun,1647,0,"= concupiscence, n.",shortening,,,Not in use,,,https://doi.org/10.1093/OED/7759156932,http://www.oed.com/dictionary/cupiscence_n
dehomination,noun,1647,0,Deprival of the character or attributes of humanity.,borrowing,,,Not in use,,,https://doi.org/10.1093/OED/9620488127,http://www.oed.com/dictionary/dehomination_n
discommonwealthing,noun,1647,0,An instance of being cut off from the…,derivative,,,Not in use,,,https://doi.org/10.1093/OED/9973995795,http://www.oed.com/dictionary/discommonwealthing_n
discribe,verb,1647,0,transitive. To dissolve (a body or organization)…,borrowing,,,Not in use,,,https://doi.org/10.1093/OED/5389588299,http://www.oed.com/dictionary/discribe_v2
duable,adjective,1647,0,Divisible into two.,borrowing,,,Not in use,,,https://doi.org/10.1093/OED/4013175183,http://www.oed.com/dictionary/duable_adj
ear guard,noun,1647-,2,A protector for the ear. Chiefly in plural.,compound,,,In current use,,crafts and trades/costume/hats,https://doi.org/10.1093/OED/3020722211,http://www.oed.com/dictionary/ear-guard_n
gnat-sin,noun,1647-,0,A trivial sin (in reference to Matthew 23: 24).,compound,,,In current use,,,https://doi.org/10.1093/OED/6785535540,http://www.oed.com/dictionary/gnat-sin_n
now,verb,1647,0,transitive. In to now and then (something): to…,conversion,,,Not in use,,,https://doi.org/10.1093/OED/8282791961,http://www.oed.com/dictionary/now_v2
overturcased,adjective,1647,0,Covered with turquoises.,derivative,,,Not in use,,,https://doi.org/10.1093/OED/6787828069,http://www.oed.com/dictionary/overturcased_adj
own-litter-loving,adjective,1647,0,(Perhaps) that has strong feelings of affection…,compound,,,Not in use,,,https://doi.org/10.1093/OED/1022053906,http://www.oed.com/dictionary/own-litter-loving_adj
par-rational,adjective,1647,0,Equally rational or reasonable.,borrowing,,,Not in use,,,https://doi.org/10.1093/OED/3814084833,http://www.oed.com/dictionary/par-rational_adj
perquisquilian,adjective,1647,0,Thoroughly trifling or worthless.,borrowing,,,Not in use,,,https://doi.org/10.1093/OED/6761644204,http://www.oed.com/dictionary/perquisquilian_adj
questionful,noun,1647,0,A full reply to a question.,derivative,,,Not in use,,,https://doi.org/10.1093/OED/7570458896,http://www.oed.com/dictionary/questionful_n
temporizement,noun,1647,0,"= temporization, n. 1.",derivative,,,Not in use,,,https://doi.org/10.1093/OED/4936145137,http://www.oed.com/dictionary/temporizement_n
traitorology,noun,1647,0,A roll or register of traitors.,compound,,,Not in use,,,https://doi.org/10.1093/OED/9804941879,http://www.oed.com/dictionary/traitorology_n
transclout,verb,1647,0,transitive. To transform or disfigure with clouts…,derivative,,,Not in use,,crafts and trades/costume,https://doi.org/10.1093/OED/9774889635,http://www.oed.com/dictionary/transclout_v
transtime,verb,1647,0,transitive. To change as to time.,derivative,,,Not in use,,,https://doi.org/10.1093/OED/7194887144,http://www.oed.com/dictionary/transtime_v
triable,adjective,1647,0,Divisible into three.,derivative,,,Not in use,,,https://doi.org/10.1093/OED/9926709890,http://www.oed.com/dictionary/triable_adj2
carrionere,noun,1648,0,"A holder or dispenser of carrion, or of that…",derivative,,,Not in use,,,https://doi.org/10.1093/OED/1188320318,http://www.oed.com/dictionary/carrionere_n
counter-band,verb,1648-,0,transitive. To band or form again (a disbanded army).,derivative,,,In current use,,,https://doi.org/10.1093/OED/5396446131,http://www.oed.com/dictionary/counter-band_v
defeud,noun,1648,0,= Feud.,derivative,,,Not in use,,,https://doi.org/10.1093/OED/6542654112,http://www.oed.com/dictionary/defeud_n
navarchy,noun,1648-,1,Ancient Greek History. The office or position of…,borrowing,,,In current use,,"history/ancient history/classical history/ancient Greek history, transport/nautical/navy",https://doi.org/10.1093/OED/6957333129,http://www.oed.com/dictionary/navarchy_n
over-bark,verb,1648,0,transitive. To bark louder than. (In quot. 1648…,derivative,,,Not in use,,,https://doi.org/10.1093/OED/5636090577,http://www.oed.com/dictionary/over-bark_v
over-leaven,adjective,1648,0,Having an excess of leaven.,conversion,,,Not in use,,,https://doi.org/10.1093/OED/2453613614,http://www.oed.com/dictionary/over-leaven_adj
prance,noun,1648-,3,The action of prancing; an instance of this; a…,conversion,,,In current use,,,https://doi.org/10.1093/OED/1176404296,http://www.oed.com/dictionary/prance_n
publican,verb,1648,0,transitive. To treat or regard as a publican…,conversion,,,Not in use,,,https://doi.org/10.1093/OED/7548438424,http://www.oed.com/dictionary/publican_v
scouress,noun,1648-,0,A female scourer.,derivative,,,In current use,,,https://doi.org/10.1093/OED/5241840825,http://www.oed.com/dictionary/scouress_n
zonulet,noun,1648,0,A little zone or girdle.,borrowing,,,Not in use,,,https://doi.org/10.1093/OED/2866731143,http://www.oed.com/dictionary/zonulet_n
fiction,verb,a1649-,0,"transitive. To imagine, hypothesize, or invent…",conversion,,,In current use,,arts/literature,https://doi.org/10.1093/OED/5943592227,http://www.oed.com/dictionary/fiction_v
leap-skip,adjective,a1649,0,Applied to the knight's move in chess.,compound,,,Not in use,,sport and leisure/games/board games/chess,https://doi.org/10.1093/OED/8572485151,http://www.oed.com/dictionary/leap-skip_adj
linguister,noun,a1649-,2,"An interpreter, a translator. Cf. linguist, n. 5.",variant,,archaic,In current use,North American English/U.S. English,,https://doi.org/10.1093/OED/7582377665,http://www.oed.com/dictionary/linguister_n
archpresbytery,noun,1649,0,‘The absolute dominion of presbytery’ (Todd)…,compound,,,Not in use,,religion and belief/religion/Christianity/Scottish Church,https://doi.org/10.1093/OED/8794209274,http://www.oed.com/dictionary/archpresbytery_n
blind beetledness,noun,1649,0,"The quality of being extremely deluded, ignorant…",compound,,,Not in use,,,https://doi.org/10.1093/OED/8781319935,http://www.oed.com/dictionary/blind-beetledness_n
courtshipment,noun,1649,0,"Flattery. Cf. courtship, n. I.2.",derivative,,,Not in use,,,https://doi.org/10.1093/OED/1018680875,http://www.oed.com/dictionary/courtshipment_n
dinner-doctrine,noun,1649,0,Theological doctrine motivated only by material…,compound,,,Not in use,,,https://doi.org/10.1093/OED/1025437086,http://www.oed.com/dictionary/dinner-doctrine_n
puppet-play,verb,1649,0,transitive (in passive). To be manoeuvred into an…,compound,,,Not in use,,,https://doi.org/10.1093/OED/7854762669,http://www.oed.com/dictionary/puppet-play_v
superannuate,verb,1649-,3,transitive. To make (something) antiquated or…,borrowing,,,In current use,,,https://doi.org/10.1093/OED/9655796879,http://www.oed.com/dictionary/superannuate_v
whole-steal,noun,1649,0,"Theft of something in its entirety, or on a large…",compound,,,Not in use,,,https://doi.org/10.1093/OED/4634519064,http://www.oed.com/dictionary/whole-steal_n
centireligious,adjective,1650,0,Of a hundred religions.,compound,,,Not in use,,religion and belief/religion,https://doi.org/10.1093/OED/2821950079,http://www.oed.com/dictionary/centireligious_adj
condunghill,verb,1650,0,transitive. To make like a dunghill.,derivative,,,Not in use,,,https://doi.org/10.1093/OED/7953505933,http://www.oed.com/dictionary/condunghill_v
contruth,verb,1650,0,"intransitive. To be true together, agree in truth.",derivative,,,Not in use,,,https://doi.org/10.1093/OED/3525101784,http://www.oed.com/dictionary/contruth_v
distime,verb,1650,0,transitive. ? To put out of time; to mistime.,derivative,,,Not in use,,,https://doi.org/10.1093/OED/4903921891,http://www.oed.com/dictionary/distime_v
march panado,verb,1650,0,"transitive. To mould (a thing), in the manner of…",derivative,,,Not in use,,,https://doi.org/10.1093/OED/5185833198,http://www.oed.com/dictionary/march-panado_v
over-dubbed,adjective,1650,0,Of a person: having had too many titles conferred…,derivative,,,Not in use,,,https://doi.org/10.1093/OED/5815859209,http://www.oed.com/dictionary/over-dubbed_adj1
plenorderly,adverb,1650,0,Under the orders or authority of all.,compound,,,Not in use,,,https://doi.org/10.1093/OED/7171073745,http://www.oed.com/dictionary/plenorderly_adv
pluranimous,adjective,1650,0,Not unanimous.,borrowing,,,Not in use,,,https://doi.org/10.1093/OED/2491094302,http://www.oed.com/dictionary/pluranimous_adj
preterpluparenthetical,adjective,1650,0,Favouring or tending to use parenthesis.,compound,,humorous,Not in use,,,https://doi.org/10.1093/OED/1053821370,http://www.oed.com/dictionary/preterpluparenthetical_adj
rementimutation,noun,1650,0,A second or new change of mind.,derivative,,,Not in use,,,https://doi.org/10.1093/OED/4310815136,http://www.oed.com/dictionary/rementimutation_n
templize,verb,1650,0,intransitive. To assume the form or character of…,derivative,,,Not in use,,religion and belief/religion,https://doi.org/10.1093/OED/9576630092,http://www.oed.com/dictionary/templize_v
theosophy,noun,1650-,4,"Applied to a system of recent origin, resembling…",borrowing,,,In current use,,"religion and belief/belief systems and practices/occult, religion and belief/religion",https://doi.org/10.1093/OED/1655326353,http://www.oed.com/dictionary/theosophy_n
tavernry,noun,c1650-,0,Tavern-expenses.,derivative,,,In current use,,economics and commerce/finance,https://doi.org/10.1093/OED/7534442741,http://www.oed.com/dictionary/tavernry_n
breathable,"adjective, noun",1651-,3,Fit or pleasant to breathe; suitable for breathing.,derivative,,,In current use,,crafts and trades/costume,https://doi.org/10.1093/OED/2416969928,http://www.oed.com/dictionary/breathable_adj
conservient,adjective,1651,0,Serving conjointly.,derivative,,,Not in use,,,https://doi.org/10.1093/OED/5170204460,http://www.oed.com/dictionary/conservient_adj
disdesire,verb,1651,0,transitive. To do the reverse of desiring; to…,derivative,,,Not in use,,,https://doi.org/10.1093/OED/1092654035,http://www.oed.com/dictionary/disdesire_v
disdetermine,verb,1651,0,"transitive. To undo that which is determined, to annul.",derivative,,,Not in use,,,https://doi.org/10.1093/OED/3438416564,http://www.oed.com/dictionary/disdetermine_v
heterodogmatize,verb,1651-,0,intransitive to hold or pronounce an opinion…,compound,,,In current use,,,https://doi.org/10.1093/OED/2399084704,http://www.oed.com/dictionary/heterodogmatize_v
pettitoe,verb,1651,0,"transitive. With it: to dance, move about on the toes.",conversion,,,Not in use,,arts/performing arts/dance,https://doi.org/10.1093/OED/8386503147,http://www.oed.com/dictionary/pettitoe_v
pyrergy,noun,1651,0,The action of working in or with fire; heat energy.,borrowing,,,Not in use,,sciences/physical sciences/physics,https://doi.org/10.1093/OED/7304886877,http://www.oed.com/dictionary/pyrergy_n
tantillation,noun,1651,0,A trifling space (of time).,borrowing,,,Not in use,,,https://doi.org/10.1093/OED/9072548153,http://www.oed.com/dictionary/tantillation_n
transtemporation,noun,1651,0,"Intermission of time, delay.",borrowing,,,Not in use,,,https://doi.org/10.1093/OED/9349197541,http://www.oed.com/dictionary/transtemporation_n
champkin,noun,a1652-,0,"(Cf. bumpkin, n.¹ 1.)",derivative,,,In current use,,,https://doi.org/10.1093/OED/4992862126,http://www.oed.com/dictionary/champkin_n
fob,noun,a1652-,4,A small pocket formerly made in the waistband of…,unknown,,,In current use,,crafts and trades/costume,https://doi.org/10.1093/OED/9757392520,http://www.oed.com/dictionary/fob_n2
pride money,noun,a1652,0,A tax on ostentation.,compound,,humorous,Not in use,,,https://doi.org/10.1093/OED/1078447657,http://www.oed.com/dictionary/pride-money_n
startle-brain,noun,a1652,0,A thing which upsets the brain.,compound,,,Not in use,,,https://doi.org/10.1093/OED/1036534568,http://www.oed.com/dictionary/startle-brain_n
traitorling,noun,a1652-,0,A petty or contemptible traitor.,derivative,,,In current use,,,https://doi.org/10.1093/OED/4966094624,http://www.oed.com/dictionary/traitorling_n
beatizing,adjective,1652,0,That beatifies or imparts divine or heavenly…,derivative,,,Not in use,,,https://doi.org/10.1093/OED/1011765857,http://www.oed.com/dictionary/beatizing_adj
bocardizing,adjective,1652,0,Forming awkward or bad syllogisms; reasoning awkwardly.,derivative,,,Not in use,,,https://doi.org/10.1093/OED/6727813215,http://www.oed.com/dictionary/bocardizing_adj
disobstetricate,verb,1652,0,transitive. To reverse the office of a midwife…,derivative,,,Not in use,,sciences/medicine/obstetrics,https://doi.org/10.1093/OED/7708806284,http://www.oed.com/dictionary/disobstetricate_v
effigies,verb,1652,0,"transitive. To portray, picture.",conversion,,,Not in use,,arts/visual arts,https://doi.org/10.1093/OED/9252463727,http://www.oed.com/dictionary/effigies_v
enixibility,noun,1652,0,? Possibility of being brought forth.,borrowing,,,Not in use,,,https://doi.org/10.1093/OED/2402986572,http://www.oed.com/dictionary/enixibility_n
fatary,noun,1652,0,"A person who foretells fates; a fortune-teller, a…",derivative,,,Not in use,,,https://doi.org/10.1093/OED/5442287138,http://www.oed.com/dictionary/fatary_n
faticane,noun,1652,0,A person who or thing which foretells; a prophet.,borrowing,,,Not in use,,,https://doi.org/10.1093/OED/1811214799,http://www.oed.com/dictionary/faticane_n
gausapinal,adjective,1652,0,Made of frieze.,derivative,,,Not in use,,,https://doi.org/10.1093/OED/5102824159,http://www.oed.com/dictionary/gausapinal_adj
Israelitize,verb,1652-,0,transitive. To make (someone or something)…,derivative,,,In current use,,,https://doi.org/10.1093/OED/4474942672,http://www.oed.com/dictionary/israelitize_v
jack coat,noun,1652-,0,"†a. Profession, class; cf. coat, n. I.3…",compound,,historical,In current use,,crafts and trades/costume,https://doi.org/10.1093/OED/1163710175,http://www.oed.com/dictionary/jack-coat_n
kirkomanetic,adjective,1652,0,Fervently supportive of the Kirk or Church of Scotland.,derivative,,,Not in use,,religion and belief/religion/Christianity/Scottish Church,https://doi.org/10.1093/OED/4851375784,http://www.oed.com/dictionary/kirkomanetic_adj
logofascinated,adjective,1652-,1,Fascinated by words.,borrowing,,,In current use,,,https://doi.org/10.1093/OED/3576671404,http://www.oed.com/dictionary/logofascinated_adj
logopandocie,noun,1652-,0,Readiness to admit words of all kinds.,borrowing,,,In current use,,,https://doi.org/10.1093/OED/2912202378,http://www.oed.com/dictionary/logopandocie_n
merocracy,noun,1652,0,Government by a small number out of the whole.,borrowing,,,Not in use,,,https://doi.org/10.1093/OED/7643452670,http://www.oed.com/dictionary/merocracy_n
modish,"adjective, noun",1652-,4,Of a person: attentive to or following the mode…,derivative,,,In current use,,,https://doi.org/10.1093/OED/4989863689,http://www.oed.com/dictionary/modish_adj
penitissim,adjective,1652,0,Innermost.,borrowing,,,Not in use,,,https://doi.org/10.1093/OED/1333243558,http://www.oed.com/dictionary/penitissim_adj
philarchaist,noun,1652,0,A person who prefers ancient things to their…,borrowing,,,Not in use,,,https://doi.org/10.1093/OED/1173814721,http://www.oed.com/dictionary/philarchaist_n
presultory,adjective,1652,0,"Impetuous, presumptuous.",variant,,,Not in use,,,https://doi.org/10.1093/OED/1212734308,http://www.oed.com/dictionary/presultory_adj
quomodocunquizing,adjective,1652,0,That makes money in any possible way.,borrowing,,,Not in use,,,https://doi.org/10.1093/OED/3213027371,http://www.oed.com/dictionary/quomodocunquizing_adj
ridibundal,adjective,1652,0,"Characterized by laughter. Cf. ridibund, adj.",borrowing,,,Not in use,,,https://doi.org/10.1093/OED/5006649576,http://www.oed.com/dictionary/ridibundal_adj
schematologetically,adverb,1652-,0,By means of figured language.,borrowing,,,In current use,,,https://doi.org/10.1093/OED/7751866277,http://www.oed.com/dictionary/schematologetically_adv
tacturiency,noun,1652,0,The desire of touching.,borrowing,,,Not in use,,,https://doi.org/10.1093/OED/7886074867,http://www.oed.com/dictionary/tacturiency_n
thalassometrician,noun,1652-,0,One who measures the sea.,compound,,,In current use,,,https://doi.org/10.1093/OED/5995154944,http://www.oed.com/dictionary/thalassometrician_n
trans-spirit,verb,1652,0,transitive. To convey the spirit of (a thing)…,derivative,,,Not in use,,religion and belief/religion/Christianity,https://doi.org/10.1093/OED/9116446377,http://www.oed.com/dictionary/trans-spirit_v
tunicled,adjective,1652-,0,Enclosed in or as in a tunicle.,derivative,,,In current use,,,https://doi.org/10.1093/OED/8152202729,http://www.oed.com/dictionary/tunicled_adj
visuriency,noun,1652,0,The desire of seeing.,borrowing,,,Not in use,,,https://doi.org/10.1093/OED/8371512700,http://www.oed.com/dictionary/visuriency_n
whippant,adjective,1652-,0,That is frequently whipped.,derivative,,humorous,In current use,,,https://doi.org/10.1093/OED/4881366897,http://www.oed.com/dictionary/whippant_adj
ague-shake,verb,1653,0,transitive to cause (a person) to shake as though…,compound,,,Not in use,,,https://doi.org/10.1093/OED/5431488767,http://www.oed.com/dictionary/ague-shake_v
bollocking,noun,1653-,2,"slang. A severe reprimand, a scolding. Cf…",derivative,,colloquial and slang,In current use,,,https://doi.org/10.1093/OED/2972253212,http://www.oed.com/dictionary/bollocking_n
bounced,adjective,1653-,0,That has bounced or been bounced (in various…,derivative,,,In current use,,sciences/medicine,https://doi.org/10.1093/OED/2554667278,http://www.oed.com/dictionary/bounced_adj
bumdockdousse,noun,1653,0,Apparently: a children's game in which three…,compound,,,Not in use,,sport and leisure/games,https://doi.org/10.1093/OED/5303456921,http://www.oed.com/dictionary/bumdockdousse_n
buskinade,noun,1653,0,A blow given with a buskin.,derivative,,,Not in use,,,https://doi.org/10.1093/OED/1055111243,http://www.oed.com/dictionary/buskinade_n
cidentine,adjective,1653-,0,(See quot. 1653.),borrowing,,,In current use,,,https://doi.org/10.1093/OED/8685771276,http://www.oed.com/dictionary/cidentine_adj
comb-feat,noun,1653,0,"‘A dressing or thrashing’ (Davies): cf. comb, v. 3.",compound,,,Not in use,,,https://doi.org/10.1093/OED/5901553712,http://www.oed.com/dictionary/comb-feat_n
crackaret,noun,1653,0,"A fart. Cf. crack, n. I.1.",derivative,,,Not in use,,sciences/medicine/anatomy,https://doi.org/10.1093/OED/8351234510,http://www.oed.com/dictionary/crackaret_n
decrott,verb,1653,0,"transitive. To clean from dirt, remove dirt from.",borrowing,,,Not in use,,,https://doi.org/10.1093/OED/5829206469,http://www.oed.com/dictionary/decrott_v
dispersuasion,noun,1653,0,Want of persuasion or feeling of certainty.,derivative,,,Not in use,,,https://doi.org/10.1093/OED/7031782824,http://www.oed.com/dictionary/dispersuasion_n
goblet-office,noun,1653,0,A place for storing wine and other alcoholic drinks.,compound,,,Not in use,,consumables/drink/wine,https://doi.org/10.1093/OED/6120191731,http://www.oed.com/dictionary/goblet-office_n
gum-didder,noun,1653-,0,The quivering or shivering of the gums (cf…,compound,,,In current use,,,https://doi.org/10.1093/OED/4411295800,http://www.oed.com/dictionary/gum-didder_n
impaletocked,adjective,1653,0,"Rendering French empaletoqué ‘muffled, or lapt vp…",borrowing,,,Not in use,,,https://doi.org/10.1093/OED/2223058460,http://www.oed.com/dictionary/impaletocked_adj
intronificate,verb,1653,0,transitive. To enthrone.,borrowing,,,Not in use,,,https://doi.org/10.1093/OED/8022624479,http://www.oed.com/dictionary/intronificate_v
kingfish,noun,1653-,3,A name given to various fishes… Chiefly U.S…,compound,,,In current use,North American English/U.S. English,sciences/life sciences/animals/fish,https://doi.org/10.1093/OED/4407688496,http://www.oed.com/dictionary/kingfish_n
lambdoidal,adjective,1653-,3,"Anatomy. lambdoidal suture (†commissure), the…",derivative,,,In current use,,sciences/medicine/anatomy,https://doi.org/10.1093/OED/9229716160,http://www.oed.com/dictionary/lambdoidal_adj
long-little,noun,1653,0,A long discussion that has little substance.,compound,,,Not in use,,,https://doi.org/10.1093/OED/1476539402,http://www.oed.com/dictionary/long-little_n
owlby,noun,1653,0,derogatory. Obsolete. Apparently: a person who resembles an owl.,derivative,,derogatory,Not in use,,,https://doi.org/10.1093/OED/4674620861,http://www.oed.com/dictionary/owlby_n
paraster,noun,1653,0,"A (supposed) image of a star, analogous to a…",borrowing,,,Not in use,,sciences/physical sciences/astronomy,https://doi.org/10.1093/OED/9975167672,http://www.oed.com/dictionary/paraster_n
pipe vein,noun,1653-,1,†a. A vein of the body (obsolete (apparently an…,compound,,,In current use,,"manufacturing and industry/mining, sciences/physical sciences/earth sciences/geology",https://doi.org/10.1093/OED/9566714609,http://www.oed.com/dictionary/pipe-vein_n
pot-proof-armour,noun,1653,0,Liquor as a source of bravery or courage.,compound,,,Not in use,,,https://doi.org/10.1093/OED/7370213992,http://www.oed.com/dictionary/pot-proof-armour_n
prestolate,verb,1653,0,transitive. To await.,borrowing,,,Not in use,,,https://doi.org/10.1093/OED/4067415559,http://www.oed.com/dictionary/prestolate_v
tipplage,noun,1653,0,"Intoxicating drink generally, tipple.",derivative,,,Not in use,,consumables/drink,https://doi.org/10.1093/OED/8394647993,http://www.oed.com/dictionary/tipplage_n
tradentine,adjective,1653,0,Situated beyond or outside the teeth.,borrowing,,,Not in use,,,https://doi.org/10.1093/OED/2355114776,http://www.oed.com/dictionary/tradentine_adj
wipard,noun,1653,0,An article for wiping.,derivative,,,Not in use,,,https://doi.org/10.1093/OED/7688482171,http://www.oed.com/dictionary/wipard_n
cataphysics,noun,1654,0,plural (see quot. 1654).,derivative,,,Not in use,,,https://doi.org/10.1093/OED/8366884206,http://www.oed.com/dictionary/cataphysics_n
Christo-crucian,noun,1654,0,A follower or worshipper of the crucified Christ…,,,,Not in use,,religion and belief/religion/Christianity,https://doi.org/10.1093/OED/2803451872,http://www.oed.com/dictionary/christo-crucian_n
co-regnation,noun,1654,0,A period of joint rule.,derivative,,,Not in use,,,https://doi.org/10.1093/OED/7156277782,http://www.oed.com/dictionary/co-regnation_n
cornucopious,adjective,1654,0,"(Cf. cornucopia, n. d.)",derivative,,,Not in use,,,https://doi.org/10.1093/OED/1594979559,http://www.oed.com/dictionary/cornucopious_adj
disrump,verb,1654-,0,transitive. To deprive of the rump.,derivative,,,In current use,,,https://doi.org/10.1093/OED/8540211130,http://www.oed.com/dictionary/disrump_v2
disthatch,verb,1654,0,transitive. To deprive of thatch (in quot. 1654…,derivative,,,Not in use,,,https://doi.org/10.1093/OED/1077577760,http://www.oed.com/dictionary/disthatch_v
husbandically,adverb,1654,0,With regard to a husband.,derivative,,,Not in use,,,https://doi.org/10.1093/OED/2884962045,http://www.oed.com/dictionary/husbandically_adv
instabulation,noun,1654,0,Installment as in a stable.,borrowing,,,Not in use,,,https://doi.org/10.1093/OED/7428831856,http://www.oed.com/dictionary/instabulation_n
jowl,verb,1654,0,transitive. To place ‘cheek by jowl’.,conversion,,,Not in use,,,https://doi.org/10.1093/OED/5043224014,http://www.oed.com/dictionary/jowl_v3
martyrago,noun,1654,0,A female martyr.,compound,,humorous,Not in use,,religion and belief/religion,https://doi.org/10.1093/OED/1146203565,http://www.oed.com/dictionary/martyrago_n
momize,verb,1654,0,"intransitive. To find fault; to criticize, censure.",derivative,,,Not in use,,,https://doi.org/10.1093/OED/3235258868,http://www.oed.com/dictionary/momize_v
pew-dish,noun,1654,0,A dish passed or placed among the pews in a…,compound,,disparaging,Not in use,,religion and belief/religion/Christianity,https://doi.org/10.1093/OED/1073531678,http://www.oed.com/dictionary/pew-dish_n
pythonizing,noun,1654,0,An act of ventriloquizing (apparently used of the…,derivative,,,Not in use,,,https://doi.org/10.1093/OED/1067463139,http://www.oed.com/dictionary/pythonizing_n
reincense,verb,1654,0,transitive. To offer incense before (a person)…,derivative,,,Not in use,,,https://doi.org/10.1093/OED/3248187086,http://www.oed.com/dictionary/reincense_v2
surcingling,noun,1654,0,A flogging with a surcingle.,derivative,,,Not in use,,,https://doi.org/10.1093/OED/8638788754,http://www.oed.com/dictionary/surcingling_n
transcendiary,noun,1654,0,"A transcendent person or thing; in quot. 1654, an…",borrowing,,,Not in use,,,https://doi.org/10.1093/OED/3481073299,http://www.oed.com/dictionary/transcendiary_n
well-to-passer,noun,1654,0,A person of high social status.,derivative,,,Not in use,,,https://doi.org/10.1093/OED/2981407231,http://www.oed.com/dictionary/well-to-passer_n
whimseycado,noun,1654,0,(?) A whim.,borrowing,,,Not in use,,,https://doi.org/10.1093/OED/9524028328,http://www.oed.com/dictionary/whimseycado_n
wittee,noun,1654,0,A wife whose adultery was forced upon her by her…,derivative,,,Not in use,,,https://doi.org/10.1093/OED/1393703936,http://www.oed.com/dictionary/wittee_n
como-graphy,noun,1655-,0,(See quot. 1655.),borrowing,,,In current use,,,https://doi.org/10.1093/OED/9181386557,http://www.oed.com/dictionary/como-graphy_n
conversioner,noun,1655,0,A writer on conversion.,derivative,,,Not in use,,religion and belief/religion/Christianity,https://doi.org/10.1093/OED/1189315321,http://www.oed.com/dictionary/conversioner_n
delignate,verb,1655,0,transitive. To remove wood or trees from (a place).,borrowing,,,Not in use,,,https://doi.org/10.1093/OED/3548543971,http://www.oed.com/dictionary/delignate_v
handmaid,verb,1655-,2,transitive. To act as a handmaid to (a person or…,conversion,,,In current use,,,https://doi.org/10.1093/OED/2234724378,http://www.oed.com/dictionary/handmaid_v
man-case,noun,1655,0,A body.,compound,,,Not in use,,,https://doi.org/10.1093/OED/1206136132,http://www.oed.com/dictionary/man-case_n
metheglinist,noun,1655,0,A brewer of metheglin.,derivative,,,Not in use,,,https://doi.org/10.1093/OED/6214532000,http://www.oed.com/dictionary/metheglinist_n
Momusite,noun,1655,0,A supposed follower of Momus; a person who…,proper name,,,Not in use,,,https://doi.org/10.1093/OED/1100388543,http://www.oed.com/dictionary/momusite_n
polyphone,noun,1655-,2,Phonetics. A written character having more than…,borrowing,,,In current use,,"arts/performing arts/music, language/linguistics/phonetics",https://doi.org/10.1093/OED/5649159921,http://www.oed.com/dictionary/polyphone_n
Scotiety,noun,1655,0,The essential qualities of John Duns Scotus. See…,proper name,,humorous,Not in use,,,https://doi.org/10.1093/OED/7920555719,http://www.oed.com/dictionary/scotiety_n
excutifidian,noun,a1656-,0,‘One who believes that saving faith or grace can…,borrowing,,,In current use,,religion and belief/religion,https://doi.org/10.1093/OED/1153989046,http://www.oed.com/dictionary/excutifidian_n
over-word,verb,a1656,0,transitive (reflexive). To express oneself too wordily.,derivative,,,Not in use,,,https://doi.org/10.1093/OED/9070839329,http://www.oed.com/dictionary/over-word_v
dissynagogue,verb,1656-,0,transitive. To punish by casting out of the synagogue.,derivative,,,In current use,,"religion and belief/religion/Christianity, religion and belief/religion/Judaism",https://doi.org/10.1093/OED/4238958325,http://www.oed.com/dictionary/dissynagogue_v
drollerical,adjective,1656-,0,Comical.,derivative,,,In current use,,,https://doi.org/10.1093/OED/1015531137,http://www.oed.com/dictionary/drollerical_adj
elliptical,adjective,1656-,5,Grammar. Of sentences and phrases: Defective…,derivative,,,In current use,,language/linguistics/grammar,https://doi.org/10.1093/OED/9902023647,http://www.oed.com/dictionary/elliptical_adj
Infanto-mastix,noun,1656-,0,"A name given to St Augustine, in allusion to his…",compound,,,In current use,,,https://doi.org/10.1093/OED/5874463790,http://www.oed.com/dictionary/infanto-mastix_n
infinite,verb,1656-,3,transitive. To render infinite; to infinitate.,conversion,,,In current use,,,https://doi.org/10.1093/OED/6879221728,http://www.oed.com/dictionary/infinite_v
magnificent,verb,1656,0,transitive. To make or proclaim great.,conversion,,,Not in use,,,https://doi.org/10.1093/OED/9960898727,http://www.oed.com/dictionary/magnificent_v
margaritiferous,adjective,1656-1887,0,Of a bivalve mollusc: that yields pearls. Of a…,borrowing,,,Not in use,,sciences/life sciences/animals/invertebrates/shells and shellfish,https://doi.org/10.1093/OED/5962401729,http://www.oed.com/dictionary/margaritiferous_adj
olivity,noun,1656,0,The time at which olives are harvested and…,borrowing,,,Not in use,,,https://doi.org/10.1093/OED/6471457325,http://www.oed.com/dictionary/olivity_n
owl,verb,1656-,3,intransitive. U.S. regional. To imitate the…,conversion,,,In current use,North American English/U.S. English,sciences/life sciences/animals/birds,https://doi.org/10.1093/OED/3213006817,http://www.oed.com/dictionary/owl_v
podometry,noun,1656-93,0,a. Measurement using the feet (rare); b. humorous…,compound,,humorous,Not in use,,technology/measurement,https://doi.org/10.1093/OED/2888107780,http://www.oed.com/dictionary/podometry_n
positive,verb,1656-1894,0,"transitive. To affirm positively, assert.",conversion,,,Not in use,,technology/photography,https://doi.org/10.1093/OED/5574083897,http://www.oed.com/dictionary/positive_v
presentialist,noun,1656,0,"A believer in the Real Presence; see real presence, n.",derivative,,,Not in use,,,https://doi.org/10.1093/OED/1224118357,http://www.oed.com/dictionary/presentialist_n
stratiote,noun,1656-,3,Chiefly Ancient History. A Greek soldier. rare.,borrowing,,,In current use,,"history/ancient history, military",https://doi.org/10.1093/OED/6162473094,http://www.oed.com/dictionary/stratiote_n
superordinanced,adjective,1656,0,Of a person: that has rejected or refused to…,derivative,,,Not in use,,religion and belief/religion,https://doi.org/10.1093/OED/1191262940,http://www.oed.com/dictionary/superordinanced_adj
syllabize,verb,1656-,2,transitive. To form or divide into syllables; to…,borrowing,,,In current use,,language/linguistics/phonetics,https://doi.org/10.1093/OED/4870012487,http://www.oed.com/dictionary/syllabize_v
blanket love,noun,a1657,0,Illicit love outside of marriage.,compound,,,Not in use,,,https://doi.org/10.1093/OED/4078647958,http://www.oed.com/dictionary/blanket-love_n
immodish,adjective,a1657,0,Not according to the mode; unfashionable.,derivative,,,Not in use,,,https://doi.org/10.1093/OED/8982932248,http://www.oed.com/dictionary/immodish_adj
corantoly,adverb,1657,0,In the style of a coranto.,derivative,,,Not in use,,,https://doi.org/10.1093/OED/4180105436,http://www.oed.com/dictionary/corantoly_adv
de-ample,verb,1657,0,"To deprive of amplitude, belittle.",derivative,,,Not in use,,,https://doi.org/10.1093/OED/6574361221,http://www.oed.com/dictionary/de-ample_v
digitate,verb,1657-1859,0,intransitive. To indicate or determine a direction.,borrowing,,,Not in use,,"sciences/life sciences/animals, sciences/life sciences/plants",https://doi.org/10.1093/OED/3544796684,http://www.oed.com/dictionary/digitate_v
dismagn,verb,1657,0,transitive. To deprive of greatness.,borrowing,,,Not in use,,,https://doi.org/10.1093/OED/7359172159,http://www.oed.com/dictionary/dismagn_v
pie,verb,1657,0,transitive. To repeat like a magpie.,conversion,,,Not in use,,,https://doi.org/10.1093/OED/2463260262,http://www.oed.com/dictionary/pie_v2
saintage,noun,1657,0,Honour (done) as to a saint.,derivative,,,Not in use,,,https://doi.org/10.1093/OED/1602011031,http://www.oed.com/dictionary/saintage_n
study-man,noun,1657,0,A man who engages in study; a scholar (as opposed…,compound,,,Not in use,,,https://doi.org/10.1093/OED/3991618018,http://www.oed.com/dictionary/study-man_n
tapery,noun,1657,0,Tape and the like.,derivative,,,Not in use,,crafts and trades/textiles,https://doi.org/10.1093/OED/6372726704,http://www.oed.com/dictionary/tapery_n
Whig,"noun, adjective",1657-,5,"A member, supporter, or representative of the…",shortening,,historical,In current use,,politics/British politics,https://doi.org/10.1093/OED/3090159447,http://www.oed.com/dictionary/whig_n2
metropolize,verb,a1658-1815,0,transitive. Perhaps: to concentrate in one place.,derivative,,,Not in use,,,https://doi.org/10.1093/OED/4612411480,http://www.oed.com/dictionary/metropolize_v
bastardry,verb,1658,0,transitive. To declare or render illegitimate; =…,conversion,,,Not in use,,,https://doi.org/10.1093/OED/4513789136,http://www.oed.com/dictionary/bastardry_v
earal,adjective,1658,0,"Concerned with the ear, or that which is heard.",derivative,,,Not in use,,,https://doi.org/10.1093/OED/5658555350,http://www.oed.com/dictionary/earal_adj
experiential,adjective,1658-,5,Of or relating to experience; (also) involving or…,borrowing,,,In current use,,,https://doi.org/10.1093/OED/4741772653,http://www.oed.com/dictionary/experiential_adj
movership,noun,1658,0,Only in first movership n. the position or office…,derivative,,,Not in use,,,https://doi.org/10.1093/OED/6792073643,http://www.oed.com/dictionary/movership_n
parakeetism,noun,1658,0,An example of speaking without understanding what…,derivative,,,Not in use,,,https://doi.org/10.1093/OED/1697882576,http://www.oed.com/dictionary/parakeetism_n
water-wit,noun,1658-,1,†a. (Perhaps) a person with only water for wits…,compound,,historical,In current use,,,https://doi.org/10.1093/OED/1007872400,http://www.oed.com/dictionary/water-wit_n
buzzardism,noun,1659-,0,Conduct resembling that of the buzzard; cowardice.,derivative,,,In current use,,,https://doi.org/10.1093/OED/8825496032,http://www.oed.com/dictionary/buzzardism_n
catapresbyter,noun,1659,0,A presbyter catachrestically so called; or an…,derivative,,,Not in use,,,https://doi.org/10.1093/OED/9425552850,http://www.oed.com/dictionary/catapresbyter_n
celibate,verb,1659-,3,"transitive. To restrain from marriage, compel to…",conversion,,,In current use,,,https://doi.org/10.1093/OED/5067041571,http://www.oed.com/dictionary/celibate_v
chapelizing,noun,1659,0,The establishment of a place as a chapel.,derivative,,,Not in use,,,https://doi.org/10.1093/OED/4136867591,http://www.oed.com/dictionary/chapelizing_n
compope,noun,1659,0,"A fellow-pope, a colleague in the papal office.",derivative,,,Not in use,,religion and belief/religion/Christianity/Roman Catholic Church,https://doi.org/10.1093/OED/1161696009,http://www.oed.com/dictionary/compope_n
decognize,verb,1659,0,transitive. To cease or fail to recognize.,derivative,,,Not in use,,,https://doi.org/10.1093/OED/8248601210,http://www.oed.com/dictionary/decognize_v
dissimilies,noun,1659,0,With plural agreement. Dissimilar things; things…,borrowing,,,Not in use,,,https://doi.org/10.1093/OED/4120646125,http://www.oed.com/dictionary/dissimilies_n
duopolize,verb,1659,0,transitive. To engross between two.,borrowing,,,Not in use,,,https://doi.org/10.1093/OED/5493715833,http://www.oed.com/dictionary/duopolize_v
intailed,adjective,1659,0,Joined by the tails (with allusion to Judges xv. 4).,derivative,,,Not in use,,,https://doi.org/10.1093/OED/9700533919,http://www.oed.com/dictionary/intailed_adj
inunderstanding,adjective,1659,0,Not understanding; without apprehension.,derivative,,,Not in use,,,https://doi.org/10.1093/OED/5566126941,http://www.oed.com/dictionary/inunderstanding_adj
male-fidian,noun,1659,0,A misbeliever.,borrowing,,,Not in use,,religion and belief/religion,https://doi.org/10.1093/OED/1078867304,http://www.oed.com/dictionary/male-fidian_n
misepiscopist,noun,1659,0,A hater of bishops.,borrowing,,,Not in use,,,https://doi.org/10.1093/OED/1198294583,http://www.oed.com/dictionary/misepiscopist_n
polycephalist,noun,1659,0,A person who has many heads. In quot. figurative…,borrowing,,,Not in use,,,https://doi.org/10.1093/OED/2915758712,http://www.oed.com/dictionary/polycephalist_n
sing-sing,noun,1659-,2,A singing or ringing sound.,imitative,,,In current use,,,https://doi.org/10.1093/OED/3770230913,http://www.oed.com/dictionary/sing-sing_n1
uncritical,"adjective, noun",1659-,5,Lacking good judgement; undiscriminating…,derivative,,,In current use,,,https://doi.org/10.1093/OED/6137055125,http://www.oed.com/dictionary/uncritical_adj
aequaliform,adjective,1660,0,"Having a uniform, constant, or indivisible form.",borrowing,,,Not in use,,,https://doi.org/10.1093/OED/4668024722,http://www.oed.com/dictionary/aequaliform_adj
clericality,noun,1660-,1,"The characteristics, position, or status of…",derivative,,,In current use,,religion and belief/religion,https://doi.org/10.1093/OED/9831429666,http://www.oed.com/dictionary/clericality_n
collectable,"adjective, noun",1660-,3,"Of an object, work of art, etc.: worth…",derivative,,,In current use,,,https://doi.org/10.1093/OED/7977678249,http://www.oed.com/dictionary/collectable_adj
coronated,adjective,1660-,3,Conchology. Of (part of) the spiral shell of a…,borrowing,,,In current use,,sciences/life sciences,https://doi.org/10.1093/OED/1201644266,http://www.oed.com/dictionary/coronated_adj
earmarking,noun,1660-,3,The practice of marking a sheep or other animal…,derivative,,,In current use,,,https://doi.org/10.1093/OED/3304289830,http://www.oed.com/dictionary/earmarking_n
episcopomastix,noun,1660-,0,A person who attacks the system of episcopal…,borrowing,,,In current use,,religion and belief/religion/Christianity/ecclesiastical,https://doi.org/10.1093/OED/5539343948,http://www.oed.com/dictionary/episcopomastix_n
manu-tract,noun,1660,0,Something traced by hand.,borrowing,,,Not in use,,arts/visual arts/painting and drawing/drawing,https://doi.org/10.1093/OED/4778900602,http://www.oed.com/dictionary/manu-tract_n
prefermentary,noun,1660,0,"A recipient of a preferment (preferment, n. II.5).",derivative,,,Not in use,,,https://doi.org/10.1093/OED/6272632841,http://www.oed.com/dictionary/prefermentary_n
tactility,noun,1660-,3,The quality or condition of being tactile.,derivative,,,In current use,,,https://doi.org/10.1093/OED/4811267527,http://www.oed.com/dictionary/tactility_n
talpify,verb,1660-,0,(transitive) to make mole-like (in allusive use).,compound,,allusive,In current use,,,https://doi.org/10.1093/OED/2866109240,http://www.oed.com/dictionary/talpify_v
unlycanthropize,verb,1660,0,transitive. To change (a person who has been…,derivative,,,Not in use,,,https://doi.org/10.1093/OED/9004251534,http://www.oed.com/dictionary/unlycanthropize_v
earth hunger,noun,a1661-,2,Desire to possess land; greed for territory.,compound,,,In current use,,,https://doi.org/10.1093/OED/9821451840,http://www.oed.com/dictionary/earth-hunger_n
fountainlet,noun,a1661-,0,A little fountain.,derivative,,,In current use,,,https://doi.org/10.1093/OED/6291487503,http://www.oed.com/dictionary/fountainlet_n
nimble-tail,noun,a1661,0,A fish mentioned by Juvenal (perhaps a kind of…,,,,Not in use,,sciences/life sciences/animals/fish,https://doi.org/10.1093/OED/1077544500,http://www.oed.com/dictionary/nimble-tail_n
palatinate,verb,a1661,0,transitive. To make into a palatinate or county…,conversion,,,Not in use,,,https://doi.org/10.1093/OED/1684570405,http://www.oed.com/dictionary/palatinate_v
postferment,noun,a1661,0,Removal to an inferior office. Opposed to preferment.,derivative,,,Not in use,,,https://doi.org/10.1093/OED/5726548996,http://www.oed.com/dictionary/postferment_n
postvide,verb,a1661,0,intransitive (with against) to make provision for…,derivative,,,Not in use,,,https://doi.org/10.1093/OED/3836532897,http://www.oed.com/dictionary/postvide_v
wing-post,noun,a1661,0,A carrier pigeon.,compound,,,Not in use,,,https://doi.org/10.1093/OED/7910375469,http://www.oed.com/dictionary/wing-post_n
appendicing,adjective,1661,0,"Attached; hanging, suspended.",borrowing,,,Not in use,,,https://doi.org/10.1093/OED/1072973254,http://www.oed.com/dictionary/appendicing_adj
caesura,verb,1661,0,transitive. To utter with a cæsura (ludicrously…,conversion,,,Not in use,,,https://doi.org/10.1093/OED/8809379107,http://www.oed.com/dictionary/caesura_v
convenisse,noun,1661,0,A written agreement; a contract or covenant.,borrowing,,,Not in use,,law,https://doi.org/10.1093/OED/8142886512,http://www.oed.com/dictionary/convenisse_n
flip-flop,"noun, adjective, adverb",1661-,4,Any of various informal backless shoes; now esp…,compound,,,In current use,,,https://doi.org/10.1093/OED/2197551195,http://www.oed.com/dictionary/flip-flop_n
Levelry,noun,1661,0,The principles of the Levellers.,derivative,,,Not in use,,,https://doi.org/10.1093/OED/9218006339,http://www.oed.com/dictionary/levelry_n
Molochship,noun,1661,0,A mock title for a cruel or ruthless person.,derivative,,,Not in use,,,https://doi.org/10.1093/OED/1647134971,http://www.oed.com/dictionary/molochship_n
regicidation,noun,1661,0,"= regicide, n.²",derivative,,,Not in use,,,https://doi.org/10.1093/OED/7576735722,http://www.oed.com/dictionary/regicidation_n
synaloepha,verb,1661,0,(transitive) to contract by synaloepha (in quot…,conversion,,,Not in use,,language/linguistics/grammar,https://doi.org/10.1093/OED/8834204111,http://www.oed.com/dictionary/synaloepha_v
Turkic,"adjective, noun",1661-,4,Designating a large group of closely related…,borrowing,,,In current use,,,https://doi.org/10.1093/OED/1066163727,http://www.oed.com/dictionary/turkic_adj
raise-devil,adjective,c1661,0,That raises the devil.,compound,,,Not in use,,,https://doi.org/10.1093/OED/2880699994,http://www.oed.com/dictionary/raise-devil_adj
break gap,noun,1662,0,That which opens a gap or passage; (in quot. in…,compound,,,Not in use,,,https://doi.org/10.1093/OED/8942922028,http://www.oed.com/dictionary/break-gap_n
bullion-heretic,noun,1662,0,Someone who conforms to the doctrine and…,compound,,,Not in use,,religion and belief/religion/Christianity,https://doi.org/10.1093/OED/3948392787,http://www.oed.com/dictionary/bullion-heretic_n
dripplekie,noun,1662,0,"A very small drop, a driblet.",borrowing,,,Not in use,,,https://doi.org/10.1093/OED/7634125835,http://www.oed.com/dictionary/dripplekie_n
jobler,noun,1662,0,A person who does odd jobs or small pieces of…,derivative,,,Not in use,,,https://doi.org/10.1093/OED/5409340103,http://www.oed.com/dictionary/jobler_n
surcingler,noun,1662,0,"One who wears a surcingle, a member of the clergy.",derivative,,,Not in use,,"crafts and trades/costume, religion and belief/religion",https://doi.org/10.1093/OED/1169678415,http://www.oed.com/dictionary/surcingler_n
tother-day,adjective,1662,0,"(See tother, pron. II.6c), that happened or…",compound,,,Not in use,,,https://doi.org/10.1093/OED/5826335512,http://www.oed.com/dictionary/tother-day_adj
inobligality,noun,a1663-,0,The quality of not being obligatory.,derivative,,,In current use,,,https://doi.org/10.1093/OED/1147128700,http://www.oed.com/dictionary/inobligality_n
cynarctomachy,noun,1663-,1,Fighting of dogs and bears; bear-baiting.,borrowing,,,In current use,,sport and leisure/sport/blood sports,https://doi.org/10.1093/OED/8360435483,http://www.oed.com/dictionary/cynarctomachy_n
discriminator,noun,1663-,4,A person who perceives or notes distinctions or…,borrowing,,,In current use,,,https://doi.org/10.1093/OED/4585883324,http://www.oed.com/dictionary/discriminator_n
inscruple,verb,1663,0,transitive. To possess with scruples.,derivative,,,Not in use,,,https://doi.org/10.1093/OED/7370976651,http://www.oed.com/dictionary/inscruple_v
jingo,"interjection, noun, adjective",1663-,3,colloquial. by jingo: used to emphasize an…,arbitrary,,,In current use,,military,https://doi.org/10.1093/OED/3829123084,http://www.oed.com/dictionary/jingo_int
needle-alphabet,noun,1663,0,A sampler consisting of embroidered letters of…,compound,,,Not in use,,language/cryptography,https://doi.org/10.1093/OED/1711807930,http://www.oed.com/dictionary/needle-alphabet_n
reformling,noun,1663,0,An amended pamphlet.,derivative,,,Not in use,,,https://doi.org/10.1093/OED/5854240783,http://www.oed.com/dictionary/reformling_n
swashado,noun,1663,0,A swashbuckler.,derivative,,,Not in use,,,https://doi.org/10.1093/OED/1130810810,http://www.oed.com/dictionary/swashado_n
tory-rory,"adjective, adverb, interjection, noun",1663-,0,Originally: that is a supporter of Charles II and…,variant,,"disparaging, historical",In current use,,politics/British politics,https://doi.org/10.1093/OED/2424395343,http://www.oed.com/dictionary/tory-rory_adj
arse,verb,1664-,3,to arse about. intransitive. To turn around so…,conversion,,colloquial and slang,In current use,"Britain and Ireland/British English, Britain and Ireland/Irish English",,https://doi.org/10.1093/OED/4869010847,http://www.oed.com/dictionary/arse_v
engotish,verb,1664,0,transitive. To class or designate as ‘Gothic’.,derivative,,,Not in use,,,https://doi.org/10.1093/OED/1193130632,http://www.oed.com/dictionary/engotish_v
Israelism,noun,1664-,0,Belief in or advocacy of any theory that a…,derivative,,,In current use,,,https://doi.org/10.1093/OED/1204729432,http://www.oed.com/dictionary/israelism_n
shrowardly,adverb,1664-,0,"= shrewdly, adv.",compound,,,In current use,,,https://doi.org/10.1093/OED/5023661006,http://www.oed.com/dictionary/shrowardly_adv
stalk-hound,noun,1664,0,A dog used in stalking game (in quot. figurative).,compound,,,Not in use,,,https://doi.org/10.1093/OED/2485236551,http://www.oed.com/dictionary/stalk-hound_n
throateral,adjective,1664,0,Guttural.,compound,,,Not in use,,language/linguistics/phonetics,https://doi.org/10.1093/OED/7476706324,http://www.oed.com/dictionary/throateral_adj
worthship,noun,1664-,2,The condition of being worthy or deserving; worthiness.,derivative,,,In current use,,,https://doi.org/10.1093/OED/1002393874,http://www.oed.com/dictionary/worthship_n
cut-air,noun,1665,0,"The largest vein of a fly's wing, which forms the…",compound,,,Not in use,,sciences/life sciences/animals/invertebrates/insects,https://doi.org/10.1093/OED/4602608282,http://www.oed.com/dictionary/cut-air_n
disuniversity,verb,1665,0,transitive. To deprive of a university.,derivative,,,Not in use,,,https://doi.org/10.1093/OED/2954795293,http://www.oed.com/dictionary/disuniversity_v
fine-draw,verb,1665-,1,transitive. To draw or sew together (two pieces…,compound,,,In current use,,crafts and trades/textiles/needlework,https://doi.org/10.1093/OED/3579401797,http://www.oed.com/dictionary/fine-draw_v
survene,verb,1665-1716,0,"intransitive. = supervene, v. 1.",variant,,,Not in use,,,https://doi.org/10.1093/OED/3507685545,http://www.oed.com/dictionary/survene_v
syncopated,adjective,1665-,4,Music. Characterized by syncopation.,borrowing,,,In current use,,arts/performing arts/music,https://doi.org/10.1093/OED/8281178802,http://www.oed.com/dictionary/syncopated_adj
Trojanry,noun,1665-,0,Body or company of Trojans.,derivative,,,In current use,,,https://doi.org/10.1093/OED/7762259605,http://www.oed.com/dictionary/trojanry_n
crack-groat,noun,1666,0,A damaged groat; a coin of very little value. Cf…,compound,,,Not in use,,,https://doi.org/10.1093/OED/5869192282,http://www.oed.com/dictionary/crack-groat_n
futurality,noun,1666-,0,The quality or condition of being in or of the…,derivative,,,In current use,,language/linguistics/grammar,https://doi.org/10.1093/OED/4291765923,http://www.oed.com/dictionary/futurality_n
expressionist,"noun, adjective",1667-,4,"An artist, composer, writer, etc., whose work…",derivative,,,In current use,,arts,https://doi.org/10.1093/OED/1082492639,http://www.oed.com/dictionary/expressionist_n
letter-struck,adjective,1667,0,Smitten with love of literature and learning.,compound,,,Not in use,,arts/literature,https://doi.org/10.1093/OED/8619134852,http://www.oed.com/dictionary/letter-struck_adj
mortifer,noun,1667,0,A bringer of death.,borrowing,,,Not in use,,,https://doi.org/10.1093/OED/5286964558,http://www.oed.com/dictionary/mortifer_n
self-left,adjective,1667,0,Left to oneself or itself; left alone.,derivative,,,Not in use,,,https://doi.org/10.1093/OED/1837110901,http://www.oed.com/dictionary/self-left_adj
disdeserve,verb,1668-,0,transitive. To do the reverse of deserving; to…,derivative,,,In current use,,,https://doi.org/10.1093/OED/1158990005,http://www.oed.com/dictionary/disdeserve_v
mimo-prophet,noun,1668,0,A mock or pretended prophet.,borrowing,,,Not in use,,,https://doi.org/10.1093/OED/3440076691,http://www.oed.com/dictionary/mimo-prophet_n
non-surrective,adjective,1668,0,Incapable of getting up.,borrowing,,,Not in use,,sciences/medicine,https://doi.org/10.1093/OED/2784628300,http://www.oed.com/dictionary/non-surrective_adj
deputator,noun,1669-,1,One who deputes another to act for him or her.,borrowing,,,In current use,,,https://doi.org/10.1093/OED/7497490790,http://www.oed.com/dictionary/deputator_n
flatus,noun,1669-,4,Pathology. An accumulation or development of wind…,borrowing,,,In current use,,sciences/medicine/pathology,https://doi.org/10.1093/OED/5614227893,http://www.oed.com/dictionary/flatus_n
consciuncle,noun,a1670,0,A minute or hair-splitting conscience.,derivative,,,Not in use,,,https://doi.org/10.1093/OED/2395008504,http://www.oed.com/dictionary/consciuncle_n
laityship,noun,1670-,0,The position or personality of one of the laity…,derivative,,humorous,In current use,,religion and belief/religion,https://doi.org/10.1093/OED/1945461673,http://www.oed.com/dictionary/laityship_n
magistricide,noun,1670,0,A person who kills his or her master or teacher.,borrowing,,,Not in use,,,https://doi.org/10.1093/OED/7954898461,http://www.oed.com/dictionary/magistricide_n
padronage,noun,1670,0,"= padronancy, n.",borrowing,,,Not in use,,religion and belief/religion,https://doi.org/10.1093/OED/5332316460,http://www.oed.com/dictionary/padronage_n
padronancy,noun,1670,0,The office and duties of the prime minister of…,borrowing,,,Not in use,,religion and belief/religion/Christianity/Roman Catholic Church,https://doi.org/10.1093/OED/1003409729,http://www.oed.com/dictionary/padronancy_n
padronship,noun,1670,0,"= padronancy, n.",derivative,,,Not in use,,religion and belief/religion,https://doi.org/10.1093/OED/5530379691,http://www.oed.com/dictionary/padronship_n
pregustator,noun,1670-,0,Esp. in ancient Rome: a person whose function is…,borrowing,,historical,In current use,,history/ancient history/classical history/Roman history,https://doi.org/10.1093/OED/8483830084,http://www.oed.com/dictionary/pregustator_n
protoquamquam,noun,1670,0,A chief clerk or notary.,borrowing,,humorous,Not in use,,law,https://doi.org/10.1093/OED/1103157170,http://www.oed.com/dictionary/protoquamquam_n
text divider,noun,1670-,0,"A mark, symbol, typographical feature, etc., used…",compound,,,In current use,,,https://doi.org/10.1093/OED/2492046102,http://www.oed.com/dictionary/text-divider_n
beef-eat,verb,1671,0,"(Cf. beefeater, n.)",backformation,,,Not in use,,,https://doi.org/10.1093/OED/9403629815,http://www.oed.com/dictionary/beef-eat_v
chicane,verb,1671-,2,intransitive. To use deception or subterfuge to…,borrowing,,,In current use,,,https://doi.org/10.1093/OED/5918226193,http://www.oed.com/dictionary/chicane_v
conventer,noun,1671,0,"A person who lives in a convent; a monk, nun, etc.",derivative,,,Not in use,,religion and belief/religion,https://doi.org/10.1093/OED/1039052909,http://www.oed.com/dictionary/conventer_n2
crusado,verb,1671,0,transitive. To mark (a person) with the cross…,conversion,,historical,Not in use,,religion and belief/religion,https://doi.org/10.1093/OED/7288992977,http://www.oed.com/dictionary/crusado_v
excommon,verb,1671,0,"= discommon, v. (see quot. 1671).",derivative,,,Not in use,,,https://doi.org/10.1093/OED/7552174707,http://www.oed.com/dictionary/excommon_v
gum-stake,noun,1671,0,A tooth.,compound,,,Not in use,,sciences/medicine/anatomy,https://doi.org/10.1093/OED/9548142012,http://www.oed.com/dictionary/gum-stake_n
virtuoso-mastix,noun,1671,0,A person who is hostile to scholars. Cf…,compound,,,Not in use,,,https://doi.org/10.1093/OED/6098066534,http://www.oed.com/dictionary/virtuoso-mastix_n
disghibelline,verb,1672,0,"transitive. To distinguish, as a Guelph from a…",derivative,,,Not in use,,,https://doi.org/10.1093/OED/8234583264,http://www.oed.com/dictionary/disghibelline_v
disoccident,verb,1672-3,0,transitive. To throw out of his or her reckoning…,derivative,,,Not in use,,,https://doi.org/10.1093/OED/1121650934,http://www.oed.com/dictionary/disoccident_v
dissubjection,noun,1672,0,The opposite of subjection; disobedience.,derivative,,,Not in use,,,https://doi.org/10.1093/OED/2190040258,http://www.oed.com/dictionary/dissubjection_n
gallantify,verb,1672,0,transitive (in passive). To be beaten or thrashed…,derivative,,,Not in use,,,https://doi.org/10.1093/OED/7994243280,http://www.oed.com/dictionary/gallantify_v
packishness,noun,1672,0,The condition or quality of being a pack.,derivative,,,Not in use,,,https://doi.org/10.1093/OED/1717712197,http://www.oed.com/dictionary/packishness_n
scarlatical,adjective,1672,0,Having the prejudices characteristic of those who…,derivative,,,Not in use,,religion and belief/religion,https://doi.org/10.1093/OED/4122740805,http://www.oed.com/dictionary/scarlatical_adj
turnpike,verb,1672-,0,transitive. To erect turnpikes on (a road); to…,conversion,,historical,In current use,,,https://doi.org/10.1093/OED/8065004746,http://www.oed.com/dictionary/turnpike_v
cabinetwork,noun,1673-,0,Cabinets collectively; a collection of cabinets…,compound,,,In current use,,crafts and trades/woodworking,https://doi.org/10.1093/OED/8284074887,http://www.oed.com/dictionary/cabinetwork_n
orifacture,noun,1673,0,The action of making with the mouth.,borrowing,,,Not in use,,,https://doi.org/10.1093/OED/6575682307,http://www.oed.com/dictionary/orifacture_n
threnothriambics,noun,1673-,0,Verses in which lamentation and triumph are combined.,borrowing,,humorous,In current use,,,https://doi.org/10.1093/OED/6140927468,http://www.oed.com/dictionary/threnothriambics_n
twenty-four,noun,1673-,5,A sheet folded into 24 leaves; a form of type for…,compound,,,In current use,,crafts and trades/printing and typography,https://doi.org/10.1093/OED/6390676946,http://www.oed.com/dictionary/twenty-four_n
we-ship,noun,1673-,0,"his we-ship, a mock title applied to a writer who…",derivative,,,In current use,,,https://doi.org/10.1093/OED/4836345601,http://www.oed.com/dictionary/we-ship_n
cloakatively,adverb,1674,0,Superficially.,derivative,,,Not in use,,,https://doi.org/10.1093/OED/8734358601,http://www.oed.com/dictionary/cloakatively_adv
dustling,noun,1674,0,"A small grain or particle; cf. dust, n.¹ 2a.",derivative,,,Not in use,,,https://doi.org/10.1093/OED/7847659132,http://www.oed.com/dictionary/dustling_n
everywayness,noun,1674,0,The quality of extending in every direction.,derivative,,,Not in use,,,https://doi.org/10.1093/OED/1094778378,http://www.oed.com/dictionary/everywayness_n
hardfastness,noun,1674,0,Density.,compound,,,Not in use,,,https://doi.org/10.1093/OED/5882946920,http://www.oed.com/dictionary/hardfastness_n
inmostness,noun,1674-,0,"The inmost essence or nature (cf. inwardness, n.).",derivative,,,In current use,,,https://doi.org/10.1093/OED/4906758359,http://www.oed.com/dictionary/inmostness_n
runlong,noun,1674,0,The course or passage of something.,compound,,,Not in use,,,https://doi.org/10.1093/OED/1011184685,http://www.oed.com/dictionary/runlong_n
stowsome,adjective,1674,0,Having position in space.,derivative,,,Not in use,,,https://doi.org/10.1093/OED/9553900003,http://www.oed.com/dictionary/stowsome_adj
stretchling,noun,1674,0,A minute quantity of space.,derivative,,,Not in use,,,https://doi.org/10.1093/OED/2750117369,http://www.oed.com/dictionary/stretchling_n
trinketing,adjective,1674,0,"Having to do with trinkets, toys, or trivial…",,,,Not in use,,religion and belief/religion,https://doi.org/10.1093/OED/5879551344,http://www.oed.com/dictionary/trinketing_adj
half-boarder,noun,1675-,2,"A person who receives half-board (half-board, n…",compound,,,In current use,,education,https://doi.org/10.1093/OED/1594913110,http://www.oed.com/dictionary/half-boarder_n
mechanize,verb,1675-,5,transitive. To introduce machinery in or into (a…,derivative,,,In current use,,technology/engineering/mechanics,https://doi.org/10.1093/OED/8197745533,http://www.oed.com/dictionary/mechanize_v
right-eye,adjective,1675-,3,Of or relating to the right eye of a person or…,compound,,,In current use,,,https://doi.org/10.1093/OED/1389490835,http://www.oed.com/dictionary/right-eye_adj
woman bond,noun,1675,0,"= bondwoman, n.",compound,,,Not in use,,,https://doi.org/10.1093/OED/5770725804,http://www.oed.com/dictionary/woman-bond_n
dragman,noun,a1676-,0,U.S. A cattle herder who drives the slow-moving…,compound,,historical,In current use,North American English/U.S. English,"agriculture and horticulture/agriculture, sport and leisure/hunting, fishing, and shooting/fishing",https://doi.org/10.1093/OED/1163133191,http://www.oed.com/dictionary/dragman_n
extendlessness,noun,a1676,0,Perhaps: boundlessness.,derivative,,,Not in use,,,https://doi.org/10.1093/OED/8554722820,http://www.oed.com/dictionary/extendlessness_n
Caiaphat,noun,1676-,2,A high-priesthood like that of Caiaphas (see John…,proper name,,,In current use,,,https://doi.org/10.1093/OED/1284169870,http://www.oed.com/dictionary/caiaphat_n
candle,verb,1676-,3,To test by allowing the light of a candle to…,conversion,,,In current use,,,https://doi.org/10.1093/OED/3559718291,http://www.oed.com/dictionary/candle_v
seven-champion,noun,1676,0,A person likened to one of the Seven Champions…,compound,,,Not in use,,,https://doi.org/10.1093/OED/1048411159,http://www.oed.com/dictionary/seven-champion_n
experimentalist,"noun, adjective",1677-,4,A person who tries out or advocates new and…,derivative,,,In current use,,,https://doi.org/10.1093/OED/7236413660,http://www.oed.com/dictionary/experimentalist_n
subaqueous,adjective,1677-,4,"Existing, formed, or constructed underwater.",borrowing,,,In current use,,,https://doi.org/10.1093/OED/6591350480,http://www.oed.com/dictionary/subaqueous_adj
Alcoran,verb,a1678,0,transitive. To put into the Qur'an.,conversion,,,Not in use,,religion and belief/religion/Islam,https://doi.org/10.1093/OED/1007067406,http://www.oed.com/dictionary/alcoran_v
agreemony,noun,1678,0,Agreeableness.,variant,,,Not in use,,,https://doi.org/10.1093/OED/6460702554,http://www.oed.com/dictionary/agreemony_n
bestialist,noun,1678-,1,A person who has sexual intercourse with an animal.,derivative,,,In current use,,,https://doi.org/10.1093/OED/5391089092,http://www.oed.com/dictionary/bestialist_n
Christiano-mastix,noun,1678,0,A persecutor of Christians; a person who argues…,,,,Not in use,,religion and belief/religion/Christianity,https://doi.org/10.1093/OED/1060532354,http://www.oed.com/dictionary/christiano-mastix_n
mousetrap-line,noun,1678,0,A line written to ensnare a person.,compound,,,Not in use,,,https://doi.org/10.1093/OED/7520907488,http://www.oed.com/dictionary/mousetrap-line_n
ob-and-soller,noun,1678,0,A person who engages in scholastic disputation…,derivative,,,Not in use,,,https://doi.org/10.1093/OED/2067024314,http://www.oed.com/dictionary/ob-and-soller_n
thematizing,noun,1678-,0,"The action or fact of selecting, presenting, or…",derivative,,,In current use,,philosophy,https://doi.org/10.1093/OED/3072093419,http://www.oed.com/dictionary/thematizing_n
bone charcoal,noun,1679-,2,†a. A blackened tooth (obsolete); b. a form of…,compound,,,In current use,,,https://doi.org/10.1093/OED/8162919493,http://www.oed.com/dictionary/bone-charcoal_n
immonarchize,verb,1679,0,transitive. To confer monarchy upon; to make into…,derivative,,,Not in use,,,https://doi.org/10.1093/OED/3389392914,http://www.oed.com/dictionary/immonarchize_v
diaconate,adjective,a1680,0,"Having, or managed by, deacons.",borrowing,,,Not in use,,religion and belief/religion,https://doi.org/10.1093/OED/2582165450,http://www.oed.com/dictionary/diaconate_adj
fictioner,noun,a1680-,1,A writer of fiction; a novelist. Also: a person…,derivative,,,In current use,,arts/literature,https://doi.org/10.1093/OED/1541823098,http://www.oed.com/dictionary/fictioner_n
clubbatier,noun,1680,0,A man armed with a club or cudgel.,compound,,,Not in use,,military,https://doi.org/10.1093/OED/1755592835,http://www.oed.com/dictionary/clubbatier_n
effumability,noun,1680,0,Capability of being converted into vapour.,borrowing,,,Not in use,,,https://doi.org/10.1093/OED/7319987709,http://www.oed.com/dictionary/effumability_n
materiate,verb,1680-1823,0,transitive. To supply or be the matter or…,borrowing,,,Not in use,,,https://doi.org/10.1093/OED/1112002116,http://www.oed.com/dictionary/materiate_v
tawdrum,noun,1680,0,A tawdry decoration.,borrowing,,,Not in use,,,https://doi.org/10.1093/OED/9189117492,http://www.oed.com/dictionary/tawdrum_n
zounds,verb,1680,0,(intransitive) to exclaim ‘zounds’.,conversion,,,Not in use,,,https://doi.org/10.1093/OED/1208926573,http://www.oed.com/dictionary/zounds_v
towser,verb,c1680-,1,(transitive) to worry as a dog does.,conversion,,,In current use,,,https://doi.org/10.1093/OED/6811859584,http://www.oed.com/dictionary/towser_v
centuriation,noun,1681-,3,"Roman History. The method, process, or practice…",borrowing,,,In current use,,"agriculture and horticulture/agriculture, history/ancient history/classical history/Roman history, law",https://doi.org/10.1093/OED/5620344063,http://www.oed.com/dictionary/centuriation_n
fibling,adjective,1681,0,Given to telling little fibs.,derivative,,,Not in use,,,https://doi.org/10.1093/OED/6491411747,http://www.oed.com/dictionary/fibling_adj
betawder,verb,1682,0,transitive. To adorn or dress (someone) in gaudy…,derivative,,,Not in use,,,https://doi.org/10.1093/OED/9911549371,http://www.oed.com/dictionary/betawder_v
keep-door,noun,1682,0,"A porter, door-ward.",compound,,,Not in use,,,https://doi.org/10.1093/OED/4425161576,http://www.oed.com/dictionary/keep-door_n
knightify,verb,1682-,0,"transitive. = knight, v.",derivative,,,In current use,,,https://doi.org/10.1093/OED/7652488883,http://www.oed.com/dictionary/knightify_v
sell-truth,noun,1682,0,A person willing to deny or ignore the truth for…,compound,,,Not in use,,,https://doi.org/10.1093/OED/6497515787,http://www.oed.com/dictionary/sell-truth_n
texter,noun,1682-,2,A person who sends an electronic text message…,derivative,,,In current use,,"technology/computing, technology/telecommunications/telephony",https://doi.org/10.1093/OED/1131520288,http://www.oed.com/dictionary/texter_n
gallanture,noun,a1683,0,Behaviour characteristic of a gallant (gallant…,derivative,,,Not in use,,,https://doi.org/10.1093/OED/6872950648,http://www.oed.com/dictionary/gallanture_n
anti-monyan,adjective,1683,0,Designating the principle that the lending of…,derivative,,,Not in use,,politics/parliament,https://doi.org/10.1093/OED/5556936858,http://www.oed.com/dictionary/anti-monyan_adj
tranquillify,verb,1683-,0,"transitive. = tranquillize, v. 1.",borrowing,,,In current use,,,https://doi.org/10.1093/OED/9682269192,http://www.oed.com/dictionary/tranquillify_v
ventilary,adjective,1683,0,Due to or caused by wind.,borrowing,,,Not in use,,sciences/physical sciences/earth sciences/geography/weather,https://doi.org/10.1093/OED/3081810231,http://www.oed.com/dictionary/ventilary_adj
mispersuasibleness,noun,a1684,0,Inability to be persuaded.,derivative,,,Not in use,,,https://doi.org/10.1093/OED/7749206985,http://www.oed.com/dictionary/mispersuasibleness_n
popeness,noun,a1684,0,Possession or assumption of popelike attributes.,derivative,,,Not in use,,religion and belief/religion,https://doi.org/10.1093/OED/3281886321,http://www.oed.com/dictionary/popeness_n
dispirituality,noun,1684,0,An unspiritual or worldly act.,derivative,,,Not in use,,religion and belief/religion,https://doi.org/10.1093/OED/3944840876,http://www.oed.com/dictionary/dispirituality_n
iconistically,adverb,1684-,0,"In the manner of an icon, image, or figure; as an…",derivative,,,In current use,,,https://doi.org/10.1093/OED/9571703425,http://www.oed.com/dictionary/iconistically_adv
porology,noun,1684,0,A scientific treatise on pores or porous bodies.,compound,,,Not in use,,sciences/medicine/anatomy,https://doi.org/10.1093/OED/3192220839,http://www.oed.com/dictionary/porology_n
pyrurgian,noun,1684,0,"A physician who uses, or specializes in the use…",compound,,,Not in use,,sciences/medicine,https://doi.org/10.1093/OED/1042134245,http://www.oed.com/dictionary/pyrurgian_n
epochate,noun,1685-,0,The position of being the ‘epoch’ of a computation.,derivative,,,In current use,,,https://doi.org/10.1093/OED/8878596091,http://www.oed.com/dictionary/epochate_n
Messiess,noun,1685,0,A female Messiah.,borrowing,,,Not in use,,,https://doi.org/10.1093/OED/2522500777,http://www.oed.com/dictionary/messiess_n
sacerdote,noun,1685,0,A priest.,borrowing,,,Not in use,,religion and belief/religion,https://doi.org/10.1093/OED/1097594426,http://www.oed.com/dictionary/sacerdote_n
tory-rory,verb,1685,0,intransitive. To behave in a noisy or boisterous…,conversion,,,Not in use,,,https://doi.org/10.1093/OED/5640920901,http://www.oed.com/dictionary/tory-rory_v
compresentiality,noun,1686,0,The quality of being present together.,derivative,,,Not in use,,religion and belief/religion/Christianity/liturgical,https://doi.org/10.1093/OED/4655172660,http://www.oed.com/dictionary/compresentiality_n
canting-coat,noun,1687,0,The black gown worn by Puritan ministers.,compound,,disparaging,Not in use,,religion and belief/religion,https://doi.org/10.1093/OED/1155556897,http://www.oed.com/dictionary/canting-coat_n
conventualship,noun,1687,0,The condition or status of being conventual…,derivative,,,Not in use,,,https://doi.org/10.1093/OED/1872623411,http://www.oed.com/dictionary/conventualship_n
pocket-tortoise,noun,1687,0,A pocket tortoiseshell comb.,compound,,,Not in use,,crafts and trades/hairdressing,https://doi.org/10.1093/OED/9959724409,http://www.oed.com/dictionary/pocket-tortoise_n
polypetalous,adjective,1687-,2,Botany. Originally: †having many petals…,compound,,,In current use,,sciences/life sciences/plants,https://doi.org/10.1093/OED/9183562432,http://www.oed.com/dictionary/polypetalous_adj
procurish,adjective,1687,0,Like a procuress.,derivative,,,Not in use,,,https://doi.org/10.1093/OED/6700359025,http://www.oed.com/dictionary/procurish_adj
sacramenting,adjective,1687,0,? That celebrates the Mass.,derivative,,,Not in use,,religion and belief/religion/Christianity/liturgical,https://doi.org/10.1093/OED/7282636192,http://www.oed.com/dictionary/sacramenting_adj
floggation,noun,1688-,0,"Flogging, a punishment by flogging.",derivative,,,In current use,,,https://doi.org/10.1093/OED/2717941850,http://www.oed.com/dictionary/floggation_n
fobbery,noun,1688-,0,Something of the nature of a pretence; a sham.,derivative,,,In current use,,,https://doi.org/10.1093/OED/4601067779,http://www.oed.com/dictionary/fobbery_n
sink-soul,noun,1688,0,A person who destroys souls.,compound,,colloquial and slang,Not in use,,,https://doi.org/10.1093/OED/6448506887,http://www.oed.com/dictionary/sink-soul_n
catarumpant,adjective,1689,0,"(Humorous): cf. Greek κατά, cat and rampant.",borrowing,,,Not in use,,,https://doi.org/10.1093/OED/7629234185,http://www.oed.com/dictionary/catarumpant_adj
out-loose,noun,1689,0,"A means of escape (from an obligation, duty, etc.).",derivative,,,Not in use,,,https://doi.org/10.1093/OED/1103468550,http://www.oed.com/dictionary/out-loose_n
penal-law,verb,1689,0,transitive. To execute a penal law against.,conversion,,,Not in use,,law,https://doi.org/10.1093/OED/3585639607,http://www.oed.com/dictionary/penal-law_v
perjurator,noun,1689,0,A perjurer.,borrowing,,,Not in use,,law,https://doi.org/10.1093/OED/9792693757,http://www.oed.com/dictionary/perjurator_n
physicship,noun,1689,0,A mock title given to a medical expert.,derivative,,humorous,Not in use,,,https://doi.org/10.1093/OED/4541207956,http://www.oed.com/dictionary/physicship_n
physicster,noun,1689,0,A medicinal practitioner.,derivative,,disparaging,Not in use,,sciences/medicine,https://doi.org/10.1093/OED/1050437456,http://www.oed.com/dictionary/physicster_n
profanatic,adjective,1689,0,Characterized by an excessive enthusiasm for profanity.,blend,,,Not in use,,,https://doi.org/10.1093/OED/6570860388,http://www.oed.com/dictionary/profanatic_adj
conventment,noun,1690,0,A body of people convened or set up for a…,derivative,,,Not in use,,politics,https://doi.org/10.1093/OED/2652194474,http://www.oed.com/dictionary/conventment_n
incoexistence,noun,1690-,0,Absence of coexistence; the fact of not existing…,derivative,,,In current use,,,https://doi.org/10.1093/OED/1195511660,http://www.oed.com/dictionary/incoexistence_n
incorruptarian,noun,1690,0,One who holds the world to be incorruptible or…,derivative,,,Not in use,,,https://doi.org/10.1093/OED/3299445526,http://www.oed.com/dictionary/incorruptarian_n
jiltship,noun,1690,0,A mock title for a jilt.,derivative,,,Not in use,,,https://doi.org/10.1093/OED/3808403022,http://www.oed.com/dictionary/jiltship_n
de-port,verb,1691,0,transitive. To deprive of the character of a…,derivative,,,Not in use,,,https://doi.org/10.1093/OED/5691095867,http://www.oed.com/dictionary/de-port_v2
hyperbyssal,adjective,1691,0,Of or belonging to surpassing depth or profundity.,borrowing,,,Not in use,,,https://doi.org/10.1093/OED/6340448190,http://www.oed.com/dictionary/hyperbyssal_adj
sing-alone,noun,1691,0,A solo singer.,compound,,,Not in use,,arts/performing arts/music,https://doi.org/10.1093/OED/1009945742,http://www.oed.com/dictionary/sing-alone_n
sing-man,noun,1691,0,A singing man.,compound,,,Not in use,,religion and belief/religion,https://doi.org/10.1093/OED/1022362091,http://www.oed.com/dictionary/sing-man_n
sprounting,noun,1691,0,An issue or discharge of water in a spout; a spouting.,variant,,humorous,Not in use,,,https://doi.org/10.1093/OED/4270216562,http://www.oed.com/dictionary/sprounting_n
wham,noun,1691,0,A whimsical or fantastic person.,variant,,,Not in use,,,https://doi.org/10.1093/OED/6429032059,http://www.oed.com/dictionary/wham_n1
black artship,noun,a1692,0,Only in your Black Artship: a mock title or form…,derivative,,,Not in use,,,https://doi.org/10.1093/OED/7217144903,http://www.oed.com/dictionary/black-artship_n
whore-call,noun,a1692,0,Something whose sound is liable to attract…,compound,,humorous,Not in use,,,https://doi.org/10.1093/OED/1010171149,http://www.oed.com/dictionary/whore-call_n
a-Christism,noun,1692,0,Disbelief in the divinity of Jesus Christ.,derivative,,,Not in use,,religion and belief/religion/Christianity,https://doi.org/10.1093/OED/2088232162,http://www.oed.com/dictionary/a-christism_n
campaign,verb,1692-,5,intransitive. Originally U.S. To engage in…,conversion,,,In current use,North American English/U.S. English,politics,https://doi.org/10.1093/OED/9998157511,http://www.oed.com/dictionary/campaign_v
papa-prelatical,adjective,1692,0,"Of, relating to, or resembling papal prelates, or…",derivative,,,Not in use,,religion and belief/religion/Christianity/Roman Catholic Church,https://doi.org/10.1093/OED/1002883138,http://www.oed.com/dictionary/papa-prelatical_adj
selfcide,noun,1692,0,An act of killing oneself; suicide.,derivative,,,Not in use,,,https://doi.org/10.1093/OED/5826370775,http://www.oed.com/dictionary/selfcide_n
coniating,noun,1693,0,Used to express the noise made by storks.,borrowing,,,Not in use,,,https://doi.org/10.1093/OED/1000355479,http://www.oed.com/dictionary/coniating_n
coughery,noun,1693,0,Coughing-place.,derivative,,,Not in use,,,https://doi.org/10.1093/OED/8847028258,http://www.oed.com/dictionary/coughery_n
curkle,verb,1693,0,To cry as a quail.,imitative,,,Not in use,,,https://doi.org/10.1093/OED/1204570170,http://www.oed.com/dictionary/curkle_v
fatidicency,noun,1693,0,The action or practice of foretelling the future…,derivative,,,Not in use,,religion and belief/belief systems and practices/occult,https://doi.org/10.1093/OED/7533432795,http://www.oed.com/dictionary/fatidicency_n
frantling,noun,1693,0,Used to express the noise made by peacocks.,unknown,,,Not in use,,sciences/life sciences/animals/birds,https://doi.org/10.1093/OED/1194223428,http://www.oed.com/dictionary/frantling_n
polypragmonetic,adjective,1693,0,"= polypragmatic, adj.",derivative,,,Not in use,,,https://doi.org/10.1093/OED/4653677464,http://www.oed.com/dictionary/polypragmonetic_adj
ratiocinant,adjective,1693,0,That reasons; reasoning.,borrowing,,,Not in use,,,https://doi.org/10.1093/OED/9236013622,http://www.oed.com/dictionary/ratiocinant_adj
thumpatory,adjective,1693,0,Characterized by thumping.,derivative,,,Not in use,,,https://doi.org/10.1093/OED/7875449641,http://www.oed.com/dictionary/thumpatory_adj
masquins,noun,1694,0,A masquerade.,variant,,,Not in use,,,https://doi.org/10.1093/OED/6718343868,http://www.oed.com/dictionary/masquins_n
oedipodic,adjective,1694,0,Swollen-footed; gouty.,borrowing,,,Not in use,,sciences/medicine/pathology,https://doi.org/10.1093/OED/5075334299,http://www.oed.com/dictionary/oedipodic_adj
panto-devil,noun,1694,0,A complete or entire devil.,compound,,,Not in use,,,https://doi.org/10.1093/OED/2642542212,http://www.oed.com/dictionary/panto-devil_n
placentiate,verb,1694,0,"transitive. To please, satisfy.",borrowing,,,Not in use,,,https://doi.org/10.1093/OED/2712095789,http://www.oed.com/dictionary/placentiate_v
pote,noun,1694,0,Drink.,borrowing,,,Not in use,,,https://doi.org/10.1093/OED/1187417133,http://www.oed.com/dictionary/pote_n3
pregustic,noun,1694,0,"= pregustator, n.",derivative,,,Not in use,,,https://doi.org/10.1093/OED/3053241935,http://www.oed.com/dictionary/pregustic_n
prolepsarian,noun,1694,0,A person who explains something on the basis of a…,derivative,,,Not in use,,,https://doi.org/10.1093/OED/6826737421,http://www.oed.com/dictionary/prolepsarian_n
sape,verb,1694,0,intransitive. To be wise.,borrowing,,humorous,Not in use,,,https://doi.org/10.1093/OED/9151996182,http://www.oed.com/dictionary/sape_v2
windmill,verb,1694-,3,transitive. To move (something) rapidly around in…,conversion,,,In current use,,,https://doi.org/10.1093/OED/1979086237,http://www.oed.com/dictionary/windmill_v
wisify,verb,1694,0,transitive. To make wise.,derivative,,,Not in use,,,https://doi.org/10.1093/OED/5433667007,http://www.oed.com/dictionary/wisify_v
outchange,noun,1695,0,Perhaps: exchange of currency for that of a…,derivative,,,Not in use,,economics and commerce/finance,https://doi.org/10.1093/OED/1176182111,http://www.oed.com/dictionary/outchange_n
providentialist,"noun, adjective",1695-,3,"A believer in the predestination of events, esp…",derivative,,,In current use,,religion and belief/religion,https://doi.org/10.1093/OED/3745001194,http://www.oed.com/dictionary/providentialist_n
railwifery,noun,1695,0,"Abusive scolding, regarded as comparable to that…",derivative,,,Not in use,,,https://doi.org/10.1093/OED/2262680447,http://www.oed.com/dictionary/railwifery_n
sweep-all,noun,1695-,0,"One who ‘sweeps up’ or appropriates all, =…",compound,,,In current use,,,https://doi.org/10.1093/OED/9247897821,http://www.oed.com/dictionary/sweep-all_n
Hobbize,verb,1696,0,intransitive. To align one's ideas or theories…,proper name,,,Not in use,,philosophy,https://doi.org/10.1093/OED/8208057704,http://www.oed.com/dictionary/hobbize_v
infiniteth,adjective,1696-,0,Used as the ordinal numeral corresponding to…,derivative,,,In current use,,sciences/mathematics,https://doi.org/10.1093/OED/7622230651,http://www.oed.com/dictionary/infiniteth_adj
mob,verb,1696-,4,"transitive. To attack or surround in, or as in, a…",conversion,,,In current use,,,https://doi.org/10.1093/OED/4486119274,http://www.oed.com/dictionary/mob_v2
conventionally,adverb,1697-,5,"In a way which follows practice, custom, or…",derivative,,,In current use,,,https://doi.org/10.1093/OED/6974367063,http://www.oed.com/dictionary/conventionally_adv
mob-reader,noun,1697,0,A reader belonging to the mob; an uneducated reader.,compound,,,Not in use,,,https://doi.org/10.1093/OED/6638546868,http://www.oed.com/dictionary/mob-reader_n
convolute,verb,1698-,4,"To coil up, form into a coiled or twisted shape…",borrowing,,,In current use,,,https://doi.org/10.1093/OED/5926319325,http://www.oed.com/dictionary/convolute_v
hyperbole,verb,1698-,3,"(intransitive) to use hyperbole, to exaggerate.",conversion,,,In current use,,,https://doi.org/10.1093/OED/3182347473,http://www.oed.com/dictionary/hyperbole_v
botch,verb,1699,0,"transitive. To mark with botches, sores, or…",conversion,,,Not in use,,,https://doi.org/10.1093/OED/3670196436,http://www.oed.com/dictionary/botch_v2
eupeptic,"adjective, noun",1699-,2,Having a good digestion.,borrowing,,,In current use,,sciences/medicine,https://doi.org/10.1093/OED/1185854000,http://www.oed.com/dictionary/eupeptic_adj
eleventeen,noun,a1700,0,Twenty-one.,compound,,,Not in use,,,https://doi.org/10.1093/OED/8872673316,http://www.oed.com/dictionary/eleventeen_n
top-honours,noun,1700,0,"The topsails of a ship, in reference to the…",compound,,,Not in use,,transport/nautical,https://doi.org/10.1093/OED/5421754180,http://www.oed.com/dictionary/top-honours_n
repaganic,adjective,1701,0,Displaying characteristics of a renewed paganization.,derivative,,,Not in use,,,https://doi.org/10.1093/OED/1495600888,http://www.oed.com/dictionary/repaganic_adj
cascade,verb,1702-,5,intransitive. To fall or pour in a cascade.,conversion,,,In current use,,,https://doi.org/10.1093/OED/9838479323,http://www.oed.com/dictionary/cascade_v
pulse-pad,noun,1702,0,"A medical man (cf. pad, n.³ 4).",compound,,humorous,Not in use,,,https://doi.org/10.1093/OED/5248718628,http://www.oed.com/dictionary/pulse-pad_n
secede,verb,1702-,5,"To withdraw formally from an alliance, an…",borrowing,,,In current use,,religion and belief/religion,https://doi.org/10.1093/OED/4353282805,http://www.oed.com/dictionary/secede_v
Tophetize,verb,1702-,0,(transitive) to make a Tophet or hell of.,derivative,,,In current use,,,https://doi.org/10.1093/OED/7047630413,http://www.oed.com/dictionary/tophetize_v
toy-pate,noun,1702,0,A person with a head full of odd fancies or…,compound,,,Not in use,,,https://doi.org/10.1093/OED/1362002529,http://www.oed.com/dictionary/toy-pate_n
flirtship,noun,1703-,0,A period of repeated flirtatious behaviour…,derivative,,,In current use,,,https://doi.org/10.1093/OED/4074454859,http://www.oed.com/dictionary/flirtship_n
oyster-barrel muff,noun,1703,0,A muff made in the shape of an oyster-barrel.,compound,,,Not in use,,crafts and trades/costume,https://doi.org/10.1093/OED/4847820057,http://www.oed.com/dictionary/oyster-barrel-muff_n
tigerantic,adjective,a1704,0,"= tigerish, adj. 1.",,,,Not in use,,,https://doi.org/10.1093/OED/6956766010,http://www.oed.com/dictionary/tigerantic_adj
discompensate,verb,1705,0,transitive. To remove (a compensation); to…,derivative,,,Not in use,,,https://doi.org/10.1093/OED/7657419425,http://www.oed.com/dictionary/discompensate_v
pathomyotomist,noun,a1706,0,A person who studies the muscles concerned in the…,compound,,,Not in use,,,https://doi.org/10.1093/OED/2268000561,http://www.oed.com/dictionary/pathomyotomist_n
cheho,verb,1706,0,intransitive. To sneeze.,imitative,,,Not in use,,sciences/medicine/pathology,https://doi.org/10.1093/OED/7901801313,http://www.oed.com/dictionary/cheho_v
consisture,noun,1706,0,Consistency; degree of firmness or density.,derivative,,,Not in use,,,https://doi.org/10.1093/OED/1204151302,http://www.oed.com/dictionary/consisture_n
hurricanious,adjective,1706,0,Hurricane-like.,derivative,,,Not in use,,,https://doi.org/10.1093/OED/6015384792,http://www.oed.com/dictionary/hurricanious_adj
immotion,noun,1706,0,? Impulse. (Apparently fantastically used.),derivative,,,Not in use,,,https://doi.org/10.1093/OED/1185892474,http://www.oed.com/dictionary/immotion_n
negative,verb,1706-,4,transitive. U.S. To reject (a person proposed for…,conversion,,,In current use,,,https://doi.org/10.1093/OED/7954148176,http://www.oed.com/dictionary/negative_v
Scotch-sleeve,noun,?1706,0,(Probably) a person wearing sleeves of Scotch…,compound,,,Not in use,,crafts and trades/costume,https://doi.org/10.1093/OED/1261866738,http://www.oed.com/dictionary/scotch-sleeve_n
darkship,noun,1707,0,With possessive adjective: a mock title of…,derivative,,,Not in use,,,https://doi.org/10.1093/OED/1321267645,http://www.oed.com/dictionary/darkship_n
dementir,verb,1707,0,"transitive. To fail to justify, belie.",borrowing,,,Not in use,,,https://doi.org/10.1093/OED/7120967863,http://www.oed.com/dictionary/dementir_v
monetism,noun,1707,0,"The worship of money. Cf. monetist, n.",borrowing,,,Not in use,,,https://doi.org/10.1093/OED/1056138426,http://www.oed.com/dictionary/monetism_n
monetist,noun,1707,0,"A person who worships money. Cf. monetism, n.",borrowing,,,Not in use,,,https://doi.org/10.1093/OED/2017160166,http://www.oed.com/dictionary/monetist_n
suctionist,noun,1707-,0,A person who favours a theory of suction.,derivative,,,In current use,,,https://doi.org/10.1093/OED/3510214007,http://www.oed.com/dictionary/suctionist_n
septi-fronted,adjective,a1708,0,Having seven foreheads.,,,,Not in use,,religion and belief/mythology,https://doi.org/10.1093/OED/2147288153,http://www.oed.com/dictionary/septi-fronted_adj
calf-lolly,noun,1708,0,A stupid calf.,compound,,,Not in use,,,https://doi.org/10.1093/OED/7211510061,http://www.oed.com/dictionary/calf-lolly_n
fluster-bluster,noun,1708,0,A ‘blustering’ wind.,compound,,,Not in use,,,https://doi.org/10.1093/OED/7379095440,http://www.oed.com/dictionary/fluster-bluster_n
friarship,noun,1708-,1,A mock title applied to a friar or monk.,derivative,,,In current use,,religion and belief/religion,https://doi.org/10.1093/OED/5008780918,http://www.oed.com/dictionary/friarship_n
grievement,noun,1708,0,"A hurt, injury.",derivative,,,Not in use,,sciences/medicine,https://doi.org/10.1093/OED/7975515007,http://www.oed.com/dictionary/grievement_n
incuba,noun,1708-,2,"A female incubus (see incubus, n. 1).",variant,,,In current use,,,https://doi.org/10.1093/OED/4566848586,http://www.oed.com/dictionary/incuba_n
invincibleship,noun,1708-,0,Used as a mock title for one said to be invincible.,derivative,,,In current use,,,https://doi.org/10.1093/OED/1680907473,http://www.oed.com/dictionary/invincibleship_n
scalptize,verb,1708,0,transitive. To scratch.,borrowing,,humorous,Not in use,,sciences/medicine,https://doi.org/10.1093/OED/3498776447,http://www.oed.com/dictionary/scalptize_v
Don Diego,verb,1709,0,transitive. To cheat or swindle (a person).,conversion,,,Not in use,,,https://doi.org/10.1093/OED/3010667802,http://www.oed.com/dictionary/don-diego_v
half channelled over,adjective,1709,0,"Half drunk; = half-seas-over, adj.",compound,,humorous,Not in use,,,https://doi.org/10.1093/OED/4389154663,http://www.oed.com/dictionary/half-channelled-over_adj
miraculize,verb,1709-1892,0,transitive. To make miraculous; to consider or…,borrowing,,,Not in use,,religion and belief/belief systems and practices/occult,https://doi.org/10.1093/OED/4778399331,http://www.oed.com/dictionary/miraculize_v
polytasted,adjective,1709,0,Having many tastes or flavours; (perhaps also)…,compound,,,Not in use,,,https://doi.org/10.1093/OED/4757381177,http://www.oed.com/dictionary/polytasted_adj
rattatattatory,adjective,1709,0,Characterized by a succession of sharp rapping…,derivative,,,Not in use,,,https://doi.org/10.1093/OED/1164433951,http://www.oed.com/dictionary/rattatattatory_adj
Observator,verb,1710,0,transitive (in passive). To be mentioned in ‘The…,proper name,,,Not in use,,,https://doi.org/10.1093/OED/6503259300,http://www.oed.com/dictionary/observator_v
whenness,noun,1710-,1,Condition in respect of time.,derivative,,,In current use,,,https://doi.org/10.1093/OED/1100977366,http://www.oed.com/dictionary/whenness_n
whisperation,noun,1710-,0,Whispering.,derivative,,,In current use,,,https://doi.org/10.1093/OED/1339714659,http://www.oed.com/dictionary/whisperation_n
whisperhood,noun,1710-,1,"The condition of being a whisper (in whisper, n. 2).",derivative,,,In current use,,,https://doi.org/10.1093/OED/7550786860,http://www.oed.com/dictionary/whisperhood_n
finger-shade,noun,1711,0,The action of concealing the mouth with the fingers.,compound,,,Not in use,,sport and leisure/games/gambling,https://doi.org/10.1093/OED/7938521776,http://www.oed.com/dictionary/finger-shade_n
heteroptics,noun,1711-,0,(See quot. 1711).,compound,,,In current use,,,https://doi.org/10.1093/OED/1103532084,http://www.oed.com/dictionary/heteroptics_n
Alemannian,"adjective, noun",1712-,2,A member of the Alemanni (historical). Also…,borrowing,,historical,In current use,,,https://doi.org/10.1093/OED/2027217456,http://www.oed.com/dictionary/alemannian_adj
cullyism,noun,1712,0,The condition of a cully.,derivative,,,Not in use,,,https://doi.org/10.1093/OED/1202147783,http://www.oed.com/dictionary/cullyism_n
diabologue,noun,a1713,0,A literary work in the form of a dialogue and…,borrowing,,,Not in use,,arts/literature,https://doi.org/10.1093/OED/9122599873,http://www.oed.com/dictionary/diabologue_n
eternitize,verb,a1713-,0,"= eternalize, v.",derivative,,,In current use,,,https://doi.org/10.1093/OED/7589074331,http://www.oed.com/dictionary/eternitize_v
Daedalist,noun,1713-,0,An imitator of Dædalus.,proper name,,,In current use,,,https://doi.org/10.1093/OED/5685405088,http://www.oed.com/dictionary/daedalist_n
dimpler,noun,1713-,1,A person who has dimples on their cheeks when…,derivative,,,In current use,,,https://doi.org/10.1093/OED/8918533546,http://www.oed.com/dictionary/dimpler_n
offivorous,adjective,1713,0,Offal-eating.,compound,,,Not in use,,,https://doi.org/10.1093/OED/1767285218,http://www.oed.com/dictionary/offivorous_adj
rat,verb,1713,0,"intransitive. = rattle, v.¹ 2b.",imitative,,,Not in use,,sciences/life sciences/animals,https://doi.org/10.1093/OED/1537140221,http://www.oed.com/dictionary/rat_v4
stay-time,noun,1713,0,? something to arrest the flight of time.,compound,,,Not in use,,,https://doi.org/10.1093/OED/1039550695,http://www.oed.com/dictionary/stay-time_n
punctilioship,noun,1714,0,"Observance of niceties, punctiliousness.",derivative,,,Not in use,,,https://doi.org/10.1093/OED/7927276994,http://www.oed.com/dictionary/punctilioship_n
breast-beater,noun,1715-,2,A person who is given to exaggerated…,compound,,,In current use,,,https://doi.org/10.1093/OED/6638971237,http://www.oed.com/dictionary/breast-beater_n
necrodialogistical,adjective,1715,0,Consisting of dialogues of the dead.,compound,,,Not in use,,arts/literature,https://doi.org/10.1093/OED/8406346019,http://www.oed.com/dictionary/necrodialogistical_adj
pad-ram,noun,1715,0,A good-tempered ram.,compound,,,Not in use,,,https://doi.org/10.1093/OED/9028723700,http://www.oed.com/dictionary/pad-ram_n
syncopist,noun,1715-,0,One who syncopates a word; spec. one who omits…,derivative,,,In current use,,,https://doi.org/10.1093/OED/6630796000,http://www.oed.com/dictionary/syncopist_n
nigricanting,adjective,?1715,0,That blackens (figurative in quot. 1715).,borrowing,,,Not in use,,,https://doi.org/10.1093/OED/4560095254,http://www.oed.com/dictionary/nigricanting_adj
hypocycle,noun,1716-,0,"(See quot. 1716, and cf. epicycle, n.).",derivative,,,In current use,,,https://doi.org/10.1093/OED/5828397628,http://www.oed.com/dictionary/hypocycle_n
secularist,noun,1716-,4,An adherent of secularism.,derivative,,,In current use,,"philosophy, religion and belief/religion",https://doi.org/10.1093/OED/1146376183,http://www.oed.com/dictionary/secularist_n
shamster,noun,1716,0,"A shammer, impostor.",derivative,,,Not in use,,,https://doi.org/10.1093/OED/3471620245,http://www.oed.com/dictionary/shamster_n
tawder,verb,1716,0,transitive. To deck out in tawdry garments.,backformation,,,Not in use,,,https://doi.org/10.1093/OED/7098238587,http://www.oed.com/dictionary/tawder_v
whiskerer,noun,1717-,0,A man who wears whiskers.,derivative,,,In current use,,,https://doi.org/10.1093/OED/9066245498,http://www.oed.com/dictionary/whiskerer_n
beator,noun,1719,0,A person who hits or beats another. Contrasted…,derivative,,,Not in use,,,https://doi.org/10.1093/OED/9738842297,http://www.oed.com/dictionary/beator_n
butter bowzy,adjective,1719,0,Designating a Dutchman.,compound,,,Not in use,,,https://doi.org/10.1093/OED/8216950845,http://www.oed.com/dictionary/butter-bowzy_adj
constability,noun,1719-,0,The office of constable; constableship.,borrowing,,,In current use,,,https://doi.org/10.1093/OED/3441535044,http://www.oed.com/dictionary/constability_n
what-like,adjective,1719-,0,interrogative. Of what appearance or aspect; of…,,,archaic,In current use,,,https://doi.org/10.1093/OED/1175251833,http://www.oed.com/dictionary/what-like_adj
proximiority,noun,1720,0,The fact of being nearer; greater proximity.,borrowing,,,Not in use,,,https://doi.org/10.1093/OED/1072127504,http://www.oed.com/dictionary/proximiority_n
cramp spider,noun,1721,0,An insect that stands and runs on the surface of…,compound,,,Not in use,,"sciences/life sciences/animals/invertebrates/insects, sport and leisure/sport/winter sports/skating",https://doi.org/10.1093/OED/5852622009,http://www.oed.com/dictionary/cramp-spider_n
tan-tin,noun,1721,0,Imitation of the sound of a bell: in quot. adverbial.,imitative,,,Not in use,,arts/performing arts/music,https://doi.org/10.1093/OED/1110770620,http://www.oed.com/dictionary/tan-tin_n
infinituple,adjective,1722-,0,Infinitely as much or many; an infinite number of…,borrowing,,,In current use,,sciences/mathematics,https://doi.org/10.1093/OED/8207940722,http://www.oed.com/dictionary/infinituple_adj
whisker,noun,1723,0,A whist-player.,derivative,,,Not in use,,sport and leisure/games/cards/whist,https://doi.org/10.1093/OED/7315037530,http://www.oed.com/dictionary/whisker_n2
cantata,noun,1724-,4,"Originally, a narrative in verse set to…",borrowing,,,In current use,,arts/performing arts/music,https://doi.org/10.1093/OED/9532340491,http://www.oed.com/dictionary/cantata_n
septime,noun,1725-,2,"A seventh (seventh, n. C.3). Also as a modifier…",borrowing,,,In current use,,arts/performing arts/music,https://doi.org/10.1093/OED/2902027373,http://www.oed.com/dictionary/septime_n1
surpassed,adjective,1725,0,Bygone.,derivative,,,Not in use,,,https://doi.org/10.1093/OED/9981621477,http://www.oed.com/dictionary/surpassed_adj
Whiggissimi,noun,1725-1832,0,Whigs whose commitment to Whig principles is…,derivative,,"disparaging, humorous",Not in use,,politics/British politics,https://doi.org/10.1093/OED/1129106010,http://www.oed.com/dictionary/whiggissimi_n
possessionist,noun,1726,0,A person who claims knowledge of or familiarity…,derivative,,,Not in use,,,https://doi.org/10.1093/OED/4074394744,http://www.oed.com/dictionary/possessionist_n
taurize,verb,1727,0,"intransitive. To play the bull, to take the form…",borrowing,,,Not in use,,religion and belief/mythology/classical mythology,https://doi.org/10.1093/OED/8092188492,http://www.oed.com/dictionary/taurize_v
trading-peopled,adjective,1727,0,Inhabited by people engaged in trade or commerce.,compound,,,Not in use,,,https://doi.org/10.1093/OED/3356886858,http://www.oed.com/dictionary/trading-peopled_adj
deprivado,noun,1728,0,A person who has been deprived (of office…,derivative,,,Not in use,,,https://doi.org/10.1093/OED/3609293626,http://www.oed.com/dictionary/deprivado_n
syllabic,"adjective, noun",1728-,4,"Of, pertaining or relating to, a syllable or syllables.",borrowing,,,In current use,,language/linguistics/phonetics,https://doi.org/10.1093/OED/6610956402,http://www.oed.com/dictionary/syllabic_adj
detonate,verb,1729-,4,intransitive. To produce a loud noise by the…,borrowing,,,In current use,,,https://doi.org/10.1093/OED/9734657054,http://www.oed.com/dictionary/detonate_v
half-jack,noun,1729-,1,South African. A half-bottle (now 375…,compound,,,In current use,African English/South African English,,https://doi.org/10.1093/OED/1186679411,http://www.oed.com/dictionary/half-jack_n2
unpindarical,adjective,1729,0,Not Pindaric: unlike Pindar in style or character.,derivative,,,Not in use,,,https://doi.org/10.1093/OED/1584226694,http://www.oed.com/dictionary/unpindarical_adj
Annist,noun,1730,0,In the 18th century: a supporter of Queen Anne.,proper name,,,Not in use,,politics/British politics,https://doi.org/10.1093/OED/3873478482,http://www.oed.com/dictionary/annist_n
carnivoracity,noun,1730-,1,Appetite for flesh.,borrowing,,,In current use,,,https://doi.org/10.1093/OED/3256104682,http://www.oed.com/dictionary/carnivoracity_n
Thomisticate,verb,1730-,0,(intransitive) to argue or discourse in the…,derivative,,,In current use,,,https://doi.org/10.1093/OED/3097336232,http://www.oed.com/dictionary/thomisticate_v
tip-top-gallant,adjective,1730-,0,Of superlatively high rank or quality.,compound,,colloquial and slang,In current use,,,https://doi.org/10.1093/OED/5924368671,http://www.oed.com/dictionary/tip-top-gallant_adj
travature,noun,1730,0,"A joist. Cf. trave, n. 2.",borrowing,,,Not in use,,manufacturing and industry/building,https://doi.org/10.1093/OED/2302560134,http://www.oed.com/dictionary/travature_n
topscript,noun,1731-,0,Something written at the top of a letter.,compound,,,In current use,,,https://doi.org/10.1093/OED/1545493305,http://www.oed.com/dictionary/topscript_n
memorandum head,noun,1732-,0,†a. A good head for making mental notes; b…,compound,,,In current use,,"crafts and trades/printing and typography, economics and commerce",https://doi.org/10.1093/OED/6781790810,http://www.oed.com/dictionary/memorandum-head_n
bethel,verb,a1734-,1,(See quot. 1734.),proper name,,,In current use,,,https://doi.org/10.1093/OED/1072235176,http://www.oed.com/dictionary/bethel_v
climacterian,noun,a1734,0,A person who uses the rhetorical device of climax…,derivative,,,Not in use,,arts/literature/rhetoric,https://doi.org/10.1093/OED/6653664018,http://www.oed.com/dictionary/climacterian_n
declinant,"adjective, noun",a1734-,2,Declining.,borrowing,,,In current use,,,https://doi.org/10.1093/OED/6402306472,http://www.oed.com/dictionary/declinant_adj
latifundian,adjective,a1734-,2,Possessing large estates.,derivative,,,In current use,,,https://doi.org/10.1093/OED/2074519953,http://www.oed.com/dictionary/latifundian_adj
coxcomb bird,noun,1734,0,A parrot.,compound,,,Not in use,,sciences/life sciences/animals/birds,https://doi.org/10.1093/OED/7946431897,http://www.oed.com/dictionary/coxcomb-bird_n
Pierrotism,noun,1734,0,The movements or behaviour used to express the…,derivative,,,Not in use,,arts/performing arts/theatre,https://doi.org/10.1093/OED/3194552916,http://www.oed.com/dictionary/pierrotism_n
Spaniardship,noun,1734,0,Used as a (mock) title of respect in speaking to…,derivative,,,Not in use,,,https://doi.org/10.1093/OED/4928044909,http://www.oed.com/dictionary/spaniardship_n
vox pop,noun,1735-,3,The voice of the people; esp. (a) the views or…,shortening,,colloquial and slang,In current use,,"manufacturing and industry/publishing and the book trade/journalism, technology/telecommunications/broadcasting",https://doi.org/10.1093/OED/2259694225,http://www.oed.com/dictionary/vox-pop_n
aleing,noun,c1736-,1,English regional (south-eastern). A social…,derivative,,historical,In current use,Britain and Ireland/British English/English regional/English regional (southern)/English regional (south-eastern),,https://doi.org/10.1093/OED/6591807187,http://www.oed.com/dictionary/aleing_n
meist,noun,1737-,4,An egotist.,derivative,,,In current use,,,https://doi.org/10.1093/OED/2517831123,http://www.oed.com/dictionary/meist_n
not wellish,adjective,1737,0,Somewhat unwell.,derivative,,,Not in use,,sciences/medicine,https://doi.org/10.1093/OED/8734154179,http://www.oed.com/dictionary/not-wellish_adj
shallop,verb,1737-,1,intransitive. To sail or row in a shallop.,conversion,,,In current use,,transport/nautical,https://doi.org/10.1093/OED/5667999297,http://www.oed.com/dictionary/shallop_v
shellery,noun,1737-,0,A depreciatory name for: A grotto.,derivative,,,In current use,,agriculture and horticulture/horticulture,https://doi.org/10.1093/OED/9209476797,http://www.oed.com/dictionary/shellery_n
snob,"noun, adjective",1737-,4,A person who strives to be recognized as having…,unknown,,,In current use,,,https://doi.org/10.1093/OED/9290783874,http://www.oed.com/dictionary/snob_n1
engineer,verb,1738-,6,transitive. To use specialized knowledge or…,conversion,,,In current use,,,https://doi.org/10.1093/OED/1077319311,http://www.oed.com/dictionary/engineer_v
glue stick,noun,1738-,3,"A stick of solid glue, designed to be rubbed…",compound,,,In current use,,,https://doi.org/10.1093/OED/1139975237,http://www.oed.com/dictionary/glue-stick_n
inferencer,noun,1738-,2,One who draws an inference.,derivative,,,In current use,,,https://doi.org/10.1093/OED/4166590635,http://www.oed.com/dictionary/inferencer_n
couplet,verb,a1739-,3,to couplet it: to compose couplets.,conversion,,,In current use,,,https://doi.org/10.1093/OED/6347990643,http://www.oed.com/dictionary/couplet_v
watchment,noun,1740,0,An instance of keeping watch.,derivative,,,Not in use,,,https://doi.org/10.1093/OED/1169610407,http://www.oed.com/dictionary/watchment_n
dramatize,verb,1741-,5,transitive. To convert (a literary work) into a…,borrowing,,,In current use,,arts/performing arts/theatre,https://doi.org/10.1093/OED/5550717112,http://www.oed.com/dictionary/dramatize_v
first sight,noun,1741-,5,"a. See at first sight at sight, n.¹ II.6a, love…",compound,,,In current use,,,https://doi.org/10.1093/OED/8011621222,http://www.oed.com/dictionary/first-sight_n
flatterable,adjective,1742-,1,"That may be flattered, susceptible to flattery.",derivative,,,In current use,,,https://doi.org/10.1093/OED/9396841923,http://www.oed.com/dictionary/flatterable_adj
leucocholy,noun,1742-,1,(See quot.).,,,,In current use,,sciences/medicine,https://doi.org/10.1093/OED/3124363220,http://www.oed.com/dictionary/leucocholy_n
operish,adjective,1742,0,"Of, relating to, or characteristic of opera.",derivative,,,Not in use,,arts/performing arts/music,https://doi.org/10.1093/OED/1137423137,http://www.oed.com/dictionary/operish_adj
wittified,adjective,1742-,0,Possessed of wit.,derivative,,,In current use,,,https://doi.org/10.1093/OED/1980297311,http://www.oed.com/dictionary/wittified_adj
heel sophist,noun,1743,0,A person knowledgeable in the art of dancing.,compound,,humorous,Not in use,,arts/performing arts/dance,https://doi.org/10.1093/OED/1017017829,http://www.oed.com/dictionary/heel-sophist_n
parsoned,adjective,1743-,1,"Of a parish, etc.: provided with a parson. rare.",derivative,,colloquial and slang,In current use,Britain and Ireland/British English/English regional/English regional (eastern),,https://doi.org/10.1093/OED/2423516367,http://www.oed.com/dictionary/parsoned_adj
quodlibetificate,verb,?1743,0,transitive. To deal with (a word) quibblingly.,compound,,,Not in use,,,https://doi.org/10.1093/OED/7830242915,http://www.oed.com/dictionary/quodlibetificate_v
lobster-night,noun,a1744-,1,? a night celebrated by a lobster supper.,compound,,,In current use,,,https://doi.org/10.1093/OED/1117717308,http://www.oed.com/dictionary/lobster-night_n
improveress,noun,1744,0,A female improver.,derivative,,,Not in use,,,https://doi.org/10.1093/OED/5990486543,http://www.oed.com/dictionary/improveress_n
Caligulism,noun,1745-,0,A mad extravagance such as Caligula committed.,proper name,,,In current use,,,https://doi.org/10.1093/OED/6636629532,http://www.oed.com/dictionary/caligulism_n
processionade,noun,1745-1809,0,An epic of a procession.,derivative,,,Not in use,,arts,https://doi.org/10.1093/OED/2474194839,http://www.oed.com/dictionary/processionade_n
lozenge-coach,noun,1746-,0,A coach with the owner's coat of arms emblazoned…,compound,,,In current use,,heraldry,https://doi.org/10.1093/OED/7020662084,http://www.oed.com/dictionary/lozenge-coach_n
papisticate,verb,1746,0,transitive. To convert to Roman Catholicism.,derivative,,,Not in use,,religion and belief/religion/Christianity/Roman Catholic Church,https://doi.org/10.1093/OED/1075735393,http://www.oed.com/dictionary/papisticate_v
mistressly,adjective,1747-,1,Resembling or characteristic of a woman…,derivative,,,In current use,,,https://doi.org/10.1093/OED/4204726346,http://www.oed.com/dictionary/mistressly_adj
mushroom,verb,1747-,4,"intransitive. To increase, develop, or spread rapidly.",conversion,,,In current use,,,https://doi.org/10.1093/OED/3689064596,http://www.oed.com/dictionary/mushroom_v
needle-housewifery,noun,1747,0,Darning.,compound,,,Not in use,,crafts and trades/textiles/needlework,https://doi.org/10.1093/OED/4378974547,http://www.oed.com/dictionary/needle-housewifery_n
out-grandfather,verb,1747,0,(transitive) to do out of a grandfather.,derivative,,,Not in use,,,https://doi.org/10.1093/OED/1612937928,http://www.oed.com/dictionary/out-grandfather_v
out-uncle,verb,1747,0,(transitive) to do out of an uncle.,derivative,,,Not in use,,,https://doi.org/10.1093/OED/5877105043,http://www.oed.com/dictionary/out-uncle_v
rascaless,noun,1747,0,A female rascal.,derivative,,,Not in use,,,https://doi.org/10.1093/OED/4599281994,http://www.oed.com/dictionary/rascaless_n
scramblement,noun,1747-,0,The action or an act of scrambling.,derivative,,,In current use,,,https://doi.org/10.1093/OED/1368140239,http://www.oed.com/dictionary/scramblement_n
stop-short,adjective,1747-,1,That stops short of its proper object.,compound,,,In current use,,,https://doi.org/10.1093/OED/1075687871,http://www.oed.com/dictionary/stop-short_adj
indifferenced,adjective,1748-,1,"Covered over with indifference, having an outward…",derivative,,,In current use,,,https://doi.org/10.1093/OED/2883299109,http://www.oed.com/dictionary/indifferenced_adj
modesty,verb,1748,0,transitive. To throw away through prudery.,conversion,,,Not in use,,,https://doi.org/10.1093/OED/6780161590,http://www.oed.com/dictionary/modesty_v
over-do,adjective,1748,0,"= overdoing, adj.",conversion,,,Not in use,,,https://doi.org/10.1093/OED/6217801412,http://www.oed.com/dictionary/over-do_adj
parade,verb,1748-,5,"intransitive. Of troops, etc.: to assemble for…",conversion,,,In current use,,,https://doi.org/10.1093/OED/4417144098,http://www.oed.com/dictionary/parade_v
surmisant,noun,1748-,0,A surmiser.,derivative,,,In current use,,,https://doi.org/10.1093/OED/3752677227,http://www.oed.com/dictionary/surmisant_n
Dutch defence,noun,1749,0,"Surrender, capitulation.",compound,,,Not in use,,,https://doi.org/10.1093/OED/7382629427,http://www.oed.com/dictionary/dutch-defence_n
father-in-law,verb,1749,0,transitive. To call (a man) father-in-law.,conversion,,,Not in use,,,https://doi.org/10.1093/OED/5224938715,http://www.oed.com/dictionary/father-in-law_v
knick-knackically,adverb,1749-,0,"In a knick-knackish way, frivolously.",derivative,,,In current use,,,https://doi.org/10.1093/OED/1385732808,http://www.oed.com/dictionary/knick-knackically_adv
prosai-comi-epic,adjective,1749,0,"Combining prosaic, comic, and epic qualities or…",compound,,,Not in use,,,https://doi.org/10.1093/OED/6024931431,http://www.oed.com/dictionary/prosai-comi-epic_adj
tarhood,noun,1749-,0,The general body of sailors; sailors collectively.,derivative,,,In current use,,transport/nautical,https://doi.org/10.1093/OED/3057851207,http://www.oed.com/dictionary/tarhood_n
urnary,noun,1750,0,The designing or making of urns.,derivative,,,Not in use,,,https://doi.org/10.1093/OED/1209995011,http://www.oed.com/dictionary/urnary_n
diamond,verb,1751-,2,To make glittering like a diamond.,conversion,,,In current use,,,https://doi.org/10.1093/OED/2595024481,http://www.oed.com/dictionary/diamond_v
post-obit,"noun, adjective",1751-,2,Taking effect after someone's death. Esp. in…,borrowing,,,In current use,,law,https://doi.org/10.1093/OED/8055210455,http://www.oed.com/dictionary/post-obit_n
trousered,adjective,1752-,0,Wearing or dressed in trousers (in various…,derivative,,,In current use,,crafts and trades/costume,https://doi.org/10.1093/OED/1058265258,http://www.oed.com/dictionary/trousered_adj
intermingledom,noun,1753-,1,"= interminglement, n.",derivative,,,In current use,,,https://doi.org/10.1093/OED/5420803102,http://www.oed.com/dictionary/intermingledom_n
mutteration,noun,1753,0,The action of muttering.,derivative,,,Not in use,,,https://doi.org/10.1093/OED/1205241229,http://www.oed.com/dictionary/mutteration_n
pray-pray,adjective,1753,0,Like a person saying ‘Pray! pray!’; beseeching or…,compound,,,Not in use,,,https://doi.org/10.1093/OED/6339859840,http://www.oed.com/dictionary/pray-pray_adj
reflectorial,adjective,1753-,1,"Physiology. = reflex, adj. I.3. rare.",derivative,,,In current use,,"sciences/medicine/neurology, sciences/medicine/physiology",https://doi.org/10.1093/OED/3965006346,http://www.oed.com/dictionary/reflectorial_adj
sentimentize,verb,1753,0,"intransitive. ? = sentimentalize, v. 1.",derivative,,,Not in use,,,https://doi.org/10.1093/OED/6982677045,http://www.oed.com/dictionary/sentimentize_v
strangleable,adjective,1753-,0,Capable of being strangled.,derivative,,,In current use,,,https://doi.org/10.1093/OED/6567822017,http://www.oed.com/dictionary/strangleable_adj
scolding-stock,noun,a1754-,1,An object for scolding.,compound,,,In current use,,,https://doi.org/10.1093/OED/2630256101,http://www.oed.com/dictionary/scolding-stock_n
extravaganza,noun,1754-,4,"A composition, literary, musical or dramatic, of…",borrowing,,,In current use,,"arts/performing arts/music, arts/performing arts/theatre",https://doi.org/10.1093/OED/5251397303,http://www.oed.com/dictionary/extravaganza_n
littered,adjective,1754-,4,"Employed or strewn as litter; also, scattered in…",derivative,,,In current use,,,https://doi.org/10.1093/OED/8953160884,http://www.oed.com/dictionary/littered_adj
parallelist,noun,1754-,3,A person who draws parallels or comparisons. Also…,derivative,,,In current use,,,https://doi.org/10.1093/OED/4159875269,http://www.oed.com/dictionary/parallelist_n
rusk,verb,1754-,2,transitive. To toast or crisp (bread or cake)…,conversion,,,In current use,,consumables/food and cooking,https://doi.org/10.1093/OED/8123298782,http://www.oed.com/dictionary/rusk_v2
seringahood,noun,1754,0,The condition of abounding in seringa blossom.,derivative,,,Not in use,,,https://doi.org/10.1093/OED/9339401897,http://www.oed.com/dictionary/seringahood_n
throw-over,"adjective, noun",1754-,2,Of a piece of material: that can be draped or…,conversion,,,In current use,,crafts and trades,https://doi.org/10.1093/OED/4999955511,http://www.oed.com/dictionary/throw-over_adj
visitment,noun,1754-,0,A visit or visitation.,derivative,,,In current use,,,https://doi.org/10.1093/OED/9788964749,http://www.oed.com/dictionary/visitment_n
out-fort,verb,1755,0,transitive. To have more forts than.,derivative,,,Not in use,,military/fortification,https://doi.org/10.1093/OED/3260271909,http://www.oed.com/dictionary/out-fort_v
repatrioted,adjective,1755,0,That has become patriotic again.,derivative,,,Not in use,,,https://doi.org/10.1093/OED/3263085038,http://www.oed.com/dictionary/repatrioted_adj
turtle,verb,a1756-,3,intransitive. To catch or ‘fish’ for turtle.,conversion,,,In current use,,,https://doi.org/10.1093/OED/9174929686,http://www.oed.com/dictionary/turtle_v2
grimalkined,adjective,1756-,0,Vexed by a ‘grimalkin’.,derivative,,,In current use,,,https://doi.org/10.1093/OED/9081494417,http://www.oed.com/dictionary/grimalkined_adj
mortar-man,noun,1756-,3,†a. An apothecary (obsolete); b. Military a…,compound,,,In current use,,military,https://doi.org/10.1093/OED/4318189834,http://www.oed.com/dictionary/mortar-man_n
tariff,verb,1756-,4,transitive. To subject to a tariff-duty; to fix…,conversion,,,In current use,,economics and commerce,https://doi.org/10.1093/OED/1068124764,http://www.oed.com/dictionary/tariff_v
exulting,adjective,1757-,3,"That exults; exultant, triumphantly joyful.",derivative,,,In current use,,,https://doi.org/10.1093/OED/7232881691,http://www.oed.com/dictionary/exulting_adj
wind screen,noun,1757,0,A free-standing apparatus used for winnowing…,compound,,,Not in use,,,https://doi.org/10.1093/OED/7864158082,http://www.oed.com/dictionary/wind-screen_n2
criticality,noun,1758-,4,Nuclear Physics. The state of a nuclear reactor…,derivative,,,In current use,,,https://doi.org/10.1093/OED/6276167740,http://www.oed.com/dictionary/criticality_n
cup holder,noun,1759-,4,A receptacle for holding a cup. Now: esp. a…,compound,,,In current use,,,https://doi.org/10.1093/OED/6322101882,http://www.oed.com/dictionary/cup-holder_n
box head,noun,1760-,2,Originally Printing. An indented heading in a…,compound,,,In current use,,crafts and trades/printing and typography,https://doi.org/10.1093/OED/8162569452,http://www.oed.com/dictionary/box-head_n
heroine,verb,1760,0,transitive with it as object. To act or play the…,conversion,,,Not in use,,,https://doi.org/10.1093/OED/1135590715,http://www.oed.com/dictionary/heroine_v
hussarian,noun,1760,0,Apparently: a person born or living in Germany or…,blend,,,Not in use,,,https://doi.org/10.1093/OED/1008773623,http://www.oed.com/dictionary/hussarian_n
incumbentess,noun,1760-,0,A female incumbent or occupant.,derivative,,,In current use,,,https://doi.org/10.1093/OED/1135825840,http://www.oed.com/dictionary/incumbentess_n
junketaceous,adjective,1760,0,Given to junketing or merrymaking.,derivative,,,Not in use,,,https://doi.org/10.1093/OED/7027089750,http://www.oed.com/dictionary/junketaceous_adj
modernicide,noun,1760,0,"A person who kills ‘moderns’ (see modernist, n. A.2).",compound,,,Not in use,,,https://doi.org/10.1093/OED/7310874365,http://www.oed.com/dictionary/modernicide_n
mud-quake,noun,1760,0,An earthquake occurring in muddy or marshy terrain.,compound,,,Not in use,,,https://doi.org/10.1093/OED/6808280599,http://www.oed.com/dictionary/mud-quake_n
pam-child,noun,1760,0,A male child.,compound,,,Not in use,,sport and leisure/games/cards,https://doi.org/10.1093/OED/9619845768,http://www.oed.com/dictionary/pam-child_n
pupilability,noun,1761,0,"Perhaps: confidentiality, confidential character…",derivative,,,Not in use,,,https://doi.org/10.1093/OED/1080235746,http://www.oed.com/dictionary/pupilability_n
scientintically,adverb,1761,0,With reference to the scientific study of colour.,variant,,humorous,Not in use,,,https://doi.org/10.1093/OED/6948062326,http://www.oed.com/dictionary/scientintically_adv
squirtical,adjective,1761-,0,Concerned with a squirt or syringe.,derivative,,,In current use,,,https://doi.org/10.1093/OED/6756290952,http://www.oed.com/dictionary/squirtical_adj
deparochiate,verb,1762,0,intransitive. To depart from one's own parish.,borrowing,,,Not in use,,,https://doi.org/10.1093/OED/1482617971,http://www.oed.com/dictionary/deparochiate_v
lackeyed,adjective,1762-,1,Attended by lackeys.,derivative,,,In current use,,,https://doi.org/10.1093/OED/1136075637,http://www.oed.com/dictionary/lackeyed_adj
leopardized,adjective,1762,0,A lion represented as passant guardant.,derivative,,,Not in use,,,https://doi.org/10.1093/OED/9100339725,http://www.oed.com/dictionary/leopardized_adj
stem-house,noun,1762-,0,The ancestral mansion of a family.,compound,,,In current use,,,https://doi.org/10.1093/OED/5224072719,http://www.oed.com/dictionary/stem-house_n
horse-laugh,verb,1763-,2,(intransitive) to give vent to a horse-laugh or a…,conversion,,,In current use,,sport and leisure/horses and riding,https://doi.org/10.1093/OED/9114619083,http://www.oed.com/dictionary/horse-laugh_v
mononeirist,noun,1763,0,A person who has only ever dreamed once.,borrowing,,,Not in use,,,https://doi.org/10.1093/OED/1077676857,http://www.oed.com/dictionary/mononeirist_n
North-Britonize,verb,1764,0,"transitive. To publish in The North Briton, esp…",proper name,,,Not in use,,,https://doi.org/10.1093/OED/8738452515,http://www.oed.com/dictionary/north-britonize_v
statico-physiological,adjective,1764,0,Concerned with both statics and physiology in…,compound,,,Not in use,,"sciences/medicine/physiology, sciences/physical sciences/physics/dynamics",https://doi.org/10.1093/OED/1078725609,http://www.oed.com/dictionary/statico-physiological_adj
sweetmeat,verb,1764-,3,transitive. To ornament or decorate (something)…,conversion,,,In current use,,,https://doi.org/10.1093/OED/3714391264,http://www.oed.com/dictionary/sweetmeat_v
iracundulous,adjective,1765-,0,Inclined to anger; irascible.,borrowing,,,In current use,,,https://doi.org/10.1093/OED/8941595560,http://www.oed.com/dictionary/iracundulous_adj
liberalize,verb,1765-,5,transitive. Economics. To remove or loosen…,derivative,,,In current use,,,https://doi.org/10.1093/OED/6556523821,http://www.oed.com/dictionary/liberalize_v
lilac-tide,noun,1765-,1,The time when lilac is in bloom.,compound,,,In current use,,,https://doi.org/10.1093/OED/3431027977,http://www.oed.com/dictionary/lilac-tide_n
mariturient,adjective,1765,0,Eager to marry.,borrowing,,,Not in use,,,https://doi.org/10.1093/OED/8196986292,http://www.oed.com/dictionary/mariturient_adj
sweet sixteen,noun,?1765-,2,Originally and chiefly North American. A girl's…,compound,,,In current use,,,https://doi.org/10.1093/OED/5359954290,http://www.oed.com/dictionary/sweet-sixteen_n
mobilar,adjective,1766,0,Relating to the mob.,derivative,,,Not in use,,,https://doi.org/10.1093/OED/8709035044,http://www.oed.com/dictionary/mobilar_adj
mobilarity,noun,1766,0,"The fact or condition of being favoured, admired…",derivative,,,Not in use,,,https://doi.org/10.1093/OED/1001918614,http://www.oed.com/dictionary/mobilarity_n
tutorial,"adjective, noun",1766-,5,Of or pertaining to a teacher or instructor; esp…,borrowing,,,In current use,,education,https://doi.org/10.1093/OED/8622357245,http://www.oed.com/dictionary/tutorial_adj
viricide,noun,1766-,2,The slaying of men or of husbands.,borrowing,,,In current use,,,https://doi.org/10.1093/OED/1263715735,http://www.oed.com/dictionary/viricide_n1
intolerate,verb,1767,0,transitive. Not to tolerate; to treat with intolerance.,derivative,,,Not in use,,,https://doi.org/10.1093/OED/3586812419,http://www.oed.com/dictionary/intolerate_v
rapster,noun,1767-,1,"colloquial (originally U.S.). = rapper, n. II.6b.",derivative,,colloquial and slang,In current use,North American English/U.S. English,arts/performing arts/music,https://doi.org/10.1093/OED/1082555518,http://www.oed.com/dictionary/rapster_n
sniveldom,noun,1767-,0,A slight cold causing one to snivel.,derivative,,,In current use,,,https://doi.org/10.1093/OED/8251582634,http://www.oed.com/dictionary/sniveldom_n
luxuriety,noun,a1768,0,Luxuriance.,derivative,,,Not in use,,,https://doi.org/10.1093/OED/4298097004,http://www.oed.com/dictionary/luxuriety_n
indifferencist,noun,1768-,0,One who maintains the indifference or…,derivative,,,In current use,,,https://doi.org/10.1093/OED/8931034053,http://www.oed.com/dictionary/indifferencist_n
laddess,noun,1768-,1,"A girl, lass.",derivative,,,In current use,,,https://doi.org/10.1093/OED/9045060519,http://www.oed.com/dictionary/laddess_n
mothersickness,noun,1768-,0,"Hysteria. Cf. mothersick, adj. 1.",compound,,,In current use,,sciences/medicine/psychology/psychiatry,https://doi.org/10.1093/OED/4913407632,http://www.oed.com/dictionary/mothersickness_n
teatabellically,adverb,1768,0,"At the tea-table, in familiar conversation at tea.",,,humorous,Not in use,,,https://doi.org/10.1093/OED/5141619752,http://www.oed.com/dictionary/teatabellically_adv
totipresent,adjective,1768,0,Present throughout the whole of a space.,borrowing,,,Not in use,,,https://doi.org/10.1093/OED/4949385354,http://www.oed.com/dictionary/totipresent_adj
benefactorate,verb,1769-,0,To act the benefactor to; to benefaction.,derivative,,,In current use,,,https://doi.org/10.1093/OED/1077442464,http://www.oed.com/dictionary/benefactorate_v
stealage,noun,1769-,1,Losses due to stealing.,derivative,,,In current use,,,https://doi.org/10.1093/OED/5298191984,http://www.oed.com/dictionary/stealage_n
deorsum,adverb,1770-,3,Downward.,borrowing,,,In current use,,,https://doi.org/10.1093/OED/3219197774,http://www.oed.com/dictionary/deorsum_adv
harmoniac,adjective,1771,0,"Relating to harmony, or to the cultivation of…",borrowing,,,Not in use,,arts/performing arts/music,https://doi.org/10.1093/OED/2265226710,http://www.oed.com/dictionary/harmoniac_adj
shackledom,noun,1771-,0,The condition of being bound with shackles. (In…,derivative,,,In current use,,,https://doi.org/10.1093/OED/3746532661,http://www.oed.com/dictionary/shackledom_n
imposturize,verb,1772,0,transitive. To mimic the postures of.,derivative,,,Not in use,,,https://doi.org/10.1093/OED/7846810512,http://www.oed.com/dictionary/imposturize_v2
robberaceously,adverb,1772,0,In a manner suggestive of robbers.,derivative,,,Not in use,,,https://doi.org/10.1093/OED/1198677388,http://www.oed.com/dictionary/robberaceously_adv
subjectess,noun,1772,0,A female subject.,derivative,,,Not in use,,,https://doi.org/10.1093/OED/7674240461,http://www.oed.com/dictionary/subjectess_n
testamentiferous,adjective,1772,0,Bearing the covenant: applied to the Jewish ‘ark…,borrowing,,,Not in use,,,https://doi.org/10.1093/OED/1165363002,http://www.oed.com/dictionary/testamentiferous_adj
tapinophoby,noun,1773,0,(See quot. 1773.),borrowing,,,Not in use,,,https://doi.org/10.1093/OED/6340725465,http://www.oed.com/dictionary/tapinophoby_n
colteity,noun,a1774-,0,Quality of being a colt.,derivative,,,In current use,,,https://doi.org/10.1093/OED/8409988623,http://www.oed.com/dictionary/colteity_n
geldingeity,noun,a1774,0,The quality of being a gelding.,derivative,,,Not in use,,,https://doi.org/10.1093/OED/7528026646,http://www.oed.com/dictionary/geldingeity_n
gypsiety,noun,a1774,0,The quality or condition of being a Gypsy.,derivative,,,Not in use,,,https://doi.org/10.1093/OED/9969345193,http://www.oed.com/dictionary/gypsiety_n
incorporeity,noun,a1774,0,The quality of being incorporated.,derivative,,,Not in use,,,https://doi.org/10.1093/OED/4175813532,http://www.oed.com/dictionary/incorporeity_n2
juntocracy,noun,1774-,0,Government by a junto.,derivative,,,In current use,,,https://doi.org/10.1093/OED/2016848577,http://www.oed.com/dictionary/juntocracy_n
poker,verb,1774-,3,"transitive. To take a poker to; to poke, stir, or…",conversion,,,In current use,,,https://doi.org/10.1093/OED/7688349563,http://www.oed.com/dictionary/poker_v
bee wine,noun,1775-,0,An alcoholic beverage made using a culture of…,compound,,historical,In current use,,"consumables/drink, sciences/life sciences/microbiology/bacteria",https://doi.org/10.1093/OED/2630583325,http://www.oed.com/dictionary/bee-wine_n
devilade,noun,1775,0,A social gathering or entertainment regarded as…,derivative,,,Not in use,,,https://doi.org/10.1093/OED/2251467910,http://www.oed.com/dictionary/devilade_n
Ethiopianism,noun,1775-,3,South African. The religious and political…,derivative,,,In current use,African English/South African English,"politics, religion and belief/religion",https://doi.org/10.1093/OED/4762742955,http://www.oed.com/dictionary/ethiopianism_n
hieromancy,noun,1775-,1,Divination from the observation of objects…,borrowing,,,In current use,,religion and belief/religion,https://doi.org/10.1093/OED/9289530327,http://www.oed.com/dictionary/hieromancy_n
quiverante,noun,1775,0,Tremulous quality or tone of voice.,compound,,,Not in use,,arts/performing arts/music,https://doi.org/10.1093/OED/3567226481,http://www.oed.com/dictionary/quiverante_n
swamper,noun,1775-,3,"U.S. An assistant to a driver of horses, mules…",derivative,,colloquial and slang,In current use,North American English/U.S. English,,https://doi.org/10.1093/OED/9534076787,http://www.oed.com/dictionary/swamper_n
theophysical,adjective,1775-,0,"Physical, but ordered by God.",compound,,,In current use,,,https://doi.org/10.1093/OED/1008252753,http://www.oed.com/dictionary/theophysical_adj
wind catcher,noun,?1775-,2,Originally and chiefly in Middle Eastern…,compound,,,In current use,,manufacturing and industry/building/architecture,https://doi.org/10.1093/OED/7398599119,http://www.oed.com/dictionary/wind-catcher_n
enemyship,noun,1776-,2,The position or relation of an enemy.,derivative,,,In current use,,,https://doi.org/10.1093/OED/9311607743,http://www.oed.com/dictionary/enemyship_n
gropery,noun,1777-,0,The action of groping (in the dark).,derivative,,,In current use,,,https://doi.org/10.1093/OED/9953262526,http://www.oed.com/dictionary/gropery_n
aerialist,noun,1778-,3,An aerial performer; spec. a person who performs…,derivative,,,In current use,,arts,https://doi.org/10.1093/OED/1041522854,http://www.oed.com/dictionary/aerialist_n
buckling,noun,1778,0,A young buck; a little fop.,derivative,,,Not in use,,,https://doi.org/10.1093/OED/1109153905,http://www.oed.com/dictionary/buckling_n2
catwalk,noun,1778-,4,A platform or walkway along which models walk to…,compound,,,In current use,,"arts/performing arts/theatre, crafts and trades/costume",https://doi.org/10.1093/OED/9165501947,http://www.oed.com/dictionary/catwalk_n
Londonize,verb,1778-,2,transitive. To make like London or its inhabitants.,derivative,,,In current use,,,https://doi.org/10.1093/OED/8447643294,http://www.oed.com/dictionary/londonize_v
anti-conductor,noun,1779,0,In a frictional electrostatic machine: a glass…,derivative,,,Not in use,,,https://doi.org/10.1093/OED/7963175743,http://www.oed.com/dictionary/anti-conductor_n
daintification,noun,1780-,1,Daintified condition.,derivative,,,In current use,,,https://doi.org/10.1093/OED/9036291224,http://www.oed.com/dictionary/daintification_n
daintify,verb,1780-,0,transitive. To make dainty.,derivative,,,In current use,,,https://doi.org/10.1093/OED/1052015506,http://www.oed.com/dictionary/daintify_v
demonosopher,noun,1780,0,A person inspired by a demon or by the Devil.,compound,,,Not in use,,religion and belief/belief systems and practices/occult,https://doi.org/10.1093/OED/3320327034,http://www.oed.com/dictionary/demonosopher_n
dismal,verb,1780,0,intransitive. To feel dismal or melancholy.,conversion,,,Not in use,,,https://doi.org/10.1093/OED/1023489833,http://www.oed.com/dictionary/dismal_v
archbishopess,noun,1781-,0,The wife of an archbishop.,derivative,,,In current use,,religion and belief/religion,https://doi.org/10.1093/OED/6246163364,http://www.oed.com/dictionary/archbishopess_n
groom,verb,1781-,5,"transitive. Originally: to feed, water, and take…",conversion,,,In current use,,,https://doi.org/10.1093/OED/8124366127,http://www.oed.com/dictionary/groom_v
mastiff day,noun,1781,0,A very hot day.,compound,,,Not in use,,,https://doi.org/10.1093/OED/7106433462,http://www.oed.com/dictionary/mastiff-day_n
nimble-fingers,noun,1781,0,(Applied to) a juggler.,compound,,,Not in use,,arts/performing arts/conjuring,https://doi.org/10.1093/OED/7413371783,http://www.oed.com/dictionary/nimble-fingers_n
wit-ess,noun,1781-,0,A female wit.,derivative,,,In current use,,,https://doi.org/10.1093/OED/9718377037,http://www.oed.com/dictionary/wit-ess_n
clipster,noun,1782-,0,A female clipper.,derivative,,,In current use,,,https://doi.org/10.1093/OED/1515386683,http://www.oed.com/dictionary/clipster_n
gun-sleeved,adjective,1782,0,(Of a garment) having gun-shaped sleeves.,compound,,,Not in use,,crafts and trades/costume,https://doi.org/10.1093/OED/8491534858,http://www.oed.com/dictionary/gun-sleeved_adj
insensiblist,noun,1782,0,One who professes insensibility or apathy.,derivative,,,Not in use,,,https://doi.org/10.1093/OED/6548995545,http://www.oed.com/dictionary/insensiblist_n
nostalgic,"adjective, noun",1782-,5,Of the nature of or caused by nostalgia…,derivative,,,In current use,,,https://doi.org/10.1093/OED/7393000711,http://www.oed.com/dictionary/nostalgic_adj
refugeeship,noun,1782-,1,a. The state or fact of being a refugee; †b. in…,derivative,,,In current use,,,https://doi.org/10.1093/OED/4728549813,http://www.oed.com/dictionary/refugeeship_n
semiquaver,verb,1782-,2,To drive away with playing semiquavers.,conversion,,,In current use,,arts/performing arts/music,https://doi.org/10.1093/OED/9721688436,http://www.oed.com/dictionary/semiquaver_v
shilly-shally,verb,1782-,3,"intransitive. To vacillate, be irresolute or undecided.",conversion,,,In current use,,,https://doi.org/10.1093/OED/5821266449,http://www.oed.com/dictionary/shilly-shally_v
ceramean,adjective,1783-,0,Of or pertaining to a potter.,borrowing,,,In current use,,,https://doi.org/10.1093/OED/6789923364,http://www.oed.com/dictionary/ceramean_adj
convicinity,noun,1783,0,Vicinity to each other.,derivative,,,Not in use,,,https://doi.org/10.1093/OED/1185343547,http://www.oed.com/dictionary/convicinity_n
literation,noun,1783-,2,The action or process of representing (sounds or…,borrowing,,,In current use,,arts/decorative arts/handwriting and calligraphy,https://doi.org/10.1093/OED/1003073497,http://www.oed.com/dictionary/literation_n
airgonation,noun,1784,0,Travel through the air by means of a hot-air…,derivative,,humorous,Not in use,,transport/aviation,https://doi.org/10.1093/OED/5603545649,http://www.oed.com/dictionary/airgonation_n
blue-stocking,verb,1784,0,transitive (reflexive). To don blue stockings…,conversion,,,Not in use,,,https://doi.org/10.1093/OED/6184768472,http://www.oed.com/dictionary/blue-stocking_v
foster-feeling,noun,1784,0,"One who ‘fosters feeling’, a sentimental person.",compound,,,Not in use,,,https://doi.org/10.1093/OED/4870660921,http://www.oed.com/dictionary/foster-feeling_n
pulpitary,adjective,1784,0,"= pulpitical, adj.",derivative,,,Not in use,,religion and belief/religion/Christianity,https://doi.org/10.1093/OED/3250100746,http://www.oed.com/dictionary/pulpitary_adj
syllable-monger,noun,1784-,0,One who makes verses (regarded merely as an…,compound,,,In current use,,,https://doi.org/10.1093/OED/1021962768,http://www.oed.com/dictionary/syllable-monger_n
escritorial,adjective,1785-,1,Of or pertaining to an escritoire.,,,,In current use,,,https://doi.org/10.1093/OED/3854927264,http://www.oed.com/dictionary/escritorial_adj
heel-way,noun,1785-,1,Hunting. With reference to a hound following a…,compound,,,In current use,,"sport and leisure/hunting, fishing, and shooting/hunting",https://doi.org/10.1093/OED/1423741113,http://www.oed.com/dictionary/heel-way_n
goose-capical,adjective,c1785-,0,Foolish.,derivative,,,In current use,,,https://doi.org/10.1093/OED/3439058765,http://www.oed.com/dictionary/goose-capical_adj
dearthful,adjective,1786,0,"Costly, expensive.",derivative,,,Not in use,,economics and commerce,https://doi.org/10.1093/OED/1143494989,http://www.oed.com/dictionary/dearthful_adj
stumpling,noun,1786-,0,A little stump.,derivative,,,In current use,,,https://doi.org/10.1093/OED/1989118220,http://www.oed.com/dictionary/stumpling_n
toilet service,noun,1786-,2,a. (Perhaps) service to ladies; b. a set of…,compound,,,In current use,,,https://doi.org/10.1093/OED/8464695122,http://www.oed.com/dictionary/toilet-service_n
glutless,adjective,1787-,0,Insatiable.,derivative,,,In current use,,,https://doi.org/10.1093/OED/5113851935,http://www.oed.com/dictionary/glutless_adj
memorandumer,noun,1787,0,A person who makes memoranda.,derivative,,,Not in use,,,https://doi.org/10.1093/OED/6746876415,http://www.oed.com/dictionary/memorandumer_n
blue bag,noun,1788-,3,A barrister's (originally a solicitor's) brief…,compound,,,In current use,,law,https://doi.org/10.1093/OED/4481028540,http://www.oed.com/dictionary/blue-bag_n
carbonic,"adjective, noun",1788-,4,Chemistry. Of or relating to carbon or its…,derivative,,,In current use,,sciences/physical sciences/chemistry/organic chemistry,https://doi.org/10.1093/OED/9452279348,http://www.oed.com/dictionary/carbonic_adj
columnarish,adjective,1788-,0,‘Somewhat resembling a column. (A bad word)’…,derivative,,,In current use,,,https://doi.org/10.1093/OED/3852938580,http://www.oed.com/dictionary/columnarish_adj
dashism,noun,1788,0,The characteristic of being daringly bold. Cf…,derivative,,,Not in use,,,https://doi.org/10.1093/OED/2807279281,http://www.oed.com/dictionary/dashism_n
magnum,noun,1788-,4,"A bottle for wine, spirits, etc., twice the…",shortening,,,In current use,,,https://doi.org/10.1093/OED/6115579331,http://www.oed.com/dictionary/magnum_n1
pushery,noun,1788,0,"Pushiness. Cf. push, v. II.10.",derivative,,,Not in use,,,https://doi.org/10.1093/OED/9250669441,http://www.oed.com/dictionary/pushery_n
fire point,noun,1789-,3,Chiefly poetic. A point of light; esp. a star.,compound,,poetic and literary,In current use,,,https://doi.org/10.1093/OED/4874498004,http://www.oed.com/dictionary/fire-point_n
hobber-nobbers,adverb,1789,0,Perhaps (with reference to drinking together)…,variant,,,Not in use,,,https://doi.org/10.1093/OED/8381748060,http://www.oed.com/dictionary/hobber-nobbers_adv
row,verb,1789-,4,"intransitive. To make a row, commotion, or…",conversion,,colloquial and slang,In current use,,,https://doi.org/10.1093/OED/5044912071,http://www.oed.com/dictionary/row_v6
anaphoric,"adjective, noun",1790-,4,Grammar and Linguistics. Of or relating to…,derivative,,,In current use,,language/linguistics/grammar,https://doi.org/10.1093/OED/1071211866,http://www.oed.com/dictionary/anaphoric_adj
hustler,noun,1790-,4,Originally and chiefly North American. A person…,derivative,,colloquial and slang,In current use,North American English,,https://doi.org/10.1093/OED/1048554845,http://www.oed.com/dictionary/hustler_n
Methusalemess,noun,1790,0,A very old or long-lived woman.,derivative,,,Not in use,,,https://doi.org/10.1093/OED/1158600420,http://www.oed.com/dictionary/methusalemess_n
papyrophobia,noun,1790,0,Fear of paper.,compound,,,Not in use,,sciences/medicine/psychology/psychiatry,https://doi.org/10.1093/OED/1680144856,http://www.oed.com/dictionary/papyrophobia_n
subhuman,"adjective, noun",1790-,4,Of a lower order of being than humans; belonging…,derivative,,,In current use,,,https://doi.org/10.1093/OED/1564515102,http://www.oed.com/dictionary/subhuman_adj
cameranious,adjective,1791,0,Of the nature of chamber music.,borrowing,,,Not in use,,,https://doi.org/10.1093/OED/5537894232,http://www.oed.com/dictionary/cameranious_adj
cataloguish,adjective,1791-,0,Savouring of a catalogue.,derivative,,,In current use,,,https://doi.org/10.1093/OED/1203836909,http://www.oed.com/dictionary/cataloguish_adj
improper,verb,1791,0,intransitive. To behave improperly.,conversion,,,Not in use,,,https://doi.org/10.1093/OED/8194702869,http://www.oed.com/dictionary/improper_v2
liceling,noun,1791-,0,A little louse.,derivative,,,In current use,,sciences/life sciences/animals/invertebrates/insects,https://doi.org/10.1093/OED/3590592030,http://www.oed.com/dictionary/liceling_n
mitrous,adjective,1791,0,Relating to a mitre or bishopric.,derivative,,,Not in use,,,https://doi.org/10.1093/OED/1065642389,http://www.oed.com/dictionary/mitrous_adj
nothingousian,noun,1791,0,A person who has no opinion concerning the Second…,compound,,,Not in use,,religion and belief/religion,https://doi.org/10.1093/OED/2558540134,http://www.oed.com/dictionary/nothingousian_n
poppean,adjective,1791,0,Of or resembling opium or its effects; soporific.,derivative,,,Not in use,,drug use,https://doi.org/10.1093/OED/5721606302,http://www.oed.com/dictionary/poppean_adj
procumb,verb,1791,0,intransitive. To prostrate oneself.,borrowing,,,Not in use,,,https://doi.org/10.1093/OED/7174026410,http://www.oed.com/dictionary/procumb_v
puppyess,noun,1791,0,"A female puppy (puppy, n. 2a); a foolish…",derivative,,,Not in use,,,https://doi.org/10.1093/OED/1131880342,http://www.oed.com/dictionary/puppyess_n
quatre-crested,adjective,1791,0,Having four crests.,borrowing,,,Not in use,,military/armour,https://doi.org/10.1093/OED/4426882780,http://www.oed.com/dictionary/quatre-crested_adj
skyscraper,noun,1791-,5,A very tall building of many floors or storeys.,compound,,,In current use,,,https://doi.org/10.1093/OED/5641471023,http://www.oed.com/dictionary/skyscraper_n
statuarism,noun,1791,0,Partiality for the art of sculpture.,derivative,,,Not in use,,arts/visual arts/sculpture,https://doi.org/10.1093/OED/1754203845,http://www.oed.com/dictionary/statuarism_n
volantier,noun,1791,0,"The driver of a volante (volante, n.).",derivative,,,Not in use,,,https://doi.org/10.1093/OED/9695447280,http://www.oed.com/dictionary/volantier_n
contraveer,verb,1792-,0,intransitive. To veer in a contrary direction.,derivative,,,In current use,,,https://doi.org/10.1093/OED/7476491517,http://www.oed.com/dictionary/contraveer_v
echinate,verb,1792-,2,transitive. Of a sponge spicule: to project from…,conversion,,,In current use,,,https://doi.org/10.1093/OED/9604176295,http://www.oed.com/dictionary/echinate_v
fathom-proof,noun,1792-,0,Unfathomable.,compound,,,In current use,,,https://doi.org/10.1093/OED/1639221273,http://www.oed.com/dictionary/fathom-proof_n
religioso,"adjective, adverb, noun",1792-,3,"Music. Religious, devotional; played religioso.",borrowing,,,In current use,,"arts/performing arts/music, religion and belief/religion",https://doi.org/10.1093/OED/1177795732,http://www.oed.com/dictionary/religioso_adj
sinistrine,adjective,1792,0,Situated on the left-hand side; left.,derivative,,,Not in use,,,https://doi.org/10.1093/OED/9192064496,http://www.oed.com/dictionary/sinistrine_adj
birth-puffed,adjective,1793,0,"Proud of one's ancestry; cf. birth, n.¹ 2a.",compound,,poetic and literary,Not in use,,,https://doi.org/10.1093/OED/5063318422,http://www.oed.com/dictionary/birth-puffed_adj
comodrama,noun,1793-,0,A drama of comic character.,borrowing,,,In current use,,,https://doi.org/10.1093/OED/3778833304,http://www.oed.com/dictionary/comodrama_n
oysterize,verb,1793,0,(transitive) (perhaps) to open up like an oyster.,derivative,,,Not in use,,,https://doi.org/10.1093/OED/3609706764,http://www.oed.com/dictionary/oysterize_v
pandemoniac,"adjective, noun",1793-,2,"Of, relating to, or characteristic of…",derivative,,,In current use,,,https://doi.org/10.1093/OED/4146395322,http://www.oed.com/dictionary/pandemoniac_adj
peripateticate,verb,1793,0,transitive with it as object. To walk on foot.,derivative,,,Not in use,,,https://doi.org/10.1093/OED/6409563274,http://www.oed.com/dictionary/peripateticate_v
platoon swearing,noun,1793-1883,0,The utterance of a rapid succession of oaths or…,compound,,,Not in use,,,https://doi.org/10.1093/OED/4086321978,http://www.oed.com/dictionary/platoon-swearing_n
five-maled,adjective,a1794-,0,"Having five male organs or stamens, pentandrous.",compound,,,In current use,,,https://doi.org/10.1093/OED/5082022833,http://www.oed.com/dictionary/five-maled_adj
exemplarist,"noun, adjective",1794-,2,A person who believes in or advocates the…,derivative,,,In current use,,religion and belief/religion/Christianity,https://doi.org/10.1093/OED/3804345386,http://www.oed.com/dictionary/exemplarist_n
gratitudinarian,adjective,1794-,0,Making a show of gratitude.,borrowing,,,In current use,,,https://doi.org/10.1093/OED/9879080172,http://www.oed.com/dictionary/gratitudinarian_adj
Maratize,verb,1794,0,transitive. To assassinate as Marat was assassinated.,proper name,,,Not in use,,,https://doi.org/10.1093/OED/1190522816,http://www.oed.com/dictionary/maratize_v
thelyphthoric,adjective,1794,0,That corrupts or ruins women.,borrowing,,,Not in use,,,https://doi.org/10.1093/OED/7333560095,http://www.oed.com/dictionary/thelyphthoric_adj
pot-hookery,noun,1795,0,"Unintelligible writing, scrawl.",derivative,,,Not in use,,,https://doi.org/10.1093/OED/1108722150,http://www.oed.com/dictionary/pot-hookery_n
sansculotted,adjective,1795-,0,Unbreeched.,derivative,,,In current use,,crafts and trades/costume,https://doi.org/10.1093/OED/1192583619,http://www.oed.com/dictionary/sansculotted_adj
scrib,noun,1795,0,A quickly or carelessly composed letter; =…,shortening,,,Not in use,,,https://doi.org/10.1093/OED/3274742709,http://www.oed.com/dictionary/scrib_n2
butteraceous,adjective,?1795-1898,0,Of the nature or consistency of butter; buttery.,derivative,,,Not in use,,,https://doi.org/10.1093/OED/5076782419,http://www.oed.com/dictionary/butteraceous_adj
cataract,verb,1796-,3,intransitive. To fall in a cataract.,conversion,,,In current use,,,https://doi.org/10.1093/OED/1203020241,http://www.oed.com/dictionary/cataract_v
crucibled,adjective,1796-,1,(figurative in quot.).,derivative,,,In current use,,,https://doi.org/10.1093/OED/6761228766,http://www.oed.com/dictionary/crucibled_adj
gregicide,adjective,1796-,0,Involving the slaughter of the common people.,borrowing,,,In current use,,,https://doi.org/10.1093/OED/1076428909,http://www.oed.com/dictionary/gregicide_adj
inexpression,noun,1796-,2,Want or absence of expression.,derivative,,,In current use,,,https://doi.org/10.1093/OED/1000229857,http://www.oed.com/dictionary/inexpression_n
kennelled,adjective,1796-,1,Lying in the gutter.,derivative,,,In current use,,,https://doi.org/10.1093/OED/1086206327,http://www.oed.com/dictionary/kennelled_adj
libraryize,verb,1796-,0,(transitive) to place in a library.,derivative,,,In current use,,,https://doi.org/10.1093/OED/3769078018,http://www.oed.com/dictionary/libraryize_v
loco-restive,adjective,1796,0,Inclined to remain in one place.,compound,,,Not in use,,,https://doi.org/10.1093/OED/1692538552,http://www.oed.com/dictionary/loco-restive_adj
stanza,verb,1796-,4,transitive to write stanzas upon.,conversion,,,In current use,,arts/literature,https://doi.org/10.1093/OED/7197169095,http://www.oed.com/dictionary/stanza_v
treasonist,noun,1796-,1,One who practises or is concerned in treason.,derivative,,,In current use,,,https://doi.org/10.1093/OED/7968777243,http://www.oed.com/dictionary/treasonist_n
twinism,noun,1796-,0,"= twinship, n.",derivative,,,In current use,,,https://doi.org/10.1093/OED/8733934251,http://www.oed.com/dictionary/twinism_n
twinly,adjective,1796-,1,Characteristic of or befitting a twin (brother or…,derivative,,,In current use,,,https://doi.org/10.1093/OED/1149444937,http://www.oed.com/dictionary/twinly_adj
vocable,adjective,1796-,2,Capable of being uttered or spoken.,borrowing,,,In current use,,,https://doi.org/10.1093/OED/1353247325,http://www.oed.com/dictionary/vocable_adj
Octoberist,noun,a1797,0,Perhaps: a person whose views or actions are…,derivative,,,Not in use,,politics,https://doi.org/10.1093/OED/4748397358,http://www.oed.com/dictionary/octoberist_n
opodeldoc,verb,1797,0,transitive. To treat with opodeldoc.,conversion,,,Not in use,,sciences/medicine,https://doi.org/10.1093/OED/4645398229,http://www.oed.com/dictionary/opodeldoc_v
overplot,noun,1797-,2,A plot relating to a higher level than the…,derivative,,,In current use,,,https://doi.org/10.1093/OED/1040264785,http://www.oed.com/dictionary/overplot_n
sexuality,noun,1797-,6,"Sexual nature, instinct, or feelings; the…",derivative,,,In current use,,,https://doi.org/10.1093/OED/8985460941,http://www.oed.com/dictionary/sexuality_n
sornee,noun,1797-,0,One who is sorned upon; a victim of sorning.,derivative,,,In current use,,,https://doi.org/10.1093/OED/9117582768,http://www.oed.com/dictionary/sornee_n
balladling,noun,1798,0,A little ballad.,derivative,,,Not in use,,arts/performing arts/music,https://doi.org/10.1093/OED/6446023785,http://www.oed.com/dictionary/balladling_n
criniparous,adjective,1798,0,Producing hair.,compound,,,Not in use,,,https://doi.org/10.1093/OED/3435778493,http://www.oed.com/dictionary/criniparous_adj
goblery,noun,1798,0,Probably: goblins collectively.,derivative,,,Not in use,,religion and belief/mythology,https://doi.org/10.1093/OED/1177530017,http://www.oed.com/dictionary/goblery_n
monocolous,adjective,1798,0,One-legged.,borrowing,,,Not in use,,,https://doi.org/10.1093/OED/1603066014,http://www.oed.com/dictionary/monocolous_adj
monopous,adjective,1798,0,That has only one eye; one-eyed.,borrowing,,,Not in use,,,https://doi.org/10.1093/OED/1940609795,http://www.oed.com/dictionary/monopous_adj
philosophyship,noun,1798,0,With possessive adjective: a mock title for a…,derivative,,,Not in use,,philosophy,https://doi.org/10.1093/OED/2687488891,http://www.oed.com/dictionary/philosophyship_n
polytechnic,"adjective, noun",1798-,4,Of an educational institution: giving instruction…,compound,,,In current use,,education/university,https://doi.org/10.1093/OED/2730367212,http://www.oed.com/dictionary/polytechnic_adj
thunder-fit,noun,1798-,2,A shock or sound like thunder.,compound,,,In current use,,,https://doi.org/10.1093/OED/1337246021,http://www.oed.com/dictionary/thunder-fit_n
embreastment,noun,1799-,0,A breast-like swelling of the ground.,derivative,,,In current use,,,https://doi.org/10.1093/OED/1747967020,http://www.oed.com/dictionary/embreastment_n
empusaland,noun,1799,0,An imaginary land or world inhabited by empusas…,compound,,,Not in use,,,https://doi.org/10.1093/OED/8329945126,http://www.oed.com/dictionary/empusaland_n
fly-about,adjective,1799-,0,Of horses: skittish.,compound,,,In current use,,sport and leisure/horses and riding,https://doi.org/10.1093/OED/1957289633,http://www.oed.com/dictionary/fly-about_adj
kudos,verb,1799-,2,"To praise, laud, glorify.",conversion,,colloquial and slang/university slang,In current use,,education/university,https://doi.org/10.1093/OED/3930142110,http://www.oed.com/dictionary/kudos_v
nightingalize,verb,1799,0,intransitive. To sing like a nightingale.,derivative,,,Not in use,,arts/performing arts/music,https://doi.org/10.1093/OED/5353653456,http://www.oed.com/dictionary/nightingalize_v
pikish,adjective,1799,0,"Perhaps: armed, martial.",derivative,,,Not in use,,,https://doi.org/10.1093/OED/3901308489,http://www.oed.com/dictionary/pikish_adj
secret-graph,noun,1799-,0,A code for communicating secrets.,compound,,,In current use,,,https://doi.org/10.1093/OED/7359792755,http://www.oed.com/dictionary/secret-graph_n
shallowist,noun,1799-,0,"= shallowling, n.",derivative,,,In current use,,,https://doi.org/10.1093/OED/1881200637,http://www.oed.com/dictionary/shallowist_n
unclify,verb,1799,0,transitive. To make an uncle of.,derivative,,,Not in use,,,https://doi.org/10.1093/OED/8013786305,http://www.oed.com/dictionary/unclify_v
lissom,adjective,a1800-,3,"Supple, limber; lithesome; lithe and agile.",variant,,,In current use,,,https://doi.org/10.1093/OED/9908478635,http://www.oed.com/dictionary/lissom_adj
dastardling,noun,1800-,0,A contemptible dastard.,derivative,,,In current use,,,https://doi.org/10.1093/OED/5824208794,http://www.oed.com/dictionary/dastardling_n
epomania,noun,1800-,0,A rage for the writing of epics.,borrowing,,,In current use,,arts/literature,https://doi.org/10.1093/OED/1064609719,http://www.oed.com/dictionary/epomania_n
microptic,adjective,1800,0,Microscopic.,compound,,,Not in use,,sciences/physical sciences/physics/optics,https://doi.org/10.1093/OED/3469662376,http://www.oed.com/dictionary/microptic_adj
pin-faith,adjective,1800,0,Implicitly believing or credulous; liable to pin…,compound,,,Not in use,,,https://doi.org/10.1093/OED/1005090763,http://www.oed.com/dictionary/pin-faith_adj
purveyancer,noun,1800,0,"= purveyor, n. 1c.",derivative,,,Not in use,,,https://doi.org/10.1093/OED/5783786000,http://www.oed.com/dictionary/purveyancer_n
tongue-hero,noun,1800-,1,A braggart (translating German wortheld).,compound,,,In current use,,,https://doi.org/10.1093/OED/1522288573,http://www.oed.com/dictionary/tongue-hero_n
turn-penny,noun,1800-72,0,"A matter of chance or luck. Cf. turn-up, n. A.3a.",compound,,,Not in use,,economics and commerce/finance,https://doi.org/10.1093/OED/6401660921,http://www.oed.com/dictionary/turn-penny_n
war-lock,verb,1800,0,transitive. Perhaps: to defend (a place) from…,compound,,,Not in use,,military,https://doi.org/10.1093/OED/9779457609,http://www.oed.com/dictionary/war-lock_v2
holoplexia,noun,1801-,1,"General or total paralysis (cf. hemiplegia, n.).",compound,,,In current use,,,https://doi.org/10.1093/OED/8571784921,http://www.oed.com/dictionary/holoplexia_n
minus,verb,1801-,3,"transitive. colloquial. To subtract, remove…",conversion,,colloquial and slang,In current use,,sciences/mathematics,https://doi.org/10.1093/OED/3935962971,http://www.oed.com/dictionary/minus_v
over-cunning,verb,1801,0,transitive. To manage too cunningly.,conversion,,,Not in use,,,https://doi.org/10.1093/OED/3857555048,http://www.oed.com/dictionary/over-cunning_v
grave-clad,adjective,a1802-,0,Dressed in burial garments or clothes.,compound,,,In current use,,,https://doi.org/10.1093/OED/7618283566,http://www.oed.com/dictionary/grave-clad_adj
eulogomania,noun,1802-,1,A mania for eulogy.,compound,,,In current use,,,https://doi.org/10.1093/OED/1572749557,http://www.oed.com/dictionary/eulogomania_n
grasp-all,noun,1802-,0,"One who clutches at everything, a greedy person.",compound,,,In current use,,,https://doi.org/10.1093/OED/5610907018,http://www.oed.com/dictionary/grasp-all_n
jackal,verb,1803-,3,intransitive. Originally: to carry out menial…,conversion,,,In current use,,,https://doi.org/10.1093/OED/3584307183,http://www.oed.com/dictionary/jackal_v
kennelly,adjective,1803-,1,Such as is found in a kennel or gutter.,derivative,,,In current use,,,https://doi.org/10.1093/OED/7469283316,http://www.oed.com/dictionary/kennelly_adj
logonomy,noun,1803-,0,The science of language.,borrowing,,,In current use,,language/linguistics,https://doi.org/10.1093/OED/9392849200,http://www.oed.com/dictionary/logonomy_n
miteology,noun,1803,0,The study of mites.,compound,,,Not in use,,,https://doi.org/10.1093/OED/5592201598,http://www.oed.com/dictionary/miteology_n
turtlize,verb,1803-,0,transitive to turn into or make like a turtle-dove.,derivative,,archaic,In current use,,,https://doi.org/10.1093/OED/2245481602,http://www.oed.com/dictionary/turtlize_v
buckery,noun,1804-,0,"Bucks or swells, collectively or as a class.",derivative,,,In current use,,,https://doi.org/10.1093/OED/1985276658,http://www.oed.com/dictionary/buckery_n
ex-vaccine,adjective,1804,0,Obtained from a cow.,borrowing,,,Not in use,,sciences/life sciences/animals,https://doi.org/10.1093/OED/1101195262,http://www.oed.com/dictionary/ex-vaccine_adj
gruel,verb,1804-,4,To feed with gruel.,conversion,,,In current use,,,https://doi.org/10.1093/OED/2892455963,http://www.oed.com/dictionary/gruel_v
mynheerify,verb,1804,0,intransitive. To study Dutch.,derivative,,,Not in use,,,https://doi.org/10.1093/OED/6596145457,http://www.oed.com/dictionary/mynheerify_v
nigrific,adjective,1804,0,Black.,borrowing,,,Not in use,,,https://doi.org/10.1093/OED/1011016782,http://www.oed.com/dictionary/nigrific_adj
oxify,verb,1804,0,transitive. To make an ox of; to turn into an ox.,derivative,,,Not in use,,,https://doi.org/10.1093/OED/1138733825,http://www.oed.com/dictionary/oxify_v
pen-and-inkmanship,noun,1804,0,The occupation of writing.,derivative,,,Not in use,,,https://doi.org/10.1093/OED/3475699075,http://www.oed.com/dictionary/pen-and-inkmanship_n
quidnunckery,noun,1804,0,"= quidnuncism, n.",derivative,,,Not in use,,,https://doi.org/10.1093/OED/1052470392,http://www.oed.com/dictionary/quidnunckery_n
siress,noun,1804-,2,A mother; a matron.,derivative,,,In current use,,,https://doi.org/10.1093/OED/7819743127,http://www.oed.com/dictionary/siress_n
""
Exported 991 of 991 from http://www.oed.com/search/advanced/Entries?textTermText0=%2522isolated%2520use%2522&textTermOpt0=Definition&dateOfUseFirstUse=true&dateOfUseFrom=1621&dateOfUseTo=1804&page=1&sortOption=DateOldFirst&premium=true
Copyright © 2026 Oxford University Press. All rights reserved. Legal Notice: https://www.oed.com/public/legal-notice/
