LEMMA,PART OF SPEECH,DATE OF USE,FREQUENCY BAND NUMBER,DEFINITION,TYPE OF FORMATION,LANGUAGE OF ORIGIN,USAGE,OBSOLESCENCE,REGIONAL ENGLISH,SUBJECT,DOI,OED URL
arithmocratic,adjective,1862-,0,Designating a form of government in which the…,derivative,,,In current use,,,https://doi.org/10.1093/OED/2268723325,http://www.oed.com/dictionary/arithmocratic_adj
clock-beam,noun,1862,0,A pendulum.,compound,,,Not in use,,crafts and trades/clocks and watches,https://doi.org/10.1093/OED/7026637031,http://www.oed.com/dictionary/clock-beam_n
coinonomic,adjective,1862-,0,Of combined management or enterprise.,borrowing,,,In current use,,,https://doi.org/10.1093/OED/5624574285,http://www.oed.com/dictionary/coinonomic_adj
crammist,noun,1862-,0,A person who studies a subject intensively over a…,derivative,,colloquial and slang,In current use,,,https://doi.org/10.1093/OED/1536251275,http://www.oed.com/dictionary/crammist_n
demi-world,noun,1862-,2,"= demimonde, n. & adj.",derivative,,,In current use,,,https://doi.org/10.1093/OED/1446974429,http://www.oed.com/dictionary/demi-world_n
deparochialize,verb,1862-,1,transitive. To deprive of parochial character.,derivative,,,In current use,,,https://doi.org/10.1093/OED/1116487086,http://www.oed.com/dictionary/deparochialize_v
gallinivorous,adjective,1862-,0,Feeding on fowls or poultry.,borrowing,,,In current use,,,https://doi.org/10.1093/OED/3542889407,http://www.oed.com/dictionary/gallinivorous_adj
hymnicide,noun,1862-,0,"The ‘murdering’ of a hymn, i.e. by alterations.",borrowing,,,In current use,,,https://doi.org/10.1093/OED/1156417153,http://www.oed.com/dictionary/hymnicide_n
islandhood,noun,1862-,2,The condition of being an island; insularity.,derivative,,,In current use,,,https://doi.org/10.1093/OED/9640844901,http://www.oed.com/dictionary/islandhood_n
lithographic pen,noun,1862-,1,A pen used for drawing a design on stone or metal.,compound,,,In current use,,,https://doi.org/10.1093/OED/9109595300,http://www.oed.com/dictionary/lithographic-pen_n
lobsterdom,noun,1862-,1,The ‘realm’ of lobsters.,derivative,,,In current use,,,https://doi.org/10.1093/OED/9529947589,http://www.oed.com/dictionary/lobsterdom_n
misdateful,adjective,1862,0,Prone to misdating; full of misdatings.,derivative,,,Not in use,,,https://doi.org/10.1093/OED/2715664921,http://www.oed.com/dictionary/misdateful_adj
neogam,noun,1862,0,A newly-wed person.,borrowing,,,Not in use,,,https://doi.org/10.1093/OED/1049870805,http://www.oed.com/dictionary/neogam_n
silverness,noun,1862-,2,The essential quality of silver.,derivative,,,In current use,,,https://doi.org/10.1093/OED/5034967950,http://www.oed.com/dictionary/silverness_n
superweening,adjective,1862,0,"= overweening, adj.",derivative,,,Not in use,,,https://doi.org/10.1093/OED/1051554788,http://www.oed.com/dictionary/superweening_adj
tympaning,noun,1862-,0,"The playing of a tympan (tympan, n. 1b).",derivative,,,In current use,,arts/performing arts/music,https://doi.org/10.1093/OED/1176158093,http://www.oed.com/dictionary/tympaning_n
yawyawdom,noun,1862-,0,An affected expression.,derivative,,,In current use,,,https://doi.org/10.1093/OED/8682601701,http://www.oed.com/dictionary/yawyawdom_n
postponeless,adjective,c1862,0,That cannot be put off or averted.,derivative,,,Not in use,,,https://doi.org/10.1093/OED/5356913840,http://www.oed.com/dictionary/postponeless_adj
proof-proof,adjective,a1863-,1,(Of a person) impervious to proof.,compound,,,In current use,,,https://doi.org/10.1093/OED/1073605044,http://www.oed.com/dictionary/proof-proof_adj
beggaress,noun,1863-,0,A female beggar.,derivative,,,In current use,,,https://doi.org/10.1093/OED/6417058191,http://www.oed.com/dictionary/beggaress_n
caliver,verb,1863-,2,transitive. To shoot with a caliver.,conversion,,,In current use,,,https://doi.org/10.1093/OED/8027649372,http://www.oed.com/dictionary/caliver_v
camelist,noun,1863-,0,A partisan of the camel.,derivative,,,In current use,,,https://doi.org/10.1093/OED/9683326552,http://www.oed.com/dictionary/camelist_n
cindery,noun,1863-,2,"A repository of cinders, a cinder-heap.",derivative,,,In current use,,,https://doi.org/10.1093/OED/4883863674,http://www.oed.com/dictionary/cindery_n
coachfulness,noun,1863-,1,Apparently: the quality or condition of being a…,derivative,,,In current use,,,https://doi.org/10.1093/OED/1158814256,http://www.oed.com/dictionary/coachfulness_n
daily breadliness,noun,1863,0,A feeling of fellowship between people who earn…,derivative,,,Not in use,,,https://doi.org/10.1093/OED/3191155233,http://www.oed.com/dictionary/daily-breadliness_n
directo-executive,adjective,1863,0,Involving or characterized by a combination of…,compound,,,Not in use,,,https://doi.org/10.1093/OED/2456679548,http://www.oed.com/dictionary/directo-executive_adj
disquality,noun,1863-,2,Defect.,derivative,,,In current use,,,https://doi.org/10.1093/OED/4477384226,http://www.oed.com/dictionary/disquality_n
dwindlement,noun,1863-,0,"Dwindling, shrinking.",derivative,,,In current use,,,https://doi.org/10.1093/OED/2107916106,http://www.oed.com/dictionary/dwindlement_n
High-Church,verb,1863,0,transitive. To make High Church in doctrine and…,conversion,,,Not in use,,religion and belief/religion/Christianity/Anglican Church,https://doi.org/10.1093/OED/3822766671,http://www.oed.com/dictionary/high-church_v
mofussilize,verb,1863,0,"intransitive. To live in a remote, rural, or…",derivative,,,Not in use,,,https://doi.org/10.1093/OED/5877446013,http://www.oed.com/dictionary/mofussilize_v
momentarian,noun,1863,0,"= infinitesimalist, n. Cf. moment, n. I.3b.",derivative,,,Not in use,,sciences/mathematics,https://doi.org/10.1093/OED/9271047923,http://www.oed.com/dictionary/momentarian_n
nimblecomequick,adjective,1863,0,Of rapid growth.,compound,,,Not in use,,,https://doi.org/10.1093/OED/4929356068,http://www.oed.com/dictionary/nimblecomequick_adj
paradoxling,noun,1863,0,A little paradox.,derivative,,,Not in use,,philosophy/logic,https://doi.org/10.1093/OED/9690926400,http://www.oed.com/dictionary/paradoxling_n
pedalism,noun,1863,0,"Pedal agency, action of the feet.",derivative,,,Not in use,,,https://doi.org/10.1093/OED/9630917255,http://www.oed.com/dictionary/pedalism_n
pedicurism,noun,1863,0,The practice or art of giving pedicures.,derivative,,,Not in use,,sciences/medicine,https://doi.org/10.1093/OED/3146359742,http://www.oed.com/dictionary/pedicurism_n
polyphloisboiic,adjective,1863,0,"= polyphloisboian, adj.",borrowing,,humorous,Not in use,,,https://doi.org/10.1093/OED/1027927967,http://www.oed.com/dictionary/polyphloisboiic_adj
reinage,noun,1863,0,Reins collectively.,derivative,,,Not in use,,sport and leisure/horses and riding,https://doi.org/10.1093/OED/4426871709,http://www.oed.com/dictionary/reinage_n
roundaboutility,noun,1863,0,"= roundaboutness, n.",derivative,,,Not in use,,,https://doi.org/10.1093/OED/1096205122,http://www.oed.com/dictionary/roundaboutility_n
stagnator,noun,1863-,1,One who denies the motion (of the earth).,derivative,,,In current use,,,https://doi.org/10.1093/OED/4997426761,http://www.oed.com/dictionary/stagnator_n
toxify,verb,1863-,3,transitive. figurative. To cause (something or…,derivative,,,In current use,,,https://doi.org/10.1093/OED/8086084152,http://www.oed.com/dictionary/toxify_v
anti-Bartholomew,noun,1864,0,A massacre regarded as constituting a counterpart…,derivative,,,Not in use,,religion and belief/religion/Christianity,https://doi.org/10.1093/OED/1028935454,http://www.oed.com/dictionary/anti-bartholomew_n
apricide,noun,1864-,0,The killing of a wild boar.,borrowing,,,In current use,,,https://doi.org/10.1093/OED/7628742850,http://www.oed.com/dictionary/apricide_n
brother-manhood,noun,1864,0,A sense of brotherhood or fellow feeling.,derivative,,,Not in use,,,https://doi.org/10.1093/OED/5589830585,http://www.oed.com/dictionary/brother-manhood_n
caravanserial,adjective,1864,0,Resembling or reminiscent of a caravanserai.,derivative,,,Not in use,,,https://doi.org/10.1093/OED/4108593528,http://www.oed.com/dictionary/caravanserial_adj
castorial,adjective,1864-,1,Pertaining to a hat (jocose).,derivative,,,In current use,,,https://doi.org/10.1093/OED/1118054212,http://www.oed.com/dictionary/castorial_adj
cepivorous,adjective,1864-,0,Feeding on onions.,borrowing,,,In current use,,,https://doi.org/10.1093/OED/9215555270,http://www.oed.com/dictionary/cepivorous_adj
clericometer,noun,1864,0,A standard or device for measuring the outlook…,compound,,,Not in use,,,https://doi.org/10.1093/OED/1197088285,http://www.oed.com/dictionary/clericometer_n
dove,verb,1864-,3,transitive. To treat as a dove; to call ‘dove’.,conversion,,,In current use,,,https://doi.org/10.1093/OED/4508960286,http://www.oed.com/dictionary/dove_v
eelhood,noun,1864-,0,The rank or condition of a full-grown eel.,derivative,,,In current use,,,https://doi.org/10.1093/OED/8041644790,http://www.oed.com/dictionary/eelhood_n
flunkey,verb,1864-,2,(intransitive) to act like a flunkey.,conversion,,,In current use,,,https://doi.org/10.1093/OED/1161992395,http://www.oed.com/dictionary/flunkey_v
flunkeyal,adjective,1864-,0,"Of, pertaining to, or characteristic of a flunkey.",derivative,,,In current use,,,https://doi.org/10.1093/OED/9078231925,http://www.oed.com/dictionary/flunkeyal_adj
fugitive,verb,1864-,2,"(transitive) to make fugitive, drive into exile.",conversion,,,In current use,,,https://doi.org/10.1093/OED/8992897396,http://www.oed.com/dictionary/fugitive_v
galley,verb,1864-,3,transitive. To transport in a galley.,conversion,,,In current use,,,https://doi.org/10.1093/OED/9162331066,http://www.oed.com/dictionary/galley_v
gingerbread-trap,noun,1864,0,(In quot. 1864) a selection of gingerbread cakes…,compound,,,Not in use,,,https://doi.org/10.1093/OED/7968767300,http://www.oed.com/dictionary/gingerbread-trap_n
horseness,noun,1864-,2,The abstract quality of a horse.,derivative,,,In current use,,sport and leisure/horses and riding,https://doi.org/10.1093/OED/1037255797,http://www.oed.com/dictionary/horseness_n
hunker,noun,1864-,2,A cutter of hunks.,derivative,,,In current use,,,https://doi.org/10.1093/OED/3526770880,http://www.oed.com/dictionary/hunker_n-a
idiot,verb,1864,0,transitive. To call (a person) ‘idiot’.,conversion,,,Not in use,,,https://doi.org/10.1093/OED/6853167858,http://www.oed.com/dictionary/idiot_v
joint-stockery,noun,1864-,1,"Dealing in, or formation of, joint stocks.",derivative,,,In current use,,economics and commerce,https://doi.org/10.1093/OED/4313192596,http://www.oed.com/dictionary/joint-stockery_n
junglery,noun,1864-,0,A complication like that of a jungle.,derivative,,,In current use,,,https://doi.org/10.1093/OED/8215971821,http://www.oed.com/dictionary/junglery_n
landladyish,adjective,1864-,0,Resembling or characteristic of a landlady.,derivative,,,In current use,,,https://doi.org/10.1093/OED/1177027928,http://www.oed.com/dictionary/landladyish_adj
level-lander,noun,1864-,0,A dweller on level land.,compound,,,In current use,,,https://doi.org/10.1093/OED/2822972759,http://www.oed.com/dictionary/level-lander_n
merop,adjective,1864,0,"= meropic, adj.",borrowing,,,Not in use,,,https://doi.org/10.1093/OED/9390349129,http://www.oed.com/dictionary/merop_adj
mule-stair,noun,1864-,0,A mountain ascent negotiable by mules.,compound,,,In current use,,,https://doi.org/10.1093/OED/5860801160,http://www.oed.com/dictionary/mule-stair_n
prolusionize,verb,1864,0,(intransitive) to deliver a prolusion (cf…,derivative,,,Not in use,,,https://doi.org/10.1093/OED/6877563288,http://www.oed.com/dictionary/prolusionize_v
propositionalness,noun,1864,0,A propensity for asserting propositions.,derivative,,,Not in use,,,https://doi.org/10.1093/OED/6587560428,http://www.oed.com/dictionary/propositionalness_n
sufficeable,adjective,1864-,0,Capable of being satisfied.,derivative,,,In current use,,,https://doi.org/10.1093/OED/1268336125,http://www.oed.com/dictionary/sufficeable_adj
tolpatchery,noun,1864-,0,Infantry.,derivative,,,In current use,,military,https://doi.org/10.1093/OED/9780786043,http://www.oed.com/dictionary/tolpatchery_n
younger-sisterish,adjective,1864,0,Having the character of a younger sister; spec…,compound,,,Not in use,,,https://doi.org/10.1093/OED/9631495736,http://www.oed.com/dictionary/younger-sisterish_adj
cimiceous,adjective,1865-,0,"Full of bugs, buggy.",borrowing,,,In current use,,,https://doi.org/10.1093/OED/2707684668,http://www.oed.com/dictionary/cimiceous_adj
commissariat,verb,1865,0,intransitive. To oversee the commissariat of an army.,conversion,,,Not in use,,,https://doi.org/10.1093/OED/4449949527,http://www.oed.com/dictionary/commissariat_v
continental,verb,1865-,2,"= continentalize, v. 1.",conversion,,,In current use,,,https://doi.org/10.1093/OED/5390884748,http://www.oed.com/dictionary/continental_v
decillionist,noun,1865,0,One who deals in infinitesimal doses (of a drug)…,derivative,,,Not in use,,sciences/medicine/alternative medicine,https://doi.org/10.1093/OED/3329455081,http://www.oed.com/dictionary/decillionist_n
detailism,noun,1865-,2,A system of attention to details.,derivative,,,In current use,,,https://doi.org/10.1093/OED/1046848360,http://www.oed.com/dictionary/detailism_n
draggle-haired,adjective,1865-,0,With hair hanging wet and untidy.,derivative,,,In current use,,,https://doi.org/10.1093/OED/8023510183,http://www.oed.com/dictionary/draggle-haired_adj
ecclesiasticize,verb,1865-,1,transitive. To render ecclesiastical.,derivative,,,In current use,,religion and belief/religion/Christianity/ecclesiastical,https://doi.org/10.1093/OED/8178974084,http://www.oed.com/dictionary/ecclesiasticize_v
ecclesiastry,noun,1865-,0,Ecclesiastical pomp or business.,derivative,,,In current use,,religion and belief/religion/Christianity/ecclesiastical,https://doi.org/10.1093/OED/1177515743,http://www.oed.com/dictionary/ecclesiastry_n
heterize,verb,1865-,0,transitive. To make different; to turn into…,borrowing,,,In current use,,,https://doi.org/10.1093/OED/3911814505,http://www.oed.com/dictionary/heterize_v
minerally,adverb,1865-,3,With regard to mineral resources or content; in…,derivative,,,In current use,,,https://doi.org/10.1093/OED/2601930940,http://www.oed.com/dictionary/minerally_adv
mutish,adjective,1865,0,Reminiscent of a funeral mute. Only in…,derivative,,,Not in use,,,https://doi.org/10.1093/OED/1086284991,http://www.oed.com/dictionary/mutish_adj
oozelet,noun,1865,0,A small channel in which water oozes through bog…,derivative,,,Not in use,,,https://doi.org/10.1093/OED/1104352932,http://www.oed.com/dictionary/oozelet_n
ovivorous,adjective,1865,0,Sheep-eating.,compound,,,Not in use,,,https://doi.org/10.1093/OED/3877208598,http://www.oed.com/dictionary/ovivorous_adj2
persuadend,noun,1865,0,A person who is to be persuaded.,borrowing,,,Not in use,,,https://doi.org/10.1093/OED/3900649970,http://www.oed.com/dictionary/persuadend_n
philokleptic,adjective,1865,0,Supporting or associating with thieves.,compound,,,Not in use,,,https://doi.org/10.1093/OED/1882286191,http://www.oed.com/dictionary/philokleptic_adj
philosophercraft,noun,1865,0,Philosophical skill.,compound,,,Not in use,,,https://doi.org/10.1093/OED/6863864299,http://www.oed.com/dictionary/philosophercraft_n
pithecological,adjective,1865,0,Relating to the scientific study of apes.,borrowing,,,Not in use,,sciences/life sciences/animals,https://doi.org/10.1093/OED/4224795549,http://www.oed.com/dictionary/pithecological_adj
ponency,noun,1865,0,The action of positing or stating the existence…,borrowing,,,Not in use,,religion and belief/religion/Christianity,https://doi.org/10.1093/OED/8538862128,http://www.oed.com/dictionary/ponency_n
Q.C.-dom,,1865,0,The state or condition of a Q.C.,,,,Not in use,,,https://doi.org/10.1093/OED/1092987104,http://www.oed.com/dictionary/qc-dom_x
qualityship,noun,1865,0,Social position.,derivative,,,Not in use,,,https://doi.org/10.1093/OED/4399835797,http://www.oed.com/dictionary/qualityship_n
reconciless,noun,1865,0,A female reconciler.,derivative,,,Not in use,,,https://doi.org/10.1093/OED/7240298396,http://www.oed.com/dictionary/reconciless_n
scratchable,adjective,1865-,2,"Capable of being scratched. (Cf. scratch, v. 3b.)",derivative,,,In current use,,agriculture and horticulture/agriculture,https://doi.org/10.1093/OED/1093344154,http://www.oed.com/dictionary/scratchable_adj
vindictivolence,noun,1865-,0,The desire of revenging oneself or of taking vengeance.,borrowing,,,In current use,,,https://doi.org/10.1093/OED/7567650943,http://www.oed.com/dictionary/vindictivolence_n
waiterhood,noun,1865-,1,The state or condition of a waiter.,derivative,,,In current use,,,https://doi.org/10.1093/OED/3209608148,http://www.oed.com/dictionary/waiterhood_n
wicked-worded,adjective,1865-,0,As euphemism for ‘damned’.,compound,,euphemistic,In current use,,,https://doi.org/10.1093/OED/2914859064,http://www.oed.com/dictionary/wicked-worded_adj
withoutwards,adverb,1865-,0,Towards the exterior.,derivative,,,In current use,,,https://doi.org/10.1093/OED/1176384108,http://www.oed.com/dictionary/withoutwards_adv
inconclusivism,noun,a1866-,0,A theory or doctrine that conclusive evidence on…,derivative,,,In current use,,religion and belief/religion,https://doi.org/10.1093/OED/1546966407,http://www.oed.com/dictionary/inconclusivism_n
anticyclometer,noun,1866,0,"A person hostile to, or sceptical of, those who…",derivative,,,Not in use,,,https://doi.org/10.1093/OED/5241138730,http://www.oed.com/dictionary/anticyclometer_n
basketeer,noun,1866-,1,A passenger in the basket of a stagecoach.,derivative,,,In current use,,,https://doi.org/10.1093/OED/1023150297,http://www.oed.com/dictionary/basketeer_n
boster,noun,1866-,0,"An excellent, impressive, or remarkable person…",variant,,,In current use,"Britain and Ireland/British English/English regional/English regional (eastern), Britain and Ireland/British English/English regional/English regional (midlands)",,https://doi.org/10.1093/OED/3536398157,http://www.oed.com/dictionary/boster_n
bucolican,noun,1866-,0,"A rustic, a countryman.",derivative,,,In current use,,,https://doi.org/10.1093/OED/1951648342,http://www.oed.com/dictionary/bucolican_n
clangful,adjective,1866-,0,Sonorous.,derivative,,,In current use,,,https://doi.org/10.1093/OED/1475855025,http://www.oed.com/dictionary/clangful_adj
common-sense-o-dox,adjective,1866,0,In accordance with the principles of common…,derivative,,,Not in use,,,https://doi.org/10.1093/OED/5753298083,http://www.oed.com/dictionary/common-sense-o-dox_adj
corollarize,verb,1866-,0,transitive. To add by way of corollary.,derivative,,,In current use,,,https://doi.org/10.1093/OED/6842753389,http://www.oed.com/dictionary/corollarize_v
dabblesome,adjective,1866-,0,Given to dabbling.,derivative,,,In current use,,,https://doi.org/10.1093/OED/5700735510,http://www.oed.com/dictionary/dabblesome_adj
frond,verb,1866-,3,intransitive. To wave with fronds.,conversion,,,In current use,,,https://doi.org/10.1093/OED/1174151779,http://www.oed.com/dictionary/frond_v
macropicide,noun,1866,0,A person who kills kangaroos.,borrowing,,,Not in use,,,https://doi.org/10.1093/OED/6013273177,http://www.oed.com/dictionary/macropicide_n
nux-vomicize,verb,1866,0,transitive. To adulterate (a drink) with nux vomica.,derivative,,,Not in use,,,https://doi.org/10.1093/OED/6511272382,http://www.oed.com/dictionary/nux-vomicize_v
out-rail,verb,1866,0,transitive. To outdo in respect of railings.,derivative,,,Not in use,,,https://doi.org/10.1093/OED/7242273361,http://www.oed.com/dictionary/out-rail_v2
paragogize,verb,1866,0,transitive. To add as a final syllable.,derivative,,,Not in use,,language/linguistics/phonetics,https://doi.org/10.1093/OED/5260273623,http://www.oed.com/dictionary/paragogize_v
prenuntiate,noun,1866,0,"A foreteller, a harbinger.",borrowing,,,Not in use,,,https://doi.org/10.1093/OED/3427009780,http://www.oed.com/dictionary/prenuntiate_n
progrede,verb,1866,0,intransitive. To move in a direct (prograde) direction.,borrowing,,,Not in use,,sciences/physical sciences/astronomy,https://doi.org/10.1093/OED/8182383563,http://www.oed.com/dictionary/progrede_v
punkin,noun,1866,0,"= punlet, n.",derivative,,,Not in use,,,https://doi.org/10.1093/OED/6232887427,http://www.oed.com/dictionary/punkin_n
righteouser,noun,1866,0,A person who makes another or others righteous…,derivative,,,Not in use,,,https://doi.org/10.1093/OED/7837755020,http://www.oed.com/dictionary/righteouser_n
subtle-subtilizing,noun,1866,0,An act of making an excessively fine distinction…,compound,,,Not in use,,,https://doi.org/10.1093/OED/5934701163,http://www.oed.com/dictionary/subtle-subtilizing_n
superfinish,adjective,1866,0,Somewhat superfine.,derivative,,,Not in use,,,https://doi.org/10.1093/OED/3899608394,http://www.oed.com/dictionary/superfinish_adj
tavernous,adjective,1866-,1,Tavern-like.,derivative,,,In current use,,,https://doi.org/10.1093/OED/1021712260,http://www.oed.com/dictionary/tavernous_adj
tercentenarize,verb,1866-,0,(transitive) to celebrate the tercentenary of.,derivative,,,In current use,,,https://doi.org/10.1093/OED/4325446977,http://www.oed.com/dictionary/tercentenarize_v
tinnitate,verb,1866-,0,"intransitive. To ring, give forth a ringing sound.",borrowing,,,In current use,,,https://doi.org/10.1093/OED/1140127317,http://www.oed.com/dictionary/tinnitate_v
antisemite,"adjective, noun",1867-,4,A person hostile towards or discriminating…,derivative,,,In current use,,,https://doi.org/10.1093/OED/7082851006,http://www.oed.com/dictionary/antisemite_adj
Apolloship,noun,1867-,0,The position of Apollo; pre-eminence in poetry…,proper name,,,In current use,,,https://doi.org/10.1093/OED/9734291372,http://www.oed.com/dictionary/apolloship_n
borealize,verb,1867-,0,intransitive. To adopt northern manners or…,derivative,,,In current use,,,https://doi.org/10.1093/OED/8895554802,http://www.oed.com/dictionary/borealize_v
cellarity,noun,1867,0,The condition of living in a cellar.,derivative,,,Not in use,,,https://doi.org/10.1093/OED/5715063181,http://www.oed.com/dictionary/cellarity_n
Copernically,adverb,1867-,0,According to the Copernican view of the solar system.,derivative,,,In current use,,sciences/physical sciences/astronomy,https://doi.org/10.1093/OED/1009191865,http://www.oed.com/dictionary/copernically_adv
fatidicating,adjective,1867,0,Foretelling or predicting fate; prophetic.,derivative,,,Not in use,,,https://doi.org/10.1093/OED/4756623254,http://www.oed.com/dictionary/fatidicating_adj
lectress,noun,1867-,1,A female reader.,derivative,,,In current use,,,https://doi.org/10.1093/OED/7326287741,http://www.oed.com/dictionary/lectress_n
pancakewards,adverb,1867,0,Towards or for a pancake.,derivative,,,Not in use,,,https://doi.org/10.1093/OED/3991162977,http://www.oed.com/dictionary/pancakewards_adv
phlyarologist,noun,1867,0,A person who talks nonsense.,borrowing,,,Not in use,,,https://doi.org/10.1093/OED/6811206402,http://www.oed.com/dictionary/phlyarologist_n
Pullman,noun,1867-,0,attributive. Designating a railway carriage…,proper name,,,In current use,,transport/railways,https://doi.org/10.1093/OED/2322638954,http://www.oed.com/dictionary/pullman_n
writinger,noun,1867,0,An expert or specialist in handwriting.,derivative,,,Not in use,,arts/decorative arts/handwriting and calligraphy,https://doi.org/10.1093/OED/4272181928,http://www.oed.com/dictionary/writinger_n
aliicide,noun,1868,0,Murder.,borrowing,,,Not in use,,,https://doi.org/10.1093/OED/1011808461,http://www.oed.com/dictionary/aliicide_n
argentocracy,noun,1868-,0,The rule or paramount influence of money.,compound,,,In current use,,,https://doi.org/10.1093/OED/1130301889,http://www.oed.com/dictionary/argentocracy_n
claimative,adjective,1868-,0,"Disposed to make claims, exacting.",derivative,,,In current use,,,https://doi.org/10.1093/OED/9644645204,http://www.oed.com/dictionary/claimative_adj
creedful,adjective,1868-,0,Having or characterized by a creed.,derivative,,,In current use,,,https://doi.org/10.1093/OED/9962787108,http://www.oed.com/dictionary/creedful_adj
displiment,noun,1868-,0,An uncomplimentary speech.,derivative,,,In current use,,,https://doi.org/10.1093/OED/8870572550,http://www.oed.com/dictionary/displiment_n
extramuralist,noun,1868-,0,One who lives outside the walls of a city.,derivative,,,In current use,,,https://doi.org/10.1093/OED/6833712501,http://www.oed.com/dictionary/extramuralist_n
fictionism,noun,1868-,0,Philosophy. The theory that the statements within…,derivative,,,In current use,,philosophy,https://doi.org/10.1093/OED/1022885850,http://www.oed.com/dictionary/fictionism_n
formatory,adjective,1868-,2,Tending to form.,derivative,,,In current use,,,https://doi.org/10.1093/OED/2094686885,http://www.oed.com/dictionary/formatory_adj
hyenaish,adjective,1868-,0,Like or characteristic of a hyena.,derivative,,,In current use,,,https://doi.org/10.1093/OED/9361957867,http://www.oed.com/dictionary/hyenaish_adj
lambly,adjective,1868-,0,"Resembling (that of) a lamb, lamb-like.",derivative,,,In current use,,,https://doi.org/10.1093/OED/5134299759,http://www.oed.com/dictionary/lambly_adj
overlip,verb,1868,0,transitive. To provide with a lip on top.,derivative,,,Not in use,,,https://doi.org/10.1093/OED/1118601507,http://www.oed.com/dictionary/overlip_v1
permirific,adjective,1868,0,Very wonderful or marvellous.,borrowing,,,Not in use,,,https://doi.org/10.1093/OED/4545719673,http://www.oed.com/dictionary/permirific_adj
prebend,verb,1868,0,transitive. To give a daily allowance to (a canon).,conversion,,,Not in use,,,https://doi.org/10.1093/OED/6934598526,http://www.oed.com/dictionary/prebend_v
ragamuffiness,noun,1868,0,A female ragamuffin.,derivative,,,Not in use,,,https://doi.org/10.1093/OED/2886616873,http://www.oed.com/dictionary/ragamuffiness_n
routinarity,noun,1868,0,The condition of being dependent on routine.,derivative,,,Not in use,,,https://doi.org/10.1093/OED/7582317178,http://www.oed.com/dictionary/routinarity_n
self-subsidation,noun,1868,0,The formation of a pool of metal during smelting.,derivative,,,Not in use,,"manufacturing and industry/manufacturing/metal industry, sport and leisure/sport/billiards, pool, and snooker",https://doi.org/10.1093/OED/7524871843,http://www.oed.com/dictionary/self-subsidation_n
tacticianize,verb,1868-,0,To play the tactician.,derivative,,,In current use,,,https://doi.org/10.1093/OED/7969469705,http://www.oed.com/dictionary/tacticianize_v
telemicroscope,noun,1868-,2,An instrument combining components… A special…,compound,,,In current use,,sciences/physical sciences/physics/optics,https://doi.org/10.1093/OED/9349106022,http://www.oed.com/dictionary/telemicroscope_n
uranopathy,noun,1868,0,Emotional or sentimental responsiveness to…,compound,,,Not in use,,,https://doi.org/10.1093/OED/7411704664,http://www.oed.com/dictionary/uranopathy_n
wagsome,adjective,1868-,0,"Playful, facetious; waggish.",derivative,,,In current use,,,https://doi.org/10.1093/OED/2581829670,http://www.oed.com/dictionary/wagsome_adj
worthen,verb,1868-94,0,"transitive. To earn, win.",derivative,,,Not in use,,,https://doi.org/10.1093/OED/5001961231,http://www.oed.com/dictionary/worthen_v
colourism,noun,1869-,3,Chiefly U.S. Prejudice or discrimination against…,derivative,,,In current use,North American English/U.S. English,,https://doi.org/10.1093/OED/9726748567,http://www.oed.com/dictionary/colourism_n
devive,verb,1869-,1,"transitive. To render lifeless, devitalize.",derivative,,,In current use,,,https://doi.org/10.1093/OED/1051722976,http://www.oed.com/dictionary/devive_v
donkeyhood,noun,1869-,1,The condition of being a donkey; donkeys collectively.,derivative,,,In current use,,,https://doi.org/10.1093/OED/1315630813,http://www.oed.com/dictionary/donkeyhood_n
encomiac,adjective,1869-,0,Of or pertaining to eulogy; panegyrical.,borrowing,,,In current use,,,https://doi.org/10.1093/OED/1079070229,http://www.oed.com/dictionary/encomiac_adj
loamily,adverb,1869-,0,In the manner of loamy soil.,derivative,,,In current use,,,https://doi.org/10.1093/OED/2171197301,http://www.oed.com/dictionary/loamily_adv
meet-helping,noun,1869,0,The action of a helpmeet.,derivative,,,Not in use,,,https://doi.org/10.1093/OED/1134583743,http://www.oed.com/dictionary/meet-helping_n
musery,noun,1869,0,Embellishment of the work of the Muses.,derivative,,,Not in use,,arts,https://doi.org/10.1093/OED/1462026764,http://www.oed.com/dictionary/musery_n2
practicalization,noun,1869-,2,Implementation; the action of putting into effect.,derivative,,,In current use,,,https://doi.org/10.1093/OED/2886295087,http://www.oed.com/dictionary/practicalization_n
prosody bigot,noun,1869,0,A rigid follower of prosodic rules.,compound,,,Not in use,,arts/literature/prosody,https://doi.org/10.1093/OED/1181077483,http://www.oed.com/dictionary/prosody-bigot_n
snowmanship,noun,1869-,0,Skill in traversing snow.,compound,,,In current use,,,https://doi.org/10.1093/OED/3783138997,http://www.oed.com/dictionary/snowmanship_n
sonogram,noun,1869-,4,Frequently in form sonagram. Also with capital…,compound,,,In current use,,"sciences/medicine, sciences/physical sciences/physics/acoustics",https://doi.org/10.1093/OED/9653681980,http://www.oed.com/dictionary/sonogram_n
sonography,noun,1869-,4,Medicine. The technique or procedure of using…,compound,,,In current use,,sciences/medicine/radiology,https://doi.org/10.1093/OED/7717879495,http://www.oed.com/dictionary/sonography_n
storeholder,noun,1869-,1,"= storekeeper, n. 1.",compound,,,In current use,,,https://doi.org/10.1093/OED/1123908364,http://www.oed.com/dictionary/storeholder_n
supernaturaldom,noun,1869-,0,The realm of supernatural things or beings.,derivative,,,In current use,,,https://doi.org/10.1093/OED/1203704827,http://www.oed.com/dictionary/supernaturaldom_n
treeward,adjective,1869-,0,Toward a tree or trees.,derivative,,,In current use,,,https://doi.org/10.1093/OED/2543155430,http://www.oed.com/dictionary/treeward_adj
bethrelian,adjective,1870-,0,Of or relating to a bedral.,,,,In current use,Britain and Ireland/British English/Scottish English,,https://doi.org/10.1093/OED/3950369013,http://www.oed.com/dictionary/bethrelian_adj
coquicide,noun,1870-,0,The killing of a cook.,borrowing,,,In current use,,,https://doi.org/10.1093/OED/9983410029,http://www.oed.com/dictionary/coquicide_n
counterstand,noun,1870-,1,Standing against; resistance or withstanding.,derivative,,,In current use,,,https://doi.org/10.1093/OED/2987601197,http://www.oed.com/dictionary/counterstand_n
dukelet,noun,1870-,1,"= dukeling, n. 1.",derivative,,,In current use,,,https://doi.org/10.1093/OED/7276176704,http://www.oed.com/dictionary/dukelet_n
exceptivity,noun,1870-,0,Readiness to make exceptions (from rules of conduct).,derivative,,,In current use,,,https://doi.org/10.1093/OED/5099242261,http://www.oed.com/dictionary/exceptivity_n
Fifth-monarchism,noun,1870-,0,The principles of the Fifth-monarchy men.,derivative,,,In current use,,,https://doi.org/10.1093/OED/3300018982,http://www.oed.com/dictionary/fifth-monarchism_n
logomaniac,noun,1870-,0,One who is insanely interested in words.,borrowing,,,In current use,,,https://doi.org/10.1093/OED/9740942403,http://www.oed.com/dictionary/logomaniac_n
loom-lord,noun,1870-,1,The proprietor of weaving machinery.,compound,,,In current use,,crafts and trades/textiles/weaving,https://doi.org/10.1093/OED/1000461973,http://www.oed.com/dictionary/loom-lord_n
opium-smoke,verb,1870,0,transitive to bring into a specified condition by…,compound,,,Not in use,,drug use,https://doi.org/10.1093/OED/3934707512,http://www.oed.com/dictionary/opium-smoke_v
pace-goer,noun,1870-,0,Someone or something capable of ‘going the pace’…,compound,,,In current use,,,https://doi.org/10.1093/OED/5136965159,http://www.oed.com/dictionary/pace-goer_n
philodendrist,noun,1870,0,A lover of trees.,borrowing,,,Not in use,,sciences/life sciences/plants,https://doi.org/10.1093/OED/4607873169,http://www.oed.com/dictionary/philodendrist_n
platformally,adverb,1870,0,In the manner of a platform speaker.,derivative,,,Not in use,,,https://doi.org/10.1093/OED/9660285193,http://www.oed.com/dictionary/platformally_adv
ravendom,noun,1870-,0,The community of ravens.,derivative,,,In current use,,,https://doi.org/10.1093/OED/1903115733,http://www.oed.com/dictionary/ravendom_n
roundliness,noun,1870,0,The quality of having a rounded outline or contour.,derivative,,,Not in use,,,https://doi.org/10.1093/OED/1030264814,http://www.oed.com/dictionary/roundliness_n
correctish,adjective,a1871-,0,Pretty correct.,derivative,,,In current use,,,https://doi.org/10.1093/OED/2066696761,http://www.oed.com/dictionary/correctish_adj
dabblement,noun,a1871-,0,Dabbling (in semi-concrete sense).,derivative,,,In current use,,,https://doi.org/10.1093/OED/4827998064,http://www.oed.com/dictionary/dabblement_n
hawky,adjective,a1871-,1,Characterized by hawking.,derivative,,,In current use,,,https://doi.org/10.1093/OED/2103792191,http://www.oed.com/dictionary/hawky_adj2
infernalry,noun,a1871-,0,A haunt of ‘infernals’.,derivative,,,In current use,,,https://doi.org/10.1093/OED/6409053846,http://www.oed.com/dictionary/infernalry_n
lioning,noun,a1871-,1,The being made a ‘lion’ of.,derivative,,,In current use,,,https://doi.org/10.1093/OED/2368248011,http://www.oed.com/dictionary/lioning_n
thoughtkin,noun,a1871,0,"= thoughtlet, n.",derivative,,,Not in use,,,https://doi.org/10.1093/OED/5502794461,http://www.oed.com/dictionary/thoughtkin_n
brinker,noun,1871-,1,One living on the brink or border.,derivative,,,In current use,,,https://doi.org/10.1093/OED/3200825197,http://www.oed.com/dictionary/brinker_n
centessence,noun,1871,0,In hyperbolic use: the most characteristic…,borrowing,,,Not in use,,,https://doi.org/10.1093/OED/4010604913,http://www.oed.com/dictionary/centessence_n
dissubstantiate,verb,1871-,0,transitive. To deprive of substance or substantiality.,derivative,,,In current use,,,https://doi.org/10.1093/OED/6973410833,http://www.oed.com/dictionary/dissubstantiate_v
poundiferous,adjective,1871,0,Accompanied by loud pounding.,compound,,humorous,Not in use,,,https://doi.org/10.1093/OED/3292876750,http://www.oed.com/dictionary/poundiferous_adj
schoolingly,adverb,1871,0,So as to provide a lesson.,derivative,,,Not in use,,,https://doi.org/10.1093/OED/3195918326,http://www.oed.com/dictionary/schoolingly_adv
tipmost,adjective,1871-,1,Situated at the extreme tip. In quot. 1871 =…,derivative,,,In current use,,,https://doi.org/10.1093/OED/8455809126,http://www.oed.com/dictionary/tipmost_adj
toadess,noun,1871-,0,A female toad.,derivative,,,In current use,,sciences/life sciences/animals,https://doi.org/10.1093/OED/8025685022,http://www.oed.com/dictionary/toadess_n
twinhood,noun,1871-,2,"= twinship, n.",derivative,,,In current use,,,https://doi.org/10.1093/OED/6659323825,http://www.oed.com/dictionary/twinhood_n
basileiolatry,noun,1872-,0,King-worship.,borrowing,,,In current use,,,https://doi.org/10.1093/OED/8884450859,http://www.oed.com/dictionary/basileiolatry_n
fairful,noun,1872,0,As many as would fill a fair.,derivative,,,Not in use,,technology/measurement,https://doi.org/10.1093/OED/1667245189,http://www.oed.com/dictionary/fairful_n
loamless,adjective,1872-,2,Without loam; unmixed with loam.,derivative,,,In current use,,,https://doi.org/10.1093/OED/1948978182,http://www.oed.com/dictionary/loamless_adj
muscarium,noun,1872,0,A place where flies are kept.,borrowing,,,Not in use,,,https://doi.org/10.1093/OED/4227403291,http://www.oed.com/dictionary/muscarium_n2
penny-a-linerism,noun,1872,0,An expression in the style of a penny-a-liner.,derivative,,,Not in use,,manufacturing and industry/publishing and the book trade/journalism,https://doi.org/10.1093/OED/7517775714,http://www.oed.com/dictionary/penny-a-linerism_n
pot-housey,adjective,1872,0,Suggestive of or appropriate to a pothouse. Cf…,derivative,,,Not in use,,,https://doi.org/10.1093/OED/8114486289,http://www.oed.com/dictionary/pot-housey_adj
pulicarious,adjective,1872,0,Of the nature of or resembling a flea.,borrowing,,,Not in use,,,https://doi.org/10.1093/OED/1173252084,http://www.oed.com/dictionary/pulicarious_adj
pulpitly,adverb,1872,0,With regard to the pulpit or preaching.,derivative,,,Not in use,,,https://doi.org/10.1093/OED/4189804105,http://www.oed.com/dictionary/pulpitly_adv
self-abnegator,noun,1872-,1,A person who denies himself or herself something…,derivative,,,In current use,,,https://doi.org/10.1093/OED/1359912576,http://www.oed.com/dictionary/self-abnegator_n
shield-lion,noun,1872-,0,A lion emblazoned upon a heraldic shield.,compound,,,In current use,,heraldry,https://doi.org/10.1093/OED/1066727437,http://www.oed.com/dictionary/shield-lion_n
witticaster,noun,1872-,0,"A petty or inferior wit, a witling.",blend,,,In current use,,,https://doi.org/10.1093/OED/5138648846,http://www.oed.com/dictionary/witticaster_n
yachtling,noun,1872-,0,A little yacht.,derivative,,,In current use,,transport/nautical/sailing,https://doi.org/10.1093/OED/4228721859,http://www.oed.com/dictionary/yachtling_n
palaverist,noun,a1873,0,"= palaverer, n.",derivative,,,Not in use,,,https://doi.org/10.1093/OED/2325080098,http://www.oed.com/dictionary/palaverist_n
cavernhold,noun,1873-,0,After household.,compound,,,In current use,,,https://doi.org/10.1093/OED/1055633850,http://www.oed.com/dictionary/cavernhold_n
cincinnate,adjective,1873-,0,"Of hair: Curled, in ringlets. (affected.)",borrowing,,,In current use,,,https://doi.org/10.1093/OED/8560552567,http://www.oed.com/dictionary/cincinnate_adj
condoret,noun,1873-,0,A young condor.,derivative,,,In current use,,,https://doi.org/10.1093/OED/9183403420,http://www.oed.com/dictionary/condoret_n
counter-toning,noun,1873-,0,"The accompanying (of singing, etc.) in a…",derivative,,,In current use,,,https://doi.org/10.1093/OED/2991356117,http://www.oed.com/dictionary/counter-toning_n
crammy,adjective,1873-,1,Characterized by cramming or crowding; affording…,derivative,,,In current use,,,https://doi.org/10.1093/OED/6842867942,http://www.oed.com/dictionary/crammy_adj
euthanatize,verb,1873-,2,transitive. To subject to ‘euthanasia’.,borrowing,,,In current use,,,https://doi.org/10.1093/OED/3905205915,http://www.oed.com/dictionary/euthanatize_v
lispy,adjective,1873-,2,Characterized by a lisp; inclined to lisp.,derivative,,,In current use,,,https://doi.org/10.1093/OED/5874593437,http://www.oed.com/dictionary/lispy_adj
neoterizing,noun,1873,0,The coining of new words or phrases; = neologism…,borrowing,,,Not in use,,language/linguistics,https://doi.org/10.1093/OED/1100715896,http://www.oed.com/dictionary/neoterizing_n
punditship,noun,1873,0,Hindu scholarship.,derivative,,,Not in use,,,https://doi.org/10.1093/OED/1062509467,http://www.oed.com/dictionary/punditship_n
scuppled,adjective,1873-,0,"Grooved, furrowed.",derivative,,,In current use,,,https://doi.org/10.1093/OED/9996421038,http://www.oed.com/dictionary/scuppled_adj
seamstressing,noun,1873-,2,The action of working as a seamstress.,derivative,,,In current use,,crafts and trades/textiles/needlework,https://doi.org/10.1093/OED/1059477431,http://www.oed.com/dictionary/seamstressing_n
trium-feminate,noun,1873-,0,A group of three women associated in government.,borrowing,,,In current use,,,https://doi.org/10.1093/OED/1060286217,http://www.oed.com/dictionary/trium-feminate_n
vicambulate,verb,1873-,0,intransitive. To walk about in the streets.,borrowing,,,In current use,,,https://doi.org/10.1093/OED/4242664078,http://www.oed.com/dictionary/vicambulate_v
chantlet,noun,a1874,0,A little song or melody.,derivative,,,Not in use,,arts/performing arts/music,https://doi.org/10.1093/OED/6300583814,http://www.oed.com/dictionary/chantlet_n
centiplume,adjective,1874,0,Having a hundred feathers or plumes.,compound,,,Not in use,,,https://doi.org/10.1093/OED/9813019250,http://www.oed.com/dictionary/centiplume_adj
criticiasis,noun,1874,0,Criticism regarded as a disease.,derivative,,,Not in use,,,https://doi.org/10.1093/OED/1161061283,http://www.oed.com/dictionary/criticiasis_n
housemaidenhood,noun,1874-,0,"The condition, state, or practice of working as a…",compound,,,In current use,,,https://doi.org/10.1093/OED/9671774106,http://www.oed.com/dictionary/housemaidenhood_n
inferentialism,noun,1874-,2,A theory involving or depending on (mere)…,derivative,,,In current use,,philosophy,https://doi.org/10.1093/OED/9409971264,http://www.oed.com/dictionary/inferentialism_n
materterine,adjective,1874-,0,"= materteral, adj.",borrowing,,humorous,In current use,,,https://doi.org/10.1093/OED/5864491008,http://www.oed.com/dictionary/materterine_adj
polemomania,noun,1874,0,Excessive desire for conflict; militant anger.,borrowing,,,Not in use,,sciences/medicine/psychology/psychiatry,https://doi.org/10.1093/OED/5296944697,http://www.oed.com/dictionary/polemomania_n
punctiuncle,noun,1874,0,An extremely minute or trifling point.,borrowing,,,Not in use,,,https://doi.org/10.1093/OED/3538638333,http://www.oed.com/dictionary/punctiuncle_n
tigerocious,adjective,1874-,0,"= tigerish, adj. 1.",,,,In current use,,,https://doi.org/10.1093/OED/7276064426,http://www.oed.com/dictionary/tigerocious_adj
totive,adjective,1874-,2,Denoting a whole: see quot. 1874.,borrowing,,,In current use,,,https://doi.org/10.1093/OED/5158865285,http://www.oed.com/dictionary/totive_adj
transwritten,adjective,1874-,0,"Transcribed, or ? translated.",derivative,,,In current use,,,https://doi.org/10.1093/OED/9827186415,http://www.oed.com/dictionary/transwritten_adj
achage,noun,1875,0,The state of having an ache.,derivative,,,Not in use,,sciences/medicine,https://doi.org/10.1093/OED/5781212054,http://www.oed.com/dictionary/achage_n
actionism,noun,1875-,2,Belief in or advocacy of taking action; activism.,derivative,,,In current use,,arts/visual arts,https://doi.org/10.1093/OED/1023701617,http://www.oed.com/dictionary/actionism_n
club drub,verb,1875,0,transitive to beat (a person) with a club.,compound,,,Not in use,,,https://doi.org/10.1093/OED/3549521782,http://www.oed.com/dictionary/club-drub_v
outwittal,noun,1875,0,The fact of outwitting someone.,derivative,,,Not in use,,,https://doi.org/10.1093/OED/1063630009,http://www.oed.com/dictionary/outwittal_n
peplosed,adjective,1875,0,Wearing a peplos.,derivative,,,Not in use,,crafts and trades/costume,https://doi.org/10.1093/OED/7311329784,http://www.oed.com/dictionary/peplosed_adj
propugnacled,adjective,1875,0,Having ramparts; battlemented. (In quot. figurative.),derivative,,,Not in use,,military/fortification,https://doi.org/10.1093/OED/2866713966,http://www.oed.com/dictionary/propugnacled_adj
trichotomist,noun,1875-,1,A hair-cutter.,borrowing,,,In current use,,crafts and trades/hairdressing,https://doi.org/10.1093/OED/1171231741,http://www.oed.com/dictionary/trichotomist_n1
tutelarship,noun,1875-,0,The position or function of a tutelar.,derivative,,,In current use,,,https://doi.org/10.1093/OED/3331978162,http://www.oed.com/dictionary/tutelarship_n
passericidal,adjective,a1876,0,That kills sparrows; sparrow-killing.,borrowing,,,Not in use,,,https://doi.org/10.1093/OED/1212391237,http://www.oed.com/dictionary/passericidal_adj
vesuviate,verb,a1876-,0,intransitive. Of weather: To be very hot.,derivative,,,In current use,,sciences/physical sciences/earth sciences/geography/weather,https://doi.org/10.1093/OED/1459592840,http://www.oed.com/dictionary/vesuviate_v
astro-alchemist,noun,1876,0,A person who combines astrology and alchemy.,compound,,,Not in use,,"religion and belief/belief systems and practices/astrology, sciences/physical sciences/chemistry/alchemy",https://doi.org/10.1093/OED/2151593714,http://www.oed.com/dictionary/astro-alchemist_n
black-about,adjective,1876-,0,Black all around.,compound,,,In current use,,,https://doi.org/10.1093/OED/4666135713,http://www.oed.com/dictionary/black-about_adj
degrowth,noun,1876-,4,A policy of reducing levels of production and…,derivative,,,In current use,Indian English,economics and commerce/economics,https://doi.org/10.1093/OED/6343359302,http://www.oed.com/dictionary/degrowth_n
embrutalize,verb,1876-,0,transitive. To render brutal.,derivative,,,In current use,,,https://doi.org/10.1093/OED/3898257202,http://www.oed.com/dictionary/embrutalize_v
hippomaniacally,adverb,1876,0,In a manner reminiscent of a mad horse…,compound,,,Not in use,,,https://doi.org/10.1093/OED/2278950075,http://www.oed.com/dictionary/hippomaniacally_adv
infelonious,adjective,1876-,1,Not felonious; not of the nature of felony.,derivative,,,In current use,,law,https://doi.org/10.1093/OED/1569815273,http://www.oed.com/dictionary/infelonious_adj
laney,adjective,1876-,2,Of or pertaining to a lane.,derivative,,,In current use,,,https://doi.org/10.1093/OED/1051029606,http://www.oed.com/dictionary/laney_adj
lip-blossomed,adjective,1876-,0,Labiate.,compound,,,In current use,,sciences/life sciences/plants,https://doi.org/10.1093/OED/6188043915,http://www.oed.com/dictionary/lip-blossomed_adj
loaflet,noun,1876-,1,A small loaf.,derivative,,,In current use,,consumables/food and cooking/baking,https://doi.org/10.1093/OED/1026111188,http://www.oed.com/dictionary/loaflet_n
meteorette,noun,1876,0,A small shooting star.,derivative,,,Not in use,,sciences/physical sciences/astronomy,https://doi.org/10.1093/OED/3560998458,http://www.oed.com/dictionary/meteorette_n
mouth-wise,adverb,1876-,0,"By means of the mouth, by speech.",derivative,,,In current use,,,https://doi.org/10.1093/OED/7182922950,http://www.oed.com/dictionary/mouth-wise_adv
pedicularity,noun,1876,0,The nature or set of characteristics of a louse.,derivative,,,Not in use,,,https://doi.org/10.1093/OED/1193173793,http://www.oed.com/dictionary/pedicularity_n
polydiabolical,noun,1876,0,"= polydiabolist, n.",compound,,,Not in use,,religion and belief/religion,https://doi.org/10.1093/OED/9462585067,http://www.oed.com/dictionary/polydiabolical_n
polydiabolism,noun,1876,0,Belief in many devils or evil spirits.,compound,,,Not in use,,religion and belief/religion,https://doi.org/10.1093/OED/9813222224,http://www.oed.com/dictionary/polydiabolism_n
polydiabolist,noun,1876,0,A person who believes in many devils or evil spirits.,,,,Not in use,,religion and belief/religion,https://doi.org/10.1093/OED/3868221871,http://www.oed.com/dictionary/polydiabolist_n
postvenant,noun,1876,0,That which comes after or follows; a consequence.,borrowing,,,Not in use,,,https://doi.org/10.1093/OED/8421494360,http://www.oed.com/dictionary/postvenant_n
pot-hook,verb,1876,0,transitive (reflexive). To curve oneself into the…,conversion,,,Not in use,,,https://doi.org/10.1093/OED/7070090990,http://www.oed.com/dictionary/pot-hook_v
pyramidaire,noun,1876,0,A person to whom a pyramid is erected as a monument.,derivative,,,Not in use,,,https://doi.org/10.1093/OED/1122215402,http://www.oed.com/dictionary/pyramidaire_n
terrapin-paws,noun,1876,0,Long-handled tongs used for capturing terrapins.,compound,,,Not in use,North American English/U.S. English/U.S. English (southern),,https://doi.org/10.1093/OED/8806762301,http://www.oed.com/dictionary/terrapin-paws_n
bite-beast,noun,1877,0,A creature that bites.,compound,,,Not in use,,sciences/life sciences/animals,https://doi.org/10.1093/OED/1145754082,http://www.oed.com/dictionary/bite-beast_n
bow-woman,noun,1877-,1,A female archer.,compound,,,In current use,,sport and leisure/sport/archery,https://doi.org/10.1093/OED/6941159676,http://www.oed.com/dictionary/bow-woman_n
championism,noun,1877-,0,The action of championing someone or something.,,,,In current use,,,https://doi.org/10.1093/OED/1680945848,http://www.oed.com/dictionary/championism_n
cross-questionable,adjective,1877,0,Capable of being cross-questioned.,derivative,,,Not in use,,,https://doi.org/10.1093/OED/1145553519,http://www.oed.com/dictionary/cross-questionable_adj
cupboardy,adjective,1877-,0,Cupboard-like.,derivative,,,In current use,,,https://doi.org/10.1093/OED/1015366866,http://www.oed.com/dictionary/cupboardy_adj
dispurple,verb,1877-,0,transitive. To strip of the (imperial) purple; to…,derivative,,,In current use,,,https://doi.org/10.1093/OED/1057106920,http://www.oed.com/dictionary/dispurple_v
ecclesiophobia,noun,1877-,0,A morbid dread of ecclesiasticism.,compound,,,In current use,,religion and belief/religion/Christianity/ecclesiastical,https://doi.org/10.1093/OED/5723055115,http://www.oed.com/dictionary/ecclesiophobia_n
elisionable,adjective,1877,0,That may be elided; elidible.,derivative,,,Not in use,,arts/literature/prosody,https://doi.org/10.1093/OED/9559319914,http://www.oed.com/dictionary/elisionable_adj
gospel choir,noun,1877-,4,An organized group of singers performing gospel music.,compound,,,In current use,,,https://doi.org/10.1093/OED/7605021680,http://www.oed.com/dictionary/gospel-choir_n
Kaffirhood,noun,1877,0,Obsolete. offensive. The state or condition of being a Xhosa.,derivative,,offensive,Not in use,,,https://doi.org/10.1093/OED/5415642364,http://www.oed.com/dictionary/kaffirhood_n
Messianize,verb,1877,0,transitive. To imbue with a Messianic character.,derivative,,,Not in use,,religion and belief/religion/Christianity,https://doi.org/10.1093/OED/1175689077,http://www.oed.com/dictionary/messianize_v
nicotiant,adjective,1877,0,That is smoking tobacco.,derivative,,,Not in use,,consumables/tobacco,https://doi.org/10.1093/OED/3407287730,http://www.oed.com/dictionary/nicotiant_adj
orthoglossy,noun,1877,0,Accepted or customary pronunciation.,borrowing,,,Not in use,,,https://doi.org/10.1093/OED/7679168458,http://www.oed.com/dictionary/orthoglossy_n
otherselfish,adjective,1877,0,Altruistic.,derivative,,,Not in use,,,https://doi.org/10.1093/OED/1049227880,http://www.oed.com/dictionary/otherselfish_adj
palaeomachic,adjective,1877,0,Of or relating to ancient warfare.,,,,Not in use,,military,https://doi.org/10.1093/OED/8596480338,http://www.oed.com/dictionary/palaeomachic_adj
piece-bright,adjective,1877,0,Bright in parts.,compound,,,Not in use,,,https://doi.org/10.1093/OED/4481840131,http://www.oed.com/dictionary/piece-bright_adj
chalypsography,noun,1878-,0,Steel engraving.,borrowing,,,In current use,,arts/visual arts/engraving and etching,https://doi.org/10.1093/OED/3386138839,http://www.oed.com/dictionary/chalypsography_n
Craniad,noun,1878-,2,The epic of a skull.,derivative,,,In current use,,,https://doi.org/10.1093/OED/1128303817,http://www.oed.com/dictionary/craniad_n
disgovern,verb,1878-,1,transitive. To leave ungoverned; to refrain from…,derivative,,,In current use,,,https://doi.org/10.1093/OED/4754976888,http://www.oed.com/dictionary/disgovern_v
emerge,noun,1878-,4,A surface that has emerged.,conversion,,,In current use,,,https://doi.org/10.1093/OED/5760295566,http://www.oed.com/dictionary/emerge_n
flunkeyize,verb,1878-,0,(transitive) to imbue with the spirit of a flunkey.,derivative,,,In current use,,,https://doi.org/10.1093/OED/1088553263,http://www.oed.com/dictionary/flunkeyize_v
gas line,noun,1878-,3,A pipeline or pipe that carries gasoline.,compound,,,In current use,,,https://doi.org/10.1093/OED/1071347176,http://www.oed.com/dictionary/gas-line_n2
idiocracy,noun,1878,0,Personal rule or government.,compound,,,Not in use,,,https://doi.org/10.1093/OED/2982347946,http://www.oed.com/dictionary/idiocracy_n1
maternalize,verb,1878-,2,transitive. To make maternal; to endow with…,derivative,,,In current use,,,https://doi.org/10.1093/OED/1167186162,http://www.oed.com/dictionary/maternalize_v
narcologist,noun,1878-,2,A specialist in narcology.,compound,,,In current use,,sciences/medicine,https://doi.org/10.1093/OED/2302463500,http://www.oed.com/dictionary/narcologist_n
panomphaic,adjective,1878,0,"= Panomphaean, adj. 3.",proper name,,,Not in use,,consumables/drink,https://doi.org/10.1093/OED/5573203051,http://www.oed.com/dictionary/panomphaic_adj
reservery,noun,1878,0,The occupation of serving as a reservist.,derivative,,,Not in use,,military,https://doi.org/10.1093/OED/3905456145,http://www.oed.com/dictionary/reservery_n
sad-avised,adjective,1878-,0,Sad-faced.,,,,In current use,,,https://doi.org/10.1093/OED/1749376729,http://www.oed.com/dictionary/sad-avised_adj
standardism,noun,1878-,2,The quality or state of being standard or…,derivative,,,In current use,,,https://doi.org/10.1093/OED/6830401368,http://www.oed.com/dictionary/standardism_n
stripe-shadowed,adjective,1878-,1,Crossed by stripes of shadow.,compound,,,In current use,,,https://doi.org/10.1093/OED/8186268139,http://www.oed.com/dictionary/stripe-shadowed_adj
telegraphone,noun,1878-,2,A device which records sounds received by…,blend,,historical,In current use,,technology/telecommunications/telephony,https://doi.org/10.1093/OED/3592471810,http://www.oed.com/dictionary/telegraphone_n
aerobat,noun,1879,0,A flying machine.,borrowing,,,Not in use,,transport/aviation,https://doi.org/10.1093/OED/2573361904,http://www.oed.com/dictionary/aerobat_n1
demoniculture,noun,1879,0,Worship of demons.,compound,,,Not in use,,religion and belief/religion,https://doi.org/10.1093/OED/3593116596,http://www.oed.com/dictionary/demoniculture_n
dust-way,noun,1879-,0,"Applied to the pistils of flowers, as…",compound,,,In current use,,,https://doi.org/10.1093/OED/9750284799,http://www.oed.com/dictionary/dust-way_n
enchantingness,noun,1879-,1,The quality of being enchanting.,derivative,,,In current use,,,https://doi.org/10.1093/OED/1126316265,http://www.oed.com/dictionary/enchantingness_n
flingee,noun,1879-,0,One at whom anything is flung.,derivative,,,In current use,,,https://doi.org/10.1093/OED/1085741798,http://www.oed.com/dictionary/flingee_n
graciosoly,adverb,1879,0,"In the manner of a clown or gracioso (gracioso, n. 2).",derivative,,,Not in use,,,https://doi.org/10.1093/OED/3724284477,http://www.oed.com/dictionary/graciosoly_adv
insect,verb,1879-,3,intransitive. To hunt or catch insects.,conversion,,,In current use,,"sport and leisure/hunting, fishing, and shooting/hunting",https://doi.org/10.1093/OED/1330946279,http://www.oed.com/dictionary/insect_v2
navifauna,noun,1879,0,The fauna found on a ship.,borrowing,,,Not in use,,"sciences/life sciences/animals, transport/nautical",https://doi.org/10.1093/OED/1180059592,http://www.oed.com/dictionary/navifauna_n
screw-smile,noun,1879,0,A forced smile.,compound,,,Not in use,,,https://doi.org/10.1093/OED/1009403525,http://www.oed.com/dictionary/screw-smile_n
spendsavour,adjective,1879-,1,That has lost its savour.,compound,,,In current use,,,https://doi.org/10.1093/OED/5748441635,http://www.oed.com/dictionary/spendsavour_adj
trotlet,noun,1879-,1,A diminutive trot.,derivative,,,In current use,,sport and leisure/horses and riding,https://doi.org/10.1093/OED/1132131088,http://www.oed.com/dictionary/trotlet_n
upsilonism,noun,1879-,0,Tendency to use the letter u.,derivative,,,In current use,,,https://doi.org/10.1093/OED/2366596079,http://www.oed.com/dictionary/upsilonism_n
tauntless,adjective,c1879-,0,Lacking or without a taunt (sense 3).,derivative,,,In current use,,,https://doi.org/10.1093/OED/7492789937,http://www.oed.com/dictionary/tauntless_adj
vauntless,adjective,c1879-,0,Not bragging or boasting.,derivative,,,In current use,,,https://doi.org/10.1093/OED/5310774728,http://www.oed.com/dictionary/vauntless_adj
autophotograph,noun,1880-,0,"Originally: = autoradiograph, n. (now rare). Now…",compound,,,In current use,,technology/photography,https://doi.org/10.1093/OED/1208198304,http://www.oed.com/dictionary/autophotograph_n
beseek,verb,1880-,1,transitive. To seek or search about.,derivative,,,In current use,,,https://doi.org/10.1093/OED/4078952585,http://www.oed.com/dictionary/beseek_v
bush-knot,noun,1880,0,"A crude or makeshift knot. See bush, n.¹ B.2.",compound,,,Not in use,,,https://doi.org/10.1093/OED/2516690241,http://www.oed.com/dictionary/bush-knot_n
deteriorism,noun,1880-,0,The doctrine that the tendency of things is to…,borrowing,,,In current use,,,https://doi.org/10.1093/OED/7834583885,http://www.oed.com/dictionary/deteriorism_n
ecloguey,adjective,1880-,0,"Pertaining to, or of the nature of, an eclogue or…",derivative,,,In current use,,arts/literature,https://doi.org/10.1093/OED/6290006066,http://www.oed.com/dictionary/ecloguey_adj
fimetic,adjective,1880-,1,Pertaining to or concerned with dung.,borrowing,,,In current use,,sciences/medicine/anatomy,https://doi.org/10.1093/OED/8641142488,http://www.oed.com/dictionary/fimetic_adj
funipotent,adjective,1880,0,That plays tricks with ropes.,borrowing,,,Not in use,,,https://doi.org/10.1093/OED/1208199639,http://www.oed.com/dictionary/funipotent_adj
immiraculous,adjective,1880-,0,Non-miraculous.,derivative,,,In current use,,,https://doi.org/10.1093/OED/2338392962,http://www.oed.com/dictionary/immiraculous_adj
inlaw,noun,1880-,4,(See quot. 1880.),derivative,,,In current use,,,https://doi.org/10.1093/OED/1159525523,http://www.oed.com/dictionary/inlaw_n2
monodiabolism,noun,1880-,0,"Belief in a single devil (cf. polydiabolism, n.).",compound,,,In current use,,,https://doi.org/10.1093/OED/6810227320,http://www.oed.com/dictionary/monodiabolism_n
musophobist,noun,1880,0,A person who dislikes or mistrusts poetry.,borrowing,,,Not in use,,,https://doi.org/10.1093/OED/4116659094,http://www.oed.com/dictionary/musophobist_n
non-mammalian,"adjective, noun",1880-,3,Not mammalian.,derivative,,,In current use,,sciences/life sciences,https://doi.org/10.1093/OED/1136861516,http://www.oed.com/dictionary/non-mammalian_adj
outfinger,verb,1880,0,(transitive) to open the fingers of (a hand).,derivative,,,Not in use,,,https://doi.org/10.1093/OED/9008434922,http://www.oed.com/dictionary/outfinger_v
paulo-past,adjective,1880,0,That is recently past; relating to something…,variant,,,Not in use,,,https://doi.org/10.1093/OED/6847300389,http://www.oed.com/dictionary/paulo-past_adj
piscitarian,noun,1880,0,A fishmonger.,borrowing,,,Not in use,,,https://doi.org/10.1093/OED/5981138408,http://www.oed.com/dictionary/piscitarian_n
riddle,noun,1880,0,A hole made by a bullet.,conversion,,,Not in use,,,https://doi.org/10.1093/OED/1024893162,http://www.oed.com/dictionary/riddle_n4
tenantism,noun,1880-,0,The principles and practice of tenants; tenantry…,derivative,,,In current use,,,https://doi.org/10.1093/OED/1016934605,http://www.oed.com/dictionary/tenantism_n
thinkingdom,noun,1880,0,A social structure of thinking persons.,derivative,,,Not in use,,,https://doi.org/10.1093/OED/8351703723,http://www.oed.com/dictionary/thinkingdom_n
topsy-turvyism,noun,1880-,1,Topsy-turvy system or method.,derivative,,,In current use,,,https://doi.org/10.1093/OED/1157377500,http://www.oed.com/dictionary/topsy-turvyism_n
cockneity,noun,a1881,0,Cockney people.,derivative,,,Not in use,,,https://doi.org/10.1093/OED/6118036861,http://www.oed.com/dictionary/cockneity_n
canage,noun,1881,0,Used humorously for: a harvest of canes (cf…,derivative,,humorous,Not in use,,,https://doi.org/10.1093/OED/1369998848,http://www.oed.com/dictionary/canage_n2
cerebrology,noun,1881-,1,The science or discussion of brains.,compound,,,In current use,,,https://doi.org/10.1093/OED/1250478633,http://www.oed.com/dictionary/cerebrology_n
Christ-dust,noun,1881,0,Flour.,compound,,colloquial and slang,Not in use,North American English/U.S. English,,https://doi.org/10.1093/OED/1199305399,http://www.oed.com/dictionary/christ-dust_n
clausify,verb,1881-,0,To arrange in clauses.,derivative,,,In current use,,,https://doi.org/10.1093/OED/7426564275,http://www.oed.com/dictionary/clausify_v
cornerable,adjective,1881-,0,That can be monopolized or controlled in a corner.,derivative,,,In current use,,,https://doi.org/10.1093/OED/1578079764,http://www.oed.com/dictionary/cornerable_adj
cosmophil,adjective,1881-,0,Friendly to the world in general; loving all countries.,borrowing,,,In current use,,,https://doi.org/10.1093/OED/2358711911,http://www.oed.com/dictionary/cosmophil_adj
cubship,noun,1881-,0,With possessive adjective. A mock title of…,derivative,,,In current use,,,https://doi.org/10.1093/OED/1158700960,http://www.oed.com/dictionary/cubship_n
cynicocratical,adjective,1881,0,Composed of a ruling body of cynics (see cynic…,compound,,,Not in use,,,https://doi.org/10.1093/OED/6955375704,http://www.oed.com/dictionary/cynicocratical_adj
cyperographer,noun,1881-,0,A writer on sedges.,compound,,,In current use,,,https://doi.org/10.1093/OED/3988035885,http://www.oed.com/dictionary/cyperographer_n
destinee,noun,1881-,3,The person for whom something (as a message…,derivative,,,In current use,,,https://doi.org/10.1093/OED/1105130060,http://www.oed.com/dictionary/destinee_n
dislune,verb,1881-,0,"transitive. To cure of mental illness. Cf. lune, n.²",borrowing,,,In current use,,sciences/medicine/psychology/psychiatry,https://doi.org/10.1093/OED/2173686970,http://www.oed.com/dictionary/dislune_v
hungrify,verb,1881-,0,transitive. To make hungry.,derivative,,,In current use,,,https://doi.org/10.1093/OED/1373741998,http://www.oed.com/dictionary/hungrify_v
maul-text,adjective,1881-,0,That mauls a text.,compound,,,In current use,,,https://doi.org/10.1093/OED/2631270145,http://www.oed.com/dictionary/maul-text_adj
nebulochaotic,adjective,1881,0,Hazily confused.,compound,,,Not in use,,,https://doi.org/10.1093/OED/1676855039,http://www.oed.com/dictionary/nebulochaotic_adj
nephelological,adjective,1881,0,Of or relating to clouds or cloudiness.,compound,,,Not in use,,sciences/physical sciences/earth sciences/geography/weather,https://doi.org/10.1093/OED/9221917539,http://www.oed.com/dictionary/nephelological_adj
parlour cattle-car,noun,1881,0,A railway car for cattle providing more than…,compound,,,Not in use,,"agriculture and horticulture/agriculture, transport/railways",https://doi.org/10.1093/OED/2497844350,http://www.oed.com/dictionary/parlour-cattle-car_n
polystigmatic,adjective,1881,0,Relating to many spots.,,,,Not in use,,,https://doi.org/10.1093/OED/1035111011,http://www.oed.com/dictionary/polystigmatic_adj
poppish,adjective,1881,0,Of the nature of a carbonated drink; fizzy.,derivative,,,Not in use,,,https://doi.org/10.1093/OED/1125257228,http://www.oed.com/dictionary/poppish_adj
safed,adjective,1881,0,Provided with a safe for securing money and…,derivative,,,Not in use,,economics and commerce,https://doi.org/10.1093/OED/1176298828,http://www.oed.com/dictionary/safed_adj
scowlful,adjective,1881-,0,Full of or characterized by scowling.,derivative,,,In current use,,,https://doi.org/10.1093/OED/3523501001,http://www.oed.com/dictionary/scowlful_adj
stintily,adverb,1881-,0,In a stinted or miserly manner.,derivative,,,In current use,,,https://doi.org/10.1093/OED/1195503752,http://www.oed.com/dictionary/stintily_adv
swordster,noun,1881-,0,A person given to sword fighting.,derivative,,,In current use,,,https://doi.org/10.1093/OED/7553572245,http://www.oed.com/dictionary/swordster_n
twindle,verb,1881-,1,intransitive. Used by G. M. Hopkins: probably a…,blend,,,In current use,,,https://doi.org/10.1093/OED/1073480359,http://www.oed.com/dictionary/twindle_v2
venisonized,adjective,1881-,0,Cooked so as to resemble venison.,derivative,,,In current use,,consumables/food and cooking,https://doi.org/10.1093/OED/1188738729,http://www.oed.com/dictionary/venisonized_adj
chalcotript,noun,1882-,0,"= chalcotribe, n.",borrowing,,,In current use,,,https://doi.org/10.1093/OED/1201808945,http://www.oed.com/dictionary/chalcotript_n
demartialize,verb,1882-,0,transitive. To deprive of warlike character or…,derivative,,,In current use,,,https://doi.org/10.1093/OED/9766383419,http://www.oed.com/dictionary/demartialize_v
demiurgeous,adjective,1882-,1,Of the nature of a demiurge.,derivative,,,In current use,,,https://doi.org/10.1093/OED/8726803254,http://www.oed.com/dictionary/demiurgeous_adj
disodour,noun,1882-,0,Ill odour; evil repute.,derivative,,,In current use,,,https://doi.org/10.1093/OED/6873766278,http://www.oed.com/dictionary/disodour_n
dolmenic,adjective,1882-,2,"Of or belonging to dolmens, or to the race who…",derivative,,,In current use,,,https://doi.org/10.1093/OED/1122869890,http://www.oed.com/dictionary/dolmenic_adj
geniuskin,noun,1882,0,A little genius or attendant spirit (see genius…,derivative,,,Not in use,,,https://doi.org/10.1093/OED/7783700330,http://www.oed.com/dictionary/geniuskin_n
growlsome,adjective,1882-,0,Inclined to growl.,derivative,,,In current use,,,https://doi.org/10.1093/OED/9644911215,http://www.oed.com/dictionary/growlsome_adj
infantolatry,noun,1882-,0,Infant worship; babyolatry.,borrowing,,,In current use,,,https://doi.org/10.1093/OED/3682626120,http://www.oed.com/dictionary/infantolatry_n
jokesman,noun,1882-,0,A professional joker.,compound,,,In current use,,arts,https://doi.org/10.1093/OED/4209767869,http://www.oed.com/dictionary/jokesman_n
plassonity,noun,1882,0,The quality or condition of being a plasson.,derivative,,humorous,Not in use,,sciences/life sciences,https://doi.org/10.1093/OED/6237118010,http://www.oed.com/dictionary/plassonity_n
Pullmanizing,noun,1882,0,The practice of travelling in a Pullman car.,derivative,,,Not in use,,,https://doi.org/10.1093/OED/1568195428,http://www.oed.com/dictionary/pullmanizing_n
pyrograph,noun,1882-,1,Originally U.S. A handheld tool with an…,compound,,,In current use,North American English/U.S. English,arts/decorative arts,https://doi.org/10.1093/OED/8544478910,http://www.oed.com/dictionary/pyrograph_n
sack-sailed,adjective,1882-,0,Having sails made of sackcloth.,compound,,,In current use,,,https://doi.org/10.1093/OED/3895012670,http://www.oed.com/dictionary/sack-sailed_adj
stalwartize,verb,1882-,0,transitive. To turn (a political party) into…,derivative,,,In current use,,politics,https://doi.org/10.1093/OED/4988396165,http://www.oed.com/dictionary/stalwartize_v
statisticianly,adverb,1882-,0,In the manner of a statistician.,derivative,,,In current use,,sciences/mathematics/statistics,https://doi.org/10.1093/OED/1077246784,http://www.oed.com/dictionary/statisticianly_adv
teleocracy,noun,1882-,1,(A system of) government directed towards the…,compound,,,In current use,,,https://doi.org/10.1093/OED/2486634141,http://www.oed.com/dictionary/teleocracy_n
thanks-living,noun,1882-,1,"After thanksgiving, action or conduct indicative…",compound,,,In current use,,,https://doi.org/10.1093/OED/2310116516,http://www.oed.com/dictionary/thanks-living_n
tobaccophil,noun,1882-,0,A lover of tobacco.,derivative,,,In current use,,consumables/tobacco,https://doi.org/10.1093/OED/9069385785,http://www.oed.com/dictionary/tobaccophil_n
topsy-turvical,adjective,1882-,1,Of a topsy-turvy character.,derivative,,,In current use,,,https://doi.org/10.1093/OED/6008459802,http://www.oed.com/dictionary/topsy-turvical_adj
ventilabral,adjective,1882,0,Concerning or relating to a (handheld) fan or fans.,borrowing,,,Not in use,,,https://doi.org/10.1093/OED/4123933267,http://www.oed.com/dictionary/ventilabral_adj
chumhood,noun,1883-,0,The condition or relation of a chum or chums.,derivative,,,In current use,,,https://doi.org/10.1093/OED/7765080321,http://www.oed.com/dictionary/chumhood_n
diminuate,verb,1883-,0,intransitive. To use a diminutive word or…,borrowing,,,In current use,,,https://doi.org/10.1093/OED/8165018764,http://www.oed.com/dictionary/diminuate_v
effacive,adjective,1883-,1,Disposed or tending to efface. self-effacive…,derivative,,,In current use,,,https://doi.org/10.1093/OED/1124871663,http://www.oed.com/dictionary/effacive_adj
egglet,noun,1883-,1,A small egg.,derivative,,,In current use,,,https://doi.org/10.1093/OED/7331103697,http://www.oed.com/dictionary/egglet_n
finifugal,adjective,1883-,0,Of or pertaining to shunning the end (of anything).,borrowing,,,In current use,,,https://doi.org/10.1093/OED/8882970495,http://www.oed.com/dictionary/finifugal_adj
gallinicide,noun,1883-,0,The killing of hens or poultry.,borrowing,,,In current use,,,https://doi.org/10.1093/OED/3508526563,http://www.oed.com/dictionary/gallinicide_n
gone cooniness,noun,1883,0,The quality or state of being a ‘gone coon’.,derivative,,colloquial and slang,Not in use,North American English/U.S. English,,https://doi.org/10.1093/OED/4157687178,http://www.oed.com/dictionary/gone-cooniness_n
helmlet,noun,1883-,0,A small helm or helmet.,derivative,,,In current use,,,https://doi.org/10.1093/OED/3655205570,http://www.oed.com/dictionary/helmlet_n
Jeames-ism,noun,1883-,0,Flunkeyism.,derivative,,,In current use,,,https://doi.org/10.1093/OED/4885934091,http://www.oed.com/dictionary/jeames-ism_n
nephelosphere,noun,1883,0,A cloudy atmosphere surrounding a planet or other…,compound,,,Not in use,,sciences/physical sciences/astronomy,https://doi.org/10.1093/OED/1021237415,http://www.oed.com/dictionary/nephelosphere_n
past-prime,adjective,1883,0,"= past-meridian, adj.",compound,,,Not in use,,,https://doi.org/10.1093/OED/7270249746,http://www.oed.com/dictionary/past-prime_adj
perantique,adjective,1883,0,Very antique; ancient.,derivative,,,Not in use,,,https://doi.org/10.1093/OED/8210862946,http://www.oed.com/dictionary/perantique_adj
pilgrim-fatherly,adjective,1883-,0,Characteristic of the Pilgrim Fathers.,compound,,,In current use,,,https://doi.org/10.1093/OED/8864228797,http://www.oed.com/dictionary/pilgrim-fatherly_adj
prescript,adjective,1883,0,Before the age of writing.,derivative,,,Not in use,,,https://doi.org/10.1093/OED/1096042311,http://www.oed.com/dictionary/prescript_adj2
railroadship,noun,1883,0,The connection between separate places provided…,derivative,,,Not in use,,transport/railways,https://doi.org/10.1093/OED/4141832129,http://www.oed.com/dictionary/railroadship_n
touristing,noun,1883-,2,The practice or habit of touring.,derivative,,,In current use,,,https://doi.org/10.1093/OED/1695458136,http://www.oed.com/dictionary/touristing_n
trouser-stockings,noun,1883-,0,†a. (Apparently) leggings or tights for a swimmer…,compound,,,In current use,North American English/U.S. English,crafts and trades/costume,https://doi.org/10.1093/OED/1043134612,http://www.oed.com/dictionary/trouser-stockings_n
Yankeese,noun,1883-,0,American English.,derivative,,,In current use,,,https://doi.org/10.1093/OED/1161240923,http://www.oed.com/dictionary/yankeese_n
auto-burglar,noun,1884,0,A person who burgles his or her own house.,compound,,,Not in use,,,https://doi.org/10.1093/OED/7376948870,http://www.oed.com/dictionary/auto-burglar_n
bullet,verb,1884-,4,transitive. To shoot with a bullet.,conversion,,,In current use,,,https://doi.org/10.1093/OED/1021403865,http://www.oed.com/dictionary/bullet_v
Congregationism,noun,1884-,0,See quot. 1884.,derivative,,,In current use,,,https://doi.org/10.1093/OED/6495138219,http://www.oed.com/dictionary/congregationism_n
dimensionable,adjective,1884-,1,Capable of being measured; having dimensions.,derivative,,,In current use,,,https://doi.org/10.1093/OED/6539960971,http://www.oed.com/dictionary/dimensionable_adj
episcopature,noun,1884-,0,"= episcopate, n. 4.",derivative,,,In current use,,religion and belief/religion,https://doi.org/10.1093/OED/1191710005,http://www.oed.com/dictionary/episcopature_n
evacuationist,noun,1884-,1,One who advocates the evacuation of (an occupied…,derivative,,,In current use,,,https://doi.org/10.1093/OED/7159559643,http://www.oed.com/dictionary/evacuationist_n
figuresome,adjective,1884-,0,Originally and chiefly North American. Of a…,derivative,,,In current use,North American English,,https://doi.org/10.1093/OED/5213747663,http://www.oed.com/dictionary/figuresome_adj
hecatarchy,noun,1884-,0,Government by a hundred rulers; = hecatontarchy…,borrowing,,,In current use,,,https://doi.org/10.1093/OED/4420452050,http://www.oed.com/dictionary/hecatarchy_n
hyenine,adjective,1884-,0,"= hyenaish, adj.",derivative,,,In current use,,sciences/life sciences/animals,https://doi.org/10.1093/OED/1999930442,http://www.oed.com/dictionary/hyenine_adj
illogician,noun,1884-,1,The reverse of a logician; an illogical reasoner.,derivative,,,In current use,,,https://doi.org/10.1093/OED/1081251938,http://www.oed.com/dictionary/illogician_n
neurally,adverb,1884-,3,"By or as regards nerves, the nervous system, or…",derivative,,,In current use,,"sciences/medicine/anatomy, sciences/medicine/neurology",https://doi.org/10.1093/OED/6301782424,http://www.oed.com/dictionary/neurally_adv
philorchidaceous,adjective,1884,0,Fond of or interested in orchids.,compound,,,Not in use,,,https://doi.org/10.1093/OED/1126226643,http://www.oed.com/dictionary/philorchidaceous_adj
podication,noun,1884,0,The process of being struck on the buttocks; a…,borrowing,,humorous,Not in use,,,https://doi.org/10.1093/OED/2681408164,http://www.oed.com/dictionary/podication_n
polkaic,adjective,1884,0,That has the character of a polka.,derivative,,,Not in use,,arts/performing arts/music,https://doi.org/10.1093/OED/1572080202,http://www.oed.com/dictionary/polkaic_adj
pressure figure,noun,1884-,2,†a. A shape that corresponds to some situation…,,,,In current use,,sciences/physical sciences/earth sciences/minerals,https://doi.org/10.1093/OED/6488764013,http://www.oed.com/dictionary/pressure-figure_n
private,verb,1884,0,transitive. To provide (an army) with privates…,conversion,,,Not in use,,,https://doi.org/10.1093/OED/2745514777,http://www.oed.com/dictionary/private_v3
pro-dialogue,noun,1884,0,An introductory dialogue.,derivative,,,Not in use,,,https://doi.org/10.1093/OED/1160618667,http://www.oed.com/dictionary/pro-dialogue_n
pumpkinifier,noun,1884-,0,A person who extravagantly or absurdly glorifies…,derivative,,,In current use,,,https://doi.org/10.1093/OED/1579868787,http://www.oed.com/dictionary/pumpkinifier_n
Senecaster,noun,1884-,0,An imitator of Seneca.,proper name,,,In current use,,,https://doi.org/10.1093/OED/3160330135,http://www.oed.com/dictionary/senecaster_n
swordlet,noun,1884-,0,A small sword.,derivative,,,In current use,,sport and leisure/sport/fencing,https://doi.org/10.1093/OED/9758197864,http://www.oed.com/dictionary/swordlet_n
sylphidine,adjective,1884-,0,Like a sylphid.,derivative,,,In current use,,religion and belief/mythology/classical mythology,https://doi.org/10.1093/OED/2934145469,http://www.oed.com/dictionary/sylphidine_adj
talker-seer,noun,1884,0,A person possessing both visionary qualities and…,compound,,,Not in use,,,https://doi.org/10.1093/OED/6836034648,http://www.oed.com/dictionary/talker-seer_n
thirdling,noun,1884-,0,Something that comes third.,derivative,,,In current use,,,https://doi.org/10.1093/OED/5762171136,http://www.oed.com/dictionary/thirdling_n
three-cornerism,noun,1884-,0,The fact or system of having ‘three-cornered’…,derivative,,,In current use,,,https://doi.org/10.1093/OED/1290166024,http://www.oed.com/dictionary/three-cornerism_n
topsy-turviment,noun,1884-,0,Act of turning or condition of being turned…,derivative,,,In current use,,,https://doi.org/10.1093/OED/9045232834,http://www.oed.com/dictionary/topsy-turviment_n
torpedo-boat,verb,1884-,3,(transitive) to furnish or arm with torpedo boats.,,,,In current use,,,https://doi.org/10.1093/OED/9686238071,http://www.oed.com/dictionary/torpedo-boat_v
tournament,verb,1884-,3,"(intransitive) to ride as in a tournament, to tilt.",conversion,,,In current use,,,https://doi.org/10.1093/OED/9277342891,http://www.oed.com/dictionary/tournament_v
whisty,adjective,1884-,0,Very fond of whist.,derivative,,,In current use,,sport and leisure/games/cards/whist,https://doi.org/10.1093/OED/2856664739,http://www.oed.com/dictionary/whisty_adj
with-worker,noun,1884,0,"A fellow-worker, co-worker.",compound,,,Not in use,,,https://doi.org/10.1093/OED/1112144047,http://www.oed.com/dictionary/with-worker_n
yawl,verb,1884-,1,transitive. To convey in a yawl.,conversion,,,In current use,,transport/nautical,https://doi.org/10.1093/OED/4466018793,http://www.oed.com/dictionary/yawl_v2
air pirate,noun,1885-,2,A person who perpetrates an illegal or violent…,compound,,,In current use,,transport/aviation,https://doi.org/10.1093/OED/6088154221,http://www.oed.com/dictionary/air-pirate_n
Atlanticist,"noun, adjective",1885-,3,A supporter or advocate of close military…,derivative,,,In current use,,"military, politics",https://doi.org/10.1093/OED/4816311908,http://www.oed.com/dictionary/atlanticist_n
buttery-worn,adjective,1885,0,(Of a person's body) worn out as a result of time…,compound,,,Not in use,,,https://doi.org/10.1093/OED/9077606085,http://www.oed.com/dictionary/buttery-worn_adj
cameldom,noun,1885-,0,The region of camels.,derivative,,,In current use,,,https://doi.org/10.1093/OED/8658993788,http://www.oed.com/dictionary/cameldom_n
chameleon,verb,1885-,2,transitive. To cause to change its hue like a…,conversion,,,In current use,,,https://doi.org/10.1093/OED/4623261269,http://www.oed.com/dictionary/chameleon_v
championage,noun,1885-,0,"= championship, n.",derivative,,,In current use,,sport and leisure/sport,https://doi.org/10.1093/OED/5859401359,http://www.oed.com/dictionary/championage_n
cobblerless,adjective,1885-,0,Without a cobbler.,derivative,,,In current use,,,https://doi.org/10.1093/OED/4394365910,http://www.oed.com/dictionary/cobblerless_adj
contrabandage,noun,1885-,0,"System or practice of contraband traffic, smuggling.",derivative,,,In current use,,economics and commerce,https://doi.org/10.1093/OED/1140902139,http://www.oed.com/dictionary/contrabandage_n
cuplet,noun,1885-,2,A little cup.,derivative,,,In current use,,,https://doi.org/10.1093/OED/5728846285,http://www.oed.com/dictionary/cuplet_n
duomachy,noun,1885-,0,A fight of two; single combat.,borrowing,,,In current use,,,https://doi.org/10.1093/OED/7268235430,http://www.oed.com/dictionary/duomachy_n
elvet,noun,1885,0,A tiny elf.,derivative,,,Not in use,,religion and belief/mythology,https://doi.org/10.1093/OED/1123745292,http://www.oed.com/dictionary/elvet_n
hyenesque,adjective,1885-,0,"= hyenaish, adj.",derivative,,,In current use,,,https://doi.org/10.1093/OED/8130948797,http://www.oed.com/dictionary/hyenesque_adj
hyenic,adjective,1885-,1,"= hyenaish, adj.",derivative,,,In current use,,sciences/life sciences/animals,https://doi.org/10.1093/OED/4945413376,http://www.oed.com/dictionary/hyenic_adj
imit,noun,1885-,3,Lowest point.,borrowing,,,In current use,,,https://doi.org/10.1093/OED/1053126828,http://www.oed.com/dictionary/imit_n
infimity,noun,1885-,1,The quality of being ‘infimous’; concrete an…,borrowing,,,In current use,,,https://doi.org/10.1093/OED/3171987676,http://www.oed.com/dictionary/infimity_n
iron-worky,adjective,1885,0,Abounding in or characterized by ironwork.,derivative,,,Not in use,,,https://doi.org/10.1093/OED/9094496003,http://www.oed.com/dictionary/iron-worky_adj
loaferess,noun,1885-,0,A female loafer.,derivative,,,In current use,,,https://doi.org/10.1093/OED/6164726237,http://www.oed.com/dictionary/loaferess_n
patheticate,verb,1885,0,"transitive. To make pathetic, to give a pathetic…",derivative,,,Not in use,,,https://doi.org/10.1093/OED/4598572949,http://www.oed.com/dictionary/patheticate_v
piglinghood,noun,1885,0,The state or condition of being a pigling.,derivative,,,Not in use,,sciences/life sciences/animals,https://doi.org/10.1093/OED/7855582762,http://www.oed.com/dictionary/piglinghood_n
shieldling,noun,1885-,0,A protected person.,derivative,,,In current use,,,https://doi.org/10.1093/OED/1178254025,http://www.oed.com/dictionary/shieldling_n
superial,adjective,1885,0,Of or belonging to a theatrical extra or ‘super‘…,derivative,,,Not in use,,,https://doi.org/10.1093/OED/9467300297,http://www.oed.com/dictionary/superial_adj2
towelry,noun,1885-,0,Articles of the towel kind; towels collectively.,derivative,,,In current use,,,https://doi.org/10.1093/OED/1017024994,http://www.oed.com/dictionary/towelry_n
towster,noun,1885-,0,"= tower, n.²",derivative,,,In current use,,,https://doi.org/10.1093/OED/5804522946,http://www.oed.com/dictionary/towster_n
trimontane,adjective,1885-,0,"Having, or having some relation to, three…",borrowing,,,In current use,,,https://doi.org/10.1093/OED/8346160527,http://www.oed.com/dictionary/trimontane_adj
twi-thought,noun,1885-,0,An indistinct or vague thought.,compound,,,In current use,,,https://doi.org/10.1093/OED/8432793835,http://www.oed.com/dictionary/twi-thought_n
wiseacredom,noun,1885-,1,"The realm of wiseacres, wiseacres collectively.",derivative,,,In current use,,,https://doi.org/10.1093/OED/7988411417,http://www.oed.com/dictionary/wiseacredom_n
yahooish,adjective,1885-,0,Resembling or characteristic of a yahoo.,derivative,,,In current use,,,https://doi.org/10.1093/OED/1152158238,http://www.oed.com/dictionary/yahooish_adj
briar-wooder,noun,1886,0,"A person who smokes a briarwood pipe, esp…",derivative,,,Not in use,,,https://doi.org/10.1093/OED/5885521284,http://www.oed.com/dictionary/briar-wooder_n
camelcade,noun,1886-,1,A train of people on camels; a caravan with camels.,blend,,,In current use,,,https://doi.org/10.1093/OED/9228398948,http://www.oed.com/dictionary/camelcade_n
chasee,noun,1886-,2,One who is chased.,derivative,,,In current use,,,https://doi.org/10.1093/OED/9022150485,http://www.oed.com/dictionary/chasee_n
Dickeny,adjective,1886,0,Influenced by the writings of Charles Dickens.,proper name,,,Not in use,,,https://doi.org/10.1093/OED/7203474063,http://www.oed.com/dictionary/dickeny_adj
fiff,verb,1886-,2,To play on the Pandean pipes. (In quot. 1886…,imitative,,,In current use,,,https://doi.org/10.1093/OED/7755675463,http://www.oed.com/dictionary/fiff_v
helperess,noun,1886-,0,A female helper.,derivative,,,In current use,,,https://doi.org/10.1093/OED/1103963660,http://www.oed.com/dictionary/helperess_n
hoplitics,noun,1886-,0,The drilling of hoplites.,derivative,,,In current use,,military,https://doi.org/10.1093/OED/7477931053,http://www.oed.com/dictionary/hoplitics_n
lambiness,noun,1886-,1,Lamb-like quality.,derivative,,,In current use,,,https://doi.org/10.1093/OED/3477200725,http://www.oed.com/dictionary/lambiness_n
lefty,"adjective, noun",1886-,4,Characterized by or relating to views to the left…,derivative,,colloquial and slang,In current use,,politics,https://doi.org/10.1093/OED/6177363660,http://www.oed.com/dictionary/lefty_adj
messmatism,noun,1886,0,"= commensalism, n.",derivative,,,Not in use,,sciences/life sciences/ecology,https://doi.org/10.1093/OED/7674002304,http://www.oed.com/dictionary/messmatism_n
organomorphic,adjective,1886,0,"(Perhaps) taking the form, or representing as, an…",compound,,,Not in use,,,https://doi.org/10.1093/OED/6312863080,http://www.oed.com/dictionary/organomorphic_adj
phoenixity,noun,1886,0,The quality of being like a phoenix (in quot…,derivative,,,Not in use,,,https://doi.org/10.1093/OED/5720592549,http://www.oed.com/dictionary/phoenixity_n
pilgrimism,noun,1886,0,The condition of being a pilgrim; itinerancy.,derivative,,,Not in use,,,https://doi.org/10.1093/OED/1125975714,http://www.oed.com/dictionary/pilgrimism_n
pneumatomorphic,adjective,1886,0,Relating to the attribution of a spiritual form…,compound,,,Not in use,,,https://doi.org/10.1093/OED/1013382620,http://www.oed.com/dictionary/pneumatomorphic_adj
spiderine,adjective,1886-,0,Of the nature of a spider.,derivative,,,In current use,,,https://doi.org/10.1093/OED/2286418095,http://www.oed.com/dictionary/spiderine_adj
tomboyade,noun,1886,0,An escapade typical of or appropriate to a tomboy.,derivative,,,Not in use,,,https://doi.org/10.1093/OED/7719082025,http://www.oed.com/dictionary/tomboyade_n
trinityhood,noun,1886-,0,The condition or character of being a trinity.,derivative,,,In current use,,religion and belief/religion/Christianity,https://doi.org/10.1093/OED/9676798563,http://www.oed.com/dictionary/trinityhood_n
wigdom,noun,1886-,1,Judges or lawyers as a body.,derivative,,,In current use,,law,https://doi.org/10.1093/OED/5514984049,http://www.oed.com/dictionary/wigdom_n
dacoitee,noun,1887,0,A person robbed by a dacoit or dacoits.,derivative,,,Not in use,,,https://doi.org/10.1093/OED/1582843247,http://www.oed.com/dictionary/dacoitee_n
'dandy-jack,verb,1887-,0,"To play the dandy or jack-a-dandy (jack-a-dandy, n.).",compound,,,In current use,,,https://doi.org/10.1093/OED/1203726074,http://www.oed.com/dictionary/dandy-jack_v
dissembly,noun,1887-,2,The separation of an assembly.,derivative,,,In current use,,,https://doi.org/10.1093/OED/1178454937,http://www.oed.com/dictionary/dissembly_n2
harbingery,noun,1887-,0,The act or function of a harbinger (in harbinger…,derivative,,,In current use,,,https://doi.org/10.1093/OED/3588165536,http://www.oed.com/dictionary/harbingery_n
heterosex,"adjective, noun",1887-,3,"= heterosexual, adj. (in various senses).",compound,,,In current use,,,https://doi.org/10.1093/OED/3091171421,http://www.oed.com/dictionary/heterosex_adj
jubilee,verb,1887-,2,intransitive. To celebrate a jubilee.,conversion,,,In current use,,,https://doi.org/10.1093/OED/3736179240,http://www.oed.com/dictionary/jubilee_v
palaeolatry,noun,1887,0,"Worship of, or excessive reverence for, that…",compound,,,Not in use,,sciences/physical sciences/earth sciences/geology,https://doi.org/10.1093/OED/8096636514,http://www.oed.com/dictionary/palaeolatry_n
parapsychological,adjective,1887-,3,Of or relating to parapsychology (parapsychology…,derivative,,,In current use,,religion and belief/belief systems and practices/parapsychology,https://doi.org/10.1093/OED/1010084981,http://www.oed.com/dictionary/parapsychological_adj
parapsychology,noun,1887-,4,The field of study that deals with paranormal…,derivative,,,In current use,,"religion and belief/belief systems and practices/parapsychology, sciences/medicine/psychology",https://doi.org/10.1093/OED/5575170367,http://www.oed.com/dictionary/parapsychology_n
pilgrimdom,noun,1887,0,The domain of pilgrims or pilgrimages (in quot…,derivative,,,Not in use,,religion and belief/religion,https://doi.org/10.1093/OED/5768178555,http://www.oed.com/dictionary/pilgrimdom_n
sex-abolitionist,noun,1887,0,A person who seeks to abolish sexual differences…,compound,,,Not in use,,,https://doi.org/10.1093/OED/6037546775,http://www.oed.com/dictionary/sex-abolitionist_n
toxophilism,noun,1887-,0,"= toxophily, n.",,,,In current use,,sport and leisure/sport/archery,https://doi.org/10.1093/OED/2723735250,http://www.oed.com/dictionary/toxophilism_n
tri-spear,noun,1887-,0,A trident.,compound,,,In current use,,,https://doi.org/10.1093/OED/6767245133,http://www.oed.com/dictionary/tri-spear_n
wheeldom,noun,1887-,0,"The domain or ‘world’ of wheeled vehicles, esp…",derivative,,,In current use,,sport and leisure/sport/cycling,https://doi.org/10.1093/OED/2397391285,http://www.oed.com/dictionary/wheeldom_n
civicize,verb,1888,0,transitive. To make civic or urban.,derivative,,,Not in use,,,https://doi.org/10.1093/OED/4675893027,http://www.oed.com/dictionary/civicize_v
copartitive,adjective,1888-,0,Of or pertaining to co-partnership.,derivative,,,In current use,,,https://doi.org/10.1093/OED/1066998554,http://www.oed.com/dictionary/copartitive_adj
corkedness,noun,1888-,0,"State or quality of being corked (corked, adj. 4).",derivative,,,In current use,,consumables/drink/wine,https://doi.org/10.1093/OED/1577092421,http://www.oed.com/dictionary/corkedness_n
dense,verb,1888-,3,To make dense; ˈdensing n.,conversion,,,In current use,,,https://doi.org/10.1093/OED/5522568166,http://www.oed.com/dictionary/dense_v
flip-up,adjective,1888-,3,Designating something which can be flipped or…,compound,,,In current use,,,https://doi.org/10.1093/OED/4564062422,http://www.oed.com/dictionary/flip-up_adj
ganderism,noun,1888-,0,Conduct of or befitting a gander.,derivative,,,In current use,,,https://doi.org/10.1093/OED/4599184909,http://www.oed.com/dictionary/ganderism_n
incorporationist,noun,1888-,2,One who favours or supports incorporation.,derivative,,,In current use,,,https://doi.org/10.1093/OED/2036873052,http://www.oed.com/dictionary/incorporationist_n
insidedness,noun,1888-,2,The condition of being inside something else.,derivative,,,In current use,,,https://doi.org/10.1093/OED/9436686044,http://www.oed.com/dictionary/insidedness_n
Meredithian,"adjective, noun",1888-,3,"Of, relating to, or characteristic of George…",proper name,,,In current use,,arts/literature,https://doi.org/10.1093/OED/1055838893,http://www.oed.com/dictionary/meredithian_adj
mosquelet,noun,1888,0,A little mosque.,derivative,,,Not in use,,religion and belief/religion/Islam,https://doi.org/10.1093/OED/3147888823,http://www.oed.com/dictionary/mosquelet_n
permoralize,verb,1888,0,transitive. To permeate or imbue with moral influence.,derivative,,,Not in use,,,https://doi.org/10.1093/OED/6285168219,http://www.oed.com/dictionary/permoralize_v
shivelight,noun,1888-,0,A sliver of light.,compound,,,In current use,,,https://doi.org/10.1093/OED/1121864015,http://www.oed.com/dictionary/shivelight_n
shop-done,adjective,1888,0,Produced in a workshop.,compound,,,Not in use,,,https://doi.org/10.1093/OED/2267527361,http://www.oed.com/dictionary/shop-done_adj
touristdom,noun,1888-,1,The realm or collective body of tourists.,derivative,,,In current use,,,https://doi.org/10.1093/OED/9612432739,http://www.oed.com/dictionary/touristdom_n
treatyist,noun,1888-,0,One who frames or is bound by a treaty.,derivative,,,In current use,,politics,https://doi.org/10.1093/OED/4545126575,http://www.oed.com/dictionary/treatyist_n
yo-hehoic,adjective,1888,0,"relating to the cry ‘yo-he-ho’; cf. yo-he-ho theory, n.",derivative,,,Not in use,,,https://doi.org/10.1093/OED/1056639047,http://www.oed.com/dictionary/yo-hehoic_adj
consonation,noun,1889-,1,A sounding together.,borrowing,,,In current use,,,https://doi.org/10.1093/OED/2302713223,http://www.oed.com/dictionary/consonation_n
contributress,noun,1889-,0,A female (literary) contributor.,derivative,,,In current use,,,https://doi.org/10.1093/OED/1525987821,http://www.oed.com/dictionary/contributress_n
crestlet,noun,1889-,0,A little crest.,derivative,,,In current use,,,https://doi.org/10.1093/OED/9031827716,http://www.oed.com/dictionary/crestlet_n
dehuman,adjective,1889-,2,Wanting the attributes of humanity.,derivative,,,In current use,,,https://doi.org/10.1093/OED/6796793675,http://www.oed.com/dictionary/dehuman_adj
demagoguize,verb,1889-,0,intransitive. To play the demagogue.,derivative,,,In current use,,,https://doi.org/10.1093/OED/3797998213,http://www.oed.com/dictionary/demagoguize_v
dollarocracy,noun,1889-,1,"See -cracy, comb. form.",derivative,,,In current use,,,https://doi.org/10.1093/OED/1050579837,http://www.oed.com/dictionary/dollarocracy_n
donkeydom,noun,1889-,1,"Condition of a donkey, stupidity, folly.",derivative,,,In current use,,,https://doi.org/10.1093/OED/2435833350,http://www.oed.com/dictionary/donkeydom_n
donkeyship,noun,1889-,1,The personality of a donkey.,derivative,,,In current use,,,https://doi.org/10.1093/OED/8950401674,http://www.oed.com/dictionary/donkeyship_n
extensivist,noun,1889-,0,Originally and chiefly U.S. A physician or other…,derivative,,,In current use,North American English/U.S. English,sciences/medicine,https://doi.org/10.1093/OED/1089313117,http://www.oed.com/dictionary/extensivist_n
grumblous,adjective,1889-,0,Full of grumbles.,derivative,,,In current use,,,https://doi.org/10.1093/OED/5100275393,http://www.oed.com/dictionary/grumblous_adj
intensivist,noun,1889-,3,An advocate or practitioner of an intensive…,derivative,,,In current use,,sciences/medicine,https://doi.org/10.1093/OED/4066239755,http://www.oed.com/dictionary/intensivist_n
keyboard,verb,1889-,4,transitive. To enter or produce (text or other…,conversion,,,In current use,,"crafts and trades/printing and typography, technology/computing",https://doi.org/10.1093/OED/9574313520,http://www.oed.com/dictionary/keyboard_v
loafership,noun,1889-,0,The state of being a loafer.,derivative,,,In current use,,,https://doi.org/10.1093/OED/3198410954,http://www.oed.com/dictionary/loafership_n
micronymy,noun,1889,0,The use of short names or terms.,compound,,,Not in use,,,https://doi.org/10.1093/OED/5451930007,http://www.oed.com/dictionary/micronymy_n
playwoman,noun,1889,0,An actress of plays.,compound,,,Not in use,,arts/performing arts/theatre,https://doi.org/10.1093/OED/5056150019,http://www.oed.com/dictionary/playwoman_n
polynesia,noun,1889,0,A group of objects resembling the Polynesian islands.,proper name,,,Not in use,,,https://doi.org/10.1093/OED/1174177662,http://www.oed.com/dictionary/polynesia_n
powerlet,noun,1889,0,An insignificant power.,derivative,,,Not in use,,,https://doi.org/10.1093/OED/1137389436,http://www.oed.com/dictionary/powerlet_n
praelectress,noun,1889,0,A female lecturer.,derivative,,,Not in use,,,https://doi.org/10.1093/OED/8884799729,http://www.oed.com/dictionary/praelectress_n
presbyotic,adjective,1889,0,Of the nature of presbycusis.,compound,,,Not in use,,,https://doi.org/10.1093/OED/1200694287,http://www.oed.com/dictionary/presbyotic_adj
sic,verb,1889-,3,To mark with a ‘sic’.,conversion,,,In current use,,,https://doi.org/10.1093/OED/1085904873,http://www.oed.com/dictionary/sic_v
swashbucklery,noun,1889-,0,The conduct of a swashbuckler.,derivative,,,In current use,,,https://doi.org/10.1093/OED/4558006584,http://www.oed.com/dictionary/swashbucklery_n
tottledom,noun,1889-,0,"(For toddledom), the sphere of toddlers or…",derivative,,,In current use,,,https://doi.org/10.1093/OED/6761305349,http://www.oed.com/dictionary/tottledom_n
trafficableness,noun,1889,0,The quality or condition of being tradable…,derivative,,,Not in use,,economics and commerce,https://doi.org/10.1093/OED/1693839725,http://www.oed.com/dictionary/trafficableness_n
typeful,adjective,1889-,2,Having the quality of a type; typical; symbolic.,derivative,,,In current use,,,https://doi.org/10.1093/OED/1065859362,http://www.oed.com/dictionary/typeful_adj
conjugable,adjective,1890-,2,That can be conjugated.,borrowing,,,In current use,,,https://doi.org/10.1093/OED/8624224764,http://www.oed.com/dictionary/conjugable_adj
conspue,verb,1890-,1,transitive. To spit upon (in contempt).,borrowing,,,In current use,,,https://doi.org/10.1093/OED/1244717340,http://www.oed.com/dictionary/conspue_v
corallize,verb,1890-,0,transitive. To make into coral.,derivative,,,In current use,,,https://doi.org/10.1093/OED/1189787338,http://www.oed.com/dictionary/corallize_v
cowless,adjective,1890-,2,Destitute of cows.,derivative,,,In current use,,,https://doi.org/10.1093/OED/6342130210,http://www.oed.com/dictionary/cowless_adj
cutlass,verb,1890-,3,To hew with a cutlass.,conversion,,,In current use,,,https://doi.org/10.1093/OED/5542726384,http://www.oed.com/dictionary/cutlass_v
disherent,adjective,1890-,0,The opposite of coherent; incoherent; incongruous.,derivative,,,In current use,,,https://doi.org/10.1093/OED/1081638445,http://www.oed.com/dictionary/disherent_adj
divitism,noun,1890-,0,The condition of being rich.,borrowing,,,In current use,,,https://doi.org/10.1093/OED/2051949612,http://www.oed.com/dictionary/divitism_n
fauness,noun,1890-,1,A female faun.,derivative,,,In current use,,religion and belief/mythology/classical mythology,https://doi.org/10.1093/OED/1066867843,http://www.oed.com/dictionary/fauness_n
gendarming,noun,1890-,0,The discharge of police duties.,derivative,,,In current use,,organizations/police,https://doi.org/10.1093/OED/4064898849,http://www.oed.com/dictionary/gendarming_n
girlie-man,noun,1890-,2,Chiefly derogatory. A man whose behaviour…,compound,,"colloquial and slang, derogatory",In current use,North American English/U.S. English,,https://doi.org/10.1093/OED/1205738071,http://www.oed.com/dictionary/girlie-man_n
gone coonishness,noun,1890,0,"= gone cooniness, n.",derivative,,colloquial and slang,Not in use,North American English/U.S. English,,https://doi.org/10.1093/OED/3886780498,http://www.oed.com/dictionary/gone-coonishness_n
gownlet,noun,1890-,0,A small gown.,derivative,,,In current use,,crafts and trades/costume,https://doi.org/10.1093/OED/9714386731,http://www.oed.com/dictionary/gownlet_n
guide-post,verb,1890-,2,To furnish with a guide-post. In quot. 1890 figurative.,conversion,,,In current use,,,https://doi.org/10.1093/OED/6470732505,http://www.oed.com/dictionary/guide-post_v
landladydom,noun,1890-,0,The realm of landladies.,derivative,,,In current use,,,https://doi.org/10.1093/OED/3460608104,http://www.oed.com/dictionary/landladydom_n
metageometry,noun,1890-,2,Non-Euclidean geometry. Also as a count noun.,derivative,,historical,In current use,,sciences/mathematics,https://doi.org/10.1093/OED/5105447197,http://www.oed.com/dictionary/metageometry_n
misuseful,adjective,1890-,0,Characterized by misuse.,derivative,,,In current use,,,https://doi.org/10.1093/OED/5459130827,http://www.oed.com/dictionary/misuseful_adj
mythometer,noun,1890,0,A supposed system or standard for judging myths.,compound,,,Not in use,,,https://doi.org/10.1093/OED/8718211771,http://www.oed.com/dictionary/mythometer_n
pikeish,adjective,1890,0,"Of, relating to, or suggestive of a pike.",derivative,,,Not in use,,,https://doi.org/10.1093/OED/7989312949,http://www.oed.com/dictionary/pikeish_adj
plenipoing,noun,1890,0,The action of serving as a plenipotentiary.,derivative,,,Not in use,,,https://doi.org/10.1093/OED/9388009881,http://www.oed.com/dictionary/plenipoing_n
popinjayess,noun,1890-,0,"A beautiful woman (cf. popinjay, n. 2a).",derivative,,,In current use,,,https://doi.org/10.1093/OED/2575590935,http://www.oed.com/dictionary/popinjayess_n
punkah-wallahing,noun,1890,0,The job of a punkah-wallah; the period spent…,compound,,,Not in use,,,https://doi.org/10.1093/OED/1640427541,http://www.oed.com/dictionary/punkah-wallahing_n
pupil-teachery,noun,1890,0,The character or practice of a pupil teacher.,derivative,,,Not in use,,education,https://doi.org/10.1093/OED/4402683539,http://www.oed.com/dictionary/pupil-teachery_n
shaftlet,noun,1890-,1,A small shaft or column.,derivative,,,In current use,,manufacturing and industry/building/architecture,https://doi.org/10.1093/OED/1146425893,http://www.oed.com/dictionary/shaftlet_n
stock-keep,verb,1890-,2,"To tend cattle, etc.",,,,In current use,,agriculture and horticulture/agriculture,https://doi.org/10.1093/OED/8933500914,http://www.oed.com/dictionary/stock-keep_v
teaey,adjective,1890-,0,Having the characteristic properties of tea.,derivative,,,In current use,,,https://doi.org/10.1093/OED/5483118269,http://www.oed.com/dictionary/teaey_adj
topsy-turvyist,noun,1890-,0,An advocate of something (considered to be)…,derivative,,,In current use,,,https://doi.org/10.1093/OED/1018690779,http://www.oed.com/dictionary/topsy-turvyist_n
Toriness,noun,1890-,0,Tory quality or condition.,derivative,,,In current use,,politics/British politics,https://doi.org/10.1093/OED/7759897007,http://www.oed.com/dictionary/toriness_n
what-now,noun,1890-,0,"= quidnunc, n.",compound,,,In current use,,,https://doi.org/10.1093/OED/4845336234,http://www.oed.com/dictionary/what-now_n
costermongered,adjective,1891,0,Occupied by costermongers.,derivative,,,Not in use,,,https://doi.org/10.1093/OED/1130843207,http://www.oed.com/dictionary/costermongered_adj
diariness,noun,1891-,0,The quality characteristic of a diary.,derivative,,,In current use,,,https://doi.org/10.1093/OED/5932303297,http://www.oed.com/dictionary/diariness_n
hymnification,noun,1891-,1,The making of hymns.,borrowing,,,In current use,,,https://doi.org/10.1093/OED/4471995409,http://www.oed.com/dictionary/hymnification_n
inferentialist,noun,1891-,2,An advocate of such a theory.,derivative,,,In current use,,philosophy,https://doi.org/10.1093/OED/5904395298,http://www.oed.com/dictionary/inferentialist_n
jack-o'-lantern,verb,1891,0,intransitive. To play or move erratically like a…,conversion,,,Not in use,,,https://doi.org/10.1093/OED/1131018413,http://www.oed.com/dictionary/jack-o-lantern_v
Job-cry,noun,1891,0,A vehement lamentation like that of Job.,compound,,,Not in use,,,https://doi.org/10.1093/OED/9796738776,http://www.oed.com/dictionary/job-cry_n
pigfully,adverb,1891,0,In a manner befitting a pig.,derivative,,,Not in use,,,https://doi.org/10.1093/OED/1138671217,http://www.oed.com/dictionary/pigfully_adv
propinquial,adjective,1891,0,Relating to or carried out in the vicinity.,derivative,,,Not in use,,,https://doi.org/10.1093/OED/1055434675,http://www.oed.com/dictionary/propinquial_adj
reporterize,verb,1891,0,transitive to treat in the manner of a reporter.,derivative,,,Not in use,,,https://doi.org/10.1093/OED/9446921529,http://www.oed.com/dictionary/reporterize_v
tariffless,adjective,1891-,0,Without a tariff.,derivative,,,In current use,,economics and commerce,https://doi.org/10.1093/OED/5150516826,http://www.oed.com/dictionary/tariffless_adj
all-arounder,noun,1892-,1,Something suited for a variety of purposes or…,derivative,,colloquial and slang,In current use,North American English/U.S. English,,https://doi.org/10.1093/OED/1146599487,http://www.oed.com/dictionary/all-arounder_n
combustor,noun,1892-,4,Engineering. An apparatus or place where…,derivative,,,In current use,,"technology/engineering, transport/motoring",https://doi.org/10.1093/OED/8789653781,http://www.oed.com/dictionary/combustor_n
cubdom,noun,1892-,0,The state of being a cub.,derivative,,,In current use,,,https://doi.org/10.1093/OED/4282761215,http://www.oed.com/dictionary/cubdom_n
declarationist,noun,1892-,0,One who joins in or signs a declaration.,derivative,,,In current use,,,https://doi.org/10.1093/OED/8368385203,http://www.oed.com/dictionary/declarationist_n
fictility,noun,1892-,0,The quality or condition of being fictile (in…,derivative,,,In current use,,,https://doi.org/10.1093/OED/9821439333,http://www.oed.com/dictionary/fictility_n
governess-tongue,noun,1892,0,Language as taught by a governess; standard…,compound,,,Not in use,,,https://doi.org/10.1093/OED/4297174311,http://www.oed.com/dictionary/governess-tongue_n
nanity,noun,1892,0,The condition of being abnormally deficient or…,borrowing,,,Not in use,,,https://doi.org/10.1093/OED/6562827654,http://www.oed.com/dictionary/nanity_n
octagon-faced,adjective,1892,0,"Able to show eight different faces, extremely…",compound,,,Not in use,,,https://doi.org/10.1093/OED/6848146579,http://www.oed.com/dictionary/octagon-faced_adj
omnisciolism,noun,1892,0,The quality of knowing a little about everything.,compound,,,Not in use,,,https://doi.org/10.1093/OED/5161406193,http://www.oed.com/dictionary/omnisciolism_n
Peterkin,noun,1892,0,An unworthy or insignificant claimant to the…,proper name,,,Not in use,,religion and belief/religion,https://doi.org/10.1093/OED/2236063857,http://www.oed.com/dictionary/peterkin_n
pneumatophany,noun,1892,0,An appearance or manifestation of the Holy Spirit.,compound,,,Not in use,,religion and belief/religion/Christianity,https://doi.org/10.1093/OED/9500141035,http://www.oed.com/dictionary/pneumatophany_n
poetast,noun,1892,0,A poetaster.,shortening,,,Not in use,,arts/literature,https://doi.org/10.1093/OED/9160552786,http://www.oed.com/dictionary/poetast_n
road rash,noun,1892-,2,†a. A ‘rash’ or outbreak of roads in an area…,compound,,colloquial and slang,In current use,,sciences/medicine,https://doi.org/10.1093/OED/7535986122,http://www.oed.com/dictionary/road-rash_n
stereoscopism,noun,1892-,0,"Appearance of solidity, as of an object viewed in…",derivative,,,In current use,,,https://doi.org/10.1093/OED/1018297584,http://www.oed.com/dictionary/stereoscopism_n
tavernwards,adverb,1892-,0,Towards a tavern.,derivative,,,In current use,,,https://doi.org/10.1093/OED/1191493996,http://www.oed.com/dictionary/tavernwards_adv
thinkache,noun,1892,0,"A painful thought, an instance of mental suffering.",compound,,,Not in use,,,https://doi.org/10.1093/OED/1152478020,http://www.oed.com/dictionary/thinkache_n
threadbarity,noun,1892-,0,In same sense.,,,,In current use,,,https://doi.org/10.1093/OED/6665294068,http://www.oed.com/dictionary/threadbarity_n
topazy,adjective,1892-,1,Like topaz.,derivative,,,In current use,,,https://doi.org/10.1093/OED/1793656944,http://www.oed.com/dictionary/topazy_adj
toucanity,noun,1892-,0,The character of a toucan.,derivative,,,In current use,,,https://doi.org/10.1093/OED/1140322406,http://www.oed.com/dictionary/toucanity_n
treatyless,adjective,1892-,1,Having no treaty.,derivative,,,In current use,,politics,https://doi.org/10.1093/OED/1166183316,http://www.oed.com/dictionary/treatyless_adj
trotteress,noun,1892-,0,"A female trotter (in globe-trotteress: cf. globe, n.).",derivative,,,In current use,,,https://doi.org/10.1093/OED/1782098687,http://www.oed.com/dictionary/trotteress_n
dogmatopoeic,adjective,1893,0,Creating dogmas.,borrowing,,,Not in use,,,https://doi.org/10.1093/OED/8696480649,http://www.oed.com/dictionary/dogmatopoeic_adj
donly,adjective,1893,0,Having the characteristics or attributes of a…,derivative,,,Not in use,,education/university,https://doi.org/10.1093/OED/1165169537,http://www.oed.com/dictionary/donly_adj
hansomeer,noun,1893-,0,The driver of a hansom.,,,,In current use,,,https://doi.org/10.1093/OED/1113117967,http://www.oed.com/dictionary/hansomeer_n
inconsequentialism,noun,1893-,0,Inconsequential or disconnected nature.,derivative,,,In current use,,,https://doi.org/10.1093/OED/7809095349,http://www.oed.com/dictionary/inconsequentialism_n
insectarian,noun,1893-,0,One who feeds on insects.,derivative,,,In current use,,,https://doi.org/10.1093/OED/2618964949,http://www.oed.com/dictionary/insectarian_n
osculable,adjective,1893,0,That can be kissed.,derivative,,,Not in use,,,https://doi.org/10.1093/OED/1116142884,http://www.oed.com/dictionary/osculable_adj
overlop,verb,1893,0,transitive. To hang loosely over.,derivative,,,Not in use,,,https://doi.org/10.1093/OED/4854756460,http://www.oed.com/dictionary/overlop_v
pastelleteer,noun,1893,0,A writer of literary pastels.,derivative,,,Not in use,,arts/literature,https://doi.org/10.1093/OED/1577761327,http://www.oed.com/dictionary/pastelleteer_n
poetastic,adjective,1893,0,Of the nature of a poetaster.,derivative,,,Not in use,,arts/literature,https://doi.org/10.1093/OED/6422631998,http://www.oed.com/dictionary/poetastic_adj
poly-affectioned,adjective,1893,0,Displaying many affections or emotions.,compound,,,Not in use,,,https://doi.org/10.1093/OED/1083774237,http://www.oed.com/dictionary/poly-affectioned_adj
preciation,noun,1893,0,The determination of price; pricing.,shortening,,,Not in use,,,https://doi.org/10.1093/OED/3396442306,http://www.oed.com/dictionary/preciation_n
staurology,noun,1893-,0,A science or doctrine of the cross.,compound,,,In current use,,,https://doi.org/10.1093/OED/6802603972,http://www.oed.com/dictionary/staurology_n
stomach-wise,adverb,1893-,1,(Crawling) on one's stomach.,compound,,,In current use,,,https://doi.org/10.1093/OED/1191473868,http://www.oed.com/dictionary/stomach-wise_adv
subterlapsarian,adjective,1893,0,Of or relating to a view of redemption which…,derivative,,,Not in use,,,https://doi.org/10.1093/OED/1078893812,http://www.oed.com/dictionary/subterlapsarian_adj
suisection,noun,1893,0,Examination of oneself or one's behaviour…,borrowing,,,Not in use,,,https://doi.org/10.1093/OED/2240578797,http://www.oed.com/dictionary/suisection_n
tobaccoed,adjective,1893-,1,Characterized by the use of tobacco.,derivative,,,In current use,,consumables/tobacco,https://doi.org/10.1093/OED/8750404270,http://www.oed.com/dictionary/tobaccoed_adj
topsy-turvyize,verb,1893-,0,"(transitive) to turn topsy-turvy, throw into…",derivative,,,In current use,,,https://doi.org/10.1093/OED/2775313033,http://www.oed.com/dictionary/topsy-turvyize_v
torey,adjective,1893-,1,Of the nature of or consisting of ‘tore’ or…,derivative,,,In current use,,agriculture and horticulture/agriculture,https://doi.org/10.1093/OED/3718726655,http://www.oed.com/dictionary/torey_adj
torpedoic,adjective,1893-,0,"Of a torpedo, like that of a torpedo.",derivative,,,In current use,,,https://doi.org/10.1093/OED/8288337943,http://www.oed.com/dictionary/torpedoic_adj
towneen,noun,1893,0,A small town.,derivative,,,Not in use,,,https://doi.org/10.1093/OED/2874940017,http://www.oed.com/dictionary/towneen_n
wassailous,adjective,1893-,0,Given to revelry.,derivative,,,In current use,,,https://doi.org/10.1093/OED/7372078933,http://www.oed.com/dictionary/wassailous_adj
blousette,noun,1894-,0,Any of various types of sleeveless or…,derivative,,,In current use,,crafts and trades/costume,https://doi.org/10.1093/OED/4035423264,http://www.oed.com/dictionary/blousette_n
cryptanalytic,adjective,1894-,3,Of or relating to cryptanalysis; concerned with…,compound,,,In current use,,language/cryptography,https://doi.org/10.1093/OED/9555726826,http://www.oed.com/dictionary/cryptanalytic_adj
degeomorphization,noun,1894-,0,"The process of making unlike, or less like, the earth.",borrowing,,,In current use,,,https://doi.org/10.1093/OED/8619017937,http://www.oed.com/dictionary/degeomorphization_n
devotionize,verb,1894-,0,transitive. To convert to devotional use.,derivative,,,In current use,,,https://doi.org/10.1093/OED/1192794213,http://www.oed.com/dictionary/devotionize_v
hecatologue,noun,1894-,0,A code of a hundred rules.,borrowing,,,In current use,,,https://doi.org/10.1093/OED/8732572641,http://www.oed.com/dictionary/hecatologue_n
hyporrhined,adjective,1894-,0,Moustached.,derivative,,,In current use,,,https://doi.org/10.1093/OED/1101261598,http://www.oed.com/dictionary/hyporrhined_adj
loaferdom,noun,1894-,1,The state of being a loafer.,derivative,,,In current use,,,https://doi.org/10.1093/OED/5856805835,http://www.oed.com/dictionary/loaferdom_n
nappist,noun,1894,0,A person who is fond of playing nap.,derivative,,,Not in use,,sport and leisure/games/cards,https://doi.org/10.1093/OED/1018085581,http://www.oed.com/dictionary/nappist_n
oxygenity,noun,1894,0,The quality of being oxygenous.,derivative,,,Not in use,,sciences/physical sciences/chemistry,https://doi.org/10.1093/OED/4149076477,http://www.oed.com/dictionary/oxygenity_n
palaeologian,noun,1894,0,An antiquarian.,compound,,,Not in use,,,https://doi.org/10.1093/OED/3682627629,http://www.oed.com/dictionary/palaeologian_n
pen-and-inkage,noun,1894,0,The use of pen and ink.,derivative,,,Not in use,,,https://doi.org/10.1093/OED/1739309933,http://www.oed.com/dictionary/pen-and-inkage_n
philo-sophistry,noun,1894,0,Love of or inclination towards sophistry.,compound,,,Not in use,,,https://doi.org/10.1093/OED/5223311974,http://www.oed.com/dictionary/philo-sophistry_n2
Shawian,adjective,1894-,1,"= Shavian, adj.",proper name,,,In current use,,arts/literature,https://doi.org/10.1093/OED/8257586227,http://www.oed.com/dictionary/shawian_adj
tallow-candle,verb,1894-,2,(transitive) to smear or rub with a tallow candle.,derivative,,,In current use,,,https://doi.org/10.1093/OED/4479906841,http://www.oed.com/dictionary/tallow-candle_v
tendril,verb,1894-,2,intransitive to curl like a tendril.,conversion,,,In current use,,,https://doi.org/10.1093/OED/9675172472,http://www.oed.com/dictionary/tendril_v
vituperize,verb,1894-,0,transitive. To vituperate.,borrowing,,,In current use,,,https://doi.org/10.1093/OED/1207990666,http://www.oed.com/dictionary/vituperize_v
dopester,noun,1895-,3,A person who collects information on sporting…,derivative,,colloquial and slang,In current use,North American English/U.S. English,sport and leisure/games/gambling/betting,https://doi.org/10.1093/OED/7426508522,http://www.oed.com/dictionary/dopester_n
eye-area,noun,1895,0,A representation of the eye and its surrounding…,compound,,,Not in use,,arts/visual arts,https://doi.org/10.1093/OED/1133859373,http://www.oed.com/dictionary/eye-area_n
incatch,noun,1895-,0,A catching or sudden drawing in (of the breath).,conversion,,,In current use,,,https://doi.org/10.1093/OED/2172089395,http://www.oed.com/dictionary/incatch_n
masculism,noun,1895-,2,"= masculinism, n.",derivative,,,In current use,,,https://doi.org/10.1093/OED/8032194918,http://www.oed.com/dictionary/masculism_n
nephelolater,noun,1895,0,A person who admires clouds.,compound,,,Not in use,,sciences/physical sciences/earth sciences/geography/weather,https://doi.org/10.1093/OED/1213522210,http://www.oed.com/dictionary/nephelolater_n
poplocracy,noun,1895,0,Popular rule; government by the people.,compound,,,Not in use,,politics/United States politics,https://doi.org/10.1093/OED/3351249250,http://www.oed.com/dictionary/poplocracy_n
Poplocratic,adjective,1895,0,"= Popocratic, adj.",compound,,,Not in use,,politics/United States politics,https://doi.org/10.1093/OED/7142382845,http://www.oed.com/dictionary/poplocratic_adj
postermaniac,noun,1895-,0,A person with a mania for collecting posters.,compound,,,In current use,,,https://doi.org/10.1093/OED/5235144232,http://www.oed.com/dictionary/postermaniac_n
puppy-peeping,adjective,1895,0,That looks with half-closed eyes like a puppy.,compound,,,Not in use,,,https://doi.org/10.1093/OED/1010971543,http://www.oed.com/dictionary/puppy-peeping_adj
scuffle-shoe,noun,1895-,0,A person of ‘slipshod’ habits.,compound,,,In current use,,,https://doi.org/10.1093/OED/9697672073,http://www.oed.com/dictionary/scuffle-shoe_n
stokerage,noun,1895-,0,The action or the services of a stoker.,derivative,,,In current use,,,https://doi.org/10.1093/OED/4383407737,http://www.oed.com/dictionary/stokerage_n
tariffable,adjective,1895-,0,That can be subjected to a tariff.,derivative,,,In current use,,,https://doi.org/10.1093/OED/9669116596,http://www.oed.com/dictionary/tariffable_adj
triflet,noun,1895-,0,"A small trifle (in trifle, n. 4).",derivative,,,In current use,,arts,https://doi.org/10.1093/OED/8286407860,http://www.oed.com/dictionary/triflet_n
trowist,noun,1895-,0,A person credited with acquaintance with ‘trows’…,derivative,,,In current use,"Britain and Ireland/British English/Scottish English/Orkney English, Britain and Ireland/British English/Scottish English/Shetland English",,https://doi.org/10.1093/OED/1073669679,http://www.oed.com/dictionary/trowist_n
yachtist,noun,1895-,0,"= yachtian, n.",derivative,,,In current use,,"sport and leisure/sport, transport/nautical",https://doi.org/10.1093/OED/1075808946,http://www.oed.com/dictionary/yachtist_n
megalopsychic,adjective,1896-,0,Magnanimous.,borrowing,,,In current use,,,https://doi.org/10.1093/OED/8043775639,http://www.oed.com/dictionary/megalopsychic_adj
omnivorosity,noun,1896,0,"= omnivorousness, n.",derivative,,,Not in use,,,https://doi.org/10.1093/OED/4253341129,http://www.oed.com/dictionary/omnivorosity_n
pamphletage,noun,1896,0,The totality of pamphlets on a particular…,derivative,,,Not in use,,,https://doi.org/10.1093/OED/1096367776,http://www.oed.com/dictionary/pamphletage_n
ravenling,noun,1896-,0,A young raven.,derivative,,,In current use,,,https://doi.org/10.1093/OED/3818964402,http://www.oed.com/dictionary/ravenling_n
Shakespeare,verb,1896-,2,(intransitive) to act in a Shakespeare play.,conversion,,,In current use,,,https://doi.org/10.1093/OED/7467657611,http://www.oed.com/dictionary/shakespeare_v
sympsychograph,noun,1896-,0,An imaginary composite portrait produced by…,derivative,,,In current use,,,https://doi.org/10.1093/OED/9450462055,http://www.oed.com/dictionary/sympsychograph_n
thousandaire,noun,1896-,1,One who has a thousand pounds.,derivative,,,In current use,,,https://doi.org/10.1093/OED/6071520547,http://www.oed.com/dictionary/thousandaire_n
togetherhood,noun,1896-,0,"= togetherness, n.",derivative,,,In current use,,,https://doi.org/10.1093/OED/9416148935,http://www.oed.com/dictionary/togetherhood_n
tolt,verb,1896-,1,"(transitive) to raise, lift up.",conversion,,,In current use,,law/medieval law,https://doi.org/10.1093/OED/1186898040,http://www.oed.com/dictionary/tolt_v
tri-schism,noun,1896-,0,Schism of three parties.,compound,,,In current use,,,https://doi.org/10.1093/OED/1422527901,http://www.oed.com/dictionary/tri-schism_n
gallicide,noun,1897-,0,A killer of fowls (in quot. 1897 = a fox).,borrowing,,,In current use,,,https://doi.org/10.1093/OED/8683912757,http://www.oed.com/dictionary/gallicide_n
grocer-wise,adverb,1897,0,In the manner of a grocer.,derivative,,,Not in use,,,https://doi.org/10.1093/OED/2657764532,http://www.oed.com/dictionary/grocer-wise_adv
inaureole,verb,1897-,0,transitive. To surround with or as with an aureole.,derivative,,,In current use,,,https://doi.org/10.1093/OED/1066952749,http://www.oed.com/dictionary/inaureole_v
ladderless,adjective,1897-,1,Having no ladder.,derivative,,,In current use,,,https://doi.org/10.1093/OED/2331138490,http://www.oed.com/dictionary/ladderless_adj
precinctuary,adjective,1897,0,Concerned with a cathedral precinct or close.,derivative,,,Not in use,,,https://doi.org/10.1093/OED/4229621936,http://www.oed.com/dictionary/precinctuary_adj
Primrosery,noun,1897,0,"= Primrosism, n.",derivative,,,Not in use,,politics/British politics,https://doi.org/10.1093/OED/8881732421,http://www.oed.com/dictionary/primrosery_n
self-noise,noun,1897-,2,"Noise generated by a device, vehicle, etc…",derivative,,,In current use,,,https://doi.org/10.1093/OED/5495307516,http://www.oed.com/dictionary/self-noise_n
soapboxing,noun,1897-,0,The action or process of delivering an…,derivative,,,In current use,,,https://doi.org/10.1093/OED/7631304062,http://www.oed.com/dictionary/soapboxing_n
stay-maker,noun,1897-,2,One who makes a long stay.,compound,,,In current use,,,https://doi.org/10.1093/OED/1081891778,http://www.oed.com/dictionary/stay-maker_n-a
tavernless,adjective,1897-,1,Devoid of taverns or inns.,derivative,,,In current use,,,https://doi.org/10.1093/OED/1194236837,http://www.oed.com/dictionary/tavernless_adj
telephotomicrography,noun,1897-,0,†a. The art or practice of photographing distant…,compound,,,In current use,,technology/photography,https://doi.org/10.1093/OED/8989445396,http://www.oed.com/dictionary/telephotomicrography_n
watch-nick,noun,1897,0,A minuscule saw made from a watch-spring.,compound,,,Not in use,,,https://doi.org/10.1093/OED/5333293647,http://www.oed.com/dictionary/watch-nick_n
ish,verb,1898-,4,intransitive. To make the sound ish! or sh! as in…,imitative,,,In current use,,,https://doi.org/10.1093/OED/7506367859,http://www.oed.com/dictionary/ish_v2
manucapt,verb,1898,0,transitive. To provide sureties for the…,backformation,,,Not in use,,law,https://doi.org/10.1093/OED/5650086134,http://www.oed.com/dictionary/manucapt_v
past-meridian,adjective,1898,0,"Past one's prime, elderly.",compound,,,Not in use,,,https://doi.org/10.1093/OED/6503175536,http://www.oed.com/dictionary/past-meridian_adj
proditomania,noun,1898,0,The irrational belief that everyone is a traitor.,borrowing,,,Not in use,,sciences/medicine/psychology/psychiatry,https://doi.org/10.1093/OED/1004530110,http://www.oed.com/dictionary/proditomania_n
shadow-script,noun,1898-,0,Markings in shadow.,compound,,,In current use,,,https://doi.org/10.1093/OED/4283872899,http://www.oed.com/dictionary/shadow-script_n
shaglet,noun,1898-,0,A young shag or cormorant.,derivative,,,In current use,,sciences/life sciences/animals/birds,https://doi.org/10.1093/OED/5269935005,http://www.oed.com/dictionary/shaglet_n
tobaccoite,noun,1898-,0,An advocate of tobacco.,derivative,,,In current use,,consumables/tobacco,https://doi.org/10.1093/OED/5683546580,http://www.oed.com/dictionary/tobaccoite_n
neighbourize,verb,1899,0,intransitive. To associate with others as…,derivative,,,Not in use,,,https://doi.org/10.1093/OED/9408638001,http://www.oed.com/dictionary/neighbourize_v
pseudism,noun,1899,0,A false statement.,borrowing,,,Not in use,,,https://doi.org/10.1093/OED/7130783892,http://www.oed.com/dictionary/pseudism_n
stagship,noun,1899-,0,"The condition, dignity or state of being a stag.",derivative,,,In current use,,,https://doi.org/10.1093/OED/4681335024,http://www.oed.com/dictionary/stagship_n
stonelet,noun,1899-,0,A little stone.,derivative,,,In current use,,sciences/physical sciences/earth sciences/geology,https://doi.org/10.1093/OED/7214169942,http://www.oed.com/dictionary/stonelet_n
thrushling,noun,1899-,0,A young thrush.,derivative,,,In current use,,,https://doi.org/10.1093/OED/4923757785,http://www.oed.com/dictionary/thrushling_n
trumpless,adjective,1899-,0,Having or containing no trumps.,derivative,,,In current use,,sport and leisure/games/cards,https://doi.org/10.1093/OED/4655270717,http://www.oed.com/dictionary/trumpless_adj
kinkster,noun,1900-,2,A person who engages in sexual practices regarded…,derivative,,colloquial and slang,In current use,,,https://doi.org/10.1093/OED/8800174799,http://www.oed.com/dictionary/kinkster_n
paroch,noun,1900-,2,A member of the clergy of a parish.,borrowing,,,In current use,,religion and belief/religion,https://doi.org/10.1093/OED/3713297378,http://www.oed.com/dictionary/paroch_n
tri-vided,adjective,1900-,0,Divided into three.,compound,,,In current use,,,https://doi.org/10.1093/OED/4675570263,http://www.oed.com/dictionary/tri-vided_adj
progenerate,adjective,a1901-,1,Advanced in development or type (opposed to…,derivative,,,In current use,,,https://doi.org/10.1093/OED/5060696661,http://www.oed.com/dictionary/progenerate_adj2
lobsterling,noun,1901-,1,A young lobster.,derivative,,,In current use,,sciences/life sciences/animals/invertebrates,https://doi.org/10.1093/OED/7070875361,http://www.oed.com/dictionary/lobsterling_n
pathosticate,verb,1901-,0,intransitive. To induce pathos by melodramatic writing.,compound,,,In current use,,,https://doi.org/10.1093/OED/8954075963,http://www.oed.com/dictionary/pathosticate_v
yachtdom,noun,1901-,0,"= yachtery, n.",derivative,,,In current use,,transport/nautical,https://doi.org/10.1093/OED/9984998896,http://www.oed.com/dictionary/yachtdom_n
pyrophile,noun,1902-,0,a. a person who accepts the conventional theory…,compound,,,In current use,,sciences/medicine/psychology/psychiatry,https://doi.org/10.1093/OED/2333024890,http://www.oed.com/dictionary/pyrophile_n
professorling,noun,1903-,1,A petty or insignificant professor.,derivative,,humorous,In current use,,,https://doi.org/10.1093/OED/4561849567,http://www.oed.com/dictionary/professorling_n
tariffism,noun,1903-,1,The principle or system of imposing a tariff…,derivative,,,In current use,,economics and commerce/economics,https://doi.org/10.1093/OED/5748739222,http://www.oed.com/dictionary/tariffism_n
toupeted,adjective,1903-,0,Wearing a toupet.,derivative,,,In current use,,crafts and trades/costume,https://doi.org/10.1093/OED/1059645179,http://www.oed.com/dictionary/toupeted_adj
trifledom,noun,1903-,0,The realm of trifles.,derivative,,,In current use,,,https://doi.org/10.1093/OED/1369562733,http://www.oed.com/dictionary/trifledom_n
whirlwindy,adjective,1903-,0,Resembling a whirlwind.,derivative,,,In current use,,sciences/physical sciences/earth sciences/geography/weather,https://doi.org/10.1093/OED/2687835776,http://www.oed.com/dictionary/whirlwindy_adj
teaism,noun,1904-,1,Addiction to tea.,derivative,,,In current use,,,https://doi.org/10.1093/OED/8373935303,http://www.oed.com/dictionary/teaism_n
teleflash,verb,1904,0,To transmit by wireless telegraph.,compound,,,Not in use,,technology/telecommunications/telegraphy,https://doi.org/10.1093/OED/1959649059,http://www.oed.com/dictionary/teleflash_v
toothbrushy,adjective,1904-,0,Resembling a toothbrush; bristly.,derivative,,,In current use,,,https://doi.org/10.1093/OED/1750448214,http://www.oed.com/dictionary/toothbrushy_adj
yah,verb,1904-,2,(intransitive) to shout ‘yah!’,conversion,,,In current use,,,https://doi.org/10.1093/OED/3724177291,http://www.oed.com/dictionary/yah_v
demutualization,noun,1905-,3,The process of converting a mutual company owned…,derivative,,,In current use,,economics and commerce,https://doi.org/10.1093/OED/1173114433,http://www.oed.com/dictionary/demutualization_n
polythelemism,noun,1905,0,Belief in many divine wills.,,,,Not in use,,religion and belief/religion/Christianity,https://doi.org/10.1093/OED/7734299435,http://www.oed.com/dictionary/polythelemism_n
post-temporary,adjective,1905,0,a. Later than the time of the actual events; b…,,,,Not in use,,,https://doi.org/10.1093/OED/3221021927,http://www.oed.com/dictionary/post-temporary_adj
shepherddom,noun,1905-,0,The state of shepherds.,derivative,,,In current use,,agriculture and horticulture/agriculture,https://doi.org/10.1093/OED/1202445509,http://www.oed.com/dictionary/shepherddom_n
steeded,adjective,1905-,1,With steeds.,derivative,,,In current use,,,https://doi.org/10.1093/OED/5207625639,http://www.oed.com/dictionary/steeded_adj
swanproof,adjective,1905-,0,Not susceptible to the influence of Shakespeare…,compound,,,In current use,,,https://doi.org/10.1093/OED/9766186126,http://www.oed.com/dictionary/swanproof_adj
pseudepigram,noun,c1905-,0,A pretended epigram.,compound,,,In current use,,,https://doi.org/10.1093/OED/9909701204,http://www.oed.com/dictionary/pseudepigram_n
bioelement,noun,1906-,2,Any of the chemical elements which are components…,compound,,,In current use,,sciences/life sciences,https://doi.org/10.1093/OED/3990531213,http://www.oed.com/dictionary/bioelement_n
champagne socialism,noun,1906-,1,Socialism as practised or espoused by people who…,compound,,disparaging,In current use,Britain and Ireland/British English,politics,https://doi.org/10.1093/OED/4047649334,http://www.oed.com/dictionary/champagne-socialism_n
champagne socialist,noun,1906-,2,A person who espouses socialist ideals but enjoys…,compound,,disparaging,In current use,Britain and Ireland/British English,politics,https://doi.org/10.1093/OED/7053658281,http://www.oed.com/dictionary/champagne-socialist_n
jelly,adjective,1906-,2,Jealous.,derivative,,colloquial and slang,In current use,North American English/U.S. English,,https://doi.org/10.1093/OED/8964732306,http://www.oed.com/dictionary/jelly_adj2
pismirism,noun,1906-,0,Hoarding of money; miserliness.,derivative,,,In current use,,,https://doi.org/10.1093/OED/9042461504,http://www.oed.com/dictionary/pismirism_n
reluctantism,noun,1906-,0,The state or condition of being reluctant; reluctance.,derivative,,,In current use,,,https://doi.org/10.1093/OED/1012042846,http://www.oed.com/dictionary/reluctantism_n
righty,"noun, adverb, adjective",1906-,3,North American. A right-handed person; spec…,derivative,,colloquial and slang,In current use,North American English,sport and leisure/sport/baseball,https://doi.org/10.1093/OED/1083475381,http://www.oed.com/dictionary/righty_n
sulkery,noun,1906-,0,"= boudoir, n.",derivative,,,In current use,,,https://doi.org/10.1093/OED/1200369103,http://www.oed.com/dictionary/sulkery_n
tetrateuch,noun,1906-,0,"A name for the first four books of the Pentateuch, n.",compound,,,In current use,,,https://doi.org/10.1093/OED/2560026426,http://www.oed.com/dictionary/tetrateuch_n
tigerette,noun,1906-,0,"A diminutive female tiger (in tiger, n. 4a), a ‘cat’.",derivative,,,In current use,,,https://doi.org/10.1093/OED/8460060322,http://www.oed.com/dictionary/tigerette_n
wanderable,adjective,1906-,0,That one can wander in.,derivative,,,In current use,,,https://doi.org/10.1093/OED/3124987440,http://www.oed.com/dictionary/wanderable_adj
actor-manager,verb,1907-,3,transitive (of an actor-manager) to deprive (a…,compound,,,In current use,,,https://doi.org/10.1093/OED/1376579548,http://www.oed.com/dictionary/actor-manager_v
electromorphic,adjective,1907-,1,Biochemistry. Of or relating to an electromorph.,compound,,,In current use,,sciences/physical sciences/chemistry/organic chemistry,https://doi.org/10.1093/OED/5662071596,http://www.oed.com/dictionary/electromorphic_adj
quince,noun,1907-,2,"= quintet, n. 2.",variant,,,In current use,,,https://doi.org/10.1093/OED/5157012974,http://www.oed.com/dictionary/quince_n2
ramshandry,adjective,1907-,0,"Thoughtless, light-headed; impetuous.",compound,,,In current use,,,https://doi.org/10.1093/OED/5429334236,http://www.oed.com/dictionary/ramshandry_adj
testamented,adjective,1907-,0,Included in the Old or New Testament Scriptures.,derivative,,,In current use,,religion and belief/religion/Christianity,https://doi.org/10.1093/OED/1024703483,http://www.oed.com/dictionary/testamented_adj
pierrotting,noun,1908-,0,The business or occupation of a Pierrot.,derivative,,,In current use,,,https://doi.org/10.1093/OED/4622335377,http://www.oed.com/dictionary/pierrotting_n
weedery,noun,1908,0,Mourning clothes.,derivative,,poetic and literary,Not in use,,crafts and trades/costume,https://doi.org/10.1093/OED/6504228209,http://www.oed.com/dictionary/weedery_n2
dishumanization,noun,1909-,0,The act or process of dishumanizing.,derivative,,,In current use,,,https://doi.org/10.1093/OED/1333672027,http://www.oed.com/dictionary/dishumanization_n
inscientist,noun,1909-,0,A non-scientist.,derivative,,,In current use,,,https://doi.org/10.1093/OED/4670615921,http://www.oed.com/dictionary/inscientist_n
love bomb,noun,1909-,2,An effusive demonstration of approval or…,compound,,,In current use,,,https://doi.org/10.1093/OED/4016321371,http://www.oed.com/dictionary/love-bomb_n
monoplane,verb,1909-,3,intransitive. To travel or fly in a monoplane.,conversion,,,In current use,,,https://doi.org/10.1093/OED/5520438440,http://www.oed.com/dictionary/monoplane_v
mph,noun,1909-,0,Miles per hour; (also as v. intransitive) to travel.,initialism,,,In current use,,,https://doi.org/10.1093/OED/2895412431,http://www.oed.com/dictionary/mph_n
photagogue,noun,1909-,0,A person who brings enlightenment.,borrowing,,,In current use,,,https://doi.org/10.1093/OED/1054153712,http://www.oed.com/dictionary/photagogue_n
ridibund,adjective,1909-,0,"Inclined to laughter; happy, lively.",borrowing,,,In current use,,,https://doi.org/10.1093/OED/3583229716,http://www.oed.com/dictionary/ridibund_adj
tironic,adjective,1909-,0,"Of, pertaining to, or characteristic of a tiro…",borrowing,,,In current use,,education,https://doi.org/10.1093/OED/7060957550,http://www.oed.com/dictionary/tironic_adj
twinness,noun,1909-,2,"= twinship, n.",derivative,,,In current use,,,https://doi.org/10.1093/OED/7701813405,http://www.oed.com/dictionary/twinness_n
wind shadow,noun,1909-,3,a. A ripple caused by the wind on water and…,compound,,,In current use,,,https://doi.org/10.1093/OED/1179346199,http://www.oed.com/dictionary/wind-shadow_n
pen-and-inkery,noun,c1909-,0,The use of pen and ink; the occupation of author.,derivative,,,In current use,,arts/literature,https://doi.org/10.1093/OED/6110938589,http://www.oed.com/dictionary/pen-and-inkery_n
weekendize,verb,1910-,0,intransitive to go away for the weekend.,derivative,,,In current use,,,https://doi.org/10.1093/OED/4926553703,http://www.oed.com/dictionary/weekendize_v
floor pan,noun,1911-,3,The lower part of the body of a vehicle (esp. a…,compound,,,In current use,,transport/motoring,https://doi.org/10.1093/OED/1044866635,http://www.oed.com/dictionary/floor-pan_n
opsonist,noun,1911-,1,An advocate of the therapeutic use of opsonins.,derivative,,,In current use,,sciences/medicine,https://doi.org/10.1093/OED/1060070098,http://www.oed.com/dictionary/opsonist_n
ritz,verb,1911-,2,transitive. To make ritzy; to glamorize. Also with up.,conversion,,colloquial and slang,In current use,North American English/U.S. English,,https://doi.org/10.1093/OED/9788212178,http://www.oed.com/dictionary/ritz_v
tipstavery,noun,1911-,0,A body of tipstaffs.,,,,In current use,,law,https://doi.org/10.1093/OED/3962664488,http://www.oed.com/dictionary/tipstavery_n
pitmanize,verb,1912-,0,transitive. To fill (a book) with Pitman shorthand.,proper name,,,In current use,,,https://doi.org/10.1093/OED/2395914845,http://www.oed.com/dictionary/pitmanize_v
reportship,noun,1912-,0,Newspaper reporting.,derivative,,,In current use,,,https://doi.org/10.1093/OED/1007255750,http://www.oed.com/dictionary/reportship_n
ulys,noun,1912-,0,An imaginary mountain flower.,unknown,,,In current use,,,https://doi.org/10.1093/OED/6376264308,http://www.oed.com/dictionary/ulys_n
xenophilism,noun,1912-,1,Love of foreigners or of something foreign.,,,,In current use,,,https://doi.org/10.1093/OED/6706950023,http://www.oed.com/dictionary/xenophilism_n
environment agency,noun,1913-,2,a. A means of connecting the immortal soul with…,compound,,,In current use,,,https://doi.org/10.1093/OED/1167447450,http://www.oed.com/dictionary/environment-agency_n
mesomorphic,adjective,1913-,3,"Physical Chemistry. Designating, relating to, or…",compound,,,In current use,,sciences/medicine/anatomy,https://doi.org/10.1093/OED/5598344690,http://www.oed.com/dictionary/mesomorphic_adj
ringle-jingle,verb,1913-,0,intransitive. To write in verse.,compound,,,In current use,,arts/literature/prosody,https://doi.org/10.1093/OED/6997977441,http://www.oed.com/dictionary/ringle-jingle_v
suitly,adverb,1913,0,"Fittingly, appropriately; suitably.",derivative,,,Not in use,,,https://doi.org/10.1093/OED/1205874872,http://www.oed.com/dictionary/suitly_adv
gasless,adjective,1914-,3,"Having no gasoline, fuelless. Also: designating…",derivative,,,In current use,North American English,,https://doi.org/10.1093/OED/9435855003,http://www.oed.com/dictionary/gasless_adj2
pecksniffingly,adverb,1914-,0,"In a manner resembling Pecksniff (cf. Pecksniff, n.).",derivative,,,In current use,,,https://doi.org/10.1093/OED/1927542798,http://www.oed.com/dictionary/pecksniffingly_adv
mem,verb,1915-,4,transitive. To note or write down as a memorandum.,conversion,,,In current use,,,https://doi.org/10.1093/OED/7573736357,http://www.oed.com/dictionary/mem_v
polyphloisbic,adjective,1915-,0,"= polyphloisboian, adj.",borrowing,,humorous,In current use,,,https://doi.org/10.1093/OED/1072904907,http://www.oed.com/dictionary/polyphloisbic_adj
zero hour,noun,1915-,4,The time at which a military operation is…,compound,,,In current use,,military,https://doi.org/10.1093/OED/6272963308,http://www.oed.com/dictionary/zero-hour_n
moanism,noun,1916-,0,The habit or practice of lamenting; emotionalism.,derivative,,,In current use,,,https://doi.org/10.1093/OED/5417179361,http://www.oed.com/dictionary/moanism_n
Old Moore's Almanac,verb,1916-,2,intransitive. To engage in predictions of the future.,conversion,,,In current use,,,https://doi.org/10.1093/OED/4329443365,http://www.oed.com/dictionary/old-moores-almanac_v
ratiocinable,adjective,1916-,1,Able to be arrived at or deduced by reasoning.,borrowing,,,In current use,,,https://doi.org/10.1093/OED/5255185272,http://www.oed.com/dictionary/ratiocinable_adj
rule of thumbite,noun,1916-,0,A person who works by rule of thumb.,derivative,,,In current use,,,https://doi.org/10.1093/OED/7015706479,http://www.oed.com/dictionary/rule-of-thumbite_n
foolscap,verb,1917,0,transitive. To consider (someone) to be foolish…,conversion,,,Not in use,,,https://doi.org/10.1093/OED/9734078434,http://www.oed.com/dictionary/foolscap_v
hot-aching,adjective,1917-,0,Aching in a manner reminiscent of hot ache.,compound,,poetic and literary,In current use,,sciences/medicine,https://doi.org/10.1093/OED/1872982863,http://www.oed.com/dictionary/hot-aching_adj
pitkin,noun,1917-,2,A small pit.,derivative,,,In current use,,,https://doi.org/10.1093/OED/1062722828,http://www.oed.com/dictionary/pitkin_n
proluse,verb,1917-,1,intransitive. To give an introductory discourse…,borrowing,,,In current use,,,https://doi.org/10.1093/OED/1084158693,http://www.oed.com/dictionary/proluse_v
wiseacrery,noun,1917-,0,Something characteristic of a wiseacre…,derivative,,,In current use,,,https://doi.org/10.1093/OED/8274861706,http://www.oed.com/dictionary/wiseacrery_n
dopesickness,noun,1918-,0,colloquial. Unpleasant physical and mental…,compound,,colloquial and slang,In current use,North American English/U.S. English,"drug use, sciences/medicine/psychology/psychiatry",https://doi.org/10.1093/OED/3391572566,http://www.oed.com/dictionary/dopesickness_n
earth artist,noun,1918-,2,"a. An artist from this world, rather than a…",compound,,,In current use,,arts,https://doi.org/10.1093/OED/3363473607,http://www.oed.com/dictionary/earth-artist_n
parafe,verb,1919-,1,transitive. To sign (one's name) using one's initials.,variant,,,In current use,,,https://doi.org/10.1093/OED/7992442742,http://www.oed.com/dictionary/parafe_v
popcorked,adjective,1919-,0,(Of a bottle) that has a cork which pops when drawn.,compound,,,In current use,,,https://doi.org/10.1093/OED/1106724540,http://www.oed.com/dictionary/popcorked_adj
rasted,adverb,1919-,1,"Used as an intensifier: dreadfully, damnably. Cf…",variant,,,In current use,,,https://doi.org/10.1093/OED/3550142796,http://www.oed.com/dictionary/rasted_adv
studenting,noun,1919-,2,The activity or experience of being a student.,derivative,,,In current use,,,https://doi.org/10.1093/OED/7115662971,http://www.oed.com/dictionary/studenting_n
vagulous,adjective,1919-,1,"Wayward, vague, wavering.",borrowing,,,In current use,,,https://doi.org/10.1093/OED/4542331247,http://www.oed.com/dictionary/vagulous_adj
dishuman,adjective,1920-,1,Unhuman.,derivative,,,In current use,,,https://doi.org/10.1093/OED/1391944887,http://www.oed.com/dictionary/dishuman_adj
neck-full,adjective,1920-,0,Full up to the neck.,compound,,,In current use,,,https://doi.org/10.1093/OED/1757971320,http://www.oed.com/dictionary/neck-full_adj
electric hedge,noun,1921-,2,An invisible barrier charged with electricity.,compound,,,In current use,,,https://doi.org/10.1093/OED/8940961873,http://www.oed.com/dictionary/electric-hedge_n
inbe,verb,1921-,2,To be within.,derivative,,poetic and literary,In current use,,,https://doi.org/10.1093/OED/3210280142,http://www.oed.com/dictionary/inbe_v
vocalese,noun,1921-,2,Originally and chiefly Jazz. A style of singing…,derivative,,,In current use,,arts/performing arts/music/jazz,https://doi.org/10.1093/OED/5015969175,http://www.oed.com/dictionary/vocalese_n
weedy-slow,adverb,1921,0,Extremely slowly.,compound,,poetic and literary,Not in use,,,https://doi.org/10.1093/OED/9247692958,http://www.oed.com/dictionary/weedy-slow_adv
ickylickysticky,adjective,1922-,0,Unpleasantly sticky.,derivative,,colloquial and slang,In current use,,,https://doi.org/10.1093/OED/1815809178,http://www.oed.com/dictionary/ickylickysticky_adj
multigeminal,adjective,1922-,0,Designating a multiple birth.,compound,,,In current use,,,https://doi.org/10.1093/OED/1030678909,http://www.oed.com/dictionary/multigeminal_adj
nemasperm,noun,1922-,0,A spermatozoon.,borrowing,,,In current use,,sciences/medicine/physiology,https://doi.org/10.1093/OED/3384501469,http://www.oed.com/dictionary/nemasperm_n
obstropolos,noun,1922-,0,An obstreperous mouth.,variant,,,In current use,,,https://doi.org/10.1093/OED/7804467026,http://www.oed.com/dictionary/obstropolos_n
ovoblastic,adjective,1922-,0,Of or relating to an egg cell.,compound,,,In current use,,sciences/medicine/physiology,https://doi.org/10.1093/OED/1079541902,http://www.oed.com/dictionary/ovoblastic_adj
philirenist,noun,1922-,0,A peace-loving person.,compound,,,In current use,,,https://doi.org/10.1093/OED/9714282131,http://www.oed.com/dictionary/philirenist_n
piky,adjective,1922-,1,Suggestive of a pike in appearance.,derivative,,,In current use,,sciences/life sciences/animals/fish,https://doi.org/10.1093/OED/8753743777,http://www.oed.com/dictionary/piky_adj2
polymetre,noun,1922-,2,The use of two or more time signatures simultaneously.,compound,,,In current use,,arts/performing arts/music,https://doi.org/10.1093/OED/7148184218,http://www.oed.com/dictionary/polymetre_n
poppysmic,adjective,1922-,0,Produced with smacking of the lips.,borrowing,,,In current use,,language/linguistics/phonetics,https://doi.org/10.1093/OED/9786212056,http://www.oed.com/dictionary/poppysmic_adj
pornosophical,adjective,1922-,0,Apparently: of or relating to the philosophy of…,blend,,,In current use,,philosophy,https://doi.org/10.1093/OED/1701667395,http://www.oed.com/dictionary/pornosophical_adj
post-mortemity,noun,1922-,0,The state of death.,derivative,,,In current use,,,https://doi.org/10.1093/OED/1128585297,http://www.oed.com/dictionary/post-mortemity_n
psychophysicotherapeutics,noun,1922-,0,Remedial treatment of the mind and body.,compound,,,In current use,,sciences/medicine,https://doi.org/10.1093/OED/1105026809,http://www.oed.com/dictionary/psychophysicotherapeutics_n
ragsackman,noun,1922-,0,A ragman carrying a sack.,compound,,,In current use,,,https://doi.org/10.1093/OED/8538920673,http://www.oed.com/dictionary/ragsackman_n
ringroundabout,verb,1922-,0,transitive. To surround.,compound,,,In current use,,,https://doi.org/10.1093/OED/4374104882,http://www.oed.com/dictionary/ringroundabout_v
ripripple,verb,1922-,1,transitive. To wash over (something) repeatedly…,variant,,,In current use,,,https://doi.org/10.1093/OED/2881860015,http://www.oed.com/dictionary/ripripple_v
robinredbreasted,adjective,1922-,0,Wearing a red waistcoat.,derivative,,,In current use,,,https://doi.org/10.1093/OED/1006622323,http://www.oed.com/dictionary/robinredbreasted_adj
scumspittle,noun,1922-,0,? scummy or frothy spittle.,compound,,,In current use,,,https://doi.org/10.1093/OED/2304310765,http://www.oed.com/dictionary/scumspittle_n
skirt duty,noun,1922-,0,†a. The practice of acting in a way intended to…,compound,,colloquial and slang,In current use,North American English/U.S. English,military,https://doi.org/10.1093/OED/5404447325,http://www.oed.com/dictionary/skirt-duty_n
slipperslapper,noun,1922-,0,"A loose, sloppily-fitting slipper (cf. slip-slop…",compound,,,In current use,,crafts and trades/costume/shoes,https://doi.org/10.1093/OED/9934338240,http://www.oed.com/dictionary/slipperslapper_n
smackwarm,noun,1922-,1,(See quot. 1922).,compound,,,In current use,,,https://doi.org/10.1093/OED/1677996040,http://www.oed.com/dictionary/smackwarm_n
smellsip,verb,1922-,0,transitive. To smell and sip almost simultaneously.,compound,,,In current use,,,https://doi.org/10.1093/OED/9700743626,http://www.oed.com/dictionary/smellsip_v
smilesmirk,verb,1922-,0,intransitive. To smile in a smirking manner.,compound,,,In current use,,,https://doi.org/10.1093/OED/4950614647,http://www.oed.com/dictionary/smilesmirk_v
spillspilling,adjective,1922-,0,Repeatedly spilling.,derivative,,,In current use,,,https://doi.org/10.1093/OED/7433537197,http://www.oed.com/dictionary/spillspilling_adj
storkbird,noun,1922-,0,"= stork, n.",compound,,,In current use,,sciences/life sciences/animals/birds,https://doi.org/10.1093/OED/1127414807,http://www.oed.com/dictionary/storkbird_n
suine,adjective,1922,0,"Piglike, porcine.",borrowing,,,Not in use,,,https://doi.org/10.1093/OED/3008323997,http://www.oed.com/dictionary/suine_adj
tattarrattat,noun,1922-,0,"= rat-a-tat, n.",imitative,,,In current use,,,https://doi.org/10.1093/OED/5249695102,http://www.oed.com/dictionary/tattarrattat_n
townhithe,noun,1922-,0,"A haven or landing place in a town; cf. hythe, n.",compound,,,In current use,,transport/nautical,https://doi.org/10.1093/OED/1225383538,http://www.oed.com/dictionary/townhithe_n
trascine,verb,1922-,1,"transitive. To carry, to drag.",borrowing,,,In current use,,,https://doi.org/10.1093/OED/1448055846,http://www.oed.com/dictionary/trascine_v
try-hard,"noun, adjective",1922-,1,A person who tries very hard; (in later use…,compound,,colloquial and slang,In current use,"Australasian English/Australian English, Britain and Ireland/British English",,https://doi.org/10.1093/OED/3579200041,http://www.oed.com/dictionary/try-hard_n
turtle-dove,verb,1922-,1,"transitive, ? to show affection for (another)…",conversion,,,In current use,,,https://doi.org/10.1093/OED/2835560410,http://www.oed.com/dictionary/turtle-dove_v
umbershoot,noun,1922-,0,(A word of obscure meaning.),compound,,,In current use,,,https://doi.org/10.1093/OED/1372770631,http://www.oed.com/dictionary/umbershoot_n
uptrunk,noun,1922-,0,Punning reference to a brass musical instrument…,derivative,,,In current use,,arts/performing arts/music,https://doi.org/10.1093/OED/5428110061,http://www.oed.com/dictionary/uptrunk_n
wagtail kite,noun,1922-,0,A toy kite with a wagging or swinging tail.,compound,,,In current use,,,https://doi.org/10.1093/OED/1116659532,http://www.oed.com/dictionary/wagtail-kite_n
weggebobble,noun,1922-,0,"= vegetable, n. 3.",variant,,,In current use,,sciences/life sciences/plants,https://doi.org/10.1093/OED/6204597551,http://www.oed.com/dictionary/weggebobble_n
womoonless,adjective,1922-,0,Both womanless and moonless.,blend,,,In current use,,,https://doi.org/10.1093/OED/7119238616,http://www.oed.com/dictionary/womoonless_adj
woolgathersome,adjective,1922-,0,Suggestive of wool-gathering.,derivative,,,In current use,,,https://doi.org/10.1093/OED/1113956492,http://www.oed.com/dictionary/woolgathersome_adj
wrongways,adverb,1922-,1,In the direction of wrongdoing.,compound,,,In current use,,,https://doi.org/10.1093/OED/7818586198,http://www.oed.com/dictionary/wrongways_adv
age-ago,adjective,1923-,0,That happened (or seemed to happen) an age ago…,compound,,,In current use,,,https://doi.org/10.1093/OED/5605425587,http://www.oed.com/dictionary/age-ago_adj
on-the-make-ness,noun,1923-,0,The fact or state of being on the make.,derivative,,,In current use,,,https://doi.org/10.1093/OED/2318226805,http://www.oed.com/dictionary/on-the-make-ness_n
posadaship,noun,1923-,0,The position of the keeper of a posada.,derivative,,,In current use,,,https://doi.org/10.1093/OED/4918602758,http://www.oed.com/dictionary/posadaship_n
rondine,adjective,1923-,2,"Rounded, made round.",borrowing,,poetic and literary,In current use,,,https://doi.org/10.1093/OED/6318738317,http://www.oed.com/dictionary/rondine_adj
platform tree,noun,1925-,1,"A tree with a wide-spreading, flat-topped crown.",compound,,poetic and literary,In current use,,sciences/life sciences/plants,https://doi.org/10.1093/OED/4205495442,http://www.oed.com/dictionary/platform-tree_n
televisionary,"noun, adjective",1925-,2,A person with visionary ideas for the development…,blend,,"colloquial and slang, humorous",In current use,,technology/telecommunications/broadcasting/television,https://doi.org/10.1093/OED/4835245068,http://www.oed.com/dictionary/televisionary_n
twiddle-twaddle,verb,1925-,1,"intransitive, to chatter foolishly.",conversion,,,In current use,,,https://doi.org/10.1093/OED/3447232752,http://www.oed.com/dictionary/twiddle-twaddle_v
lovering,adjective,1926-,1,That behaves as a lover; courting.,derivative,,,In current use,,,https://doi.org/10.1093/OED/1111646979,http://www.oed.com/dictionary/lovering_adj
peripherization,noun,1926-,2,The process of being moved to the periphery…,derivative,,,In current use,,,https://doi.org/10.1093/OED/9877536959,http://www.oed.com/dictionary/peripherization_n
radiolocation,noun,1926-,3,The use of radio for determining the position of…,compound,,historical,In current use,Britain and Ireland/British English,technology/radar,https://doi.org/10.1093/OED/1146814959,http://www.oed.com/dictionary/radiolocation_n
reel-land,noun,1926-,0,The world of the cinema.,compound,,,In current use,,arts/film,https://doi.org/10.1093/OED/8112911642,http://www.oed.com/dictionary/reel-land_n
sheep trot,noun,1926-,0,A dance as of satyrs.,compound,,,In current use,,,https://doi.org/10.1093/OED/4992475924,http://www.oed.com/dictionary/sheep-trot_n
job action,noun,c1926-,3,a. (As part of a military metaphor) a difficult…,compound,,,In current use,North American English,military,https://doi.org/10.1093/OED/2299869384,http://www.oed.com/dictionary/job-action_n
collaborative,"adjective, noun",1927-,5,"Characterized by, based upon, or produced in…",derivative,,,In current use,North American English/U.S. English,,https://doi.org/10.1093/OED/1116751629,http://www.oed.com/dictionary/collaborative_adj
nimble-pimble,verb,1927-,0,(intransitive) to behave in a sentimental or…,compound,,,In current use,,,https://doi.org/10.1093/OED/9602571343,http://www.oed.com/dictionary/nimble-pimble_v
phonocentric,adjective,1927-,2,Linguistics. Centred on speech; characterized by…,compound,,,In current use,,language/linguistics/phonetics,https://doi.org/10.1093/OED/8605722229,http://www.oed.com/dictionary/phonocentric_adj
purchasery,noun,1927-,0,The business of purchasing.,derivative,,,In current use,,,https://doi.org/10.1093/OED/9687304307,http://www.oed.com/dictionary/purchasery_n
secretary,verb,1927-,1,intransitive. To work as a secretary (esp. an…,conversion,,colloquial and slang,In current use,,,https://doi.org/10.1093/OED/1191646567,http://www.oed.com/dictionary/secretary_v
Bonzoid,adjective,1928,0,Exhibiting characteristics of the comic strip…,derivative,,colloquial and slang,Not in use,,,https://doi.org/10.1093/OED/7640033158,http://www.oed.com/dictionary/bonzoid_adj
Proustery,noun,1928-,0,Proustian manner or style.,proper name,,,In current use,,arts/literature,https://doi.org/10.1093/OED/2332904362,http://www.oed.com/dictionary/proustery_n
road-upper,noun,1928-,0,A person who digs up a road or roads.,,,,In current use,,,https://doi.org/10.1093/OED/3228296873,http://www.oed.com/dictionary/road-upper_n
tubify,verb,1928-,0,transitive. ? To give a tubular form to.,derivative,,,In current use,,,https://doi.org/10.1093/OED/6605417546,http://www.oed.com/dictionary/tubify_v
wolflessness,noun,1928-,0,The state of ‘not having the wolf at the door’…,,,,In current use,,,https://doi.org/10.1093/OED/3796894094,http://www.oed.com/dictionary/wolflessness_n
completist,"noun, adjective",1929-,2,"A person who has collected, or who intends to…",derivative,,,In current use,,,https://doi.org/10.1093/OED/9888343467,http://www.oed.com/dictionary/completist_n
sun-extinct,adjective,1929,0,Inwardly dead.,compound,,poetic and literary,Not in use,,,https://doi.org/10.1093/OED/5505584074,http://www.oed.com/dictionary/sun-extinct_adj
white-breast,verb,a1930-,2,transitive to face or show up against with a…,compound,,,In current use,,,https://doi.org/10.1093/OED/5940888674,http://www.oed.com/dictionary/white-breast_v
abricotine,adjective,1930-,0,Apricot-coloured.,borrowing,,,In current use,,,https://doi.org/10.1093/OED/6100131648,http://www.oed.com/dictionary/abricotine_adj
prostisciutto,noun,1930-,0,A female prostitute regarded metaphorically as an…,blend,,,In current use,,,https://doi.org/10.1093/OED/8843009392,http://www.oed.com/dictionary/prostisciutto_n
pussel-gut,verb,1930-,1,transitive (reflexive). To fatten; to render…,conversion,,,In current use,,sciences/life sciences/animals/fish,https://doi.org/10.1093/OED/6965612640,http://www.oed.com/dictionary/pussel-gut_v
euthanize,verb,1931-,3,intransitive. To receive euthanasia.,derivative,,,In current use,North American English/U.S. English,,https://doi.org/10.1093/OED/2237286427,http://www.oed.com/dictionary/euthanize_v
statement,verb,1931-,4,transitive (usually in passive). British…,conversion,,,In current use,Britain and Ireland/British English,"economics and commerce/accounting, education",https://doi.org/10.1093/OED/9419523354,http://www.oed.com/dictionary/statement_v
terracentric,adjective,1932-,1,"Having, or taking, the earth as centre; =…",compound,,,In current use,,sciences/physical sciences/astronomy,https://doi.org/10.1093/OED/8672393968,http://www.oed.com/dictionary/terracentric_adj
indoory,adjective,1934-,0,Preferring to remain indoors.,derivative,,,In current use,,,https://doi.org/10.1093/OED/3153915928,http://www.oed.com/dictionary/indoory_adj
Peter Panic,noun,1934-,0,"Confused, immature behaviour.",blend,,,In current use,,,https://doi.org/10.1093/OED/1038833588,http://www.oed.com/dictionary/peter-panic_n
pugnozzle,verb,1934-,0,intransitive. Of the upper lip and nostrils: to…,compound,,,In current use,,,https://doi.org/10.1093/OED/3007376778,http://www.oed.com/dictionary/pugnozzle_v
speak-out,"noun, adjective",1935-,2,An occasion or event during which people can…,compound,,colloquial and slang,In current use,North American English/U.S. English,,https://doi.org/10.1093/OED/1013083824,http://www.oed.com/dictionary/speak-out_n
nancifully,adverb,1936-,0,derogatory. In a manner stereotypically regarded as…,derivative,,derogatory,In current use,,,https://doi.org/10.1093/OED/1003191363,http://www.oed.com/dictionary/nancifully_adv
nim-nosed,adjective,1936-,0,Swift to pick up the scent.,compound,,,In current use,,,https://doi.org/10.1093/OED/6101152455,http://www.oed.com/dictionary/nim-nosed_adj
not-at-all,verb,1936-,2,intransitive. To say ‘not at all’. See not at all…,conversion,,,In current use,,,https://doi.org/10.1093/OED/4974286870,http://www.oed.com/dictionary/not-at-all_v
pants,verb,1936-,3,transitive. To pull down or remove the trousers…,conversion,,colloquial and slang,In current use,North American English/U.S. English,crafts and trades/costume,https://doi.org/10.1093/OED/4578744069,http://www.oed.com/dictionary/pants_v
skuldug,verb,1936-,0,transitive to extract by trickery.,backformation,,,In current use,,,https://doi.org/10.1093/OED/7737568536,http://www.oed.com/dictionary/skuldug_v
chumocracy,noun,1937-,0,A culture characterized or dominated by…,compound,,disparaging,In current use,,politics/British politics,https://doi.org/10.1093/OED/6938768499,http://www.oed.com/dictionary/chumocracy_n
ratsbany,adjective,1937-,0,Poisonous.,derivative,,,In current use,,,https://doi.org/10.1093/OED/5905172619,http://www.oed.com/dictionary/ratsbany_adj
wen-man,noun,1937-,0,A city-dweller.,compound,,,In current use,,,https://doi.org/10.1093/OED/9324566170,http://www.oed.com/dictionary/wen-man_n
age-new,adjective,1938-,0,"existing in the current age, recent.",compound,,poetic and literary,In current use,,,https://doi.org/10.1093/OED/9245687338,http://www.oed.com/dictionary/age-new_adj
post-official,adjective,1938-,1,Of or relating to a post office or its staff.,compound,,,In current use,,,https://doi.org/10.1093/OED/9019809958,http://www.oed.com/dictionary/post-official_adj
wantum,noun,1938-,2,"Deficiency or desire, considered as something…",blend,,,In current use,,,https://doi.org/10.1093/OED/4544105458,http://www.oed.com/dictionary/wantum_n
wardee,noun,1938-,0,An inmate of a hospital ward.,derivative,,,In current use,,sciences/medicine,https://doi.org/10.1093/OED/4371525572,http://www.oed.com/dictionary/wardee_n
inch-taped,adjective,1939-,0,Covered with inch-tape.,compound,,,In current use,,,https://doi.org/10.1093/OED/2639334913,http://www.oed.com/dictionary/inch-taped_adj
magnoperous,adjective,1939-,0,(Perhaps) operating in a grand manner.,,,,In current use,,,https://doi.org/10.1093/OED/5531842298,http://www.oed.com/dictionary/magnoperous_adj
nibcocked,adjective,1939-,0,Having a penis like the point of a pen.,derivative,,disparaging,In current use,,,https://doi.org/10.1093/OED/4803824622,http://www.oed.com/dictionary/nibcocked_adj
myth-haunt,verb,1940-,1,transitive. To haunt with myths.,compound,,,In current use,,,https://doi.org/10.1093/OED/2064163624,http://www.oed.com/dictionary/myth-haunt_v
pippet,noun,1940-,1,"A pip on a playing card. See pip, n.³ 1a.",derivative,,,In current use,,sport and leisure/games/cards,https://doi.org/10.1093/OED/8592035952,http://www.oed.com/dictionary/pippet_n
pratfallen,adjective,1940-,0,That has fallen on the buttocks.,derivative,,,In current use,,,https://doi.org/10.1093/OED/1207634480,http://www.oed.com/dictionary/pratfallen_adj
starchitect,noun,1940-,1,"A famous architect, esp. (disparaging) one whose…",blend,,"colloquial and slang, disparaging",In current use,,manufacturing and industry/building/architecture,https://doi.org/10.1093/OED/1367094530,http://www.oed.com/dictionary/starchitect_n
solificatio,noun,1941-,1,A radiating warmth as of sunshine.,derivative,,,In current use,,,https://doi.org/10.1093/OED/1092547517,http://www.oed.com/dictionary/solificatio_n
de-identify,verb,1942-,3,transitive. To remove or alter personal…,derivative,,,In current use,,,https://doi.org/10.1093/OED/7001209059,http://www.oed.com/dictionary/de-identify_v
gremmie,noun,1943-,2,Surfing slang. A young or inexperienced surfer…,shortening,,colloquial and slang,In current use,,sport and leisure/sport/water sports/surfing,https://doi.org/10.1093/OED/4603598091,http://www.oed.com/dictionary/gremmie_n
blue-domeism,noun,1944-,0,The doctrine of a blue-domeist; the preference…,compound,,,In current use,,,https://doi.org/10.1093/OED/4196113705,http://www.oed.com/dictionary/blue-domeism_n
parapants,noun,1944-,0,Women's knickers or underpants made from…,compound,,humorous,In current use,,"crafts and trades/costume, sport and leisure/sport/parachuting",https://doi.org/10.1093/OED/3472506082,http://www.oed.com/dictionary/parapants_n
Pentagonese,noun,1944-,2,The euphemistic or cryptic style of language…,derivative,,,In current use,,,https://doi.org/10.1093/OED/1250787767,http://www.oed.com/dictionary/pentagonese_n
hyenoid,adjective,1945-,1,"= hyeniform, adj.",derivative,,,In current use,,sciences/life sciences/animals,https://doi.org/10.1093/OED/1061055390,http://www.oed.com/dictionary/hyenoid_adj
broken heart syndrome,noun,1946-,3,"a. Depression, low spirits, or despondency…",compound,,,In current use,,sciences/medicine/pathology,https://doi.org/10.1093/OED/5543109642,http://www.oed.com/dictionary/broken-heart-syndrome_n
only-only,noun,1946-,0,on one's only-only: alone; on one's own.,compound,,,In current use,,,https://doi.org/10.1093/OED/1052155522,http://www.oed.com/dictionary/only-only_n
woundward,adjective,1946-,0,Towards wounds or wounding.,derivative,,,In current use,,,https://doi.org/10.1093/OED/4144003689,http://www.oed.com/dictionary/woundward_adj
ingressant,adjective,1947-,0,"Entering, in-going.",borrowing,,,In current use,,,https://doi.org/10.1093/OED/8861302153,http://www.oed.com/dictionary/ingressant_adj
motted,adjective,1947-,1,"Probably: having a motte (motte, n.¹).",derivative,,,In current use,,,https://doi.org/10.1093/OED/4322779782,http://www.oed.com/dictionary/motted_adj
pneumatic-drilled,adjective,1947-,0,Equipped with a pneumatic drill (figurative in…,compound,,,In current use,,,https://doi.org/10.1093/OED/8260774815,http://www.oed.com/dictionary/pneumatic-drilled_adj
pseudodominant,"noun, adjective",1947-,1,Genetics. A recessive allele manifesting as a…,compound,,,In current use,,sciences/life sciences/genetics,https://doi.org/10.1093/OED/4912073930,http://www.oed.com/dictionary/pseudodominant_n
upgiven,adjective,1947-,1,"Surrendered, resigned. Cf. ghost, n. A.I.1.",derivative,,poetic and literary,In current use,,,https://doi.org/10.1093/OED/5124933397,http://www.oed.com/dictionary/upgiven_adj
vert,adjective,1947-,2,Turning.,conversion,,poetic and literary,In current use,,,https://doi.org/10.1093/OED/1106416979,http://www.oed.com/dictionary/vert_adj2
podium,verb,1948-,2,"intransitive. Sport. To finish in first, second…",conversion,,,In current use,,sport and leisure/sport,https://doi.org/10.1093/OED/2528620789,http://www.oed.com/dictionary/podium_v
home computer,noun,1949-,4,a. A computer located at a military centre of…,compound,,,In current use,,"military, technology/computing",https://doi.org/10.1093/OED/2190662316,http://www.oed.com/dictionary/home-computer_n
omnivicarious,adjective,1949-,0,That may be substituted for anything else.,compound,,,In current use,,,https://doi.org/10.1093/OED/8994331695,http://www.oed.com/dictionary/omnivicarious_adj
trichomaniac,noun,1949-,0,A hair fetishist.,compound,,,In current use,,,https://doi.org/10.1093/OED/1499580611,http://www.oed.com/dictionary/trichomaniac_n
wheygoose,noun,1949-,0,Used as a term of opprobrium.,compound,,derogatory,In current use,,,https://doi.org/10.1093/OED/8212130157,http://www.oed.com/dictionary/wheygoose_n
accusativity,noun,1950-,2,The state or condition of being accusative.,derivative,,,In current use,,language/linguistics/grammar,https://doi.org/10.1093/OED/6198256353,http://www.oed.com/dictionary/accusativity_n
magnoperator,noun,1950-,0,(Probably) a person involved in great schemes or…,derivative,,,In current use,,,https://doi.org/10.1093/OED/1173482623,http://www.oed.com/dictionary/magnoperator_n
cragmanship,noun,1951-,0,Expertise in rock climbing.,derivative,,,In current use,,sport and leisure/sport/climbing,https://doi.org/10.1093/OED/7716049834,http://www.oed.com/dictionary/cragmanship_n
dispersuade,verb,1951-,1,"= dissuade, v. 3.",derivative,,,In current use,,,https://doi.org/10.1093/OED/4123210966,http://www.oed.com/dictionary/dispersuade_v
nefie,noun,1951-,1,"As a form of address: = neef, n.",borrowing,,,In current use,African English/South African English,,https://doi.org/10.1093/OED/2725600802,http://www.oed.com/dictionary/nefie_n
saccharhinoceros,noun,1951-,0,A lumbering person with an excessively effusive…,blend,,,In current use,,,https://doi.org/10.1093/OED/6609755233,http://www.oed.com/dictionary/saccharhinoceros_n
turnturtle,adjective,1951-,0,That is the place of or setting for one's death…,compound,,poetic and literary,In current use,,,https://doi.org/10.1093/OED/2591020182,http://www.oed.com/dictionary/turnturtle_adj
larked,adjective,1952-,1,"With larks overhead, noisy with the song of larks.",derivative,,poetic and literary,In current use,,sciences/life sciences/animals/birds,https://doi.org/10.1093/OED/5117468955,http://www.oed.com/dictionary/larked_adj
metrify,verb,1952-,2,"intransitive. = metricate, v. 1.",derivative,,,In current use,,,https://doi.org/10.1093/OED/4465335818,http://www.oed.com/dictionary/metrify_v2
mousetrap word,noun,1952-,0,A misleading or deceptive word.,compound,,,In current use,,,https://doi.org/10.1093/OED/4655622335,http://www.oed.com/dictionary/mousetrap-word_n
news-dick,noun,a1953-,0,A newspaper reporter.,compound,,,In current use,,,https://doi.org/10.1093/OED/6239978110,http://www.oed.com/dictionary/news-dick_n
puss,verb,a1953-,2,intransitive. To move or act like a cat; to move…,conversion,,,In current use,,,https://doi.org/10.1093/OED/1030247297,http://www.oed.com/dictionary/puss_v
typhoon,verb,a1953-,2,(transitive) to batter with the force of a typhoon.,conversion,,,In current use,,,https://doi.org/10.1093/OED/7396668737,http://www.oed.com/dictionary/typhoon_v
murdermongeress,noun,1957-,0,A female writer of murder stories.,derivative,,,In current use,,arts/literature,https://doi.org/10.1093/OED/8058094125,http://www.oed.com/dictionary/murdermongeress_n
rhymsterette,noun,1957-,0,A female rhymer.,derivative,,,In current use,,arts/literature,https://doi.org/10.1093/OED/4697327684,http://www.oed.com/dictionary/rhymsterette_n
sarcomic,adjective,1958-,0,"= cancerous, adj. figurative.",derivative,,,In current use,,sciences/medicine/pathology,https://doi.org/10.1093/OED/4483217318,http://www.oed.com/dictionary/sarcomic_adj
spadelet,noun,1959-,0,offensive. A black child.,derivative,,offensive,In current use,,,https://doi.org/10.1093/OED/9495887095,http://www.oed.com/dictionary/spadelet_n
motor-bicycle,verb,1960-,3,transitive. To while (time) away on a motorcycle.,conversion,,,In current use,,transport/motoring/motorcycling,https://doi.org/10.1093/OED/1420343790,http://www.oed.com/dictionary/motor-bicycle_v
pedagoguette,noun,1960-,0,A schoolmistress.,derivative,,,In current use,,education,https://doi.org/10.1093/OED/1607924625,http://www.oed.com/dictionary/pedagoguette_n
twinkle-dress,noun,1960-,0,A sparkling party dress.,compound,,poetic and literary,In current use,,crafts and trades/costume,https://doi.org/10.1093/OED/3214826089,http://www.oed.com/dictionary/twinkle-dress_n
woofy,adjective,1960-,1,? Talkative.,derivative,,,In current use,,,https://doi.org/10.1093/OED/7200930043,http://www.oed.com/dictionary/woofy_adj3
non-ism,noun,1961-,0,The practice of abstaining from substances and…,derivative,,,In current use,North American English/U.S. English,,https://doi.org/10.1093/OED/1194124159,http://www.oed.com/dictionary/non-ism_n
randy,verb,1961-,1,transitive. To make (a person) lustful.,conversion,,,In current use,,,https://doi.org/10.1093/OED/2328560206,http://www.oed.com/dictionary/randy_v3
Georgiana,noun,1962-,2,Buildings or architecture of the Georgian period…,proper name,,,In current use,,"arts/visual arts, manufacturing and industry/building/architecture",https://doi.org/10.1093/OED/1046333248,http://www.oed.com/dictionary/georgiana_n
raisonneur,verb,1963-,2,intransitive. To act as a raisonneur.,conversion,,,In current use,,,https://doi.org/10.1093/OED/4258180337,http://www.oed.com/dictionary/raisonneur_v
schlimazel,verb,1963-,1,transitive. To make a schlimazel of (a person)…,conversion,,,In current use,,,https://doi.org/10.1093/OED/7049834376,http://www.oed.com/dictionary/schlimazel_v
Bermuda Triangle,noun,1964-,2,A roughly triangular area of the western Atlantic…,proper name,,,In current use,,transport/aviation,https://doi.org/10.1093/OED/9495481701,http://www.oed.com/dictionary/bermuda-triangle_n
phylactology,noun,1966-,0,Counter-espionage.,borrowing,,,In current use,,military/espionage,https://doi.org/10.1093/OED/8318544645,http://www.oed.com/dictionary/phylactology_n
plus ça change-ness,noun,1966-,0,The quality of remaining fundamentally the same…,derivative,,,In current use,,,https://doi.org/10.1093/OED/6475230493,http://www.oed.com/dictionary/plus-ca-change-ness_n
conversion therapy,noun,1967-,4,Therapy or treatment intended or claimed to…,compound,,,In current use,,,https://doi.org/10.1093/OED/8135732232,http://www.oed.com/dictionary/conversion-therapy_n
brain freeze,noun,1968-,3,Severe but usually short-lived pain in the…,compound,,colloquial and slang,In current use,North American English,sciences/medicine,https://doi.org/10.1093/OED/4859091777,http://www.oed.com/dictionary/brain-freeze_n
scammy,adjective,1968-,3,Involving or suggestive of a swindle or scam; (of…,derivative,,colloquial and slang,In current use,North American English/U.S. English,,https://doi.org/10.1093/OED/2962180885,http://www.oed.com/dictionary/scammy_adj
brain fart,noun,1969-,3,colloquial. A temporary mental lapse or failure…,compound,,colloquial and slang,In current use,,,https://doi.org/10.1093/OED/5270402670,http://www.oed.com/dictionary/brain-fart_n
demisexual,"adjective, noun",1969-,3,Designating a person who only develops sexual…,derivative,,,In current use,,,https://doi.org/10.1093/OED/8771804312,http://www.oed.com/dictionary/demisexual_adj
homophobia,noun,1969-,4,"Hostility towards, prejudice against, or (less…",compound,,,In current use,,,https://doi.org/10.1093/OED/8209105673,http://www.oed.com/dictionary/homophobia_n2
Mata-Hari-ing,noun,1970-,0,The action of behaving like a Mata Hari.,derivative,,,In current use,,,https://doi.org/10.1093/OED/1098043774,http://www.oed.com/dictionary/mata-hari-ing_n
symbolomania,noun,1970-,0,Excessive use of symbols.,compound,,,In current use,,,https://doi.org/10.1093/OED/3053924996,http://www.oed.com/dictionary/symbolomania_n
upspeak,noun,1971-,1,The use of political rhetoric emphasizing…,derivative,,,In current use,,language/linguistics,https://doi.org/10.1093/OED/3158219457,http://www.oed.com/dictionary/upspeak_n
wort-blue,adjective,a1973-,0,Of a blue colour.,compound,,,In current use,,,https://doi.org/10.1093/OED/8561751532,http://www.oed.com/dictionary/wort-blue_adj
nanniness,noun,1973-,0,The state or condition of being nannyish.,derivative,,,In current use,,,https://doi.org/10.1093/OED/2627347641,http://www.oed.com/dictionary/nanniness_n
leptoquark,noun,1974-,3,Any of various hypothetical subatomic particles…,compound,,,In current use,,sciences/physical sciences/physics/particle physics,https://doi.org/10.1093/OED/7472268806,http://www.oed.com/dictionary/leptoquark_n
prisoner-of-wardom,noun,1974-,0,The condition of being a prisoner of war.,derivative,,,In current use,,,https://doi.org/10.1093/OED/4388514974,http://www.oed.com/dictionary/prisoner-of-wardom_n
Scots Nattery,noun,1978-,0,Scottish Nationalism.,derivative,,colloquial and slang,In current use,,politics/British politics,https://doi.org/10.1093/OED/2994852775,http://www.oed.com/dictionary/scots-nattery_n
bracketology,noun,1983-,3,U.S. The activity of predicting the participating…,compound,,,In current use,North American English/U.S. English,sport and leisure/sport/basketball,https://doi.org/10.1093/OED/2785932310,http://www.oed.com/dictionary/bracketology_n
anti-nuking,adjective,1986-,0,That opposes or protests against nuclear weapons…,derivative,,colloquial and slang,In current use,,military/weaponry,https://doi.org/10.1093/OED/9609059746,http://www.oed.com/dictionary/anti-nuking_adj
bioterror,noun,1986-,3,"a. Horror (in a film, etc.) caused by mutation or…",compound,,,In current use,,,https://doi.org/10.1093/OED/5427225321,http://www.oed.com/dictionary/bioterror_n
digibox,noun,1990-,0,An electronic device that can be plugged into a…,compound,,,In current use,,"technology/electrical/electronics, technology/telecommunications/broadcasting/television",https://doi.org/10.1093/OED/3784451885,http://www.oed.com/dictionary/digibox_n
major-domoing,noun,1991-,0,Service as a major-domo.,derivative,,,In current use,,,https://doi.org/10.1093/OED/1034480783,http://www.oed.com/dictionary/major-domoing_n
bracketologist,noun,1992-,3,A person who works to resolve disputed passages…,derivative,,,In current use,North American English/U.S. English,sport and leisure/sport/basketball,https://doi.org/10.1093/OED/1200650288,http://www.oed.com/dictionary/bracketologist_n
cyberchondriac,noun,1993-,1,a. A person who worries irrationally about the…,compound,,disparaging,In current use,,technology/computing,https://doi.org/10.1093/OED/5547953799,http://www.oed.com/dictionary/cyberchondriac_n
napkin-hidden,adjective,1993-,0,"(Of a talent) concealed or wasted; cf. napkined, adj.",compound,,,In current use,,,https://doi.org/10.1093/OED/2701524330,http://www.oed.com/dictionary/napkin-hidden_adj
sneakerhead,noun,1993-,4,An enthusiast for or collector of trainers (cf…,compound,,colloquial and slang,In current use,North American English,,https://doi.org/10.1093/OED/9880049434,http://www.oed.com/dictionary/sneakerhead_n
cyber-bully,noun,1994-,3,a. An experienced user of computers who…,compound,,,In current use,,technology/computing,https://doi.org/10.1093/OED/7708076377,http://www.oed.com/dictionary/cyber-bully_n
extranet,noun,1995-,4,"An intranet that can be accessed, via the…",derivative,,,In current use,,"technology/computing, technology/telecommunications",https://doi.org/10.1093/OED/2276265408,http://www.oed.com/dictionary/extranet_n
alt-right,noun,2003-,4,In the United States: a right-wing ideological…,compound,,,In current use,,politics,https://doi.org/10.1093/OED/5878577831,http://www.oed.com/dictionary/alt-right_n
sharenting,noun,2010-,0,"The action or practice of sharing news, images…",blend,,colloquial and slang,In current use,,,https://doi.org/10.1093/OED/7727760589,http://www.oed.com/dictionary/sharenting_n
""
Exported 922 of 922 from http://www.oed.com/search/advanced/Entries?textTermText0=%2522isolated%2520use%2522&textTermOpt0=Definition&dateOfUseFirstUse=true&dateOfUseFrom=1862&page=1&sortOption=DateOldFirst&premium=true
Copyright © 2026 Oxford University Press. All rights reserved. Legal Notice: https://www.oed.com/public/legal-notice/
